method,n_cities,instance,mean_entropy,logprob_gap,sample_length_variance,sample_length_std,model_length,reference_length,reference_solver,gap_percent
Attention:batch_greedy_mean,20,0,0.40767360309837386,3.1197701996985634,1.5733861444138892,1.254346899551272,42.28496551513672,39.5488462862017,LKH,6.918328815800699
Attention:batch_greedy_mean,20,1,0.29074891292085,4.774174545551484,11.178768699930304,3.3434665692855825,35.66345977783203,34.270467165919065,LKH,4.064702722518632
Attention:batch_greedy_mean,20,2,0.29096007388194495,4.757089086074711,0.3631924482273653,0.6026545015407794,43.66752243041992,39.56935244321465,LKH,10.35692962902664
Attention:batch_greedy_mean,20,3,0.43530971397476603,3.296121256683486,7.360606161878627,2.71304370806639,32.499942779541016,32.336142494646516,LKH,0.5065548091322816
Attention:batch_greedy_mean,20,4,0.42910843400895826,3.3628923839848035,1.8720843816868502,1.3682413462861185,36.01568603515625,33.418831467105484,LKH,7.77063246692775
Attention:batch_greedy_mean,20,5,0.25743524060245593,4.294830938716766,6.3341478627700685,2.516773303809874,38.41729736328125,38.41729702333561,LKH,8.848765257593207e-07
Attention:batch_greedy_mean,20,6,0.26736382069066167,3.4004375291114286,4.297126699695273,2.0729512053339008,35.44677734375,33.03472009051039,LKH,7.301582234179429
Attention:batch_greedy_mean,20,7,0.31956056970957436,3.5798940981405893,3.510082422135369,1.8735213962310036,37.92417526245117,37.672459152683594,LKH,0.6681701047106908
Attention:batch_greedy_mean,20,8,0.2077734274280374,4.765241660919529,1.6579230086417682,1.2876035914215866,40.08235168457031,38.1297628799573,LKH,5.120904661170559
Attention:batch_greedy_mean,20,9,0.2580079881583515,4.177765326441937,2.7961358908432934,1.6721650309832738,35.95207214355469,35.884649421585046,LKH,0.18788736425298994
Attention:batch_greedy_mean,20,10,0.2166734506841749,4.590699666575885,0.8210098579500388,0.9060959430159914,39.7497444152832,39.394815964972054,LKH,0.9009521725567506
Attention:batch_greedy_mean,20,11,0.49164675925745627,3.200916013109874,47.16493703573584,6.8676733349611085,43.92610168457031,39.89386339162477,LKH,10.107414900789133
Attention:batch_greedy_mean,20,12,0.3538428793661296,3.1735658978589547,3.5251289524711136,1.8775326768051506,36.22701644897461,34.59298510880989,LKH,4.723591603976884
Attention:batch_greedy_mean,20,13,0.3544927109989658,3.4258262473633514,1.145779541373105,1.0704109217366502,38.77520751953125,38.77520807648372,LKH,-1.4363623029409166e-06
Attention:batch_greedy_mean,20,14,0.277990038896678,3.623545972767136,6.138651310509975,2.4776301803356318,40.57368469238281,37.876297480355184,LKH,7.121570458217697
Attention:batch_greedy_mean,20,15,0.34831640433276334,3.9719504430218437,3.857088552954217,1.9639471869055485,37.17293930053711,37.05468328965692,LKH,0.3191391758925027
Attention:batch_greedy_mean,20,16,0.2560507364401928,4.509533765975843,47.27820491305648,6.875914841899693,33.624725341796875,32.692467481950466,LKH,2.851598339467981
Attention:batch_greedy_mean,20,17,0.3227845911085751,4.254523479666181,2.2254694095663923,1.4918007271637832,42.257469177246094,40.15884861802888,LKH,5.225798625797912
Attention:batch_greedy_mean,20,18,0.21760974379430992,4.740138802351807,0.3971656850451489,0.6302108258711119,39.948795318603516,38.896168624914765,LKH,2.7062477639879825
Attention:batch_greedy_mean,20,19,0.31905525822076014,3.5458087290072697,6.081416002476135,2.466052716889105,46.11801528930664,44.707544722110676,LKH,3.1548826399728434
Attention:batch_greedy_mean,20,20,0.5692716657049459,2.8727239947167327,2.595049922123867,1.6109158643839432,41.24115753173828,39.95471034796365,LKH,3.2197635086602485
Attention:batch_greedy_mean,20,21,0.31732197040619214,3.278193264666539,5.329101211316902,2.3084846136192683,41.422523498535156,39.377718236407986,LKH,5.192797738688111
Attention:batch_greedy_mean,20,22,0.3952481918504418,3.7720028437085866,10.938541990329673,3.3073466692092732,36.4481201171875,35.09274942191249,LKH,3.8622527946718748
Attention:batch_greedy_mean,20,23,0.4703785314837205,3.895217643052436,2.5792782196188724,1.6060131442858343,40.98832702636719,38.95090221969107,LKH,5.230751254963545
Attention:batch_greedy_mean,20,24,0.36496131199110093,3.603972548804414,18.372132616660558,4.286272578436952,45.31175231933594,44.03925020745511,LKH,2.8894726996632936
Attention:batch_greedy_mean,20,25,0.4104445577604565,3.327338362566202,2.5803772088312793,1.606355256109706,44.98285675048828,39.86811367046085,LKH,12.829157462288101
Attention:batch_greedy_mean,20,26,0.29516608307385467,4.025943731016847,3.6143763470029557,1.901151321437343,36.81181335449219,36.54458295783789,LKH,0.7312448932926848
Attention:batch_greedy_mean,20,27,0.39403882653496114,3.3292571897251535,22.186294837329957,4.7102329918306545,39.488739013671875,36.75876643748289,LKH,7.42672521623368
Attention:batch_greedy_mean,20,28,0.2859125364353531,3.946725423061623,3.6081976124888624,1.899525628279035,39.30101776123047,38.76592353881016,LKH,1.3803211005268592
Attention:batch_greedy_mean,20,29,0.3069688979681814,3.649726343349897,1.6653965407290017,1.2905024373200547,39.571353912353516,38.74156616693584,LKH,2.141853898838663
Attention:batch_greedy_mean,20,30,0.3205788491575731,3.7980910859933688,7.748632377538223,2.783636538332227,41.73952865600586,39.25415412990302,LKH,6.331494286892632
Attention:batch_greedy_mean,20,31,0.4179067271135864,3.642965643269715,2.118238739112915,1.4554170327136189,40.63817596435547,37.72739656632407,LKH,7.715293561044703
Attention:batch_greedy_mean,20,32,0.2596454585276661,4.687046031469021,0.30308995413427003,0.5505360607029026,43.1420783996582,39.699714970075476,LKH,8.67100288296146
Attention:batch_greedy_mean,20,33,0.3052340408161399,4.376349599043247,11.87082928948614,3.4454069845935678,41.195404052734375,39.73717175544033,LKH,3.6696932189050484
Attention:batch_greedy_mean,20,34,0.31037631628896634,3.8365176800620473,2.8840160428662363,1.6982391006175297,37.941917419433594,36.435451985623956,LKH,4.134614370652055
Attention:batch_greedy_mean,20,35,0.3487266786141845,3.731944032143069,4.453098021040934,2.110236484624634,30.754226684570312,29.9510066178525,LKH,2.68177987126165
Attention:batch_greedy_mean,20,36,0.441275134186526,3.507863873269905,1.9250325524435665,1.3874554235879315,41.43101119995117,40.89964053879176,LKH,1.2992061890016595
Attention:batch_greedy_mean,20,37,0.3428735075956865,3.6019291964878803,4.7453967888138475,2.1783931667203347,44.150543212890625,41.77947268107304,LKH,5.675204543430561
Attention:batch_greedy_mean,20,38,0.35192522940851634,4.33367692600163,2.503484877884275,1.5822404614609864,40.17133712768555,39.76910596723323,LKH,1.0114161499726073
Attention:batch_greedy_mean,20,39,0.3726564376690476,4.111118847477009,7.465397655873052,2.7322879891902048,43.016258239746094,40.092365818394335,LKH,7.29289070791198
Attention:batch_greedy_mean,20,40,0.6549707008648511,3.489029258266638,7.0334616051309995,2.6520674209248525,51.41677474975586,40.102038922964965,LKH,28.214864208092322
Attention:batch_greedy_mean,20,41,0.37480779849341844,3.60494055371147,1.4973242233936737,1.223652002570042,40.84469985961914,36.71737657093345,LKH,11.240790258291485
Attention:batch_greedy_mean,20,42,0.44745778808119213,3.6914862455262636,5.716644862696853,2.390950619041902,43.17396926879883,39.675164303313764,LKH,8.81862753922568
Attention:batch_greedy_mean,20,43,0.3704122396593448,3.4750070434256015,5.555587276530375,2.3570293329804732,45.10859680175781,43.556170925726605,LKH,3.564192726395658
Attention:batch_greedy_mean,20,44,0.35683172139979435,3.783895054422447,7.240060505862614,2.690736052804625,43.1636962890625,41.18320431249356,LKH,4.808979800457463
Attention:batch_greedy_mean,20,45,0.3296023336080907,3.907054625297382,0.6903014768391226,0.830843834206599,39.18000411987305,37.57052611543126,LKH,4.28388465867326
Attention:batch_greedy_mean,20,46,0.39967555219554923,3.687420100118407,5.971354012236491,2.4436354090241226,37.23929977416992,34.58315032719642,LKH,7.680472778920569
Attention:batch_greedy_mean,20,47,0.22987934171687813,3.3247836193905775,1.3007903320816792,1.1405219559840483,38.07485580444336,35.770307423294916,LKH,6.442629507980236
Attention:batch_greedy_mean,20,48,0.40009273690100144,3.965753505796718,10.853067085846416,3.294399351300084,42.49509811401367,41.98055844390003,LKH,1.2256618043831835
Attention:batch_greedy_mean,20,49,0.3453447409934597,3.6089244212307205,5.514032336838544,2.3481976783990195,44.30691146850586,42.164556813493185,LKH,5.080937206310429
Attention:batch_greedy_mean,20,50,0.2995867440549773,3.7254258294299065,3.6442397240403315,1.9089891890841948,44.55564880371094,41.266851248100174,LKH,7.969586862438824
Attention:batch_greedy_mean,20,51,0.28849714183488684,3.958756977174269,0.5012441674917844,0.7079859938528335,36.06632614135742,35.48495672115893,LKH,1.6383545984482863
Attention:batch_greedy_mean,20,52,0.1947029021626804,4.178781225121728,5.255130145644041,2.2924070636874334,46.6811637878418,40.079889010686855,LKH,16.47029205942857
Attention:batch_greedy_mean,20,53,0.26832763896309186,3.890662622525747,6.244101711202035,2.4988200637905154,43.369422912597656,40.48342532328686,LKH,7.128837459439764
Attention:batch_greedy_mean,20,54,0.2203063548305181,4.46174782558308,0.4645471491608625,0.6815769576217072,44.356040954589844,44.25185776402303,LKH,0.23543235432596032
Attention:batch_greedy_mean,20,55,0.3358636333381583,3.8903460739742335,5.733853016980105,2.394546515935764,36.592063903808594,36.06024556835377,LKH,1.4748050854139014
Attention:batch_greedy_mean,20,56,0.4547340652836283,3.2831069471458805,2.019342286988814,1.4210356388876437,37.454627990722656,36.29077208842682,LKH,3.2070298737650487
Attention:batch_greedy_mean,20,57,0.3845628054230474,3.557574849802338,4.2902427069428635,2.0712901069002534,35.421688079833984,34.293437677764764,LKH,3.2899892179685355
Attention:batch_greedy_mean,20,58,0.558365475233586,3.044427356345376,7.539341489576834,2.745786133255253,52.18894958496094,42.514940695802515,LKH,22.754374652376107
Attention:batch_greedy_mean,20,59,0.35920402407759866,3.4655275418617157,2.6065609460652692,1.6144847308244414,40.90974044799805,36.94316168003122,LKH,10.73697698730229
Attention:batch_greedy_mean,20,60,0.4140952340880176,3.228856661613528,1.2792743136329585,1.1310500933349321,38.06102752685547,35.14959618203816,LKH,8.282972383919116
Attention:batch_greedy_mean,20,61,0.3311581036896314,3.7976677790648194,2.473838899455091,1.572844206987803,35.679832458496094,34.869046770234704,LKH,2.3252304360482317
Attention:batch_greedy_mean,20,62,0.3682323486860696,3.777473894802161,13.97088317237061,3.7377644618636165,39.9051399230957,38.23717954316477,LKH,4.36214281455572
Attention:batch_greedy_mean,20,63,0.2927238299739656,3.9515126873627766,28.407831694450902,5.329899782777431,36.83332443237305,36.833326658516285,LKH,-6.043828890036863e-06
Attention:batch_greedy_mean,20,64,0.2586457055993378,3.783278597992372,1.310477559794169,1.144760918180809,39.04460525512695,38.581548495151466,LKH,1.2002026306271225
Attention:batch_greedy_mean,20,65,0.46811192213103825,3.9696092993139707,7.373818726458796,2.7154776240025984,42.01835250854492,38.132406288046816,LKH,10.190666151892477
Attention:batch_greedy_mean,20,66,0.36799138733185827,3.5506041596054985,17.51771615472753,4.185417082529234,43.59003829956055,40.61156978388692,LKH,7.334039367410431
Attention:batch_greedy_mean,20,67,0.40060863075195813,2.882555075772507,23.436989040620883,4.841176410813892,46.15663528442383,42.96614286316464,LKH,7.425596548007644
Attention:batch_greedy_mean,20,68,0.39015634727838916,3.258521209668101,10.081432750477166,3.175127202251457,45.265350341796875,42.05168081528174,LKH,7.642190429038149
Attention:batch_greedy_mean,20,69,0.4559739072334651,3.4140655080084565,11.994493429084669,3.4633067188865425,44.0147590637207,38.75440920299303,LKH,13.573551936179204
Attention:batch_greedy_mean,20,70,0.37954108968933725,3.785263839119387,0.2758290894059941,0.5251943348951834,41.224910736083984,39.265563428409045,LKH,4.989989030075475
Attention:batch_greedy_mean,20,71,0.42666659009373686,3.4704237234229147,5.462578090252862,2.337215884391697,40.68234634399414,38.67985391349738,LKH,5.177094088760212
Attention:batch_greedy_mean,20,72,0.3869269327886286,2.938755390476657,5.069299793750787,2.251510558214371,38.55691909790039,38.04756317678683,LKH,1.338734674667214
Attention:batch_greedy_mean,20,73,0.5055685959237962,3.328098071417139,2.838518252233681,1.684790269509437,35.271358489990234,33.855349759574715,LKH,4.1825257764913655
Attention:batch_greedy_mean,20,74,0.40037931395927445,3.664911895808477,1.8440556876411074,1.357960120048121,44.503726959228516,41.122958530987646,LKH,8.221121604597924
Attention:batch_greedy_mean,20,75,0.3184015821068897,4.194695373723449,4.998925113838846,2.2358276127284156,42.02815246582031,40.20275918816094,LKH,4.540467655754637
Attention:batch_greedy_mean,20,76,0.307429718360072,3.8796341651113915,4.193990214708385,2.0479233908299364,37.99699401855469,37.239506336296834,LKH,2.034097002836851
Attention:batch_greedy_mean,20,77,0.27978596874454525,3.5190721985947824,5.991062147631758,2.447664631364305,44.90449523925781,43.381160466252936,LKH,3.5115122708391087
Attention:batch_greedy_mean,20,78,0.3349380527455651,3.8216221342360184,1.7777932821793863,1.33333914747126,40.90824508666992,39.782981681374345,LKH,2.8285044452120705
Attention:batch_greedy_mean,20,79,0.2776437465885465,4.352983466531471,2.433549713377299,1.5599838824094623,45.87944412231445,41.33199779251044,LKH,11.002241780405859
Attention:batch_greedy_mean,20,80,0.29323091999758616,3.940333337431968,1.671083088296893,1.2927037898516787,39.985740661621094,39.57696257468319,LKH,1.0328687709839302
Attention:batch_greedy_mean,20,81,0.3431337374513532,3.6888134687741725,14.442220232449626,3.8002921246201096,39.67192077636719,39.67191795514324,LKH,7.111387827097659e-06
Attention:batch_greedy_mean,20,82,0.4918472613392623,2.9502060192219512,2.413056495450998,1.553401588595492,43.3307991027832,38.34258598294957,LKH,13.00958970803853
Attention:batch_greedy_mean,20,83,0.40605819278862326,2.8512883909606375,9.399569269886898,3.0658716982102985,38.60039138793945,35.31173574763429,LKH,9.313208684524914
Attention:batch_greedy_mean,20,84,0.4234066757209803,3.937799927062728,16.97963572225943,4.120635354197145,45.68797302246094,40.97769332024614,LKH,11.494740968954337
Attention:batch_greedy_mean,20,85,0.2784886065237515,4.096642396661419,1.0116008767269373,1.005783712697187,41.64082717895508,40.072896509815195,LKH,3.9126961255616868
Attention:batch_greedy_mean,20,86,0.25457727634329785,4.136339535984095,7.146149898765155,2.673228366369988,36.575706481933594,34.29140630724042,LKH,6.661436262562541
Attention:batch_greedy_mean,20,87,0.41168793808294596,4.458266532695268,32.38041761105017,5.690379390783199,38.8401985168457,36.8216282897704,LKH,5.482023258694647
Attention:batch_greedy_mean,20,88,0.46073638411180584,3.0087237414546775,4.728725510724201,2.1745632919563875,36.29621124267578,31.319654465053016,LKH,15.889564756136402
Attention:batch_greedy_mean,20,89,0.47271034111035987,2.816039224355825,18.851737492208894,4.3418587600483844,39.92771911621094,35.70686763194135,LKH,11.820839418840121
Attention:batch_greedy_mean,20,90,0.4493004511925392,3.4701574639912716,8.164680026766334,2.8573904225300284,42.2255744934082,41.37784536092548,LKH,2.048751270367659
Attention:batch_greedy_mean,20,91,0.3574643012951128,3.769038284413731,1.8773067429504604,1.3701484382907059,43.17174530029297,40.871421488925776,LKH,5.628196249524797
Attention:batch_greedy_mean,20,92,0.3311843750838307,3.5501584867806137,15.927709722040944,3.990953485326651,43.79978942871094,39.029763572772715,LKH,12.22150845737074
Attention:batch_greedy_mean,20,93,0.5107989945885493,3.54317084531288,16.547641550444123,4.067879244820834,38.17192840576172,34.91515764617252,LKH,9.327670213014825
Attention:batch_greedy_mean,20,94,0.30563485160164416,3.8468408796063214,4.830511010858636,2.1978423535045994,35.62778854370117,34.53972263275253,LKH,3.1501871700523645
Attention:batch_greedy_mean,20,95,0.460396553366445,2.9970726892639528,2.727624582335556,1.6515521736643852,41.807037353515625,38.57032520385732,LKH,8.39171599552551
Attention:batch_greedy_mean,20,96,0.43847674666321834,3.170118767355521,3.4202123064454404,1.84938160108871,42.86981964111328,39.57361637992562,LKH,8.329295027127513
Attention:batch_greedy_mean,20,97,0.4174402144490159,3.439166852517144,1.4769537014515142,1.2152998401429642,42.48827362060547,37.42498416344416,LKH,13.529169271117588
Attention:batch_greedy_mean,20,98,0.3784818045445718,3.155843791928878,2.774788757711437,1.6657697192923868,40.326133728027344,38.547144537907805,LKH,4.6150997990786475
Attention:batch_greedy_mean,20,99,0.34211899799520323,4.262777633420294,1.029096573585267,1.0144439726201082,34.286495208740234,33.78030009594252,LKH,1.4984920541262847
Attention:batch_greedy_mean,20,100,0.31813110088698976,3.4818607503401737,7.980006912434314,2.824890601852453,42.29802703857422,40.75998260239817,LKH,3.773417793572753
Attention:batch_greedy_mean,20,101,0.40074157393537463,3.273228099134271,10.38839357182165,3.223103096678983,38.7653694152832,35.9503246411199,LKH,7.830373723366778
Attention:batch_greedy_mean,20,102,0.3186013167952296,3.5623998132822847,1.3035985975698716,1.141752423938689,37.09785461425781,34.71098563613024,LKH,6.876407956687667
Attention:batch_greedy_mean,20,103,0.25370980886098093,5.321348427381675,1.1959609912953015,1.0936000143083857,43.21710968017578,39.743975229505565,LKH,8.738769664117022
Attention:batch_greedy_mean,20,104,0.4064255349206746,3.6238301527906116,1.8677373986494399,1.366651893734992,34.79951095581055,34.247658253932855,LKH,1.6113589366780132
Attention:batch_greedy_mean,20,105,0.2948195951212256,4.028647830600997,0.6812493969760608,0.8253783356595088,39.20743942260742,37.865629704688374,LKH,3.5436086191718887
Attention:batch_greedy_mean,20,106,0.40967216396594497,3.9870997330678932,18.872098612822715,4.344202874270804,36.770912170410156,34.483112504818614,LKH,6.634550942209318
Attention:batch_greedy_mean,20,107,0.3625772317223891,3.4251131077095436,2.543928750701712,1.5949698275207942,43.262325286865234,42.274876700614996,LKH,2.3357811147344476
Attention:batch_greedy_mean,20,108,0.41198251783607703,3.9782089265310825,7.161404205550552,2.6760800073149067,42.41975402832031,42.419753284411165,LKH,1.753685700687879e-06
Attention:batch_greedy_mean,20,109,0.3213041224205881,4.339340346336735,13.232731142975698,3.6376821113142497,38.80598068237305,38.64441715324104,LKH,0.418077282654683
Attention:batch_greedy_mean,20,110,0.26487771967949814,4.755835615957605,11.277567820987842,3.3582090198479073,36.33034133911133,36.076830378322974,LKH,0.702697432479207
Attention:batch_greedy_mean,20,111,0.4327499008951065,3.701254739965646,3.3938644249340144,1.842244398806525,37.004844665527344,32.70383832176,LKH,13.151380891293119
Attention:batch_greedy_mean,20,112,0.31392299869039564,4.65294138741272,3.702617681628365,1.9242187197998997,43.95528793334961,38.87084574965279,LKH,13.080348743742576
Attention:batch_greedy_mean,20,113,0.28610613811179064,3.7231303425093194,1.8220142844669933,1.349820093370592,35.954734802246094,35.34398458850525,LKH,1.728017428854002
Attention:batch_greedy_mean,20,114,0.3780232936864195,3.731212937931249,1.945944541273042,1.3949711614485234,34.51289749145508,34.156446586155525,LKH,1.0435831034134324
Attention:batch_greedy_mean,20,115,0.40856351915942923,3.120460401349437,2.609800295641231,1.6154876340106201,42.95582580566406,40.111133715667364,LKH,7.092026144565356
Attention:batch_greedy_mean,20,116,0.3272935361252166,3.7015549801713505,4.221947786143404,2.0547378874550892,45.01518630981445,43.39759738108818,LKH,3.7273697769987235
Attention:batch_greedy_mean,20,117,0.36099637738043383,4.166165960686155,8.26623676873255,2.8751063925935942,38.87306213378906,36.878803477877454,LKH,5.407601298962715
Attention:batch_greedy_mean,20,118,0.3365701887118121,4.030528347119324,5.319579127796586,2.306421281508776,40.164127349853516,37.81586434845731,LKH,6.209729810108127
Attention:batch_greedy_mean,20,119,0.45139468975685304,3.038343608962987,1.0962386802353037,1.0470141738464211,43.06584930419922,38.4931566113319,LKH,11.879235415889946
Attention:batch_greedy_mean,20,120,0.3252906804700615,3.754738254424276,5.14347863990568,2.2679238611350425,40.01115798950195,38.14387563270975,LKH,4.895366099586745
Attention:batch_greedy_mean,20,121,0.30067824556176675,4.50664999905621,5.968826685839626,2.443118230016637,37.22349548339844,36.16988891342495,LKH,2.9129383628889958
Attention:batch_greedy_mean,20,122,0.3497312075863192,4.0596007579144295,6.733876556798639,2.5949713980694735,41.298439025878906,40.17698133232016,LKH,2.791294060354393
Attention:batch_greedy_mean,20,123,0.3711895784051194,3.9500526832883525,13.641136358279068,3.6933909024471085,40.099891662597656,37.63278343893698,LKH,6.555742090307532
Attention:batch_greedy_mean,20,124,0.3105740806007816,3.825497373741334,3.961375789424379,1.990320524293607,39.971397399902344,36.11049445118065,LKH,10.691913825609387
Attention:batch_greedy_mean,20,125,0.3393876958445219,4.023048955806439,7.531339734097746,2.7443286490684287,39.72117614746094,34.82889774877552,LKH,14.046607027227608
Attention:batch_greedy_mean,20,126,0.41025595757046174,4.517399144394853,22.204207517439055,4.712134072523728,48.50129318237305,43.083006257137015,LKH,12.576390080342764
Attention:batch_greedy_mean,20,127,0.19193392004526685,4.092288559479918,0.6615953934621202,0.813385144603785,41.67245101928711,41.603944870614775,LKH,0.16466262727100348
Attention:batch_greedy_mean,20,128,0.2666798579455644,4.537562255736187,3.615481163961859,1.9014418644707125,36.638099670410156,34.37816465281551,LKH,6.573751218012057
Attention:batch_greedy_mean,20,129,0.34811193742971225,3.8403937955459297,2.291746057309255,1.5138513986878814,40.15964889526367,38.32671911369734,LKH,4.7823811271945695
Attention:batch_greedy_mean,20,130,0.3085590760500054,3.975510160083658,1.1485499982227838,1.0717042494190194,36.64686584472656,35.64413988337874,LKH,2.813157968262275
Attention:batch_greedy_mean,20,131,0.4109471645140729,3.82157823908655,12.36607111512121,3.5165424944284704,40.673545837402344,39.35755817115249,LKH,3.3436720350563296
Attention:batch_greedy_mean,20,132,0.2619573038977251,3.979567358614795,7.91207098374512,2.812840376513591,36.44522476196289,35.87858042451101,LKH,1.5793387886237873
Attention:batch_greedy_mean,20,133,0.35300520568380306,3.8393631419692857,1.2420859291986506,1.1144890888647814,35.81878662109375,35.27998219734152,LKH,1.5272241939873576
Attention:batch_greedy_mean,20,134,0.23734916979738047,3.959091354507179,8.548941019495954,2.9238572159898566,35.43366622924805,35.433664983607976,LKH,3.5154141454646033e-06
Attention:batch_greedy_mean,20,135,0.35006782788368584,4.618279363537485,8.133834169140988,2.8519877575370107,44.304412841796875,38.869382991950275,LKH,13.982804540458432
Attention:batch_greedy_mean,20,136,0.4769834599683236,2.919217435491189,4.893177505155651,2.212052780825008,38.619850158691406,36.67734272179562,LKH,5.2962054847595255
Attention:batch_greedy_mean,20,137,0.4034937842215186,3.0532286912996986,1.28655422932253,1.1342637388731645,41.75231170654297,39.048952569394594,LKH,6.923000386103026
Attention:batch_greedy_mean,20,138,0.2934179077074077,3.8515759229076645,2.1570966417449715,1.4687057709919205,40.690635681152344,39.0247556137369,LKH,4.268777705885353
Attention:batch_greedy_mean,20,139,0.27937741446367,3.462829235089913,20.231622692554414,4.497957613467963,42.5231819152832,41.42673487757578,LKH,2.6467136281621984
Attention:batch_greedy_mean,20,140,0.24792877248692094,3.7972353112722232,1.8170896133270342,1.3479946636864089,37.59310531616211,37.50624571183639,LKH,0.23158704017743237
Attention:batch_greedy_mean,20,141,0.3326835740157549,3.746552199794155,2.344341118063894,1.531124135419429,47.94620895385742,43.76507022445318,LKH,9.55359767038162
Attention:batch_greedy_mean,20,142,0.4325991143472493,3.182737337374821,46.913192642841196,6.849320597171752,38.52579879760742,36.15624488133707,LKH,6.553650480151103
Attention:batch_greedy_mean,20,143,0.31819383803413076,3.926406177695204,8.470099143968824,2.9103434752566275,39.546226501464844,37.0407697316595,LKH,6.764051578722666
Attention:batch_greedy_mean,20,144,0.5420043111726954,3.812529106285178,14.513556651331609,3.809666212587608,46.84849548339844,34.699685760548775,LKH,35.01129608690015
Attention:batch_greedy_mean,20,145,0.4848261800670798,3.7834394500714637,3.9332659256625346,1.9832463098824953,33.637393951416016,33.055849475740295,LKH,1.7592785691455788
Attention:batch_greedy_mean,20,146,0.30901134107261896,3.317566392803621,7.553538486663703,2.748370150955599,35.38726043701172,32.44990119090686,LKH,9.051982096413813
Attention:batch_greedy_mean,20,147,0.2771109015651746,3.9950804210551674,2.15235515244765,1.4670907103678525,42.45643615722656,40.96745454370215,LKH,3.63454754538396
Attention:batch_greedy_mean,20,148,0.37120635364337884,3.2508916967789423,2.1766887028524784,1.4753605331756976,39.31715393066406,36.31928189813847,LKH,8.25421615144667
Attention:batch_greedy_mean,20,149,0.2215875451467582,4.47095103688386,3.9905138487839404,1.997627054478373,36.93819046020508,36.93818691041971,LKH,9.610069323029667e-06
Attention:batch_greedy_mean,20,150,0.2877778571768431,3.7959820349100872,1.3052054869571978,1.1424559015372093,38.27984619140625,38.095019439874406,LKH,0.4851730075202013
Attention:batch_greedy_mean,20,151,0.34065937517443673,3.0825861974893614,0.917979377535687,0.958112403393092,38.24970626831055,36.61169812626597,LKH,4.474002097349962
Attention:batch_greedy_mean,20,152,0.44583927566127385,3.141419738579327,7.514768215088732,2.7413077563616843,35.74349594116211,33.97455227506298,LKH,5.206672487623965
Attention:batch_greedy_mean,20,153,0.4662897155542055,3.455663970746246,3.406584983844259,1.8456936321730806,41.25422668457031,36.154710622379035,LKH,14.104707172057354
Attention:batch_greedy_mean,20,154,0.30013251030068205,4.068301067659824,1.3624551179734083,1.1672425274866438,36.760093688964844,34.35434907857069,LKH,7.0027366983203585
Attention:batch_greedy_mean,20,155,0.2311378712927919,4.835070559804682,6.896485181719555,2.626115987864884,41.35132598876953,39.151396942409434,LKH,5.619030783489357
Attention:batch_greedy_mean,20,156,0.3903612075668207,3.0894262066656912,2.3562176801486454,1.534997615681746,43.06416702270508,39.03872102760998,LKH,10.31141873794512
Attention:batch_greedy_mean,20,157,0.4182550850233838,3.8243149446540685,1.1107584411505458,1.0539252540624244,34.66645812988281,33.887516055084575,LKH,2.2986107141404455
Attention:batch_greedy_mean,20,158,0.3945940473437076,3.1551203183830454,16.444715920484484,4.055208492850212,45.910579681396484,42.14225003130155,LKH,8.941927987461447
Attention:batch_greedy_mean,20,159,0.2918328808806109,3.911705691255817,2.125872133585463,1.4580370823766668,46.238197326660156,42.95375534365341,LKH,7.6464606103224755
Attention:batch_greedy_mean,20,160,0.447728454950331,4.591924757820257,37.909797624106766,6.157093277197185,37.50776672363281,37.50776589793094,LKH,2.2014157737909383e-06
Attention:batch_greedy_mean,20,161,0.2819976235955437,4.205907059563472,2.7524296960416867,1.659044814356046,38.24736785888672,34.998038489881836,LKH,9.284318519577276
Attention:batch_greedy_mean,20,162,0.3864282867711154,3.551530068780834,1.6160154829586624,1.2712259763545828,38.05670928955078,37.872444785206696,LKH,0.486539766284274
Attention:batch_greedy_mean,20,163,0.34249639983754604,3.130686583549995,7.283521898032499,2.6988000848585467,46.022701263427734,40.965136757013305,LKH,12.34602129223593
Attention:batch_greedy_mean,20,164,0.27397973451652435,4.2181022028193595,7.154047453244792,2.6747051151939707,36.06991958618164,35.8596819591591,LKH,0.5862785600329219
Attention:batch_greedy_mean,20,165,0.3577056227601133,3.3416288552891897,1.3246272206618817,1.1509245069342653,38.42866897583008,36.44124300456417,LKH,5.453782054078086
Attention:batch_greedy_mean,20,166,0.25612035839876623,3.8464557937696435,3.8562059846590055,1.963722481579056,38.186241149902344,37.723211781202515,LKH,1.2274388813588673
Attention:batch_greedy_mean,20,167,0.5004707377632258,3.6138825929912883,2.197342443416529,1.482343564568123,38.89822006225586,37.51139874759912,LKH,3.6970663877083627
Attention:batch_greedy_mean,20,168,0.2179680145920429,4.146102950083178,1.1777921914442082,1.0852613470700079,39.26646423339844,39.22487075363528,LKH,0.10603853872304489
Attention:batch_greedy_mean,20,169,0.34118894076527795,4.07965560241693,5.155989049135315,2.270680305356814,37.35125732421875,35.501618806296484,LKH,5.210011768799169
Attention:batch_greedy_mean,20,170,0.3413190797373318,3.3749436426082142,3.2931573773356178,1.8147058652397687,37.781959533691406,35.023117136307164,LKH,7.877204038255788
Attention:batch_greedy_mean,20,171,0.5111543493913814,3.3116742828477443,12.647978447028345,3.556399646697253,36.528846740722656,36.187931350069796,LKH,0.9420692975096037
Attention:batch_greedy_mean,20,172,0.4696775352666009,3.466244861910005,13.795860618032338,3.7142779403313826,34.19318389892578,33.80320603983873,LKH,1.1536712187224076
Attention:batch_greedy_mean,20,173,0.3334487935244397,4.046270132234276,8.150540624609715,2.854915169424429,43.921119689941406,39.608061325274456,LKH,10.889344795865401
Attention:batch_greedy_mean,20,174,0.5200269303599271,2.759167185974733,6.425300972544798,2.534817739512014,43.18915557861328,38.42244086833364,LKH,12.406069480630508
Attention:batch_greedy_mean,20,175,0.317679369134612,3.8155428583356716,8.65005334065537,2.9410973021400313,35.467159271240234,34.85021033251186,LKH,1.7702875616587719
Attention:batch_greedy_mean,20,176,0.5254563996946103,3.798268840047174,6.727712615967259,2.593783455874306,41.540771484375,35.01178144876155,LKH,18.64798009540983
Attention:batch_greedy_mean,20,177,0.3220399700532653,3.714151923185996,11.966537150643935,3.4592682970021182,34.292842864990234,34.09205043256547,LKH,0.5889714167293417
Attention:batch_greedy_mean,20,178,0.4174749456165955,4.203168425787942,3.7788448218807877,1.9439251070658015,48.63247299194336,44.09020310176823,LKH,10.302220381454674
Attention:batch_greedy_mean,20,179,0.321862847317243,3.0913364243733845,2.0985460766700745,1.4486359365520636,45.995853424072266,40.68214855957778,LKH,13.061514823172926
Attention:batch_greedy_mean,20,180,0.392369470902122,4.040273607111912,7.9520810414414695,2.819943446497016,39.2724609375,39.110637705003775,LKH,0.41375759126402967
Attention:batch_greedy_mean,20,181,0.25571535222661623,4.71545583057029,0.19013216784081613,0.4360414749090001,38.75429153442383,37.53193000433861,LKH,3.2568576407978846
Attention:batch_greedy_mean,20,182,0.41442440348182574,4.051531576942674,4.305988112039984,2.0750874950324345,41.05110549926758,37.39435670364601,LKH,9.7788787345686
Attention:batch_greedy_mean,20,183,0.39131982752369365,4.074813038335588,2.022751654244811,1.422234739501469,31.278955459594727,30.577888992203473,LKH,2.2927235675752713
Attention:batch_greedy_mean,20,184,0.3289971180782231,4.287566213434254,4.905192296000986,2.2147668717047817,39.66111755371094,38.31207152890323,LKH,3.521203555359736
Attention:batch_greedy_mean,20,185,0.2450724260037532,4.1805013534427165,23.023471257311844,4.798277947067244,47.6037483215332,42.94884498961753,LKH,10.838250325569767
Attention:batch_greedy_mean,20,186,0.32250243658672845,4.34105766413723,1.9138085895362036,1.38340470923595,37.06626892089844,36.58090015989289,LKH,1.3268365701336724
Attention:batch_greedy_mean,20,187,0.45775419046397586,4.5390265884361,18.838417441239297,4.34032457786734,42.18265151977539,36.14863933461181,LKH,16.692224925285366
Attention:batch_greedy_mean,20,188,0.37097463095851707,3.7086562282551228,5.223985212510375,2.2856039054285797,44.30415725708008,37.54337931563796,LKH,18.007909955580512
Attention:batch_greedy_mean,20,189,0.19939170441357418,4.9513653624485965,6.8981670918137095,2.626436196029462,45.832725524902344,43.911098076832694,LKH,4.376177167574618
Attention:batch_greedy_mean,20,190,0.3627098495897371,3.8215201349404837,1.675103472502133,1.2942578848522164,40.93683624267578,37.3090567461511,LKH,9.72358942550573
Attention:batch_greedy_mean,20,191,0.2496317672610985,4.7359095007603775,1.7412073648713784,1.3195481669387361,37.56303787231445,37.07561354206991,LKH,1.3146763699310342
Attention:batch_greedy_mean,20,192,0.19046845805714838,3.962632712369916,0.972172772391091,0.985988221223302,37.33036422729492,37.08554429299583,LKH,0.6601492278632476
Attention:batch_greedy_mean,20,193,0.2836462405044585,4.513712605636249,1.8848645159800534,1.3729036805180665,45.088809967041016,40.9621134874055,LKH,10.074422748973475
Attention:batch_greedy_mean,20,194,0.5180169753279188,3.2573780264603522,18.3101839125602,4.279040069052894,43.273948669433594,41.757121149349054,LKH,3.632500225912211
Attention:batch_greedy_mean,20,195,0.37605056386655633,4.162414206605626,12.155823529837656,3.4865202609245878,37.364688873291016,36.00508672245343,LKH,3.7761390808974657
Attention:batch_greedy_mean,20,196,0.32408373080252206,4.09021542906263,2.306742483828572,1.518796393144444,35.41393280029297,34.11181198348562,LKH,3.8172138655012953
Attention:batch_greedy_mean,20,197,0.37364830337974125,3.4155888897687134,0.8356272241258248,0.914126481470603,35.501312255859375,32.61970285082912,LKH,8.833953571581999
Attention:batch_greedy_mean,20,198,0.28266697974395355,4.11009762284983,6.181041413441625,2.4861700290691355,41.5095329284668,37.78100667753313,LKH,9.868784817612804
Attention:batch_greedy_mean,20,199,0.3320017417892814,3.2957480922219404,2.52656364980842,1.5895167975861155,40.6326904296875,34.941472893392145,LKH,16.287858138263065
Attention:batch_greedy_mean,20,200,0.2775275590654928,3.896447279524609,13.127675957920783,3.6232134850048214,45.72925567626953,37.723453348741124,LKH,21.222347417447057
Attention:batch_greedy_mean,20,201,0.4031940460237564,4.058008067190087,2.122315346819868,1.4568168542475983,37.00788116455078,34.13429153637535,LKH,8.418483287145943
Attention:batch_greedy_mean,20,202,0.23366174572729506,3.6987543799836375,4.634304761282473,2.152743542850024,41.34086990356445,40.29961316395737,LKH,2.583788423404399
Attention:batch_greedy_mean,20,203,0.3500829062249977,3.4878567713141186,3.1799619401684387,1.7832447785339058,41.588409423828125,40.009509020251514,LKH,3.9463128697166048
Attention:batch_greedy_mean,20,204,0.4177411545627649,4.149610036524594,13.367515435679653,3.6561612978203866,39.972572326660156,37.27491495481212,LKH,7.237192559978666
Attention:batch_greedy_mean,20,205,0.3470978325151009,3.7358638940051443,22.415815568060538,4.73453435599115,38.91875457763672,36.67173803428651,LKH,6.127379458397476
Attention:batch_greedy_mean,20,206,0.47507394670810754,3.6684502296835846,38.510553571993555,6.205687195790129,39.074462890625,38.29234580930802,LKH,2.0424893403288644
Attention:batch_greedy_mean,20,207,0.44685443684746246,3.9530406986903097,7.010666840779292,2.6477663871231716,41.022789001464844,38.90703388250827,LKH,5.437975882062206
Attention:batch_greedy_mean,20,208,0.27533636678854234,3.629130281584048,2.310459136277132,1.520019452598266,43.56468200683594,42.42004005393314,LKH,2.6983518908692425
Attention:batch_greedy_mean,20,209,0.3387023911644064,3.559524945548322,2.386948850805626,1.5449753560512303,41.1963996887207,38.45294285037213,LKH,7.134582258174346
Attention:batch_greedy_mean,20,210,0.40290915546065664,3.136943181221814,7.675413904297068,2.7704537361769948,48.252777099609375,40.91274091100045,LKH,17.940709972416855
Attention:batch_greedy_mean,20,211,0.41933375870762574,3.789976441410439,10.237241045842513,3.1995688843721606,45.21919250488281,43.76275116710741,LKH,3.3280387976843655
Attention:batch_greedy_mean,20,212,0.34784829215641366,3.4466451721799736,2.9885106028364725,1.7287309226240133,36.68846893310547,34.31218030200446,LKH,6.925495874018223
Attention:batch_greedy_mean,20,213,0.42376352269893686,3.1052710726966315,21.14772329329788,4.5986653817491305,41.530296325683594,40.16769397709182,LKH,3.3922842306279315
Attention:batch_greedy_mean,20,214,0.43463672748340515,3.397297331336792,1.8789575960020468,1.3707507417477647,38.18107604980469,35.47328683178882,LKH,7.633319209623751
Attention:batch_greedy_mean,20,215,0.4100830614057486,3.5419455512182703,14.222335112783187,3.7712511336137755,44.21366500854492,40.17069248207266,LKH,10.064483026466512
Attention:batch_greedy_mean,20,216,0.33683407076969163,3.659180456674169,3.4172616899260584,1.8485836983826451,46.49900817871094,41.54987173917836,LKH,11.91131580525656
Attention:batch_greedy_mean,20,217,0.3391398118086727,4.7678307350113425,3.807227350693996,1.9512117646975164,44.378173828125,40.14451613905471,LKH,10.54604238946491
Attention:batch_greedy_mean,20,218,0.3496994943204754,3.6808836620589043,3.233254821890448,1.798125363229841,36.70079040527344,33.52636148214313,LKH,9.468456410997886
Attention:batch_greedy_mean,20,219,0.5265848930459469,2.5101334680054324,3.349312009959472,1.8301125675650316,39.39629364013672,34.54194009084658,LKH,14.053505786076315
Attention:batch_greedy_mean,20,220,0.4471942346166543,3.5535218116779546,2.758685128187938,1.6609289955286883,32.2076301574707,29.02072532991867,LKH,10.981478895934147
Attention:batch_greedy_mean,20,221,0.27409181108073427,4.422994715882471,0.41435989311836235,0.6437079253188999,36.089717864990234,33.990874217981904,LKH,6.1747268797752675
Attention:batch_greedy_mean,20,222,0.3716955462761689,3.145311002741905,1.2785213743200392,1.1307171946689585,45.26757049560547,43.08217108547519,LKH,5.072630638308454
Attention:batch_greedy_mean,20,223,0.3089161479387258,3.7681202916769214,11.192139360537642,3.345465492354934,37.29839324951172,35.57314951059621,LKH,4.849848165402417
Attention:batch_greedy_mean,20,224,0.4444966944400221,3.331124458807605,6.680949966203018,2.5847533666102493,46.74274826049805,40.04773490876489,LKH,16.717583071765393
Attention:batch_greedy_mean,20,225,0.23760399171164295,4.831940501163839,0.28984868215836956,0.5383759672927179,38.75202941894531,36.696552278048024,LKH,5.601281355597213
Attention:batch_greedy_mean,20,226,0.31188416343647984,3.9227313182266146,1.8713294191937995,1.3679654305550997,44.730873107910156,40.881908721729296,LKH,9.414835330658333
Attention:batch_greedy_mean,20,227,0.38382232377789477,4.1467933189179185,12.596710823963514,3.549184529432573,38.84061050415039,38.631129328346496,LKH,0.5422600360020607
Attention:batch_greedy_mean,20,228,0.3341642996558221,3.658989675418262,5.253769887539347,2.292110356754087,35.18891525268555,33.686516723861054,LKH,4.459940281567622
Attention:batch_greedy_mean,20,229,0.4400766709317395,3.1333868348344245,4.385204785579032,2.094088055832188,40.741397857666016,40.74140027577472,LKH,-5.935261651979176e-06
Attention:batch_greedy_mean,20,230,0.312302992086552,3.6920535294798866,3.875776844011356,1.9686992771907434,38.88142395019531,38.881421797655904,LKH,5.536164341267016e-06
Attention:batch_greedy_mean,20,231,0.22936626905138838,4.028726954229365,1.0855760957885223,1.0419098309299717,42.96746826171875,41.73336539128105,LKH,2.957113232702608
Attention:batch_greedy_mean,20,232,0.41113592851761493,3.4396151460953726,13.292595485807993,3.6459011898031455,41.437660217285156,39.090854723394045,LKH,6.003464264204634
Attention:batch_greedy_mean,20,233,0.24026533307005593,4.50697575755192,12.900567655758133,3.591736022560418,42.76960372924805,42.49149078766079,LKH,0.6545144367305225
Attention:batch_greedy_mean,20,234,0.35843823232207794,4.186078962735229,9.704618714690529,3.1152237021906677,40.628021240234375,37.5419517036911,LKH,8.220322589781228
Attention:batch_greedy_mean,20,235,0.3386842462175991,3.611592039589002,1.8684568755780628,1.3669150945022381,42.56336975097656,39.84288362193113,LKH,6.8280352267172955
Attention:batch_greedy_mean,20,236,0.30631967154185985,3.8245841676308787,2.061172390913941,1.4356783730745342,41.18732833862305,39.297845869004945,LKH,4.80810697847532
Attention:batch_greedy_mean,20,237,0.29210416094647373,3.8038341915099934,8.100662323983917,2.8461662502362572,44.817996978759766,42.31372898261605,LKH,5.918334442167831
Attention:batch_greedy_mean,20,238,0.3231323578836964,4.11742124038558,2.1269148536897027,1.4583946152155467,43.77524948120117,40.738887948719274,LKH,7.453226352923443
Attention:batch_greedy_mean,20,239,0.3210993133515331,4.234121303229511,3.2014521351382106,1.789260220073707,37.252220153808594,35.2971487446407,LKH,5.538893306402656
Attention:batch_greedy_mean,20,240,0.2168640704068821,4.64786726810887,2.2807159684787472,1.5102039492991493,39.095394134521484,38.89483141301413,LKH,0.5156539165258992
Attention:batch_greedy_mean,20,241,0.30932299188475554,3.510950191736641,1.4910646075597447,1.2210915639540487,45.51462173461914,42.97478662456741,LKH,5.910058686829605
Attention:batch_greedy_mean,20,242,0.35992722178270925,4.052845637384813,3.771108873670876,1.941934312398562,39.48609161376953,38.03205274413786,LKH,3.823193240222341
Attention:batch_greedy_mean,20,243,0.5219563644258074,3.200447416452139,6.411458193455003,2.532085739751915,43.58955383300781,39.97322158966397,LKH,9.04688713976191
Attention:batch_greedy_mean,20,244,0.27137301866314373,3.5691075246417165,0.28461785753367597,0.5334958833333918,37.524147033691406,37.06527568997029,LKH,1.2380087161884585
Attention:batch_greedy_mean,20,245,0.4314081290685863,3.0784733326127833,2.3989625594662485,1.5488584697984025,42.532283782958984,41.842524557056535,LKH,1.648464649789217
Attention:batch_greedy_mean,20,246,0.3050294861317525,4.638362094555455,10.374192635981442,3.2208993520415135,38.567962646484375,38.567960662723195,LKH,5.143546991144129e-06
Attention:batch_greedy_mean,20,247,0.29686591686349856,3.622074024772244,13.910585341075038,3.7296897110986373,39.68205261230469,38.28871920028207,LKH,3.639018074055494
Attention:batch_greedy_mean,20,248,0.26960667607381766,3.9817951202789836,2.250271494196769,1.5000904953357876,38.299068450927734,37.887827033102745,LKH,1.085418325695179
Attention:batch_greedy_mean,20,249,0.4003107626509518,4.19685722213809,2.1147329966906603,1.4542121566988293,37.491050720214844,36.522672985690015,LKH,2.6514426665984985
Attention:batch_greedy_mean,20,250,0.37809125105031854,4.909442384817852,8.083916192332442,2.8432228530898596,48.758358001708984,44.94963577522053,LKH,8.473310541457375
Attention:batch_greedy_mean,20,251,0.2791246188694799,3.6030371425461283,3.5020897103226285,1.8713871086236082,43.3592529296875,39.96016023748421,LKH,8.50620385904961
Attention:batch_greedy_mean,20,252,0.37797816682717666,3.4191822342429687,4.942625364050967,2.2232016022059193,39.80693817138672,37.72263416443959,LKH,5.525340563072242
Attention:batch_greedy_mean,20,253,0.46755620266521875,3.1495077753687957,10.34192439020923,3.2158862526851335,39.83529281616211,39.056965602233284,LKH,1.9928000087244897
Attention:batch_greedy_mean,20,254,0.31262053277932866,3.4432096862079247,5.0703954452103295,2.2517538598191256,37.14192581176758,35.616849670409,LKH,4.281895101535694
Attention:batch_greedy_mean,20,255,0.5626678413755144,3.312800818779311,16.334820180102987,4.04163582972328,47.78367614746094,37.55150706504562,LKH,27.248358007819647
Attention:batch_greedy_mean,20,256,0.26277727961205527,3.6027348723030124,3.6770892029039133,1.9175737803025763,42.64284896850586,38.63601550781049,LKH,10.370721224825486
Attention:batch_greedy_mean,20,257,0.5162605343735777,2.946430853756919,19.029030012873818,4.362227643403519,48.780906677246094,42.857963331646474,LKH,13.8199365652686
Attention:batch_greedy_mean,20,258,0.30985947269696223,3.936905083356239,3.9218366232206314,1.9803627504123156,39.41427993774414,37.9902915327037,LKH,3.7482955449673465
Attention:batch_greedy_mean,20,259,0.44686336314109665,3.83233891542177,17.8669213006114,4.226928116328854,34.12359619140625,31.9188383521603,LKH,6.907387464797038
Attention:batch_greedy_mean,20,260,0.4443537276267307,3.8839338980375238,13.759136220635968,3.7093309667156915,38.214786529541016,37.151514343330014,LKH,2.8619888179656288
Attention:batch_greedy_mean,20,261,0.2705457931042474,3.9207940958952676,6.462699777271153,2.5421840565291793,41.63421630859375,39.47286450066014,LKH,5.475538285034943
Attention:batch_greedy_mean,20,262,0.3333888672033936,3.1808047193525493,2.3233325715068207,1.5242481987874614,43.755210876464844,42.70844147143942,LKH,2.450966059544534
Attention:batch_greedy_mean,20,263,0.6347804143204258,2.9453047314440193,31.15266274142049,5.581457044663202,47.11697006225586,38.97902309959911,LKH,20.877760178500843
Attention:batch_greedy_mean,20,264,0.27961586734018057,3.649859122004473,0.7375265387747335,0.8587936531989122,38.89149475097656,38.78542494852829,LKH,0.2734785105204823
Attention:batch_greedy_mean,20,265,0.3218002555593557,4.256136348733952,3.4058400930565016,1.8454918295827,39.74492645263672,38.83388673438982,LKH,2.345991593574163
Attention:batch_greedy_mean,20,266,0.27110867107112424,3.473954624487181,6.786095303184405,2.605013493858411,36.538944244384766,36.32499588397729,LKH,0.5889838531319683
Attention:batch_greedy_mean,20,267,0.3387483004744354,4.017017998309823,1.3255672859138343,1.1513328302075965,36.358055114746094,36.326258960150454,LKH,0.08752939472935928
Attention:batch_greedy_mean,20,268,0.4509289834127685,3.9220958695307835,11.55491990668145,3.3992528453590283,43.98857879638672,37.355418501878646,LKH,17.756889256037876
Attention:batch_greedy_mean,20,269,0.24130538638492,4.178988602038261,3.7303346168976574,1.931407418671073,40.029090881347656,39.59039273334134,LKH,1.1080924378829518
Attention:batch_greedy_mean,20,270,0.355220077402555,4.044837119896331,2.6791943288764686,1.636824464894287,38.58646774291992,37.64661034845961,LKH,2.4965259441977032
Attention:batch_greedy_mean,20,271,0.4086517419097618,3.7914021979166876,6.293145928250039,2.508614344264586,39.289859771728516,37.6589036891926,LKH,4.330864477618798
Attention:batch_greedy_mean,20,272,0.43302540290424074,3.5579811743416,2.1301674022843984,1.4595093018834784,46.55183792114258,41.15643832009119,LKH,13.109491057241303
Attention:batch_greedy_mean,20,273,0.30638178849087583,4.632909676933789,13.764616336060682,3.7100695864175757,41.926692962646484,39.35512541077941,LKH,6.5342633901573635
Attention:batch_greedy_mean,20,274,0.4127823533568744,3.8645170148083245,2.9239708198547896,1.7099622276105368,37.348907470703125,35.54615988475388,LKH,5.071567763702277
Attention:batch_greedy_mean,20,275,0.255625949302339,4.262090711461069,0.674650126578598,0.8213708824755099,30.11310386657715,29.228295148852315,LKH,3.0272334161767795
Attention:batch_greedy_mean,20,276,0.31797159320085483,3.0936577598252417,1.8271866958572858,1.3517346987694314,39.920257568359375,38.457559249588805,LKH,3.803409127650788
Attention:batch_greedy_mean,20,277,0.43252219723888174,3.3917285014351086,2.3745440331374263,1.540955558456319,45.445350646972656,43.173017399131915,LKH,5.263318120281376
Attention:batch_greedy_mean,20,278,0.31272173146353455,4.2919941690844805,4.8860271620110565,2.210435966503227,38.624725341796875,37.84400965971687,LKH,2.062983518659868
Attention:batch_greedy_mean,20,279,0.4010272297939082,3.5826597323543012,2.737083296763607,1.654413278707472,38.54340362548828,37.010796681416615,LKH,4.140972585011117
Attention:batch_greedy_mean,20,280,0.3671877977738859,3.8477251920220623,1.6361743644858824,1.2791303156777587,42.20174789428711,39.76898649166932,LKH,6.1172325905951865
Attention:batch_greedy_mean,20,281,0.35979356536619916,3.9689988848275015,3.325231691307348,1.8235217825151824,32.7072868347168,32.45778163107875,LKH,0.768706889688172
Attention:batch_greedy_mean,20,282,0.3002075143391266,3.867856935238391,5.693184232374368,2.3860394448488,35.946990966796875,34.43100206194996,LKH,4.402976428392272
Attention:batch_greedy_mean,20,283,0.35683186502865283,3.123306490065549,2.2570162781224004,1.502336938946254,40.93218994140625,34.95871916960513,LKH,17.08721290050796
Attention:batch_greedy_mean,20,284,0.28225899338722227,3.4774348075546526,6.66231387455302,2.581145845269697,38.7675895690918,38.10172389817173,LKH,1.7475998532234935
Attention:batch_greedy_mean,20,285,0.3762585296644829,3.2977966246952652,4.239923383794306,2.0591074240540017,44.777156829833984,41.14902902218532,LKH,8.817043546015576
Attention:batch_greedy_mean,20,286,0.36535616680776,3.151129781071481,2.3618926409260306,1.536845028272542,29.478404998779297,28.11175556983819,LKH,4.861487307492877
Attention:batch_greedy_mean,20,287,0.4048468039294676,3.7884461800570532,1.4827775277091455,1.2176935278259244,40.10452651977539,37.0629226316322,LKH,8.206594818151947
Attention:batch_greedy_mean,20,288,0.32940885895513927,3.6872690182079175,8.603764664493763,2.9332174594621794,43.731773376464844,42.92525840212839,LKH,1.8788820483756514
Attention:batch_greedy_mean,20,289,0.4623969329702504,3.6706611323465332,0.3167223226476508,0.5627808833352913,40.24282455444336,39.674557383351996,LKH,1.432321388240154
Attention:batch_greedy_mean,20,290,0.3047145824724794,3.9107929816850677,4.431198362338294,2.1050411782999148,45.703941345214844,43.159806157079146,LKH,5.894686317349005
Attention:batch_greedy_mean,20,291,0.4077026672323484,3.6127407447000017,2.5071348746355895,1.583393468041216,35.79866409301758,33.83740103703362,LKH,5.796139762144957
Attention:batch_greedy_mean,20,292,0.29384732025500854,3.3411807376641875,2.5960813754033962,1.6112359775661032,42.6050910949707,40.76605936105492,LKH,4.511183476499241
Attention:batch_greedy_mean,20,293,0.35460103438458646,3.6570292409406946,4.559324397432151,2.135257454601705,42.030181884765625,40.851250788527345,LKH,2.8859118716858743
Attention:batch_greedy_mean,20,294,0.22590224237405893,5.018772960970226,2.3910744514585645,1.5463099467631205,37.64432907104492,37.55519565217184,LKH,0.23733978035587125
Attention:batch_greedy_mean,20,295,0.3980059909328702,2.985052403688412,15.845045200553882,3.980583525132199,39.011329650878906,38.3064601048504,LKH,1.840080091188727
Attention:batch_greedy_mean,20,296,0.24996507877403928,4.095735627949385,5.138100691698146,2.266737896559315,46.15367126464844,42.17265499016372,LKH,9.439804715670004
Attention:batch_greedy_mean,20,297,0.3287563810330312,3.972953642686327,0.7979850884943496,0.8933001111017224,44.437339782714844,43.00367991444448,LKH,3.3338074116508567
Attention:batch_greedy_mean,20,298,0.30520754416893964,3.8491105979425155,25.028748184458163,5.002873992462549,41.258995056152344,39.3860831007503,LKH,4.755263301027177
Attention:batch_greedy_mean,20,299,0.2751170032075606,3.4162212858824494,18.498171899014807,4.300950115848218,37.36716079711914,35.60800442988388,LKH,4.940339666322044
Attention:batch_greedy_mean,30,0,0.4776032036461402,2.597300453335872,2.9105732621282034,1.7060402287543526,47.04643249511719,40.020078916301856,LKH,17.55707077317432
Attention:batch_greedy_mean,30,1,0.48684790166056097,2.7087117595447494,13.164852459295194,3.6283401796544923,48.393638610839844,44.283816188304726,LKH,9.280641950682908
Attention:batch_greedy_mean,30,2,0.6192620629871575,2.0974104392656314,21.339421878792134,4.619461210876452,50.514923095703125,45.05356258629417,LKH,12.12192820256653
Attention:batch_greedy_mean,30,3,0.4685418713995811,2.864338921824434,4.400252859533549,2.097677968500778,43.015750885009766,41.99430903293157,LKH,2.432333989058355
Attention:batch_greedy_mean,30,4,0.5785810583749253,2.2834734938945007,10.885556179991124,3.2993266252359925,53.7646369934082,48.1033857953158,LKH,11.768924587099814
Attention:batch_greedy_mean,30,5,0.5572420908745699,2.360358530945354,8.510394164057137,2.917257987229984,51.05984115600586,45.77217831119435,LKH,11.552132845550679
Attention:batch_greedy_mean,30,6,0.5632910478200454,2.4101137875041756,9.88784521775705,3.1444944295954875,56.52832794189453,49.91304288149919,LKH,13.253620052980924
Attention:batch_greedy_mean,30,7,0.4397769652850305,2.770111006701901,5.281110208437547,2.298066624020624,43.260009765625,39.94908704003102,LKH,8.287855795743893
Attention:batch_greedy_mean,30,8,0.5015535239996097,2.7551505568862797,7.753469677802521,2.7845052842116353,48.42558670043945,46.693182712859354,LKH,3.7101861276699677
Attention:batch_greedy_mean,30,9,0.3958165099436883,2.7542339887875524,12.950002616796487,3.5986112066735534,50.31675338745117,47.74792942402917,LKH,5.379969339841663
Attention:batch_greedy_mean,30,10,0.49751431823557746,2.890509714188389,3.36510218556398,1.8344214852546783,49.70821762084961,44.819572030963414,LKH,10.907390160952216
Attention:batch_greedy_mean,30,11,0.49195796040197215,2.846758781074586,29.960037649609546,5.473576312577504,49.20111083984375,42.767941551355634,LKH,15.042036289642754
Attention:batch_greedy_mean,30,12,0.502214179833436,2.8360770061918785,5.6155035715534565,2.3697053765296343,50.49789810180664,47.410640032506876,LKH,6.511740966127015
Attention:batch_greedy_mean,30,13,0.4436921784634857,2.7175691119879923,3.850968406915991,1.9623884444512996,45.103614807128906,41.226372124880136,LKH,9.404763219291015
Attention:batch_greedy_mean,30,14,0.5658151188554863,2.6165563222634423,7.865519276399973,2.8045533113848937,45.18709945678711,41.86846593346229,LKH,7.926331785355642
Attention:batch_greedy_mean,30,15,0.4502240639800827,2.189393728925323,8.584218059428173,2.9298836255776735,52.84892654418945,47.04610948797004,LKH,12.334318649033506
Attention:batch_greedy_mean,30,16,0.4734249360510148,2.7786307021105463,15.841860560354869,3.9801834832523575,49.14493179321289,47.098140009572106,LKH,4.345801730651784
Attention:batch_greedy_mean,30,17,0.5120803936151788,2.774536721025444,27.488606695040556,5.242957819307777,49.53087615966797,43.59071658095953,LKH,13.627120737223914
Attention:batch_greedy_mean,30,18,0.6450807763918116,2.3250786163017803,17.525828092579825,4.186386041991329,55.205020904541016,48.404853104091764,LKH,14.048524815943342
Attention:batch_greedy_mean,30,19,0.43979512941635523,2.6157505390826654,4.734392712720769,2.175865968464227,50.880126953125,47.048865777724565,LKH,8.143153107028475
Attention:batch_greedy_mean,30,20,0.5994380827180673,2.322149209755382,15.130614522275446,3.8898090598736905,53.43846893310547,43.94857781502947,LKH,21.593169995208935
Attention:batch_greedy_mean,30,21,0.5729864117633042,2.56817045906512,8.999329955877432,2.99988832390098,55.555328369140625,48.83228002587817,LKH,13.767631451367096
Attention:batch_greedy_mean,30,22,0.5095462959589592,2.7663279660074624,3.558879384330299,1.8864992404796506,48.12099838256836,42.04572778879758,LKH,14.449198321141779
Attention:batch_greedy_mean,30,23,0.5101315424806672,2.8018853683499776,7.436532996044403,2.72700073268131,45.988101959228516,43.17317131532915,LKH,6.520092358607651
Attention:batch_greedy_mean,30,24,0.4834330053029892,2.4961773696495437,4.7050794956293345,2.1691195208262117,48.494117736816406,42.84971184548537,LKH,13.172564407631423
Attention:batch_greedy_mean,30,25,0.47613056462917785,2.674908503245192,10.37776362912426,3.22145365155612,50.11810302734375,46.4362037883215,LKH,7.928941081846642
Attention:batch_greedy_mean,30,26,0.5691280971164815,2.4636795715565873,7.965611005565089,2.8223414048560973,49.52153015136719,43.83107258235495,LKH,12.982702073558297
Attention:batch_greedy_mean,30,27,0.4195893509992554,2.655567553520745,2.7524352620005574,1.6590464918140653,51.35200500488281,46.23657973839274,LKH,11.063589252131587
Attention:batch_greedy_mean,30,28,0.4765179558687426,3.0915042217403066,7.688971594461575,2.772899492311536,51.26268005371094,45.934687073853446,LKH,11.599062319269061
Attention:batch_greedy_mean,30,29,0.6778545943591098,2.3244501741656545,14.54950776280687,3.8143817012468575,59.26595687866211,44.42249281007986,LKH,33.41429786942109
Attention:batch_greedy_mean,30,30,0.5004378344293495,2.678966425430161,7.552356541214749,2.748155115930458,47.38998794555664,44.765827174884045,LKH,5.8619731529162635
Attention:batch_greedy_mean,30,31,0.5358559915437582,2.777410123463681,7.0606798470611505,2.657193979945979,49.78889465332031,46.43735771713734,LKH,7.217329109459896
Attention:batch_greedy_mean,30,32,0.4515153122212117,2.7584085352065832,7.88396902554137,2.807840633928744,50.0572624206543,47.351059702454414,LKH,5.715189343607465
Attention:batch_greedy_mean,30,33,0.5004716999906426,2.4245285052385346,4.078871769637529,2.0196216897323938,43.42420196533203,43.24512611370207,LKH,0.4140948766321689
Attention:batch_greedy_mean,30,34,0.5167328914064758,2.3719071087782644,13.203073294938838,3.6336033485974824,52.173500061035156,46.94256063582652,LKH,11.143276707441458
Attention:batch_greedy_mean,30,35,0.5189588633996512,2.624600165214156,10.589968389176038,3.2542231621657476,53.598304748535156,48.295811524774834,LKH,10.97919893330759
Attention:batch_greedy_mean,30,36,0.6502138006213499,2.4893597168571633,15.60132113291155,3.949850773499114,45.97801208496094,42.90505025543658,LKH,7.162238037781996
Attention:batch_greedy_mean,30,37,0.5257092749976436,2.2661764136861597,8.551635132818593,2.924317891888396,47.246734619140625,43.22136810988134,LKH,9.313371337588453
Attention:batch_greedy_mean,30,38,0.4934942420416822,2.6767784914645762,5.6456824933900895,2.376064496891886,43.842140197753906,43.08645040488092,LKH,1.7538919678270346
Attention:batch_greedy_mean,30,39,0.631834545917809,1.8475702476261877,18.05705469026808,4.249359327036028,52.501747131347656,49.051618633157446,LKH,7.033669008953
Attention:batch_greedy_mean,30,40,0.5393764140734372,2.837413731038976,13.264531145325687,3.642050404006744,54.60159683227539,46.865038636144355,LKH,16.50816562042534
Attention:batch_greedy_mean,30,41,0.6289692972553894,2.453760489969268,13.693209030411248,3.7004336273484557,54.72724151611328,48.99871666183577,LKH,11.69117324809316
Attention:batch_greedy_mean,30,42,0.5062550705416167,2.726489314299332,6.885942776047386,2.6241079962622322,44.113372802734375,41.70303225571405,LKH,5.77977287656359
Attention:batch_greedy_mean,30,43,0.4769096436793916,2.8820981588526666,9.739562609191072,3.120827231551127,51.85744094848633,49.214824077410206,LKH,5.369554642559605
Attention:batch_greedy_mean,30,44,0.41338632484936777,3.3392042410069753,6.468560449968611,2.5433364798957707,50.39949417114258,45.99159854233138,LKH,9.58413225135913
Attention:batch_greedy_mean,30,45,0.4952944722492248,2.647772253081935,23.292796570942023,4.82626113787288,55.096961975097656,49.23510157345701,LKH,11.905856217022244
Attention:batch_greedy_mean,30,46,0.4383352138609704,3.161188853502369,8.019538801633166,2.831879023128136,46.66385269165039,45.63700333844856,LKH,2.2500367642165626
Attention:batch_greedy_mean,30,47,0.4733232813576857,2.3600118386775226,3.0655580782230865,1.750873518625228,44.18940353393555,38.07734782476706,LKH,16.05168442218278
Attention:batch_greedy_mean,30,48,0.5185110918318363,2.3438554221398964,5.172673075781296,2.2743511329127033,51.0714225769043,46.77880357350424,LKH,9.176418966455605
Attention:batch_greedy_mean,30,49,0.5763344445953105,2.326740100047893,5.2382506584770425,2.288722494859751,46.81111145019531,45.51929753326918,LKH,2.8379478307677504
Attention:batch_greedy_mean,30,50,0.5511893080422321,2.7132324196541644,10.839745820288789,3.292376925609944,53.63027572631836,47.90621420931344,LKH,11.948473932828751
Attention:batch_greedy_mean,30,51,0.5658751322325164,2.6044703323657874,22.15833884333633,4.707264475609622,51.9052848815918,48.99819182621667,LKH,5.933061909071667
Attention:batch_greedy_mean,30,52,0.5389278585440479,2.4526778587053877,5.662572676522933,2.3796160775475803,46.12067794799805,43.14853485797889,LKH,6.888166886319108
Attention:batch_greedy_mean,30,53,0.4933228562820356,3.167000242263798,5.636887593535869,2.374213047208668,50.761009216308594,45.3536056655839,LKH,11.922764400688092
Attention:batch_greedy_mean,30,54,0.5500431090593338,2.1324191614455423,1.0900974199010014,1.044077305519568,50.89031219482422,44.36281866363662,LKH,14.713883670647077
Attention:batch_greedy_mean,30,55,0.48046799228371434,2.60470025342074,9.166648200380738,3.027647304489203,52.15311050415039,48.588143659171536,LKH,7.3371126709137595
Attention:batch_greedy_mean,30,56,0.42525925712349516,2.780690724826952,12.666425644334822,3.5589922231349176,47.40424346923828,44.261246933597945,LKH,7.101012179696505
Attention:batch_greedy_mean,30,57,0.7608159808441997,1.505549564308187,8.560076141972234,2.925760780031791,58.465694427490234,49.60449039325474,LKH,17.863713474295555
Attention:batch_greedy_mean,30,58,0.5628891641101897,2.5087718897273295,9.704989083338331,3.1152831465756576,45.328250885009766,45.16682828140871,LKH,0.3573919394900202
Attention:batch_greedy_mean,30,59,0.46736997613916176,2.609599420512592,9.956862953687592,3.1554497228901606,53.38393020629883,46.931790968912686,LKH,13.747907557288825
Attention:batch_greedy_mean,30,60,0.7337464747814617,1.9306004715327705,13.296664939089382,3.6464592331588435,57.0749626159668,47.583577098778974,LKH,19.94676755277269
Attention:batch_greedy_mean,30,61,0.5194087022323401,2.8033298215625013,1.9039665320617456,1.3798429374612697,48.392154693603516,45.09789232555427,LKH,7.304692521478626
Attention:batch_greedy_mean,30,62,0.5741999545736083,2.422038408849691,15.405575139890882,3.924993648388604,46.32909393310547,39.666449254300474,LKH,16.796675286187
Attention:batch_greedy_mean,30,63,0.5638143875257811,2.500479988614996,4.535033088456348,2.1295617127607147,52.694881439208984,45.22737658064115,LKH,16.511028105406805
Attention:batch_greedy_mean,30,64,0.6218722753835512,2.774465359753187,19.31777727000716,4.395199343602877,54.523406982421875,49.566473881883574,LKH,10.000576422584798
Attention:batch_greedy_mean,30,65,0.5127377119429487,2.5456244502297776,7.719193247157216,2.7783436157461185,43.22331237792969,42.807550662879095,LKH,0.9712345336569884
Attention:batch_greedy_mean,30,66,0.49687524703331293,2.1713371492808062,12.734845482929828,3.568591526489103,48.861305236816406,44.91590640264015,LKH,8.783967975194528
Attention:batch_greedy_mean,30,67,0.41732491356281876,2.677870859757209,10.858197692021816,3.2951779454259853,50.359771728515625,49.08883976371645,LKH,2.589044619747913
Attention:batch_greedy_mean,30,68,0.5331662734669711,2.3776178781706796,18.02283713135838,4.24533121574258,52.1116828918457,45.75429214777496,LKH,13.894632493795234
Attention:batch_greedy_mean,30,69,0.5353901408612728,2.2201304515002023,12.188031942806962,3.4911361965421746,54.48548889160156,47.99903862919943,LKH,13.513708706774397
Attention:batch_greedy_mean,30,70,0.6389662340749055,2.2512300689599694,13.647070265440975,3.694194129365832,57.28214645385742,47.513079166866966,LKH,20.560796012991034
Attention:batch_greedy_mean,30,71,0.5542757627748264,2.3072057879136945,23.23105596930095,4.8198605757118065,51.92136001586914,46.546333361075064,LKH,11.547690798968514
Attention:batch_greedy_mean,30,72,0.4615199764795307,2.7670772349963935,6.382423111701742,2.5263458020828704,55.40565872192383,48.22275630009058,LKH,14.895254798655621
Attention:batch_greedy_mean,30,73,0.6083327458016735,2.586644947343944,9.624827007333094,3.1023905310797177,49.14419937133789,45.70864016059999,LKH,7.516213999512697
Attention:batch_greedy_mean,30,74,0.4970960851707787,2.947419835826351,1.916494585959421,1.3843751608431223,43.27578353881836,39.69131104734983,LKH,9.030874508510006
Attention:batch_greedy_mean,30,75,0.4420991289948688,2.9312149885509413,7.365664077455888,2.7139756958115684,46.909278869628906,44.51638218270492,LKH,5.375317062161552
Attention:batch_greedy_mean,30,76,0.5149693664454389,2.7616562210712217,4.423693844722074,2.1032579120788,49.93312072753906,46.77553732245412,LKH,6.750501620788815
Attention:batch_greedy_mean,30,77,0.5448686032194019,2.794048063809642,12.27864617793343,3.5040899214965116,55.63810729980469,48.04113721977108,LKH,15.813468455753194
Attention:batch_greedy_mean,30,78,0.5247673060755308,2.444413570502074,3.1887641987787063,1.785711118512372,50.492942810058594,45.67068285848052,LKH,10.558764725547864
Attention:batch_greedy_mean,30,79,0.5172933052187242,2.872048230928534,31.457221451171076,5.60867376936572,50.00592041015625,46.789862931347514,LKH,6.873406497316524
Attention:batch_greedy_mean,30,80,0.4996184807814037,2.754585585777044,17.658247721702974,4.20217178631514,53.50823211669922,46.744831288601674,LKH,14.468767223354472
Attention:batch_greedy_mean,30,81,0.5609495838675684,2.512267399426959,14.52455987589141,3.8111100582233792,54.93329620361328,50.237541979169926,LKH,9.347101867345268
Attention:batch_greedy_mean,30,82,0.5747375022304672,2.7589783408694037,47.43581487732464,6.887366323735412,50.64424514770508,45.49511939511227,LKH,11.317973930069522
Attention:batch_greedy_mean,30,83,0.56836182647509,2.7006382881644173,5.487822126166963,2.3426101097209844,52.090145111083984,48.12837044224984,LKH,8.231682544888894
Attention:batch_greedy_mean,30,84,0.49546031379140915,2.2033412902201865,6.310532590268146,2.512077345598289,47.81156921386719,45.63941814035116,LKH,4.759375035930976
Attention:batch_greedy_mean,30,85,0.5396037072079101,2.4800179079584135,7.124977253923319,2.6692653022738897,46.2453498840332,42.58767403364616,LKH,8.58857858143959
Attention:batch_greedy_mean,30,86,0.5000457564213624,2.476563366590354,1.9641346508936286,1.4014758830938292,44.90890884399414,42.35995039326319,LKH,6.017378271378546
Attention:batch_greedy_mean,30,87,0.5334265823621536,2.7065641525360253,9.67704145404902,3.110794344544335,46.582130432128906,43.322310717309584,LKH,7.524574891885556
Attention:batch_greedy_mean,30,88,0.46323864331498044,2.754757563613354,4.191818574784766,2.047393116815812,55.863807678222656,48.50927931629431,LKH,15.161075294429189
Attention:batch_greedy_mean,30,89,0.5367581053260059,2.658530261036768,1.2715911968737867,1.1276485254164024,51.42559814453125,47.721341445001066,LKH,7.762264402813041
Attention:batch_greedy_mean,30,90,0.6917995229979472,2.474469483607369,2.002039882793053,1.4149345860473737,55.324188232421875,50.13847460368179,LKH,10.342783001936965
Attention:batch_greedy_mean,30,91,0.6070980859105475,2.471704822584345,14.53726577857748,3.812776649448205,53.57842254638672,45.34699232893434,LKH,18.152097404264204
Attention:batch_greedy_mean,30,92,0.4883706691345045,2.4869854844267834,3.611054106459023,1.9002773761898613,52.882843017578125,49.89531758188923,LKH,5.987586772617903
Attention:batch_greedy_mean,30,93,0.5856692074969032,2.2223368251715834,13.866376496569005,3.723758383215673,57.86750030517578,46.24574328222192,LKH,25.130436226379278
Attention:batch_greedy_mean,30,94,0.48259431035606515,2.864358175821601,12.649326943502222,3.5565892289526806,46.45913314819336,45.17757824382195,LKH,2.8367056274130067
Attention:batch_greedy_mean,30,95,0.5377451778544734,2.291435022529396,6.537943102731947,2.5569401836437136,45.427894592285156,43.09388345943825,LKH,5.4161076827614565
Attention:batch_greedy_mean,30,96,0.5965152821028217,2.5192530572123246,8.47302139347697,2.9108454774303922,55.39609146118164,47.994623163837964,LKH,15.421453090854534
Attention:batch_greedy_mean,30,97,0.5462194597503791,2.9259976144615254,3.041432586325037,1.7439703513319935,45.59403610229492,41.912949203895614,LKH,8.78269596465707
Attention:batch_greedy_mean,30,98,0.5412937163666356,2.4997905465985126,18.33422006605918,4.281847739709947,54.03448486328125,48.12315844544995,LKH,12.283745724071887
Attention:batch_greedy_mean,30,99,0.35517710955277837,3.896414387652919,5.323714297387732,2.307317554518175,53.7336311340332,50.10904983290195,LKH,7.233386610239265
Attention:batch_greedy_mean,30,100,0.5573996066490812,2.3835796147669317,3.7070599812238134,1.9253726863191483,48.797611236572266,43.34310293021219,LKH,12.584489659502493
Attention:batch_greedy_mean,30,101,0.6051921176513133,2.556066300226595,4.5818172747658625,2.140517992161211,52.98881530761719,47.76131329820812,LKH,10.945055000414293
Attention:batch_greedy_mean,30,102,0.5381286160781958,2.4558391563339597,12.733405932176627,3.5683898234605236,52.347965240478516,50.35640053677842,LKH,3.9549385628655656
Attention:batch_greedy_mean,30,103,0.4884536849955718,2.410081389310747,12.404113774629701,3.521947440639866,42.86107635498047,40.69198098524992,LKH,5.330522911914279
Attention:batch_greedy_mean,30,104,0.48204918917811784,3.1230991147840395,3.8812725201779066,1.970094545999736,49.12980270385742,47.01840856905702,LKH,4.490569117624102
Attention:batch_greedy_mean,30,105,0.6199603484633068,1.9471444637366035,24.16031405260372,4.915314237422031,51.474266052246094,45.254834182095955,LKH,13.743132601313818
Attention:batch_greedy_mean,30,106,0.45619378491780177,3.201587520039607,13.933078376453762,3.732703896166124,49.172119140625,45.79395592552242,LKH,7.376875718264437
Attention:batch_greedy_mean,30,107,0.49090106833415725,1.8118213590395267,5.166912581053838,2.273084376140454,49.47844696044922,46.83196671787082,LKH,5.651012391859504
Attention:batch_greedy_mean,30,108,0.4873833191076604,2.277333030865498,5.311972052176361,2.3047715835145923,40.46712112426758,36.8890120666929,LKH,9.699660839671429
Attention:batch_greedy_mean,30,109,0.5491207112725874,2.662671731431208,6.506449363812785,2.5507742675142357,43.50433349609375,41.768585002930166,LKH,4.155631542322578
Attention:batch_greedy_mean,30,110,0.4728619218352833,3.1156209732506253,8.418512887760894,2.901467368033095,50.69874572753906,47.37564587678741,LKH,7.014363159067491
Attention:batch_greedy_mean,30,111,0.5529858748118083,2.4674288300238234,8.000964086485158,2.828597547634721,47.01314163208008,42.355366458914496,LKH,10.996894992476838
Attention:batch_greedy_mean,30,112,0.4116220443599256,3.24613186380982,17.00983470995451,4.1242980869421295,50.51152420043945,48.29125045211891,LKH,4.597672927359708
Attention:batch_greedy_mean,30,113,0.5568267570653309,1.9389791017176174,6.167429940882944,2.4834310823703047,55.64324951171875,48.57527546673895,LKH,14.550558853381013
Attention:batch_greedy_mean,30,114,0.4397343375060397,3.0519861182194785,4.994862748176289,2.2349189578542417,48.452274322509766,46.928253792499866,LKH,3.2475543129062054
Attention:batch_greedy_mean,30,115,0.5653140568952949,3.367885091937536,6.393395129117047,2.5285163889358215,45.395118713378906,43.28579924728419,LKH,4.8730057034283805
Attention:batch_greedy_mean,30,116,0.539493485877756,2.6542702536928515,7.665197989913147,2.7686093964142264,49.516822814941406,44.75474410916334,LKH,10.640388634918038
Attention:batch_greedy_mean,30,117,0.4846231191729506,2.5258875609038607,4.140907653788462,2.034922026464027,52.53715515136719,48.61726831341216,LKH,8.062745962371642
Attention:batch_greedy_mean,30,118,0.5159854576767733,2.81877239147726,5.459200222819935,2.336493146324195,48.952945709228516,42.83331066606536,LKH,14.287093264568576
Attention:batch_greedy_mean,30,119,0.5486887523789211,2.588975889952997,16.532904696424964,4.066067473176627,53.817626953125,50.40997860446948,LKH,6.759868666862298
Attention:batch_greedy_mean,30,120,0.4961479934010034,2.51396900304239,22.67140489422652,4.761449873119166,46.49541473388672,42.195796040433564,LKH,10.189684985047094
Attention:batch_greedy_mean,30,121,0.4935739037633529,2.86964864558467,5.889718640572377,2.4268742531438203,49.83177947998047,46.482060351672274,LKH,7.206477301059833
Attention:batch_greedy_mean,30,122,0.5178838443117759,3.023915996147142,1.2983512882459534,1.139452187784092,51.30695724487305,46.28716676378908,LKH,10.84488602791519
Attention:batch_greedy_mean,30,123,0.5403297138516792,2.349491176217732,25.101933921522857,5.0101830227570385,52.60358428955078,48.18984534906834,LKH,9.159064339200604
Attention:batch_greedy_mean,30,124,0.6113292113693508,2.567750133316933,5.587468982506205,2.3637827697371443,46.4288215637207,42.33628679184355,LKH,9.666730556694965
Attention:batch_greedy_mean,30,125,0.50150618044172,2.910735412374676,4.754291615368648,2.1804338135721175,50.85334014892578,48.50344738688921,LKH,4.844795346797882
Attention:batch_greedy_mean,30,126,0.44308737285027744,2.695158763074336,3.3497264186548645,1.8302257835182152,41.9262580871582,40.62351585615978,LKH,3.206867262821837
Attention:batch_greedy_mean,30,127,0.4035414052176444,3.0509084105639017,16.966536155579607,4.11904553939133,46.950477600097656,45.71726183237682,LKH,2.6974838787205675
Attention:batch_greedy_mean,30,128,0.6717133000849874,2.10214574061979,29.396267034275052,5.421832442475058,49.673118591308594,46.148079294073646,LKH,7.638539569051218
Attention:batch_greedy_mean,30,129,0.5082775708132734,2.9051073337051103,2.6842454617772944,1.6383667055263589,50.30685043334961,44.73094782861364,LKH,12.465424667726717
Attention:batch_greedy_mean,30,130,0.4917790148135585,2.369906508232926,4.343696959334507,2.084153775356921,52.46000289916992,48.94402399695983,LKH,7.183673541898577
Attention:batch_greedy_mean,30,131,0.5484244569195046,2.4123661945401347,1.9089845523173012,1.38166007118875,53.23027038574219,47.41819434818918,LKH,12.257058956895852
Attention:batch_greedy_mean,30,132,0.6032518426544509,2.215474805778987,6.732502905007206,2.5947067088607927,47.99846649169922,43.88186017390754,LKH,9.381111697355623
Attention:batch_greedy_mean,30,133,0.531337812403702,2.4358082185120082,20.01516737833796,4.473831398067875,53.624759674072266,42.54279170709585,LKH,26.04899096249957
Attention:batch_greedy_mean,30,134,0.4705729419263662,2.737275435250216,8.55824020160794,2.9254470088531668,50.518062591552734,46.85486665853346,LKH,7.8181759852519255
Attention:batch_greedy_mean,30,135,0.6647381597312839,2.9805538794406043,11.76420004432515,3.4298979641273806,45.791038513183594,39.094824988774356,LKH,17.12813275499246
Attention:batch_greedy_mean,30,136,0.487850745471466,3.0887477396618297,11.11842929971626,3.3344308809324956,52.72878646850586,48.526249009162726,LKH,8.660338569646319
Attention:batch_greedy_mean,30,137,0.4850123909593094,2.5593774925992503,16.252453934483302,4.031433235771529,43.60463333129883,41.879915999224494,LKH,4.118244487659124
Attention:batch_greedy_mean,30,138,0.5738232024945319,2.0323595593355717,7.005191231989262,2.646732179875641,52.44328689575195,46.802165177454974,LKH,12.0531212539166
Attention:batch_greedy_mean,30,139,0.6801783355612618,2.1911857487382225,13.137911578006348,3.62462571557483,49.1796875,45.531043034548155,LKH,8.013531477157942
Attention:batch_greedy_mean,30,140,0.4541057467945696,2.929464527823914,11.877009586583906,3.4463037571554698,46.28279495239258,43.15454391850085,LKH,7.248949356989061
Attention:batch_greedy_mean,30,141,0.5381582777469399,2.79624543880516,2.9036333138679424,1.7040050803527385,47.5577392578125,45.948400755554346,LKH,3.502490784869403
Attention:batch_greedy_mean,30,142,0.590106578101404,2.5600387737898695,25.25862407663606,5.0257958649985035,52.81816864013672,46.106271459054646,LKH,14.557449493704283
Attention:batch_greedy_mean,30,143,0.6183495927592352,2.4881719051885987,29.019649775841533,5.386988934074538,48.78363037109375,42.05166114881757,LKH,16.008806877931075
Attention:batch_greedy_mean,30,144,0.5683070836588741,2.65135415951722,10.106932873990749,3.179140272776706,53.98811721801758,47.707276368237615,LKH,13.165372932422525
Attention:batch_greedy_mean,30,145,0.5428655648371205,2.1562951200003324,6.370625156452642,2.5240097377887913,45.67926788330078,40.35451360161912,LKH,13.194941052313963
Attention:batch_greedy_mean,30,146,0.46369472125249256,2.6149562401381474,12.346857976620212,3.5138096101838263,49.32769012451172,46.54472956889887,LKH,5.9791099473320735
Attention:batch_greedy_mean,30,147,0.561276665514985,2.4755147671302167,10.099673545254772,3.1779983551372037,55.896728515625,49.375749970389386,LKH,13.206844552530834
Attention:batch_greedy_mean,30,148,0.4373352607877071,2.8091421583867624,9.666692220515454,3.109130460517129,47.07652282714844,46.42927899531218,LKH,1.3940423927358563
Attention:batch_greedy_mean,30,149,0.504980944811056,2.1760211812721963,4.320101717791034,2.0784854384361307,44.717384338378906,43.435668025333214,LKH,2.950838265680983
Attention:batch_greedy_mean,30,150,0.5038044557802398,2.6100668446486788,10.319838283488833,3.212450510667648,51.17264938354492,44.76692282311593,LKH,14.309061593845632
Attention:batch_greedy_mean,30,151,0.6142771756276488,2.2124044809112093,18.246789559836397,4.27162610253243,47.2974967956543,43.6017468547488,LKH,8.476151089123132
Attention:batch_greedy_mean,30,152,0.6152795679759341,2.7531498841290376,11.378268711588914,3.3731689420467683,51.2960090637207,46.376002894089716,LKH,10.60894829782324
Attention:batch_greedy_mean,30,153,0.5181431535553808,2.1196761474312287,5.583722979418949,2.3629902622353205,49.34515380859375,45.191862355131484,LKH,9.190352503785816
Attention:batch_greedy_mean,30,154,0.6449667971559393,2.7751045664710783,40.453689282594226,6.36032147635591,49.09722900390625,44.5182320735755,LKH,10.285666606802854
Attention:batch_greedy_mean,30,155,0.462869018886704,3.002597121152832,6.484158285764304,2.54640104574364,45.43234634399414,41.243947905883346,LKH,10.155183125700075
Attention:batch_greedy_mean,30,156,0.5715756008440697,2.5202204929448615,5.272249722496575,2.29613800162285,52.3394889831543,47.921773336604105,LKH,9.218598017064213
Attention:batch_greedy_mean,30,157,0.4554371109775578,2.902023044861236,5.0597985719326095,2.249399602545668,48.95187759399414,45.18737361947866,LKH,8.33087580220138
Attention:batch_greedy_mean,30,158,0.41755754128244005,3.0145449362169825,4.543454279069963,2.1315380078877233,45.598262786865234,43.231680543613415,LKH,5.474185165816861
Attention:batch_greedy_mean,30,159,0.5251153391436674,2.5367669710077876,20.102312738912623,4.48356027492802,49.696746826171875,46.76107660461026,LKH,6.278021026727563
Attention:batch_greedy_mean,30,160,0.5546077486433205,2.5442165012067837,11.743431853142011,3.4268691035903327,55.055213928222656,45.707121925523744,LKH,20.452156269937348
Attention:batch_greedy_mean,30,161,0.49266032691487754,2.855851126285919,7.635555041728663,2.763250810499956,44.30686569213867,44.28725546466245,LKH,0.044279617850486196
Attention:batch_greedy_mean,30,162,0.7318213451396635,1.9208507942836448,11.32785682548584,3.3656881652176036,59.3094367980957,48.905260495779494,LKH,21.274145555801887
Attention:batch_greedy_mean,30,163,0.5447147749209156,2.824886750624593,16.050634632668853,4.006324329440747,52.70668029785156,46.747919963762605,LKH,12.746578540195982
Attention:batch_greedy_mean,30,164,0.42387634932335155,2.968380683744718,5.337407541759333,2.3102830003615,49.20011520385742,47.94130747834929,LKH,2.6257267307042533
Attention:batch_greedy_mean,30,165,0.47295106830230604,2.881810191863634,12.0280574067888,3.4681489885512127,47.30778503417969,45.50070481300728,LKH,3.9715433609191386
Attention:batch_greedy_mean,30,166,0.43925810713941854,2.5116837680783943,11.63316037239153,3.4107419093785927,50.211700439453125,45.912171593729255,LKH,9.364681949200385
Attention:batch_greedy_mean,30,167,0.5909925436021543,3.0308018821881033,12.060016320106532,3.4727534205737287,53.11915588378906,46.42077515784016,LKH,14.4297045949212
Attention:batch_greedy_mean,30,168,0.6140330781888527,2.00794753609721,4.782042239822426,2.1867881104081452,47.38113021850586,44.72277218705575,LKH,5.944081508032105
Attention:batch_greedy_mean,30,169,0.6097717570529009,1.9362741543114799,5.002530156033635,2.236633666033317,60.531185150146484,49.664780138961646,LKH,21.87949887381103
Attention:batch_greedy_mean,30,170,0.565802404024483,2.058696027168728,21.252379720828856,4.610030338384863,51.78021240234375,45.434206343014544,LKH,13.967463217952517
Attention:batch_greedy_mean,30,171,0.4899462199013215,2.921051094357227,19.120374313135603,4.372685023316406,46.296329498291016,44.498895246029335,LKH,4.039278373820005
Attention:batch_greedy_mean,30,172,0.5352338617973146,2.529749794653779,14.721310374482096,3.8368359848294395,56.963417053222656,50.94404363528729,LKH,11.81565692159926
Attention:batch_greedy_mean,30,173,0.6816863690813383,1.6930272772458161,5.52276673315087,2.3500567510489763,57.22567367553711,50.92024135307115,LKH,12.38295843640117
Attention:batch_greedy_mean,30,174,0.6700679826099228,2.8496368978889715,20.37399100503868,4.513755753808427,42.0238151550293,37.350244296975575,LKH,12.512825407228096
Attention:batch_greedy_mean,30,175,0.4396006868662577,3.3952316169538705,11.587263110944694,3.4040069199319634,52.11547088623047,49.48256363755601,LKH,5.320878820991696
Attention:batch_greedy_mean,30,176,0.6569379430225429,2.47397784178808,16.524426650778445,4.065024803218111,60.43138122558594,46.71771781980488,LKH,29.354309340786056
Attention:batch_greedy_mean,30,177,0.5031462840243098,2.480335728108759,6.082375840933618,2.4662473194985166,49.10694122314453,45.24599175354368,LKH,8.533240890445203
Attention:batch_greedy_mean,30,178,0.592139212164227,2.6864552342589945,7.856401222500247,2.802927259580642,54.69877624511719,46.76963729445946,LKH,16.953603682526424
Attention:batch_greedy_mean,30,179,0.532924012087263,2.855215085991956,3.943090839460271,1.9857217427072382,52.22604751586914,47.1157323994599,LKH,10.846303041800578
Attention:batch_greedy_mean,30,180,0.4858697422185287,3.110814735360623,2.502694831441613,1.5819907810861644,54.43341827392578,48.13001738530258,LKH,13.096610454472982
Attention:batch_greedy_mean,30,181,0.5636561068240553,2.246095767517451,12.489060912753262,3.5339865467702705,53.937618255615234,48.15928653864146,LKH,11.998374835427487
Attention:batch_greedy_mean,30,182,0.5059296102883916,2.300324081698146,6.474365195247818,2.5444773913807563,48.256866455078125,45.765671644827556,LKH,5.443369933656648
Attention:batch_greedy_mean,30,183,0.5636719655264945,2.65348904655648,24.16089654440102,4.915373489817536,54.39029312133789,46.91734796086752,LKH,15.927893381150518
Attention:batch_greedy_mean,30,184,0.45984996190139404,2.6799594814498393,12.897332055098303,3.5912855713655385,46.53374481201172,43.18307141992883,LKH,7.759228980031666
Attention:batch_greedy_mean,30,185,0.5182090129558371,2.6207260362993385,4.191766496093978,2.0473803984833836,52.61375045776367,48.30842466132705,LKH,8.912163513134006
Attention:batch_greedy_mean,30,186,0.5600730054575251,2.3522801263730355,11.659403065236505,3.414586807395077,50.0899543762207,46.78909035172201,LKH,7.0547728106819445
Attention:batch_greedy_mean,30,187,0.5399758103170219,2.4110483140261616,11.011890604062119,3.318416882198817,52.88618469238281,46.20029455448152,LKH,14.471531409863585
Attention:batch_greedy_mean,30,188,0.4875583985936828,2.6641521179007146,9.576631919182883,3.0946133715187885,49.21864700317383,46.310832762411145,LKH,6.278907260598545
Attention:batch_greedy_mean,30,189,0.7047822193087389,1.9588606143974956,30.60515461813975,5.532192568786787,50.05078125,44.867565476441904,LKH,11.5522554400229
Attention:batch_greedy_mean,30,190,0.5162704904699543,2.8894075918074535,9.776350654599083,3.126715633791964,46.140235900878906,44.914872388350894,LKH,2.7281910141769043
Attention:batch_greedy_mean,30,191,0.4718017008514532,2.6720338737718987,19.107146634348215,4.371172226571291,46.724369049072266,43.870220930490696,LKH,6.5058895488668
Attention:batch_greedy_mean,30,192,0.5542827843211247,2.695906597900229,10.304487665050274,3.2100603833962804,52.28386688232422,45.91294556785924,LKH,13.876089272139533
Attention:batch_greedy_mean,30,193,0.5146757095586508,2.435685163460574,9.499286669702824,3.0820912818576325,46.9813346862793,43.400122781196686,LKH,8.251616989973561
Attention:batch_greedy_mean,30,194,0.6000688015308697,2.802427608286014,4.816384760451389,2.1946263373183577,44.772979736328125,41.6542777213328,LKH,7.487111013806196
Attention:batch_greedy_mean,30,195,0.4871416371873541,2.488971950986682,21.127631053430076,4.596480289681451,51.30925369262695,47.11639800547501,LKH,8.898930870447105
Attention:batch_greedy_mean,30,196,0.6469352471952637,1.92143459091034,11.661600839799368,3.4149086136819777,51.09587860107422,44.11704115166788,LKH,15.818915473986864
Attention:batch_greedy_mean,30,197,0.5113547033984408,2.8004056759698157,27.286987898669448,5.223694851220681,51.299461364746094,43.50660970762869,LKH,17.91187984880137
Attention:batch_greedy_mean,30,198,0.6501455531445269,2.5613885918082118,4.268480510166051,2.066030132927894,49.79108810424805,44.3577857163786,LKH,12.24881337091464
Attention:batch_greedy_mean,30,199,0.6061798674364884,2.125468836246703,12.52926037728478,3.5396695293889766,47.465675354003906,44.62026666849953,LKH,6.3769423581530065
Attention:batch_greedy_mean,30,200,0.4426170640553513,2.670172939525697,3.444148381257856,1.8558416907855735,52.57722473144531,49.33029509447725,LKH,6.582019488733143
Attention:batch_greedy_mean,30,201,0.40764065749632816,2.4858316860195493,13.481191023084284,3.6716741444583945,51.97380828857422,48.61257037450257,LKH,6.914339003630696
Attention:batch_greedy_mean,30,202,0.5951920674473513,2.154869933151614,7.782949179739374,2.7897937521865974,53.710227966308594,48.37796812123805,LKH,11.022083093088133
Attention:batch_greedy_mean,30,203,0.47894930221373216,2.210976499620366,11.922959710539843,3.452963902293194,50.67573165893555,48.68219358248001,LKH,4.095004620278616
Attention:batch_greedy_mean,30,204,0.5130163986313467,2.681388758196362,5.287601482486757,2.2994785240325157,50.79335403442383,46.29660897597671,LKH,9.7129037264489
Attention:batch_greedy_mean,30,205,0.4368101973474647,2.816581631588422,8.495111131721293,2.914637392836593,47.608245849609375,45.23763434896481,LKH,5.2403524957949355
Attention:batch_greedy_mean,30,206,0.5065606360833044,2.757002515074378,10.405948714236517,3.225825276458184,43.747764587402344,41.823844866099265,LKH,4.6000546517485095
Attention:batch_greedy_mean,30,207,0.544380044626693,1.9105672147656452,5.9167438033355255,2.432435775788443,53.17058563232422,47.4334786101517,LKH,12.095058575241541
Attention:batch_greedy_mean,30,208,0.6079808552589535,2.6102850883126476,18.095525378660785,4.253883564304597,46.9694709777832,40.927604300246635,LKH,14.762326749479834
Attention:batch_greedy_mean,30,209,0.5714605922810734,2.030885353064522,17.199294769636456,4.147203246723803,54.91365051269531,46.14525585889079,LKH,19.00172507574279
Attention:batch_greedy_mean,30,210,0.5293181171951195,2.3950267355334725,7.106337126921551,2.6657713943475256,48.36920166015625,44.46286345469224,LKH,8.785619957753234
Attention:batch_greedy_mean,30,211,0.4924173237843206,2.740196365967842,30.69492558912126,5.540300135292425,52.48530960083008,49.19980307759071,LKH,6.677885515228487
Attention:batch_greedy_mean,30,212,0.45590776052946846,2.720148156401547,1.0183335165308216,1.0091251243184969,45.170127868652344,43.32763120575278,LKH,4.252474948722624
Attention:batch_greedy_mean,30,213,0.5702579557102581,2.335884427572043,3.2948273415534115,1.81516592672775,49.230289459228516,45.15036949345201,LKH,9.036293637349303
Attention:batch_greedy_mean,30,214,0.47516643434064465,2.5493074822892803,6.792897153416506,2.606318697591779,58.280540466308594,48.12460420564221,LKH,21.103417738811633
Attention:batch_greedy_mean,30,215,0.6176066530839307,2.7042907169735466,43.063994924731006,6.562316277407772,53.48625183105469,46.92979620696095,LKH,13.970773696053762
Attention:batch_greedy_mean,30,216,0.47271850873560955,2.852046669035072,7.933139535794803,2.8165829538280605,46.625152587890625,43.58507313868952,LKH,6.975047258788443
Attention:batch_greedy_mean,30,217,0.5648505469861751,2.2738217319220935,9.88017212283121,3.14327410876481,52.178466796875,45.712058892770365,LKH,14.145956364103599
Attention:batch_greedy_mean,30,218,0.4428717123479449,2.5474500670969005,7.054370020800731,2.6560064045104883,47.40105438232422,46.29787480713951,LKH,2.382786639300757
Attention:batch_greedy_mean,30,219,0.5406236424485542,2.984437002342891,2.242862579089471,1.4976189699284232,51.953880310058594,47.57714561975964,LKH,9.199237645062121
Attention:batch_greedy_mean,30,220,0.6097729410555378,3.2903265145330574,7.220173690971741,2.687038088857644,55.52178955078125,48.869083300128594,LKH,13.613323192078683
Attention:batch_greedy_mean,30,221,0.5801929994525078,2.0754255889468967,2.133362359808191,1.4606034231810465,46.514732360839844,43.34164743777767,LKH,7.321099013639332
Attention:batch_greedy_mean,30,222,0.4657717297233224,2.5046281333875737,1.4477926779543309,1.2032425682107206,51.24705505371094,48.71842986235212,LKH,5.190284659220621
Attention:batch_greedy_mean,30,223,0.555141403706125,2.327787722247223,3.342693438090816,1.8283034316247444,52.081138610839844,47.94435215036297,LKH,8.628308184253063
Attention:batch_greedy_mean,30,224,0.5075453383159281,2.9889063995297698,5.541142160884083,2.35396307551416,48.909461975097656,46.40566787023641,LKH,5.395448917711039
Attention:batch_greedy_mean,30,225,0.5327540669462147,2.130739493021297,5.20280789061606,2.280966437853933,59.57859802246094,50.587596087930734,LKH,17.773135372754528
Attention:batch_greedy_mean,30,226,0.43771886489897344,3.0220303085409297,3.684194528772854,1.9194255726057352,46.243927001953125,42.42465040640013,LKH,9.002493972176188
Attention:batch_greedy_mean,30,227,0.6035702660796233,1.9428684404322776,17.858501120447333,4.225931982468167,45.95332336425781,43.78359638971644,LKH,4.955570472623346
Attention:batch_greedy_mean,30,228,0.5552195572093676,2.638340984010405,4.67583986862941,2.162369040804416,51.23102569580078,47.145709182515134,LKH,8.665298675368666
Attention:batch_greedy_mean,30,229,0.5076388350387181,2.4900885066580454,27.95652219613979,5.287392759776768,49.171417236328125,46.11531946951559,LKH,6.627077079738676
Attention:batch_greedy_mean,30,230,0.49481943626500047,2.9373898209547082,10.288548879955645,3.2075767925266643,52.85857391357422,49.376883873122615,LKH,7.051255096206662
Attention:batch_greedy_mean,30,231,0.5481910171899168,2.7183900754566235,25.958966128414932,5.094994222608592,50.68608856201172,43.94987252680307,LKH,15.327043397226081
Attention:batch_greedy_mean,30,232,0.5054498149698096,2.513099127042431,2.922176469664387,1.7094374717035972,46.834754943847656,46.297487751958364,LKH,1.1604672693424185
Attention:batch_greedy_mean,30,233,0.5554014627744134,2.4408412930858123,13.906102209711491,3.729088656724521,53.585819244384766,47.264927748703556,LKH,13.373323089136822
Attention:batch_greedy_mean,30,234,0.6090210511989426,2.1517889536781585,5.838746238952697,2.4163497757884094,53.01067352294922,49.15962707273984,LKH,7.83375847117619
Attention:batch_greedy_mean,30,235,0.5025868804582084,2.4032741598411644,13.513440670126627,3.676063202683902,49.49104690551758,46.63153683401506,LKH,6.132137745493881
Attention:batch_greedy_mean,30,236,0.6356138538094493,2.6585671147660106,5.136423649233657,2.2663679421562724,47.76992416381836,44.93654641244622,LKH,6.305285958930236
Attention:batch_greedy_mean,30,237,0.532437077612849,2.2044936655901766,5.401354917998536,2.324081521375388,54.06887435913086,48.72851845635749,LKH,10.959405440484153
Attention:batch_greedy_mean,30,238,0.5485137214222097,2.778684927014432,5.092512901820007,2.2566596778911983,50.09519958496094,47.36176932966588,LKH,5.771385431715538
Attention:batch_greedy_mean,30,239,0.5381650986547659,2.608078986624406,21.718563531558686,4.660317964641328,50.96330261230469,46.241275956007044,LKH,10.21171357985467
Attention:batch_greedy_mean,30,240,0.43995075958858554,2.816705412191344,1.5618706366628226,1.2497482293097368,47.196250915527344,45.06796266389454,LKH,4.722397299174666
Attention:batch_greedy_mean,30,241,0.545983484580817,2.5614905174746934,8.014219131421582,2.8309396198826957,51.35831069946289,44.81397634690018,LKH,14.603333348292322
Attention:batch_greedy_mean,30,242,0.4426637239065409,2.8564783965210214,2.3388170482189983,1.529319145312383,50.777137756347656,45.423895645463176,LKH,11.78507927340034
Attention:batch_greedy_mean,30,243,0.6231700472034087,2.5134460657687026,25.80854557163773,5.080211173921585,56.822265625,47.87396914255332,LKH,18.69136117751491
Attention:batch_greedy_mean,30,244,0.4729241819536071,2.7591283899636827,3.9852148303668717,1.9963002856200946,46.534976959228516,45.73648992152074,LKH,1.7458424095900162
Attention:batch_greedy_mean,30,245,0.563363337807823,2.757911914043052,18.86727087754526,4.343647186126569,55.73714065551758,50.822519760422495,LKH,9.670163774371323
Attention:batch_greedy_mean,30,246,0.5278039748741624,2.574656521881946,3.884931577355125,1.9710229773787835,45.86140823364258,41.79132240450122,LKH,9.739069249225237
Attention:batch_greedy_mean,30,247,0.47832084136704606,2.4689343076314803,6.677643323076363,2.5841136436071,49.61262512207031,44.36210365498208,LKH,11.835600736888354
Attention:batch_greedy_mean,30,248,0.4868185628283148,2.6382164731218603,12.065728368280062,3.473575732336933,48.071380615234375,45.00178639973521,LKH,6.821049698412033
Attention:batch_greedy_mean,30,249,0.5048670997450244,2.925520886332265,26.535710412486303,5.151282404652875,49.45851135253906,43.66077348622942,LKH,13.279054408273938
Attention:batch_greedy_mean,30,250,0.5786351246701088,2.5874110796970538,23.737259618972423,4.872089861545292,52.73262023925781,44.513439743283556,LKH,18.464491945299315
Attention:batch_greedy_mean,30,251,0.5542524403931263,2.6902906077588002,3.6452358605660637,1.909250078058415,46.79583740234375,41.941955462266556,LKH,11.572855596692508
Attention:batch_greedy_mean,30,252,0.5562881038324424,2.394190556152011,3.4310643028368846,1.8523132302169858,52.32044219970703,47.79042195000574,LKH,9.478929176311135
Attention:batch_greedy_mean,30,253,0.5335092060500756,2.4276841368866124,12.05200067061862,3.471599151776976,49.3343505859375,45.756815233402314,LKH,7.818584694512563
Attention:batch_greedy_mean,30,254,0.5911889827675623,2.248162749093085,29.281139279044343,5.411204974776353,52.62266159057617,47.66770539275823,LKH,10.394786484878102
Attention:batch_greedy_mean,30,255,0.5917179402336861,2.9012150720683443,5.350399950452896,2.3130931564580135,44.22983169555664,43.1524997041358,LKH,2.4965691415498426
Attention:batch_greedy_mean,30,256,0.47591881271606934,2.590464511435502,5.077819777769465,2.2534018234148707,51.22235870361328,45.02484889855681,LKH,13.764643206287626
Attention:batch_greedy_mean,30,257,0.5586013776250184,2.1383440827191422,15.45436683527642,3.931204247463673,58.822784423828125,48.763544042682824,LKH,20.62860806905345
Attention:batch_greedy_mean,30,258,0.48771004140532265,2.5620615054978213,4.225234802111382,2.0555375944291026,54.92807388305664,50.354977700706996,LKH,9.08171622978484
Attention:batch_greedy_mean,30,259,0.41178675312936924,2.698606047639323,8.16059201121704,2.856674992227334,55.81134796142578,50.83303452389695,LKH,9.793461051766435
Attention:batch_greedy_mean,30,260,0.5854153484571725,2.1889417286064754,9.081326831445171,3.0135239888617398,47.31486511230469,40.27800981678802,LKH,17.470712499264746
Attention:batch_greedy_mean,30,261,0.4788150702603161,2.64897823466854,6.211661585108223,2.4923205221456213,48.871700286865234,44.85031073444651,LKH,8.966246803124523
Attention:batch_greedy_mean,30,262,0.619696909187284,2.261718553575965,22.60167926043932,4.754122343865303,52.4366455078125,48.37685702936042,LKH,8.392005450019518
Attention:batch_greedy_mean,30,263,0.46823192952069803,2.7803170347299697,6.534311660879615,2.5562299702647286,45.15861892700195,43.60677244047565,LKH,3.5587281508729203
Attention:batch_greedy_mean,30,264,0.6476213306511,2.4467387459504457,9.732831481156277,3.119748624674154,54.984718322753906,46.13677444468246,LKH,19.177638628985747
Attention:batch_greedy_mean,30,265,0.47565101221165,2.780771883011616,4.0977970105753,2.024301610574694,52.633792877197266,48.42596203203538,LKH,8.689204444463627
Attention:batch_greedy_mean,30,266,0.5145768711498628,2.091265375894702,15.78790757088789,3.9734000013700976,53.678165435791016,49.71488914171544,LKH,7.972010724549755
Attention:batch_greedy_mean,30,267,0.590723747314549,2.5333163526561155,15.109918516541793,3.8871478639925434,43.04680633544922,40.23725713668831,LKH,6.982457052717858
Attention:batch_greedy_mean,30,268,0.43720550129498104,2.669957137147698,6.686848962348752,2.585894228762799,46.01534652709961,41.177019986633375,LKH,11.750064822653075
Attention:batch_greedy_mean,30,269,0.5050889805919724,2.901984511847104,5.961967842173001,2.4417141196653227,54.448177337646484,48.382641807398635,LKH,12.536594331482561
Attention:batch_greedy_mean,30,270,0.6508427527721626,2.3012663901823625,6.9225451354747305,2.6310730007878402,43.865352630615234,41.378030625628085,LKH,6.011214084815796
Attention:batch_greedy_mean,30,271,0.5070047222463472,2.9472033763348717,9.913271841797918,3.1485348722537467,44.752872467041016,43.799260537975925,LKH,2.177232942638988
Attention:batch_greedy_mean,30,272,0.42507144569414473,2.729729252803748,7.706561271107074,2.77606939234362,43.29433822631836,42.32337843419596,LKH,2.294145288122593
Attention:batch_greedy_mean,30,273,0.5074319362469396,2.2950962125201424,4.811831880419777,2.1935888129774406,51.733253479003906,47.335277130912104,LKH,9.291117776555115
Attention:batch_greedy_mean,30,274,0.7035259300920491,1.9211633260857144,7.45257388062616,2.729940270523544,55.64616775512695,46.668236062827354,LKH,19.237778090033256
Attention:batch_greedy_mean,30,275,0.4783867676800583,2.7545957840456086,8.94519252099698,2.990851470902054,51.33393096923828,48.83837124830834,LKH,5.109834044714136
Attention:batch_greedy_mean,30,276,0.48362659334088676,2.8903934974796623,9.571389472363848,3.093766227814223,44.589332580566406,43.42715697748001,LKH,2.676149405057911
Attention:batch_greedy_mean,30,277,0.5476761018187365,2.3596805071086817,36.492546374818644,6.0409060888925135,53.17361831665039,47.331851616063304,LKH,12.342146992205414
Attention:batch_greedy_mean,30,278,0.5740437112438183,1.988084040682788,6.076075885053005,2.4649697533748776,53.90226364135742,48.66262761232495,LKH,10.767269023724923
Attention:batch_greedy_mean,30,279,0.6493050236211275,2.407524648283301,39.72425564553235,6.302718115665046,52.64805603027344,48.05428515837021,LKH,9.55954470400247
Attention:batch_greedy_mean,30,280,0.502011855505801,2.974937306783032,12.35743588305914,3.5153144785437247,49.923004150390625,46.226869551587065,LKH,7.995641138275314
Attention:batch_greedy_mean,30,281,0.42248479457933474,2.917574279501558,2.674623110804305,1.6354275009318833,44.27735137939453,42.922936215368985,LKH,3.1554578587766433
Attention:batch_greedy_mean,30,282,0.5142447310189406,2.083900489058568,12.249191310319473,3.499884470996075,51.71536636352539,47.206941759748716,LKH,9.550342461753814
Attention:batch_greedy_mean,30,283,0.5922134005275439,2.5955208513763,8.47354679119962,2.9109357243332634,48.312015533447266,41.64831598156063,LKH,15.999925554821766
Attention:batch_greedy_mean,30,284,0.5512614832416755,3.0136148458694274,3.5423508770684653,1.88211340706889,47.66421890258789,44.70407922810261,LKH,6.6216321320056
Attention:batch_greedy_mean,30,285,0.477997511041273,2.539297069951212,5.8028473010437756,2.40890998193037,49.966285705566406,45.4133156011098,LKH,10.025628043651015
Attention:batch_greedy_mean,30,286,0.4916893882211298,2.3696980024565955,6.267838402498451,2.503565138457246,42.1794548034668,38.87678724816783,LKH,8.495217298221098
Attention:batch_greedy_mean,30,287,0.5126046816119925,2.8539957049353712,4.200568585615107,2.0495288691831366,49.20148468017578,45.497751197666744,LKH,8.14047592466279
Attention:batch_greedy_mean,30,288,0.48592291259944126,2.629579052457202,8.437920263878043,2.9048098498659156,51.10643768310547,44.56337163242565,LKH,14.682609979894087
Attention:batch_greedy_mean,30,289,0.5477550207582037,2.5578220949400836,7.465829577456895,2.732367028321213,51.66972351074219,45.9231645729188,LKH,12.51342103983002
Attention:batch_greedy_mean,30,290,0.5953236337731748,2.8006837226256485,6.539117390265064,2.5571698008276775,49.83787536621094,43.331597213619524,LKH,15.015089613512862
Attention:batch_greedy_mean,30,291,0.6485224584466778,2.235032083727788,2.8398583325444773,1.6851879220266437,55.954322814941406,47.6585111354825,LKH,17.40677894002137
Attention:batch_greedy_mean,30,292,0.5836225867829706,2.608236021953162,12.766879114223887,3.57307698128992,56.497982025146484,49.03394788291213,LKH,15.222176603151915
Attention:batch_greedy_mean,30,293,0.5169416433800592,2.88193347407585,6.517638438882093,2.5529665957239027,53.97230529785156,48.30828559520173,LKH,11.724737553535569
Attention:batch_greedy_mean,30,294,0.708158539289919,2.539073009562767,6.6177639417116225,2.572501494987247,56.346012115478516,45.94856679294916,LKH,22.628443166425058
Attention:batch_greedy_mean,30,295,0.4643126729475625,2.549248999236775,4.545726321170754,2.132070899658535,49.498817443847656,46.93042454201069,LKH,5.4727672440674775
Attention:batch_greedy_mean,30,296,0.4654633593999582,2.8772036241843804,12.766456834404064,3.573017888900651,53.582454681396484,48.90482550082071,LKH,9.564759985693598
Attention:batch_greedy_mean,30,297,0.576164709875593,2.622527748188658,1.7804391523125747,1.334330975550135,51.35706329345703,44.420409654159855,LKH,15.615915506640487
Attention:batch_greedy_mean,30,298,0.5216071447112881,2.708905584677621,6.606722243788432,2.570354497688681,47.25200271606445,42.82956444472236,LKH,10.3256671616399
Attention:batch_greedy_mean,30,299,0.5044989634235871,2.681238387733399,6.860070931302909,2.6191737115554035,46.50995635986328,45.006456192381464,LKH,3.340632199645003
Attention:batch_greedy_mean,50,0,0.9500264463263994,1.684245955637485,7.120497717122705,2.668426074884351,64.45469665527344,56.39733366896015,LKH,14.286779998515925
Attention:batch_greedy_mean,50,1,0.8140893913991749,1.5631520453365368,3.2730180847590487,1.8091484418806127,70.8897476196289,60.07627163117707,LKH,17.99957902653881
Attention:batch_greedy_mean,50,2,0.8616904607857577,1.3426876617735857,35.64953031761123,5.9707227634191185,72.31517791748047,57.803360086361245,LKH,25.10549180780807
Attention:batch_greedy_mean,50,3,0.9144310983642936,1.246236366488508,24.841731016742692,4.9841479729982625,63.004371643066406,57.422078970640946,LKH,9.721509169460067
Attention:batch_greedy_mean,50,4,0.8027284246888303,1.7806073246339578,25.704724251950058,5.069982667815547,70.34952545166016,59.71609741149406,LKH,17.80663590068997
Attention:batch_greedy_mean,50,5,0.8230715824963408,1.5554145518129356,3.037876033128583,1.742950381717329,63.78969192504883,56.19487386524375,LKH,13.515143886642718
Attention:batch_greedy_mean,50,6,0.8035792995081283,1.5809053113911986,16.01667655421182,4.002084026380733,65.68048858642578,58.03914357635428,LKH,13.165847287217144
Attention:batch_greedy_mean,50,7,0.8525367571796232,1.345991552099297,19.13470527545216,4.374323407734293,69.22743225097656,57.75989288689509,LKH,19.853809955183106
Attention:batch_greedy_mean,50,8,0.9410332386521623,1.321197943697386,30.122175305752155,5.488367271397948,67.37454986572266,54.46085176459657,LKH,23.71189153806241
Attention:batch_greedy_mean,50,9,0.8359516069525853,1.556736896655425,22.00940158548077,4.69141786515343,65.7933578491211,55.829439902064024,LKH,17.84706772006986
Attention:batch_greedy_mean,50,10,0.8100727608644229,1.933999412631247,20.834659456773746,4.5644999131091835,64.06687927246094,56.82521073203974,LKH,12.743760114800818
Attention:batch_greedy_mean,50,11,0.7855335089733125,1.7395194760998836,17.68017381045173,4.204779876575198,67.84307861328125,58.237386415100694,LKH,16.49403036343994
Attention:batch_greedy_mean,50,12,0.7547471931204199,1.5639200859818083,36.14831425311872,6.012346817434829,62.29053497314453,56.55097013627251,LKH,10.149365825274481
Attention:batch_greedy_mean,50,13,0.8616229327081965,1.323795002142146,29.293523766221565,5.41234919108344,69.42425537109375,54.876481813177236,LKH,26.51003321868062
Attention:batch_greedy_mean,50,14,0.8582754117119475,1.4197319297708604,19.939711685952375,4.465390429285257,71.77893829345703,61.98266866270752,LKH,15.80485294051809
Attention:batch_greedy_mean,50,15,0.8572541188378818,1.6151081884563028,12.488590441671537,3.5339199823526757,75.19133758544922,60.724631891057236,LKH,23.823455563050448
Attention:batch_greedy_mean,50,16,0.8955060298444004,1.5605822069332427,40.76960584368443,6.385108130931256,63.7318229675293,54.847393197862154,LKH,16.19845402244831
Attention:batch_greedy_mean,50,17,0.8699715213570743,1.4927064990179197,17.372511716323363,4.168034514771125,62.25608444213867,53.26290778008405,LKH,16.884501873585904
Attention:batch_greedy_mean,50,18,0.731000234754174,1.8878642990881371,20.01496516629252,4.473808798584549,66.46945190429688,58.86718328470713,LKH,12.91427276691988
Attention:batch_greedy_mean,50,19,0.8597514032479375,1.4218253909714371,25.78131589536665,5.077530491820473,69.58837127685547,59.051559734128055,LKH,17.843409369994685
Attention:batch_greedy_mean,50,20,0.7800170541461557,1.8058630173267471,6.50253518644882,2.550006899294357,66.45248413085938,57.288338490651036,LKH,15.99652893006113
Attention:batch_greedy_mean,50,21,0.8075408441291074,1.4561402066281308,12.476489295409865,3.532207425309259,63.60013198852539,53.96440828727516,LKH,17.855701576407977
Attention:batch_greedy_mean,50,22,0.8109881904422945,1.7496089058125133,26.14777708625068,5.113489717037737,62.43704605102539,53.51696270875876,LKH,16.667768293970724
Attention:batch_greedy_mean,50,23,0.7941955991194117,1.5154306677742306,20.504670787730156,4.528208341908547,70.86307525634766,58.63068640913979,LKH,20.86345836350466
Attention:batch_greedy_mean,50,24,0.7655867890526133,1.7977907374251096,12.538462758937053,3.540969183562186,70.95219421386719,57.75910866359948,LKH,22.841567080106554
Attention:batch_greedy_mean,50,25,0.8116251631720115,1.7227181945105852,11.60269881040126,3.4062734491524984,68.0264892578125,57.279557692769195,LKH,18.762246075094897
Attention:batch_greedy_mean,50,26,0.9201423218335003,1.7121852981989218,21.742758961712834,4.662913141128927,64.80221557617188,55.31247493389153,LKH,17.15660102648148
Attention:batch_greedy_mean,50,27,0.9160372935901978,1.6000931221016126,16.76886451162789,4.094980404303284,66.41234588623047,54.74101213783496,LKH,21.32100465918992
Attention:batch_greedy_mean,50,28,0.8961599645763636,1.3266263197200105,20.64599655336628,4.543786587568378,73.47124481201172,57.92735675321159,LKH,26.833415039153063
Attention:batch_greedy_mean,50,29,0.8121166365919634,1.777649300017423,34.92804037526859,5.9099949556043265,64.49918365478516,55.48767079236957,LKH,16.240567920278988
Attention:batch_greedy_mean,50,30,0.877771464381367,1.5189164076529658,17.363806094107677,4.16699005207688,63.39519119262695,57.933107851868044,LKH,9.428258802764686
Attention:batch_greedy_mean,50,31,0.8986029264074751,1.4691891126269596,52.29138728403455,7.231278399013175,77.1524658203125,59.215670279084684,LKH,30.290623168987747
Attention:batch_greedy_mean,50,32,0.8956042861098104,1.7639564297758088,37.141710628472474,6.09439993998363,63.5461540222168,52.99497844034441,LKH,19.909764835077105
Attention:batch_greedy_mean,50,33,0.8519398594880476,1.7260202230120498,31.901777554690643,5.648165857576302,74.93318939208984,57.95701950756263,LKH,29.29096428485604
Attention:batch_greedy_mean,50,34,0.768195197544992,1.4524933455245168,14.738008619265798,3.839011411713411,69.58305358886719,57.68244556484812,LKH,20.63124735347791
Attention:batch_greedy_mean,50,35,0.8189501467347146,1.3458699613323444,28.870538951955037,5.3731312055406795,62.59992980957031,56.977592391794815,LKH,9.867628977922829
Attention:batch_greedy_mean,50,36,0.8404493206302868,1.4987024609017292,34.79394239869348,5.898639029360373,69.59790802001953,59.79535395278091,LKH,16.3935045438137
Attention:batch_greedy_mean,50,37,0.9870473015203607,1.5527151252648468,11.805998330275681,3.435985787263341,82.59584045410156,57.46926521701349,LKH,43.72176178380904
Attention:batch_greedy_mean,50,38,0.8667354792356491,1.6031159146826643,15.084036965978603,3.8838173188216003,71.0752944946289,54.641695741437154,LKH,30.075199040225698
Attention:batch_greedy_mean,50,39,0.916827182569541,1.349056863560635,49.947923454195006,7.067384484672884,62.383121490478516,54.065020295002654,LKH,15.38536589848413
Attention:batch_greedy_mean,50,40,0.8772362621006323,1.4736764820750667,22.98073452378871,4.793822537786387,68.98214721679688,57.057521453064474,LKH,20.899305578041275
Attention:batch_greedy_mean,50,41,0.8381863375985995,1.5175220450465128,17.45712332978446,4.178172247500629,62.055023193359375,53.923443433132974,LKH,15.079859969087202
Attention:batch_greedy_mean,50,42,0.8626251654699445,1.4149597821340405,22.250923248015145,4.717088429107,60.980812072753906,54.72305502357191,LKH,11.435321084479792
Attention:batch_greedy_mean,50,43,0.8502253880395074,1.4186525967313108,34.90842119980601,5.908334892320002,67.86782836914062,59.48726842738909,LKH,14.087989183737616
Attention:batch_greedy_mean,50,44,0.9888671162724495,1.2763687624424,27.813375510073804,5.2738387830947016,70.24785614013672,56.58223980475474,LKH,24.151776922471036
Attention:batch_greedy_mean,50,45,0.7633121397159993,1.7547941288546793,23.466049528789565,4.844176868033367,63.907310485839844,57.12699394468202,LKH,11.868848810289984
Attention:batch_greedy_mean,50,46,0.7628997589973733,1.7030771077380609,10.03821169758567,3.168313699365274,72.83500671386719,59.686021784422444,LKH,22.03025857031825
Attention:batch_greedy_mean,50,47,0.802994758230634,1.6293983926737736,49.691851693554106,7.049244760508327,74.40315246582031,60.41817858536489,LKH,23.146963724992204
Attention:batch_greedy_mean,50,48,0.8264359413209604,1.7475559059696086,10.150975923676876,3.186059623371301,73.03370666503906,59.44491061663124,LKH,22.859477636435386
Attention:batch_greedy_mean,50,49,0.947624956308282,1.3913333020692245,11.07457317314307,3.3278481295189946,74.67326354980469,54.338953138462024,LKH,37.421240632900044
Attention:batch_greedy_mean,50,50,0.8493787773004442,1.5500932883506469,50.392252523252466,7.0987500676705375,67.1339111328125,57.802998753102024,LKH,16.142609520253874
Attention:batch_greedy_mean,50,51,0.744343228236612,2.0713888432145966,35.94364584762753,5.995301981354028,66.10772705078125,58.081890426505026,LKH,13.81813946712334
Attention:batch_greedy_mean,50,52,0.8146937160566449,1.5301545817210769,36.62356730060479,6.051740848764493,67.61980438232422,58.85427327783441,LKH,14.893618791468569
Attention:batch_greedy_mean,50,53,1.0211683466570685,1.5666450515855184,5.580218795975506,2.362248673610699,82.10669708251953,55.005781738998074,LKH,49.26921222957079
Attention:batch_greedy_mean,50,54,0.8425805632571064,1.5967183951890627,19.265952592274257,4.38929978382364,69.52487182617188,62.02738000164763,LKH,12.087390801167308
Attention:batch_greedy_mean,50,55,0.8094510492123663,1.3834463530353898,43.93695004154852,6.628495307499924,62.12511444091797,54.41000653799405,LKH,14.179575401330863
Attention:batch_greedy_mean,50,56,0.8296900846425797,1.7646036816287887,11.357882959778426,3.370145836574202,71.00485229492188,57.09177188760158,LKH,24.36967700829364
Attention:batch_greedy_mean,50,57,0.7986896387673914,1.44096627418388,14.279083089127754,3.7787674034171186,68.71151733398438,56.860862453077885,LKH,20.841496891971627
Attention:batch_greedy_mean,50,58,0.8265053601330146,1.5779570176327666,13.071495647171401,3.615452343368863,61.374977111816406,55.7052262333926,LKH,10.178130961480706
Attention:batch_greedy_mean,50,59,0.9537195984995924,1.5184643882661992,39.58329025860019,6.291525272825357,72.93999481201172,58.74009486036326,LKH,24.1741181818048
Attention:batch_greedy_mean,50,60,0.8114310610928078,1.5992248329367929,18.900331397807577,4.3474511380586645,71.80729675292969,58.38164141697625,LKH,22.996364970392072
Attention:batch_greedy_mean,50,61,0.8725692239589989,1.412479418032565,13.332197337478842,3.651328160749023,65.93379974365234,54.21300656185384,LKH,21.619891470925474
Attention:batch_greedy_mean,50,62,0.8133669142331929,1.5746247338482642,16.687429189297806,4.085024992493658,63.125572204589844,54.68175255568007,LKH,15.441750226113903
Attention:batch_greedy_mean,50,63,0.8819222459569573,1.3086268086535224,19.717236003929713,4.440409441023396,63.299476623535156,58.501096082570825,LKH,8.20220621882315
Attention:batch_greedy_mean,50,64,0.8677626979770139,1.4774498751519107,4.2680197555852,2.0659186226919006,65.14739990234375,55.455674650734075,LKH,17.476525734560482
Attention:batch_greedy_mean,50,65,0.8111669032704958,1.91951550962645,13.2402669268168,3.6387177586090407,65.13529205322266,54.57905599392661,LKH,19.34118475862007
Attention:batch_greedy_mean,50,66,0.7719250552728772,1.5317848301129589,22.69159606757247,4.763569676993554,64.34191131591797,58.065864066076365,LKH,10.808497127847339
Attention:batch_greedy_mean,50,67,0.80373937940225,1.5824030975004777,44.35181199903833,6.659715609471498,65.86641693115234,57.66309778250063,LKH,14.226289367237616
Attention:batch_greedy_mean,50,68,0.923407914985437,1.4255864353500596,18.35967900452088,4.284819599997284,70.04957580566406,59.029742470451964,LKH,18.668272762206623
Attention:batch_greedy_mean,50,69,0.8958570313872769,1.236285465620479,24.118134494383003,4.911021736297143,65.73130798339844,56.89143451687719,LKH,15.538144786802388
Attention:batch_greedy_mean,50,70,0.8806595908245072,1.3968765004603136,101.77855943568963,10.088536040263207,70.24258422851562,60.33594564678132,LKH,16.4191320373592
Attention:batch_greedy_mean,50,71,0.9060779738752172,1.4672549994662458,23.610226523234612,4.859035554843637,70.48945617675781,55.574224000395056,LKH,26.83839935624964
Attention:batch_greedy_mean,50,72,0.8160425821389071,1.6620919999540817,26.466024874163388,5.144514056173176,66.64700317382812,58.474702369846334,LKH,13.975788627863123
Attention:batch_greedy_mean,50,73,0.826361085227727,1.7661460740040897,28.96293124063814,5.3817219586892575,59.21550369262695,53.21757503069699,LKH,11.270578673436797
Attention:batch_greedy_mean,50,74,0.846627069649694,1.4765145580900605,41.044057176329126,6.406563601208461,71.14958953857422,60.12367126946123,LKH,18.33873087971828
Attention:batch_greedy_mean,50,75,0.8519413097314827,1.9828028060356138,33.40738709817754,5.779912378070929,65.08927917480469,57.59934026037842,LKH,13.003515110707728
Attention:batch_greedy_mean,50,76,0.8475190293882042,1.8017005388629277,4.775686282255876,2.1853343639488845,73.15172576904297,61.40777261609826,LKH,19.124538560231034
Attention:batch_greedy_mean,50,77,0.795438274894841,1.5163299360049403,47.351450942607116,6.881239055766565,64.0999755859375,56.04399465521972,LKH,14.374387443789175
Attention:batch_greedy_mean,50,78,0.8850633803243545,1.395517050389785,19.122553469663654,4.3729341945270175,71.7876968383789,55.78643887984779,LKH,28.683060399310385
Attention:batch_greedy_mean,50,79,0.8303604340646416,1.394750027363313,6.6389751961895636,2.5766208871678353,65.11720275878906,54.44343105396378,LKH,19.605251723106043
Attention:batch_greedy_mean,50,80,0.7552124231006019,1.8221992758000176,11.037411623633895,3.3222600174630967,78.14569091796875,61.497465607513234,LKH,27.071400660162453
Attention:batch_greedy_mean,50,81,0.8069699415855576,1.590872971635758,21.25400183834055,4.610206268524278,65.72483825683594,58.69661729598732,LKH,11.973809198250143
Attention:batch_greedy_mean,50,82,0.799252103175968,1.493169184821252,33.317672035085316,5.772146224333312,67.58282470703125,59.48225502331802,LKH,13.6184643311483
Attention:batch_greedy_mean,50,83,0.7825948899798095,1.8475353556238305,8.920939171935645,2.9867941294866047,66.36589050292969,58.05858937936821,LKH,14.3084790939023
Attention:batch_greedy_mean,50,84,0.9525842606324295,1.4578351723794947,12.172326607809026,3.4888861557535846,67.47917175292969,55.28130331576702,LKH,22.065088385287147
Attention:batch_greedy_mean,50,85,0.8600784305576235,1.5905004842728558,25.01521698086652,5.0015214666005905,64.52357482910156,53.471105751823295,LKH,20.669984137931152
Attention:batch_greedy_mean,50,86,1.058669826351106,1.1685655147010252,46.42764349545354,6.813783346677053,83.11283111572266,57.14571313099177,LKH,45.44018538224902
Attention:batch_greedy_mean,50,87,0.8759360691806068,1.5699188137083888,10.958939230401443,3.310428858985108,64.79682159423828,56.08222656734524,LKH,15.538960487648069
Attention:batch_greedy_mean,50,88,0.7623714424297213,1.6513283304097586,18.41105255358757,4.2908102444162655,67.93397521972656,59.71722237365989,LKH,13.759435753145354
Attention:batch_greedy_mean,50,89,0.8609664318338036,1.305600775499145,14.708586739641898,3.8351775369129784,58.90929412841797,52.70313204138916,LKH,11.77569879937106
Attention:batch_greedy_mean,50,90,0.7880761808686657,1.8061354769068214,15.697207471521239,3.961970150256213,62.213382720947266,56.032589502334524,LKH,11.030711365490662
Attention:batch_greedy_mean,50,91,0.9328022085002158,1.3835698949591975,24.363739275076945,4.935963864847163,68.64659118652344,56.550167187360046,LKH,21.39060696157792
Attention:batch_greedy_mean,50,92,0.7762104660226032,1.7640821114711727,43.200544713509935,6.572712127692033,70.53022766113281,58.54583069383387,LKH,20.47011174881349
Attention:batch_greedy_mean,50,93,0.8902235168117113,1.4293091836176475,10.832729577331431,3.291311224623316,63.485740661621094,55.863203245713585,LKH,13.645005966413839
Attention:batch_greedy_mean,50,94,0.8505168285500259,1.6873337169079015,6.653422937710984,2.5794229854196042,72.777099609375,59.47655676438536,LKH,22.36266449935788
Attention:batch_greedy_mean,50,95,0.8150928715162444,1.520684017898344,32.252263526339405,5.679107634685171,68.34498596191406,57.55394088606671,LKH,18.749446014842338
Attention:batch_greedy_mean,50,96,0.7980209080502391,1.3973617285227184,8.699522362422,2.949495272486803,69.8522720336914,59.910745039656724,LKH,16.59389644955022
Attention:batch_greedy_mean,50,97,0.8619855431452743,1.6069781081400505,17.137727486120113,4.139773844803616,65.30062103271484,54.83259361471257,LKH,19.09088505197666
Attention:batch_greedy_mean,50,98,0.8975581761077046,1.1607222323583792,14.106233701021962,3.755826633515179,67.45466613769531,59.024896544097565,LKH,14.281718541090296
Attention:batch_greedy_mean,50,99,0.8197715288121253,1.5618476104987489,8.537608757896278,2.9219186774953676,72.8432388305664,59.25584203891026,LKH,22.930054361110933
Attention:batch_greedy_mean,50,100,0.9186858156323433,1.4074196474518614,15.962893698088916,3.9953590199241065,67.3460693359375,56.94281848985589,LKH,18.26964509657158
Attention:batch_greedy_mean,50,101,0.7399215748999268,1.8613507496017727,23.613308915555223,4.8593527259867875,67.20085906982422,60.45717088088888,LKH,11.154488525805439
Attention:batch_greedy_mean,50,102,0.8901717924184049,1.439827404635433,30.623927551667812,5.533889007891991,64.65951538085938,55.62048967034425,LKH,16.251251587478485
Attention:batch_greedy_mean,50,103,0.7264233880862594,1.5031621068843533,23.91248008900236,4.890038863751736,57.4732666015625,54.75033031906327,LKH,4.973369597281022
Attention:batch_greedy_mean,50,104,0.8965374729782343,1.3262891881593175,21.371753840108077,4.622959424449676,64.45704650878906,56.927266806104356,LKH,13.227017781006978
Attention:batch_greedy_mean,50,105,0.7290017443802208,1.6278338866658857,35.81013395775429,5.984156912862019,69.76180267333984,60.579613897815925,LKH,15.157225648569153
Attention:batch_greedy_mean,50,106,0.8455521382502047,1.6353100982214996,4.1184899446658125,2.029406303495141,69.80010986328125,56.40611106508092,LKH,23.745651925456162
Attention:batch_greedy_mean,50,107,0.8392994447611273,1.6745325251264456,58.83423260337999,7.670347619461584,62.477378845214844,54.03601925269521,LKH,15.621727339025984
Attention:batch_greedy_mean,50,108,0.8136871487088502,1.5683502964295704,29.996471726762106,5.476903479774142,70.7710189819336,60.047428778846346,LKH,17.858533531189234
Attention:batch_greedy_mean,50,109,0.8610028853453696,1.3648681826214035,58.34222521593334,7.638208246436682,70.11307525634766,59.01217826310829,LKH,18.811196807115895
Attention:batch_greedy_mean,50,110,0.8853922443464398,1.3532458683604733,14.322321830588189,3.784484354649678,70.92582702636719,58.39997912956168,LKH,21.448377351328553
Attention:batch_greedy_mean,50,111,0.882561110733368,1.4651081199294271,6.104732492994269,2.470775686498932,71.22956085205078,55.41622649021857,LKH,28.535566860770277
Attention:batch_greedy_mean,50,112,0.8008229557424784,1.551190415786526,17.903883031538705,4.231298031519253,59.849796295166016,53.383579479472125,LKH,12.112744927830063
Attention:batch_greedy_mean,50,113,0.8400506718934048,1.4311649256665655,17.471415543681424,4.179882240408386,66.0128173828125,57.88723023942608,LKH,14.03692508654907
Attention:batch_greedy_mean,50,114,0.8705904544453369,1.5011303133811933,31.398172528694,5.603407224956437,76.46073913574219,60.21909736460512,LKH,26.970915344014095
Attention:batch_greedy_mean,50,115,0.7964696376211942,1.3812740356427013,26.773494387116624,5.174311006029366,67.7262191772461,55.72330264411663,LKH,21.5402102236967
Attention:batch_greedy_mean,50,116,0.7866801104508341,1.7645355049575635,21.773298947357322,4.6661867673033965,67.6835708618164,55.4882668472275,LKH,21.978167110833542
Attention:batch_greedy_mean,50,117,0.8760975737731497,1.564662918064128,22.151904529117783,4.706580980830754,70.58893585205078,61.58701579381573,LKH,14.61658750989357
Attention:batch_greedy_mean,50,118,0.7774712107508458,1.724274115308017,12.243776141879104,3.4991107644484627,68.64698791503906,61.23041263547987,LKH,12.1125678569438
Attention:batch_greedy_mean,50,119,0.8706097890203819,1.3565809691350197,22.054564637202198,4.696228767554047,67.33367919921875,57.53446710930736,LKH,17.031898585754302
Attention:batch_greedy_mean,50,120,0.8406041184830975,1.6119571808952444,7.9881532173601295,2.8263321137757553,69.82833099365234,55.93169705539939,LKH,24.8457219606417
Attention:batch_greedy_mean,50,121,0.9858908251591493,1.6027030881461881,8.023390500950589,2.8325590022011173,71.65760803222656,58.060931565852066,LKH,23.417944045477977
Attention:batch_greedy_mean,50,122,0.7935608446598053,1.565199666781142,16.46004191334281,4.057097720457668,62.80584716796875,53.841229585771735,LKH,16.65009817042892
Attention:batch_greedy_mean,50,123,1.030877576849889,1.4329309009644815,41.62357828814031,6.451633768910035,77.5860595703125,55.97424728718519,LKH,38.610277637579124
Attention:batch_greedy_mean,50,124,0.8734711194262491,1.9515407275345555,22.59876593466922,4.753815934033334,63.72735595703125,53.42297899933156,LKH,19.28828595992114
Attention:batch_greedy_mean,50,125,0.8537384295999072,1.5104870107183834,33.742460165563166,5.808826057437352,70.0132827758789,58.17089801990871,LKH,20.357919783045457
Attention:batch_greedy_mean,50,126,0.8348626648262143,1.603698859297158,7.022349657343996,2.649971633309307,69.65902709960938,52.33390796016412,LKH,33.104959699613694
Attention:batch_greedy_mean,50,127,0.7511908941227011,1.7403215612995313,6.7665953270748505,2.601268022921677,65.02404022216797,55.456116127897275,LKH,17.253144941135783
Attention:batch_greedy_mean,50,128,0.7672901814430952,1.6044479258598454,17.597265389715286,4.194909461444345,68.25299835205078,57.318656451403676,LKH,19.076409981656738
Attention:batch_greedy_mean,50,129,0.8312018184363842,1.2634447208621618,38.40727889705986,6.197360639583585,70.6315689086914,56.323615141498706,LKH,25.403116847609336
Attention:batch_greedy_mean,50,130,0.8714534422161523,1.6116893620811243,43.435093122415374,6.590530564561201,69.19364166259766,57.76721014341929,LKH,19.780133904354802
Attention:batch_greedy_mean,50,131,0.8215986524149775,1.4635137808617444,11.456165421307123,3.3846957649554152,68.36389923095703,55.89907615261698,LKH,22.298799794666195
Attention:batch_greedy_mean,50,132,0.8410102999955416,1.2642108988691498,3.3524759442226175,1.8309767732613698,67.95333099365234,57.81109397067104,LKH,17.543755577652114
Attention:batch_greedy_mean,50,133,0.9284676498388581,1.4393157555770726,41.03892310148654,6.406162900011718,69.70808410644531,59.36299321473046,LKH,17.42683502210566
Attention:batch_greedy_mean,50,134,0.870394232692197,1.571044928222308,31.815527584220263,5.640525470576324,67.20491790771484,56.68518333231553,LKH,18.55817333028213
Attention:batch_greedy_mean,50,135,0.853895962908864,1.5909564074750318,18.74508141732867,4.32955903266472,62.816070556640625,55.31281559747251,LKH,13.565129307051539
Attention:batch_greedy_mean,50,136,0.8940490838048936,1.8574170748474084,23.783275932957736,4.876810016082002,71.19078063964844,56.115024492182954,LKH,26.865810509564326
Attention:batch_greedy_mean,50,137,0.8918010211128876,1.669544230013035,76.26585447488391,8.733032375691957,71.64199829101562,62.87648395951765,LKH,13.940846846877694
Attention:batch_greedy_mean,50,138,0.7465833614394068,1.824057606632743,11.328551803450418,3.365791408190712,69.27740478515625,63.14026272486233,LKH,9.719855121662862
Attention:batch_greedy_mean,50,139,0.8214709173585288,1.6656571057529317,17.814277997699378,4.220696387765813,63.0080451965332,56.56301152288352,LKH,11.394431626120607
Attention:batch_greedy_mean,50,140,0.8441938207764178,1.7394148975270205,22.068314712263632,4.697692488048109,66.84181213378906,55.41511207388038,LKH,20.62018758470507
Attention:batch_greedy_mean,50,141,0.8774758712435141,1.5185727860258553,16.912910164474425,4.112530870944853,61.780052185058594,53.18120696568507,LKH,16.16895461759995
Attention:batch_greedy_mean,50,142,0.8556839324126486,1.5765462418651686,31.57141872836466,5.618844963901804,64.47596740722656,56.35767462617618,LKH,14.404946327007822
Attention:batch_greedy_mean,50,143,0.9511961392577724,1.6885922004642915,20.15417687851433,4.489340361179394,66.47332763671875,57.9588598408784,LKH,14.69053707960469
Attention:batch_greedy_mean,50,144,0.907969776825048,1.407528704945353,13.437713549297019,3.6657487024204234,68.24746704101562,60.81810836263007,LKH,12.21570166912747
Attention:batch_greedy_mean,50,145,0.7831400908110663,1.658553281989416,17.046065792551946,4.128688144259862,64.89456176757812,56.57026264393096,LKH,14.714973441156937
Attention:batch_greedy_mean,50,146,0.909594250221271,1.4016028184488567,10.179003886732428,3.1904551221937645,63.87689971923828,53.40078794527863,LKH,19.617897370156474
Attention:batch_greedy_mean,50,147,0.7715027228981489,1.706072551539421,12.002647198970319,3.464483684327337,60.10682678222656,53.917824660532915,LKH,11.478582751918605
Attention:batch_greedy_mean,50,148,0.7799268581345677,1.4957837661604916,14.456716331958035,3.802198881168374,67.91622924804688,56.37463333096141,LKH,20.47303057268264
Attention:batch_greedy_mean,50,149,0.8145946823549457,1.3812313554188658,8.00153460182069,2.8286983935762207,59.00074768066406,53.61597262621887,LKH,10.043229266742745
Attention:batch_greedy_mean,50,150,0.8618022111221216,1.4483106770355112,25.416617834254193,5.041489644366454,67.72262573242188,58.02968600882515,LKH,16.703415769167908
Attention:batch_greedy_mean,50,151,0.847166920476593,1.4537384760008991,15.298529980347322,3.9113335296733927,68.96833038330078,57.890264271145774,LKH,19.13631981410153
Attention:batch_greedy_mean,50,152,0.8459353602684496,1.6213353154779264,21.62159717073758,4.649902920571308,66.9372329711914,55.877179565167545,LKH,19.793506923743205
Attention:batch_greedy_mean,50,153,0.8497747487627203,1.4212911899351353,45.06933909813022,6.71337017437071,66.86247253417969,57.78370409850017,LKH,15.711641503984444
Attention:batch_greedy_mean,50,154,0.83375961846672,1.4865744920423507,19.998996811394555,4.472023793697273,69.23014068603516,58.088094786882,LKH,19.181289970056575
Attention:batch_greedy_mean,50,155,0.7398926767747617,1.717010191920627,25.47133574363727,5.046913486838988,63.1541633605957,58.67174925352614,LKH,7.639816716049548
Attention:batch_greedy_mean,50,156,0.7897185746545438,1.602815361078146,30.64403142534289,5.535705142557982,66.09260559082031,55.60676244318288,LKH,18.85713659080856
Attention:batch_greedy_mean,50,157,0.7942916494756355,1.8256741550833393,25.7221556670922,5.071701456818234,67.90670013427734,61.22134813805689,LKH,10.919968604978585
Attention:batch_greedy_mean,50,158,0.8308721008151769,1.2420893245019493,34.95707521607058,5.91245086373414,73.92190551757812,61.44667884981943,LKH,20.302523913862203
Attention:batch_greedy_mean,50,159,0.8939735613984522,1.575416091116634,57.157706385401795,7.560271581458023,72.05657958984375,61.01938557914822,LKH,18.088012368428704
Attention:batch_greedy_mean,50,160,0.8309222964501533,1.7490832951800224,18.88463513898528,4.345645537660117,67.53527069091797,58.89770469431024,LKH,14.665369459537105
Attention:batch_greedy_mean,50,161,0.8429987894557417,1.4622839379552475,20.0434899216285,4.476995635649928,78.3155746459961,64.4838622208358,LKH,21.449882108164164
Attention:batch_greedy_mean,50,162,0.7957298121415078,1.5975301493766678,4.30337438021314,2.0744576110909425,70.2188949584961,58.74908653537278,LKH,19.52338172307981
Attention:batch_greedy_mean,50,163,0.8445645719068124,1.4066972820478145,1.1054937675827476,1.0514246371389382,71.45807647705078,56.7768531469811,LKH,25.857761598839694
Attention:batch_greedy_mean,50,164,0.9143267284950707,1.4407087636022764,31.23406717540893,5.588744686905006,60.02067565917969,53.277359460006025,LKH,12.657001524701503
Attention:batch_greedy_mean,50,165,0.8445344625366852,1.4519863911511046,9.860163962998367,3.140089801741085,67.20734405517578,53.3429835220211,LKH,25.99097316600445
Attention:batch_greedy_mean,50,166,0.8315587385371327,1.6800557583868037,12.494041095480947,3.5346910891166923,64.1162109375,54.78485891504766,LKH,17.03272073205854
Attention:batch_greedy_mean,50,167,0.8185823849216104,1.4477677651081933,15.009945300015229,3.8742670661707392,73.37918853759766,58.86005987104807,LKH,24.667199962688475
Attention:batch_greedy_mean,50,168,0.8095643398124958,1.6146133421163638,10.162455863066578,3.187860703209376,66.50521087646484,56.14527886806697,LKH,18.45200917559279
Attention:batch_greedy_mean,50,169,0.8621466783754295,1.7254825489183383,8.535642190631993,2.9215821382654967,63.382720947265625,57.60425408425733,LKH,10.031319656628442
Attention:batch_greedy_mean,50,170,0.8094016937073321,1.5665347588933949,17.541231453012955,4.1882253345555505,68.384765625,59.932060402793056,LKH,14.103812158964283
Attention:batch_greedy_mean,50,171,0.7610288163181395,1.7486646160221815,6.761454276966446,2.600279653607751,66.17750549316406,55.49254033151136,LKH,19.25477748508346
Attention:batch_greedy_mean,50,172,0.9917395897209644,1.3439599467349133,20.114518471360295,4.484921233573706,78.61865234375,59.286757682970546,LKH,32.607441216729455
Attention:batch_greedy_mean,50,173,0.7883260574797168,1.557235905367142,37.07042584166085,6.088548746759021,65.46881866455078,58.537547744903456,LKH,11.840726485251157
Attention:batch_greedy_mean,50,174,0.8901544152293355,1.4813029214680684,20.426838825569945,4.519606047607462,64.4591064453125,55.73521389956114,LKH,15.65238910085183
Attention:batch_greedy_mean,50,175,0.8193523484957405,1.79695731312908,13.181433687543914,3.630624421162827,63.792945861816406,55.50947997088355,LKH,14.922614831336551
Attention:batch_greedy_mean,50,176,0.810223704946111,1.5877310180985957,24.385202314427147,4.938137534984941,68.75877380371094,56.16542283376863,LKH,22.421892927281124
Attention:batch_greedy_mean,50,177,0.7617717283329694,1.7233809152642383,20.721784161191533,4.5521186453333495,61.455955505371094,55.639765011688844,LKH,10.453298090781619
Attention:batch_greedy_mean,50,178,0.8540402066614479,1.3663426370760203,27.730895118388982,5.266013209097465,67.41830444335938,53.831428642449964,LKH,25.23967158879224
Attention:batch_greedy_mean,50,179,0.7164112430263776,1.933190120091926,53.92742627026848,7.343529551262695,66.78395080566406,61.717111012983466,LKH,8.209781225201358
Attention:batch_greedy_mean,50,180,0.7608661672100425,1.671384698306345,13.799237458730783,3.714732488178763,69.0106201171875,61.2766584981552,LKH,12.621382772145024
Attention:batch_greedy_mean,50,181,0.7947418913137517,1.5359854304635825,10.3593016089128,3.2185868962811615,68.56401062011719,58.08134597462922,LKH,18.048246764231234
Attention:batch_greedy_mean,50,182,0.8248595242202282,1.4040851463564572,19.51368117514108,4.417429249590884,60.37274932861328,54.7672096792466,LKH,10.235211328450859
Attention:batch_greedy_mean,50,183,0.8334878964722157,1.2968081059873322,39.76619810643054,6.306044569017137,66.48023223876953,56.925279298446796,LKH,16.785078717362467
Attention:batch_greedy_mean,50,184,0.8104516754299402,1.6362036510430418,20.993982005456722,4.5819190308708775,67.2805404663086,59.584543589593125,LKH,12.916096042832878
Attention:batch_greedy_mean,50,185,0.8996348482108442,1.9152413938642703,32.607727755681964,5.710317658036369,72.67489624023438,55.95123964368801,LKH,29.8896980711186
Attention:batch_greedy_mean,50,186,0.8505239002429881,1.4117084898966084,26.60160014118074,5.15767390799193,70.00692749023438,57.60667003331816,LKH,21.525732089260213
Attention:batch_greedy_mean,50,187,0.8165221473318525,1.473228139005833,32.37926366287559,5.690277995219178,67.46492004394531,61.94622556033709,LKH,8.908847042234854
Attention:batch_greedy_mean,50,188,0.8536714369989932,1.4362846033920915,22.721326331289834,4.7666892421564295,73.85868835449219,59.77722659528869,LKH,23.55656587171497
Attention:batch_greedy_mean,50,189,0.8338412117889675,1.505867535402493,25.714988224614988,5.070994796350612,65.2435073852539,56.11309051133073,LKH,16.271456073301646
Attention:batch_greedy_mean,50,190,0.7991397691797465,1.5651080678395006,36.833458888063035,6.069057495860707,66.51006317138672,58.380992850863414,LKH,13.924172789060544
Attention:batch_greedy_mean,50,191,0.8685447626560926,1.4876154465979605,41.165229081811326,6.4160134882815925,67.12283325195312,57.6380426370009,LKH,16.45578194715349
Attention:batch_greedy_mean,50,192,0.8702755338189309,1.3178287030478844,44.988869509034025,6.707374263378631,62.938682556152344,56.37584303162988,LKH,11.64122640408297
Attention:batch_greedy_mean,50,193,0.8738937071288092,1.64472096925078,3.9765325208020927,1.9941244998249463,62.3939094543457,52.73827854662449,LKH,18.308581876037017
Attention:batch_greedy_mean,50,194,0.9166584119338222,1.6974606123787652,52.119086369058905,7.219354982895557,76.90094757080078,60.60905621658861,LKH,26.880292106830566
Attention:batch_greedy_mean,50,195,0.8715355667285621,1.4901764329418692,22.256004090220156,4.71762695538977,65.58356475830078,56.13378990855193,LKH,16.834378838741447
Attention:batch_greedy_mean,50,196,0.82289285146966,1.5605877410949074,12.940098296300906,3.59723481250542,60.977783203125,55.828893791112016,LKH,9.22262481373523
Attention:batch_greedy_mean,50,197,0.8331795103102922,1.3877926094202713,13.839974844203056,3.7202116665860636,66.5624771118164,56.208634268723955,LKH,18.42037789709048
Attention:batch_greedy_mean,50,198,0.80920169884198,1.6922408567891378,17.91764173368113,4.232923544511657,62.958168029785156,55.48343079061955,LKH,13.472017019591625
Attention:batch_greedy_mean,50,199,0.8886879526742268,1.413592589227835,29.058537389640026,5.390597127372813,67.44988250732422,56.74748694319188,LKH,18.85968197119666
Attention:batch_greedy_mean,50,200,0.8107242362666875,1.406352433839196,13.355404062481934,3.6545046261404477,70.4460220336914,59.23522765425296,LKH,18.92589059482333
Attention:batch_greedy_mean,50,201,0.7872374856704846,1.5617104026464959,11.623764863106164,3.4093642901729004,67.20697021484375,57.477628884139804,LKH,16.92717935584262
Attention:batch_greedy_mean,50,202,0.9329309532034676,1.5425189350294886,59.27080400607446,7.698753405979078,76.10098266601562,57.95700121370494,LKH,31.30593555972358
Attention:batch_greedy_mean,50,203,0.8528445746004581,1.2252913139226174,41.25572357989068,6.423061853967364,62.67496871948242,55.31671697391264,LKH,13.3020398680564
Attention:batch_greedy_mean,50,204,0.7885955016094521,1.8429811780219194,8.583431870869285,2.9297494553065944,69.51329040527344,52.65785101577954,LKH,32.009356751841175
Attention:batch_greedy_mean,50,205,0.7713679419329855,1.4937694983631187,5.5462829407994025,2.355054763864187,68.0518569946289,56.81194785008539,LKH,19.7844107971852
Attention:batch_greedy_mean,50,206,0.8106896712630988,1.5358821951995634,18.329287119570495,4.281271670843897,70.0370864868164,59.4510383299364,LKH,17.80633014032562
Attention:batch_greedy_mean,50,207,0.7826587836071849,1.5870978595454424,13.775635119523544,3.7115542727439057,65.212890625,55.16819490374832,LKH,18.20740326700304
Attention:batch_greedy_mean,50,208,0.8911560813972028,1.4573798476952893,9.212756777749105,3.035252341692385,63.151512145996094,52.139898179822346,LKH,21.119362236183154
Attention:batch_greedy_mean,50,209,0.8886422176852647,1.728669480077373,28.578160036064933,5.345854472024555,67.08033752441406,57.04601140786493,LKH,17.58988204242041
Attention:batch_greedy_mean,50,210,0.9119290629681199,1.3882349621347074,18.270921670361407,4.274449867569089,62.19417190551758,53.28579854244842,LKH,16.718100519733397
Attention:batch_greedy_mean,50,211,0.8632696709793527,1.7387316861355986,3.7733518322202135,1.9425117328397823,66.2178955078125,53.109219108223385,LKH,24.68248755997879
Attention:batch_greedy_mean,50,212,0.8587650145907537,1.3757401127143,26.986992999977286,5.1949006727729925,64.03477478027344,56.195108866622554,LKH,13.95079762592524
Attention:batch_greedy_mean,50,213,0.966904103279303,1.4482428676280392,24.303246847368566,4.929832334610231,75.30738067626953,59.077643817146054,LKH,27.471875671543174
Attention:batch_greedy_mean,50,214,0.8458297377452254,1.3312024486639658,27.15189736483756,5.210748253834334,69.29080200195312,62.280725858194906,LKH,11.255610860604369
Attention:batch_greedy_mean,50,215,0.8042253454751335,1.8940821198654296,10.231390178842332,3.1986544325453994,65.80879211425781,55.598227423831695,LKH,18.364910472036826
Attention:batch_greedy_mean,50,216,0.8548028039955534,1.4631753350449554,23.430096074129494,4.840464448183614,74.26936340332031,60.6772724361342,LKH,22.400629463844883
Attention:batch_greedy_mean,50,217,0.8990608167932078,1.4043862711543635,4.7280212460630935,2.174401353490908,68.07275390625,55.49490745014905,LKH,22.66486608235107
Attention:batch_greedy_mean,50,218,0.8942547436972381,1.5415579794999112,42.115351814659526,6.4896341818826375,70.94893646240234,58.70463696605958,LKH,20.857465660543774
Attention:batch_greedy_mean,50,219,0.8970720855984837,1.5816413790422124,7.555269894912726,2.7486851210920333,64.77539825439453,57.3232822507223,LKH,13.000155802450287
Attention:batch_greedy_mean,50,220,0.787904931246012,1.5563669171947256,19.475097069397773,4.413059830706782,64.94349670410156,58.794789887253124,LKH,10.457911030279055
Attention:batch_greedy_mean,50,221,0.8150489830970764,1.3250644802868325,22.133215516888814,4.704595149095065,76.78024291992188,62.638326894077544,LKH,22.577097325346106
Attention:batch_greedy_mean,50,222,0.856213975712235,1.2892247057030364,6.908490879199221,2.6284008216402652,62.25533676147461,55.37852055936488,LKH,12.417840225142696
Attention:batch_greedy_mean,50,223,0.8833361897199938,1.6792251308130601,14.257342025659671,3.7758895674608484,67.1364517211914,54.230433879029704,LKH,23.79847793759274
Attention:batch_greedy_mean,50,224,0.7467491460333986,1.7197471163949436,20.97754780501322,4.580125304510044,64.95442962646484,56.58200803975949,LKH,14.796967935146732
Attention:batch_greedy_mean,50,225,0.9392459585517645,1.3341009130474335,26.96689673577406,5.192966082671257,75.0358657836914,59.76847940059801,LKH,25.544210821834355
Attention:batch_greedy_mean,50,226,0.8000996992178261,1.4913368682143158,27.241357590389157,5.219325396101412,71.13694763183594,59.25104371858659,LKH,20.06024395064088
Attention:batch_greedy_mean,50,227,0.8733228456787765,1.58731703556889,6.59062636598707,2.5672215264731384,61.44292449951172,55.64051937497337,LKH,10.428380593349058
Attention:batch_greedy_mean,50,228,0.9505851995741977,1.5690618062918875,23.339424570406436,4.8310893771908665,63.316532135009766,56.671486345679476,LKH,11.725554097518206
Attention:batch_greedy_mean,50,229,0.9085002265736694,1.3470423980723578,1.9655501141803984,1.4019807823862631,63.680389404296875,53.80593913479332,LKH,18.351970857280875
Attention:batch_greedy_mean,50,230,0.9772228920646012,1.488353403754987,30.31156035606909,5.505593551658993,75.43335723876953,55.41283882187878,LKH,36.12974690079586
Attention:batch_greedy_mean,50,231,0.8630297355755465,1.7859189338683519,42.81673290017208,6.543449617760656,66.61920166015625,54.67341710513191,LKH,21.84934688105136
Attention:batch_greedy_mean,50,232,0.8707414521090686,1.3498366402680528,9.18247112784457,3.0302592509296247,72.64764404296875,58.26401792085866,LKH,24.686979434970812
Attention:batch_greedy_mean,50,233,0.9261843292065897,1.5550427591260316,25.4727524031227,5.0470538339830195,71.55557250976562,55.164160504722545,LKH,29.71387918364103
Attention:batch_greedy_mean,50,234,0.8764352903608232,1.3250663902846416,10.95424193154623,3.309719313105906,67.92945861816406,57.40492063439686,LKH,18.333860351094938
Attention:batch_greedy_mean,50,235,0.790812988503676,1.7173570441530523,4.575504947577144,2.1390429980664587,64.31996154785156,52.07839176705926,LKH,23.506044187284925
Attention:batch_greedy_mean,50,236,0.8375288484105841,1.4882373539512586,15.175843174354785,3.8956184585191074,65.41988372802734,53.79073747502324,LKH,21.61923557639247
Attention:batch_greedy_mean,50,237,0.8673945277929306,1.1558116838490953,13.196446640119186,3.6326913769434346,65.67010498046875,55.63351207188753,LKH,18.04055242029716
Attention:batch_greedy_mean,50,238,0.8601351424353197,1.4395703634315675,18.472838210644387,4.298003979831148,71.91188049316406,56.32697788066812,LKH,27.66862913453912
Attention:batch_greedy_mean,50,239,0.7468196504656226,2.1043989461434585,6.613726747855021,2.5717166927667248,73.27914428710938,58.293751638033264,LKH,25.706687643172753
Attention:batch_greedy_mean,50,240,0.7518677707044844,1.916761719148686,33.34212039672969,5.774263623764479,66.65715026855469,59.86527176750052,LKH,11.345272978016144
Attention:batch_greedy_mean,50,241,0.7811532958084717,1.3713155027178288,31.625358916725038,5.623642851099724,67.61370086669922,58.87571453699185,LKH,14.841410246014519
Attention:batch_greedy_mean,50,242,0.8414401624398306,1.698653892016046,3.883047329403504,1.9705449320945472,74.19930267333984,60.5377651451527,LKH,22.56696707490041
Attention:batch_greedy_mean,50,243,0.9383328296896071,1.3998896155265488,11.055919089610073,3.325044223707419,69.95043182373047,56.27388095765633,LKH,24.30355012543946
Attention:batch_greedy_mean,50,244,0.843287921451265,1.5789114381690013,26.123114801527723,5.111077655595513,63.443145751953125,55.72694002973772,LKH,13.846455086351028
Attention:batch_greedy_mean,50,245,0.788636134006083,1.325650298831172,19.825076692584908,4.452535984423361,71.26158905029297,59.574811483257655,LKH,19.61697784023984
Attention:batch_greedy_mean,50,246,0.7699159722868353,1.5818837907990126,30.943048953689008,5.562647656798784,60.67304611206055,55.260082010487146,LKH,9.795432624486768
Attention:batch_greedy_mean,50,247,0.9018101758835837,1.416762207169596,14.258288308496983,3.7760148713288966,56.894107818603516,52.624562428000054,LKH,8.113217846599625
Attention:batch_greedy_mean,50,248,0.8574368511443027,1.4287240891431108,35.806171477645115,5.983825822803094,69.12517547607422,55.901378152383906,LKH,23.65558374543649
Attention:batch_greedy_mean,50,249,0.7786772732483223,1.6610748707707221,5.330914700980843,2.3088773681122268,60.62456512451172,49.85447455834212,LKH,21.603057020620923
Attention:batch_greedy_mean,50,250,0.8242409041836072,1.3699672170380006,5.268561895715144,2.295334811245441,67.3096923828125,58.19243804541355,LKH,15.667421135171919
Attention:batch_greedy_mean,50,251,0.7894060938991606,1.6128357558503625,14.384900151954165,3.7927430906870248,65.552734375,56.83821692711254,LKH,15.332144319486076
Attention:batch_greedy_mean,50,252,0.8440052120651671,1.552427271292974,49.02979560756273,7.002127934247041,71.09573364257812,59.369926772106496,LKH,19.750414912050577
Attention:batch_greedy_mean,50,253,0.7735788063239306,1.8934304190451496,19.78957956954555,4.448548029362564,67.64434814453125,55.570006590130355,LKH,21.728162898122434
Attention:batch_greedy_mean,50,254,0.8574503807537258,1.2954520270193808,8.505194078775704,2.9163665885439887,67.3795394897461,53.888190230720824,LKH,25.035818054498442
Attention:batch_greedy_mean,50,255,0.8651653381032043,1.6904719831156079,14.381496368088827,3.7922943409087893,59.05168151855469,53.2829604952487,LKH,10.826577520632302
Attention:batch_greedy_mean,50,256,0.9050523974577663,1.598984914320745,22.095616449668967,4.700597456671755,65.00523376464844,56.01143775084331,LKH,16.057070439456307
Attention:batch_greedy_mean,50,257,0.8850621451437474,1.3550491308407207,11.061219594446227,3.325841185992835,65.18197631835938,59.60772182859017,LKH,9.351564392611252
Attention:batch_greedy_mean,50,258,0.8525852790405043,1.7077416790648612,11.535949909472569,3.3964613805360084,67.27891540527344,54.498210587934395,LKH,23.45160451959614
Attention:batch_greedy_mean,50,259,0.9100048128096386,1.392056541024976,24.51890711087164,4.951657006585941,63.221168518066406,55.781246768278294,LKH,13.337675618285125
Attention:batch_greedy_mean,50,260,0.7187456873245537,1.6687092077080445,50.997910300774755,7.141282118833757,63.295013427734375,59.872479042211246,LKH,5.7163732657707
Attention:batch_greedy_mean,50,261,0.8411731638293714,1.4937114651261576,16.494900134986157,4.061391403815465,72.15271759033203,59.7599581293622,LKH,20.73756382851418
Attention:batch_greedy_mean,50,262,0.9195460870739771,1.6239595835517553,39.11978209983223,6.2545808892228925,70.128173828125,55.694780270037064,LKH,25.915163841400197
Attention:batch_greedy_mean,50,263,0.8029520905458049,1.8243741901171857,7.360512944500199,2.7130265285286463,64.0051040649414,56.68315121907525,LKH,12.91733555455919
Attention:batch_greedy_mean,50,264,0.8857241373229772,1.9222090381791568,37.948303808630044,6.160219461076857,81.3012466430664,56.37770902972229,LKH,44.2081419097829
Attention:batch_greedy_mean,50,265,0.8366325573431095,1.8215225428680242,24.396633811227357,4.939294869839961,59.031898498535156,51.8146065845891,LKH,13.929068248667647
Attention:batch_greedy_mean,50,266,0.9381925383716588,1.6523235412281785,25.03842835050487,5.003841359446247,69.63262939453125,55.73470519831069,LKH,24.93585306815582
Attention:batch_greedy_mean,50,267,0.8421964115813716,2.020503921669451,21.86345827145632,4.675837707989481,73.12449645996094,56.22299874057413,LKH,30.061537267647743
Attention:batch_greedy_mean,50,268,0.8334052794401942,1.576186508551204,13.73804587553137,3.7064869992394915,72.04661560058594,57.56898209574981,LKH,25.14832289505598
Attention:batch_greedy_mean,50,269,0.9423809684067964,1.1697080631635597,25.803974500981774,5.079761264171947,76.2296371459961,60.39629067449821,LKH,26.215759767153003
Attention:batch_greedy_mean,50,270,0.7430134554579854,1.726497950148091,75.52207483174463,8.690343769480275,67.68771362304688,57.13269469335839,LKH,18.47456869720429
Attention:batch_greedy_mean,50,271,0.8397085593780502,1.5440762328171902,12.053484601107845,3.471812869540616,61.977989196777344,54.82380410543222,LKH,13.049413859692846
Attention:batch_greedy_mean,50,272,0.9728131050537923,1.8293050448085062,19.430051615154934,4.407953222886438,74.80081939697266,58.25307139124395,LKH,28.40665326397881
Attention:batch_greedy_mean,50,273,0.9051145456766744,1.5085928062389384,13.91363815164935,3.730098946629881,67.69598388671875,53.30114598825105,LKH,27.006619898267655
Attention:batch_greedy_mean,50,274,0.9017799730187471,1.4687629309236718,18.492244046703156,4.300260927746496,68.68983459472656,56.09080693413832,LKH,22.46184062814783
Attention:batch_greedy_mean,50,275,0.8412692295014859,1.3444575890948898,27.208638788894522,5.21619006449099,63.39354705810547,56.06307152633956,LKH,13.075408343122799
Attention:batch_greedy_mean,50,276,1.0311248817294836,1.1917609133419997,45.12607089413298,6.717594129904915,70.06568145751953,55.08168637225384,LKH,27.20322501384696
Attention:batch_greedy_mean,50,277,0.7936390292564465,1.7419050528527495,32.44718021635088,5.696242640227932,65.16878509521484,57.70355813294794,LKH,12.937203881027854
Attention:batch_greedy_mean,50,278,0.7342125477641821,1.684083567418863,20.095840084836286,4.482838396020571,62.042884826660156,52.2517661594017,LKH,18.73834969977706
Attention:batch_greedy_mean,50,279,0.8191312892636051,1.6315049506410622,11.917078100693743,3.452112121686337,69.66857147216797,59.85245226037987,LKH,16.400529704421167
Attention:batch_greedy_mean,50,280,0.7313482234627009,1.7738486201251602,23.08639774978638,4.804830668169939,69.21589660644531,58.05828757019767,LKH,19.217943730698384
Attention:batch_greedy_mean,50,281,0.9482271864843642,1.5677705189644826,21.987751060700436,4.6891098367067965,57.267906188964844,52.09954863265833,LKH,9.92015802813837
Attention:batch_greedy_mean,50,282,0.8608907980745425,1.4248516744458055,5.410982657164874,2.3261518989878702,68.29022979736328,56.65224281592887,LKH,20.542853032752596
Attention:batch_greedy_mean,50,283,0.7655243802128825,2.0246345130790604,18.98683098832634,4.357388092461623,69.38113403320312,56.44671722906539,LKH,22.914382694123404
Attention:batch_greedy_mean,50,284,0.9149859011499211,1.498562460278747,16.215027070247874,4.026788679611568,66.27532196044922,56.23835023096794,LKH,17.847201577322178
Attention:batch_greedy_mean,50,285,0.8259856486099306,1.7524731922797714,16.662991013314034,4.0820327060563875,62.371803283691406,55.84688872317931,LKH,11.683577563030688
Attention:batch_greedy_mean,50,286,0.8771711189066991,1.6697020435558256,24.02392656248473,4.901420871796741,63.58945846557617,54.78255346462659,LKH,16.07611263800665
Attention:batch_greedy_mean,50,287,0.9322497847676278,1.2912297078591624,31.896284804966154,5.647679594750941,67.39259338378906,53.5770547963636,LKH,25.78629721237151
Attention:batch_greedy_mean,50,288,0.93744908657005,1.9568446470971068,70.23313094919634,8.38052092349851,77.18209075927734,57.70300664723352,LKH,33.75748551739932
Attention:batch_greedy_mean,50,289,0.8748640648224683,1.6912060862086298,20.246840268350834,4.499648905009238,63.96200180053711,55.36022968118353,LKH,15.537818699255226
Attention:batch_greedy_mean,50,290,0.9355894336849451,1.2292380654651895,18.012896186408003,4.244160245137783,67.91423034667969,55.33356948501144,LKH,22.736037054461224
Attention:batch_greedy_mean,50,291,1.0496905560966114,1.5990580482891148,30.68532290703473,5.539433446394562,73.71479797363281,55.245296626952,LKH,33.43180772726682
Attention:batch_greedy_mean,50,292,0.9218696319125592,1.4250883425794738,42.35303907048391,6.507921255707072,75.92340850830078,60.750744436583794,LKH,24.975272669383266
Attention:batch_greedy_mean,50,293,0.8564202855242183,1.5907906304090518,14.35941829642662,3.789382310671044,67.58097839355469,58.29181587865621,LKH,15.935620420944453
Attention:batch_greedy_mean,50,294,0.8609889716655016,1.3513251537205866,26.10335305667826,5.109144063018605,67.99658203125,57.20783576828486,LKH,18.858861059984818
Attention:batch_greedy_mean,50,295,0.7973292752096313,1.6843957355557486,8.224391787509875,2.8678200409910444,69.69813537597656,58.81608428406461,LKH,18.501828580350242
Attention:batch_greedy_mean,50,296,0.8932233125530183,1.1521938327035135,14.990127693735596,3.8717086271742605,72.99886322021484,57.89954584067521,LKH,26.078472914259304
Attention:batch_greedy_mean,50,297,0.8806875008391216,1.7661919624080096,12.125940282315765,3.482232083350529,74.8548583984375,58.67547537259937,LKH,27.574353549070135
Attention:batch_greedy_mean,50,298,0.8618535916264227,1.860340841370945,23.253303374362766,4.822167912294507,66.64183044433594,57.42816763153107,LKH,16.043804273751697
Attention:batch_greedy_mean,50,299,0.7507741210389941,1.6938101944034911,42.67855542699239,6.532882627676115,68.80088806152344,56.30218636350693,LKH,22.199318543902454
Attention:batch_greedy_mean,100,0,1.4215255790017545,0.8664707024179445,14.666855394355723,3.8297330709013813,98.23152160644531,75.77019183998605,LKH,29.644018605487794
Attention:batch_greedy_mean,100,1,1.3548860074207187,0.9197932277726862,66.09929254484355,8.130147141647779,101.3613052368164,78.17949574001105,LKH,29.6520325148903
Attention:batch_greedy_mean,100,2,1.3248399716848507,0.9590490283713347,13.657779156171985,3.6956432668984687,104.54365539550781,79.8202664367734,LKH,30.973824145673724
Attention:batch_greedy_mean,100,3,1.375807380899787,0.943587525974185,63.98248069554325,7.998904968528083,114.13259887695312,80.2399219425547,LKH,42.239169871903464
Attention:batch_greedy_mean,100,4,1.3280210644751786,0.7956830453120767,57.35891351750915,7.573566763256871,99.33403015136719,76.47087213319806,LKH,29.897864873759715
Attention:batch_greedy_mean,100,5,1.3934292576927692,0.9205520311735553,41.11157089729282,6.4118305418416055,108.69779205322266,80.38508567731965,LKH,35.221342538036666
Attention:batch_greedy_mean,100,6,1.4405902677075937,0.820861353580883,50.52075011175051,7.107795024601547,115.2379150390625,75.57191763012624,LKH,52.48774763540429
Attention:batch_greedy_mean,100,7,1.390340249327569,0.9353732494470886,95.66963681741822,9.78108566660257,106.6474380493164,77.89018884490825,LKH,36.92024583695439
Attention:batch_greedy_mean,100,8,1.376740281432867,0.7906278290990575,19.223741399100316,4.38448872721784,108.49612426757812,80.59417057235686,LKH,34.62031248298671
Attention:batch_greedy_mean,100,9,1.502442162334919,0.8307871129385858,50.31519005352441,7.093320100878319,97.32904815673828,73.0169171631707,LKH,33.29657281919658
Attention:batch_greedy_mean,100,10,1.3864334096387028,0.9065543531620556,116.6317400795103,10.799617589503356,105.818115234375,75.57860995514423,LKH,40.01066610933683
Attention:batch_greedy_mean,100,11,1.458143146932125,0.6596906423729771,57.55817793290595,7.586710613494227,104.33179473876953,76.92553296559142,LKH,35.62700278649595
Attention:batch_greedy_mean,100,12,1.3599307786487043,0.8011644825455533,33.00857297128833,5.74530877945549,100.25688171386719,79.4764746463706,LKH,26.14661402629985
Attention:batch_greedy_mean,100,13,1.275031007770449,1.0255967922229416,41.71014971529868,6.45833954784809,99.94541931152344,75.60175831801102,LKH,32.19986086978732
Attention:batch_greedy_mean,100,14,1.408444071128033,0.9095063450108424,9.625571278332052,3.102510479971349,96.68480682373047,71.87310238315318,LKH,34.52154369002592
Attention:batch_greedy_mean,100,15,1.3552590001747011,0.9067075768641136,63.77115880966161,7.985684617467785,102.95660400390625,78.3158225459439,LKH,31.463350134012646
Attention:batch_greedy_mean,100,16,1.4456267995946108,0.7298556539215569,39.07183055825396,6.250746400091269,107.131591796875,78.40939527269089,LKH,36.63106496905701
Attention:batch_greedy_mean,100,17,1.455640110511158,0.7690229187822055,70.82635714853195,8.415839657962357,104.44966125488281,79.05961689462822,LKH,32.11506121272356
Attention:batch_greedy_mean,100,18,1.418278688194987,0.7968879550816145,20.660004286388507,4.5453277424613185,107.274169921875,79.89957329390799,LKH,34.26125509740889
Attention:batch_greedy_mean,100,19,1.4264934854011517,0.798952742264222,108.9897261984551,10.439814471457579,106.92810821533203,81.15725240488669,LKH,31.754224110344094
Attention:batch_greedy_mean,100,20,1.307439938900061,1.002748986554689,61.726861200145585,7.8566443982240655,107.31067657470703,78.18713421612975,LKH,37.24850980990321
Attention:batch_greedy_mean,100,21,1.2882411919161678,0.8503870466552084,36.75842625612135,6.062872772549442,97.61215209960938,75.95554116951095,LKH,28.512219907389095
Attention:batch_greedy_mean,100,22,1.384070403842634,0.8251429425360632,16.992989856494034,4.122255433193585,103.17190551757812,77.77476356120386,LKH,32.65473373813386
Attention:batch_greedy_mean,100,23,1.4357495142222616,0.8381208204229468,52.859984059918425,7.270487195499242,98.44247436523438,75.96208499058478,LKH,29.59422372020983
Attention:batch_greedy_mean,100,24,1.3740438730176538,0.8507125109546633,22.110876897982155,4.702220422096582,106.74991607666016,76.31303041176888,LKH,39.884257643367484
Attention:batch_greedy_mean,100,25,1.4123548075029795,0.9395376176015838,58.22816680170961,7.6307382868048625,103.87313079833984,75.5481917188394,LKH,37.49254407691808
Attention:batch_greedy_mean,100,26,1.364707085889131,1.00827934341207,69.43082445660919,8.33251609399041,108.67906188964844,79.37172985616897,LKH,36.92414425966001
Attention:batch_greedy_mean,100,27,1.399157329564914,0.7542046469213223,45.82996517256764,6.769783244134752,100.75831604003906,74.29839820320565,LKH,35.61303941501633
Attention:batch_greedy_mean,100,28,1.365862449388951,0.8326547688761569,64.50776063176065,8.031672343401507,97.13668823242188,73.45165169466397,LKH,32.24575076434742
Attention:batch_greedy_mean,100,29,1.4043641742086037,0.7449855210156804,85.39471026461463,9.240925833736284,101.77301025390625,80.0921831336456,LKH,27.069841614983815
Attention:batch_greedy_mean,100,30,1.4737065987379174,0.9540192797090422,78.02148203391857,8.832976963284722,117.07353210449219,75.20683793271017,LKH,55.668733485699015
Attention:batch_greedy_mean,100,31,1.331009940840304,0.8583049590322085,35.668562171480005,5.972316315424025,97.64503479003906,74.45237793467827,LKH,31.150995439943053
Attention:batch_greedy_mean,100,32,1.2885113344551065,0.8573195830750902,137.1978529347309,11.71314871991007,104.62031555175781,77.17395401039468,LKH,35.56428058314381
Attention:batch_greedy_mean,100,33,1.3711535643285606,0.8357564536197948,55.756696714095746,7.46704069321279,103.87614440917969,79.63290284523205,LKH,30.44374962829724
Attention:batch_greedy_mean,100,34,1.3751636204123496,0.8294588765380502,20.99440319558449,4.5819649928370785,103.31602478027344,78.2015618215819,LKH,32.11504012668005
Attention:batch_greedy_mean,100,35,1.277952995308442,1.0605116541156976,70.10105937796281,8.372637540104241,99.67774200439453,73.94446363158178,LKH,34.800818220854644
Attention:batch_greedy_mean,100,36,1.382322854718077,0.80390623918722,116.80601683120035,10.80768323144236,99.1949462890625,70.93653420369637,LKH,39.83618935233185
Attention:batch_greedy_mean,100,37,1.40032872642965,1.043086463846801,25.077194202060216,5.007713470443393,99.59339904785156,78.5289173309942,LKH,26.823853470527244
Attention:batch_greedy_mean,100,38,1.339858532627113,0.9627509303462972,64.61445852238664,8.038311919948532,101.847412109375,78.79910360971682,LKH,29.24945518900047
Attention:batch_greedy_mean,100,39,1.5407509069144725,0.6381525491672383,25.255153910036004,5.025450617609928,108.34381866455078,77.57497378387505,LKH,39.663364845469566
Attention:batch_greedy_mean,100,40,1.3953765345364808,0.7616375336434169,52.47310157114605,7.243831967346154,89.07646179199219,73.20587333060348,LKH,21.679392293724685
Attention:batch_greedy_mean,100,41,1.4541884407866745,0.651043376339305,86.61932354302965,9.306950281538505,111.44661712646484,79.63580598627082,LKH,39.94536219760014
Attention:batch_greedy_mean,100,42,1.410657464740798,0.7070494605877244,93.54792143572001,9.672017443931747,116.24314880371094,83.92170178570817,LKH,38.51381267331152
Attention:batch_greedy_mean,100,43,1.380006488384679,0.7811731548259769,61.70644075110302,7.855344725160253,109.77439880371094,79.42517458922715,LKH,38.21108908031309
Attention:batch_greedy_mean,100,44,1.4388612782212022,0.9145695387585144,84.4147517258148,9.187750090518069,108.41622161865234,76.28584119869737,LKH,42.118406135506596
Attention:batch_greedy_mean,100,45,1.3362192537821829,0.8173721494150287,27.811844317162713,5.2736936123710025,94.63236999511719,78.3047500523283,LKH,20.851378660780746
Attention:batch_greedy_mean,100,46,1.4756796408910304,0.7954920145156517,48.67187095892546,6.976522841568388,104.11443328857422,75.82205883303351,LKH,37.31417333027434
Attention:batch_greedy_mean,100,47,1.441529069840908,0.7997537748152449,24.558368415716284,4.955640061154188,106.67401123046875,77.59523156954029,LKH,37.47495699509353
Attention:batch_greedy_mean,100,48,1.4246395511778247,0.8576460361592109,17.055139247617813,4.129786828350564,107.40559387207031,76.96973113071647,LKH,39.54263876752421
Attention:batch_greedy_mean,100,49,1.374852175633423,0.9186108081986852,22.46602560283298,4.739833921439967,100.50605773925781,78.19873198874518,LKH,28.52645456415231
Attention:batch_greedy_mean,100,50,1.460409374460578,0.7472498396891796,45.5837767133034,6.751575868884493,108.43328857421875,76.94683165614728,LKH,40.91975750057542
Attention:batch_greedy_mean,100,51,1.4117840159261232,0.9848497472193708,63.361065292423895,7.959966412769837,107.24800109863281,78.46973951867427,LKH,36.67434320093527
Attention:batch_greedy_mean,100,52,1.443273737665586,0.8544522095265195,65.83399350412117,8.113814978425449,102.33784484863281,73.50455914800744,LKH,39.22652694585541
Attention:batch_greedy_mean,100,53,1.374803941383725,0.9514502645264933,34.38581795846209,5.863942185804878,100.77816772460938,77.7549103922272,LKH,29.61003648032459
Attention:batch_greedy_mean,100,54,1.3015251698723296,0.8704127142748568,16.59874729615783,4.074156022559498,104.10071563720703,76.7620624058599,LKH,35.61479769368488
Attention:batch_greedy_mean,100,55,1.3477295994752785,0.9747043947975569,37.42550484319289,6.1176388290902635,111.707275390625,80.74034350290755,LKH,38.35372819116418
Attention:batch_greedy_mean,100,56,1.2662058923672885,0.8977270192355721,29.451958486312172,5.426965863750405,99.65029907226562,76.42429831177061,LKH,30.39085902463277
Attention:batch_greedy_mean,100,57,1.3859600247442723,0.7373170369326997,25.53825720985081,5.053539077700973,102.14553833007812,77.77158896997167,LKH,31.340428661573906
Attention:batch_greedy_mean,100,58,1.3877024333667942,0.8283983126249633,64.13094122941588,8.008179645176291,105.62542724609375,80.28000825584617,LKH,31.57127103110614
Attention:batch_greedy_mean,100,59,1.364957527485676,0.8871366179923696,76.07000481963749,8.721812014692674,99.5033950805664,78.60473922795127,LKH,26.587017599549174
Attention:batch_greedy_mean,100,60,1.347562264394146,0.938963655948744,58.0978899750257,7.622197188148946,99.79093933105469,77.71346651243651,LKH,28.40881228105442
Attention:batch_greedy_mean,100,61,1.3991091442666947,0.8337559832500342,36.48934882215133,6.040641424728944,105.22569274902344,77.8389379575397,LKH,35.18387520449331
Attention:batch_greedy_mean,100,62,1.4088000409619417,0.8689833587173623,60.29161827340765,7.764767753990306,107.01138305664062,75.8939912075264,LKH,41.00112716964122
Attention:batch_greedy_mean,100,63,1.4032377208928029,0.8478290710601489,62.75528698922093,7.921823463649068,109.41776275634766,78.58126223939115,LKH,39.24154389759701
Attention:batch_greedy_mean,100,64,1.4353013869188727,0.6596166938481116,15.968559152763296,3.9960679614795462,97.69994354248047,76.10861033604768,LKH,28.369107136628912
Attention:batch_greedy_mean,100,65,1.3716379486210644,0.7596230576782061,49.83508354429962,7.059396825813068,110.70640563964844,80.57085454167719,LKH,37.402546205319084
Attention:batch_greedy_mean,100,66,1.394762825461221,0.8556527680323459,39.139117887176084,6.2561264283241655,102.58872985839844,77.99578860287058,LKH,31.531114302526248
Attention:batch_greedy_mean,100,67,1.4263994906656443,0.8176322738053156,17.590630789848888,4.194118595110168,103.95042419433594,79.6719484663027,LKH,30.47305381052886
Attention:batch_greedy_mean,100,68,1.384768477138132,0.9575766269704706,41.197879434509446,6.418557426284308,106.232666015625,80.52909723079692,LKH,31.918362019086693
Attention:batch_greedy_mean,100,69,1.3373531024268595,1.0047990714132802,102.07561491064348,10.103247740733842,101.45075988769531,79.04243532371015,LKH,28.34973956990846
Attention:batch_greedy_mean,100,70,1.3611879207426683,0.9242697705725488,27.86481415922745,5.27871330526933,109.06566619873047,78.76923683377674,LKH,38.462260880966696
Attention:batch_greedy_mean,100,71,1.3176769505999983,0.9339454201312296,122.1771526723455,11.05337743281869,103.38449096679688,81.26834262315637,LKH,27.2137312387355
Attention:batch_greedy_mean,100,72,1.374567242451012,0.8507042847389822,61.199362940500805,7.8230021692762435,103.85653686523438,78.84726523297788,LKH,31.718629122213827
Attention:batch_greedy_mean,100,73,1.3628792033530772,0.8824977476903993,67.40040734724768,8.209775109419727,100.98355865478516,75.06340146250838,LKH,34.531018695206626
Attention:batch_greedy_mean,100,74,1.3801968453428708,0.872918091790989,11.88641871857668,3.4476685917554026,107.2328109741211,79.82059155480957,LKH,34.34229048589381
Attention:batch_greedy_mean,100,75,1.3389486760506406,0.923231538677759,31.11533811119517,5.578112414714782,101.59136199951172,78.2427117772459,LKH,29.841310061873315
Attention:batch_greedy_mean,100,76,1.3672526732226833,0.9465574136664096,87.07573266173797,9.331437866788697,107.93006896972656,78.55591738125668,LKH,37.392665718494314
Attention:batch_greedy_mean,100,77,1.492364693582058,0.6344383069505095,39.474783468290944,6.282896105164476,108.27989959716797,79.40255937483772,LKH,36.36827383108426
Attention:batch_greedy_mean,100,78,1.402436374918616,0.8965218174906592,27.540319884042766,5.247887182861572,101.86865997314453,75.82283626015571,LKH,34.35089611211984
Attention:batch_greedy_mean,100,79,1.3967114604578819,0.8389564836046602,60.64716370947036,7.787628888787033,105.06953430175781,81.87261265820618,LKH,28.3329441804818
Attention:batch_greedy_mean,100,80,1.3892077189750762,0.9370430003565744,31.89160098932103,5.647264912266913,119.63556671142578,80.18158829882428,LKH,49.20578308521736
Attention:batch_greedy_mean,100,81,1.4389879912614925,1.0258976346425666,50.531768815141696,7.108570096379559,118.35430145263672,75.53269539519006,LKH,56.692808105684975
Attention:batch_greedy_mean,100,82,1.3927320948155693,0.9397070612393579,70.40970502516294,8.391049101582169,101.93887329101562,72.97578354745872,LKH,39.68863140019756
Attention:batch_greedy_mean,100,83,1.346054867815401,0.972391461358299,19.84867761980177,4.45518547535361,100.63676452636719,75.86126824526897,LKH,32.658953447754044
Attention:batch_greedy_mean,100,84,1.3736679138243197,0.8002082527312779,26.48787195179936,5.146636955507874,107.47164916992188,80.05092653077834,LKH,34.254097769375214
Attention:batch_greedy_mean,100,85,1.3567713407892734,0.8286456658407579,78.03354518195299,8.833659784141169,102.25006103515625,80.1950828019646,LKH,27.50165903270487
Attention:batch_greedy_mean,100,86,1.3921579669043422,0.9677646885172997,64.02727090228872,8.00170424986382,106.9864273071289,77.22300865063852,LKH,38.54216402153128
Attention:batch_greedy_mean,100,87,1.3732645658031106,0.7995256699855662,34.13085349669897,5.8421617143570215,108.8513412475586,78.15391801270637,LKH,39.278162906511476
Attention:batch_greedy_mean,100,88,1.4063381497734735,0.8205058600729462,40.869055882572084,6.3928910426013115,103.4613037109375,78.17196605626977,LKH,32.35090394997096
Attention:batch_greedy_mean,100,89,1.3951222081028392,0.811801600935267,55.47949548759565,7.448455912979257,107.98883819580078,76.59542594885339,LKH,40.986014318805864
Attention:batch_greedy_mean,100,90,1.4403906097228174,0.7545887175189789,28.711070718276062,5.358271243440002,100.66128540039062,78.03804131164186,LKH,28.990020390701147
Attention:batch_greedy_mean,100,91,1.3669199779466725,1.0812752898039195,87.24969304810246,9.34075441536188,108.49966430664062,76.45340932016802,LKH,41.91605746745811
Attention:batch_greedy_mean,100,92,1.3736447013309225,0.8612631454072971,36.93952352313914,6.077789361530979,110.50144958496094,77.35007414432656,LKH,42.85887997828888
Attention:batch_greedy_mean,100,93,1.3619003654597328,0.9147828658461371,32.85533772100407,5.731957581926446,103.8148422241211,77.80785110319046,LKH,33.424636141717365
Attention:batch_greedy_mean,100,94,1.4499767756444635,0.7722821312354219,25.904023870755573,5.089599578626552,108.78773498535156,81.14690141246274,LKH,34.06270984075268
Attention:batch_greedy_mean,100,95,1.4564348883740603,0.814838764825162,47.879009371352446,6.919465974434186,100.568603515625,78.83671264509384,LKH,27.56569895089807
Attention:batch_greedy_mean,100,96,1.3627078238129615,0.9317460285489269,38.84383563441122,6.232482301171117,104.40764617919922,79.61121393115135,LKH,31.146908863231364
Attention:batch_greedy_mean,100,97,1.3580951029414245,0.964700554686727,30.326689501873627,5.506967359797371,104.64500427246094,78.27437106231298,LKH,33.689996932910155
Attention:batch_greedy_mean,100,98,1.437339212531824,0.984151999700341,30.33983468608954,5.508160735317148,112.57846069335938,78.23560346249636,LKH,43.89671161330773
Attention:batch_greedy_mean,100,99,1.3416489925514907,0.8774099801301276,19.832747148470506,4.453397259224749,107.16058349609375,79.94508590284802,LKH,34.042739820579996
Attention:batch_greedy_mean,100,100,1.2966130913235248,0.8549292745799494,42.34764449088407,6.5075067799337765,100.75225830078125,78.25021836330201,LKH,28.7565203115552
Attention:batch_greedy_mean,100,101,1.3938046890497207,0.6926063444911954,41.829752563801314,6.46759248591014,105.6561508178711,79.93841448486485,LKH,32.17193698265746
Attention:batch_greedy_mean,100,102,1.410399285852909,0.7522956501001715,42.69381659558376,6.5340505504307025,96.69635009765625,74.04266092002429,LKH,30.59545523640877
Attention:batch_greedy_mean,100,103,1.459191387668252,0.6388200493055654,25.363159863779995,5.036185050589384,100.77081298828125,75.06421604130553,LKH,34.24614057493143
Attention:batch_greedy_mean,100,104,1.3372796137999103,0.9358922727956938,140.07704931640487,11.83541504622482,112.58092498779297,80.83206548001749,LKH,39.27755565719661
Attention:batch_greedy_mean,100,105,1.362623941320926,0.8270814042088023,46.91741348992355,6.849628711829828,112.46708679199219,80.34319492989393,LKH,39.9833388380049
Attention:batch_greedy_mean,100,106,1.440787394400504,0.9006071576232508,21.574591110772364,4.64484564983298,106.00772094726562,78.51648262256633,LKH,35.01333402420917
Attention:batch_greedy_mean,100,107,1.3688562429626472,0.8532348333658112,21.438354532262483,4.630157074253797,106.07949829101562,75.56094963936614,LKH,40.38931325943761
Attention:batch_greedy_mean,100,108,1.4350261703133582,0.7409513427101285,53.1331217677191,7.289246995933057,103.55057525634766,77.31612663070769,LKH,33.931405734984686
Attention:batch_greedy_mean,100,109,1.3173286394227761,1.0477062795473824,66.6859966573152,8.166149438830715,118.504638671875,75.69732179845967,LKH,56.550635949033534
Attention:batch_greedy_mean,100,110,1.4582708358758827,0.8041672565128704,46.75995770680119,6.838125306456528,100.4719009399414,78.04113557501749,LKH,28.74223343836689
Attention:batch_greedy_mean,100,111,1.4497187858447433,0.7489579018195439,24.65947996678772,4.965831246305871,124.21534729003906,76.13428587062653,LKH,63.15296829751017
Attention:batch_greedy_mean,100,112,1.4500231462856754,0.8339770839839814,53.36127331771222,7.304880102897803,122.19043731689453,78.94571182102005,LKH,54.77780173027733
Attention:batch_greedy_mean,100,113,1.4362404744653032,0.8185360201461047,53.48649537402188,7.3134462036731955,112.94190979003906,75.87248199325458,LKH,48.857539417361
Attention:batch_greedy_mean,100,114,1.3855008681491017,0.8310796519813547,14.621374286089125,3.823790565144635,94.88865661621094,73.31991439500437,LKH,29.417304151511857
Attention:batch_greedy_mean,100,115,1.3720574944466353,0.8350677929823607,22.671134911662286,4.761421522157252,111.94073486328125,73.65557446069344,LKH,51.97863255145585
Attention:batch_greedy_mean,100,116,1.4170185048133135,0.7024999252564327,46.04418911734182,6.785586866096537,103.2603759765625,79.142004069765,LKH,30.474805623492628
Attention:batch_greedy_mean,100,117,1.4262841018289327,0.701143062892367,18.25895829741926,4.273050233430361,109.10846710205078,81.6694205061004,LKH,33.59769963581509
Attention:batch_greedy_mean,100,118,1.351862255046144,0.8696126904927022,38.98341208626571,6.243669761147342,101.89167022705078,80.97199091337812,LKH,25.835698341729092
Attention:batch_greedy_mean,100,119,1.3196279248129577,0.8682234041646337,55.83352055417878,7.47218311835161,95.07080078125,75.89166567004683,LKH,25.271727721180916
Attention:batch_greedy_mean,100,120,1.4442625326175766,0.9865068099208307,78.39516717763097,8.854104538440405,109.40335845947266,78.69507936523969,LKH,39.02185415140083
Attention:batch_greedy_mean,100,121,1.375281484531515,0.9077745606869828,46.902362851687194,6.848529977424877,107.99164581298828,78.22201918180235,LKH,38.057860104577266
Attention:batch_greedy_mean,100,122,1.4010832450904127,0.9554760287653851,60.3953421014764,7.771444016492456,100.21489715576172,78.91065926659563,LKH,26.99792155732828
Attention:batch_greedy_mean,100,123,1.4308138916664757,0.8693838453425399,37.794975585651045,6.147761835469153,100.14717864990234,75.34988731750818,LKH,32.90952676266619
Attention:batch_greedy_mean,100,124,1.379068962186575,0.9018360257646799,84.82403786233935,9.209996626619326,102.16412353515625,80.22617726032047,LKH,27.345122283030925
Attention:batch_greedy_mean,100,125,1.4426441569951203,0.8365636460599888,50.314630519782995,7.093280659876853,106.27290344238281,73.57363610878426,LKH,44.444272518012
Attention:batch_greedy_mean,100,126,1.360715301661985,0.9588228169937054,14.904026918835948,3.8605733924944294,105.4237289428711,75.56078335608964,LKH,39.521752237597354
Attention:batch_greedy_mean,100,127,1.3687001720632817,0.8931671493248657,56.87090035176468,7.5412797555696525,108.22325134277344,80.37115860795406,LKH,34.65433772166991
Attention:batch_greedy_mean,100,128,1.4360287218308077,0.8029632272102643,24.36460774523235,4.936051837778079,111.2008285522461,77.17338524578359,LKH,44.09219991852257
Attention:batch_greedy_mean,100,129,1.3142760664899833,1.0641792040299558,29.2819146166674,5.411276616166226,104.26885986328125,76.78681542640328,LKH,35.790056254147274
Attention:batch_greedy_mean,100,130,1.3908314190525561,0.8271132991668761,24.70404944018327,4.970316834989824,106.24828338623047,78.75349371603161,LKH,34.91246974939198
Attention:batch_greedy_mean,100,131,1.3929025882482529,0.8040605216191657,20.38793080505045,4.515299636242367,106.45087432861328,78.72177158682814,LKH,35.22418535919334
Attention:batch_greedy_mean,100,132,1.3375057344234664,0.8845285501545105,33.477074995188595,5.785937693683591,101.98251342773438,77.5433881516753,LKH,31.516710655273418
Attention:batch_greedy_mean,100,133,1.4131297008693218,0.7883380568538602,15.796898048527257,3.974531173425019,99.31352233886719,77.82201500089566,LKH,27.616230879814896
Attention:batch_greedy_mean,100,134,1.361619238704443,0.6941448685795701,69.69064940542712,8.348092560904384,114.37724304199219,79.09572594025641,LKH,44.60609809483898
Attention:batch_greedy_mean,100,135,1.4584556222520768,0.8709006248637171,55.921472813774535,7.478066114562945,103.23725891113281,77.88976295484372,LKH,32.54278225366304
Attention:batch_greedy_mean,100,136,1.304453439626086,0.9706431619342618,126.24736096271188,11.235985090890424,95.04076385498047,73.95946242650787,LKH,28.503859731837146
Attention:batch_greedy_mean,100,137,1.3967617153376342,0.7646140746829269,31.697016636344703,5.630010358458029,104.71057891845703,79.99951857445286,LKH,30.88901131449487
Attention:batch_greedy_mean,100,138,1.3204150158166885,0.8310580843492058,31.226757133283684,5.588090651849134,101.80786895751953,77.34470370756415,LKH,31.62875294273438
Attention:batch_greedy_mean,100,139,1.4162466611154378,0.8216255691235471,72.21388285912636,8.49787519672573,116.49235534667969,80.3741578922459,LKH,44.937574963903025
Attention:batch_greedy_mean,100,140,1.3956717818975448,0.6431270395704698,71.71463798669198,8.468449562150795,111.06796264648438,83.06864905953354,LKH,33.70623442652151
Attention:batch_greedy_mean,100,141,1.3270556298363954,0.8816335734026324,38.70128364098433,6.221035576251299,106.60124206542969,78.18394606039585,LKH,36.34671494206998
Attention:batch_greedy_mean,100,142,1.4125253937073285,0.8785716658132283,32.32933975473609,5.685889530648312,102.09877014160156,79.19748707707161,LKH,28.916678937354916
Attention:batch_greedy_mean,100,143,1.4561286935256794,0.7514174355740663,42.10152331094269,6.4885686642697005,103.92241668701172,73.84169035208325,LKH,40.73677917109034
Attention:batch_greedy_mean,100,144,1.4376605624030345,0.9405877215916175,40.29241406567267,6.347630586736493,118.70781707763672,76.56046909358969,LKH,55.05105765813022
Attention:batch_greedy_mean,100,145,1.3284093958558514,0.814618860164983,30.981784349760662,5.566128308776277,100.04047393798828,77.20709769629427,LKH,29.57419320631962
Attention:batch_greedy_mean,100,146,1.4211810947209598,0.6290703311972909,60.4019472451566,7.7718689673177455,103.59385681152344,76.76823622027484,LKH,34.94364585149062
Attention:batch_greedy_mean,100,147,1.362000131054956,0.9506786063594549,98.64519564090844,9.932028777692322,102.42230987548828,79.60901168880321,LKH,28.65667806034791
Attention:batch_greedy_mean,100,148,1.2888103152930852,1.021146767969237,80.22088359858276,8.956611167097897,105.73619842529297,82.18916910058726,LKH,28.649796052674116
Attention:batch_greedy_mean,100,149,1.3077857759967446,1.0008292340003602,26.99057127244807,5.1952450637528225,107.36842346191406,78.80842809680401,LKH,36.239772895899534
Attention:batch_greedy_mean,100,150,1.32874027832062,0.9022379752971921,32.34474629913655,5.687244174390313,104.97787475585938,81.0813631283863,LKH,29.47226181882849
Attention:batch_greedy_mean,100,151,1.4148567990818992,0.8093783018711314,33.62540374372723,5.798741565523267,97.96891021728516,73.22837131447913,LKH,33.78545563516334
Attention:batch_greedy_mean,100,152,1.3125370990950613,0.9562987044156089,22.720706834835646,4.766624259875709,102.70469665527344,78.5642213573103,LKH,30.727059825581655
Attention:batch_greedy_mean,100,153,1.3518171334511135,0.9318402691555382,65.32695704466981,8.082509328461663,91.3639907836914,73.79927598132744,LKH,23.800660059060956
Attention:batch_greedy_mean,100,154,1.5036076714843511,0.5783734798158565,24.296317158491842,4.929129452397436,101.14356231689453,77.06114474594528,LKH,31.25105090294728
Attention:batch_greedy_mean,100,155,1.376776082260767,0.8217080525714748,56.054497250832284,7.486955138828621,107.47953796386719,77.70406977255895,LKH,38.31905880665132
Attention:batch_greedy_mean,100,156,1.306491578448331,0.9135838112924171,29.4407099142731,5.425929405574045,105.37986755371094,79.92172830030731,LKH,31.85383974398579
Attention:batch_greedy_mean,100,157,1.3484372943466816,0.914156224661918,61.47676710035595,7.840712155177995,102.96311950683594,73.24882281711321,LKH,40.56624468070024
Attention:batch_greedy_mean,100,158,1.3276547588407994,0.869299303963793,35.4282571306853,5.952164071216897,105.7203369140625,76.7155965129105,LKH,37.808140351578686
Attention:batch_greedy_mean,100,159,1.353837487883866,0.7606802609798496,19.215860051662585,4.383589858969767,103.42182922363281,72.76666192551178,LKH,42.12803842713227
Attention:batch_greedy_mean,100,160,1.319762778085278,0.8574040675988545,46.72151073954017,6.8353135070412225,98.6993408203125,75.71971208182366,LKH,30.348278019938547
Attention:batch_greedy_mean,100,161,1.3599652542261174,0.967627073133092,88.77075614895446,9.421823398310671,106.14039611816406,78.5423354036308,LKH,35.137815259383636
Attention:batch_greedy_mean,100,162,1.301240317021293,1.0487670934281283,44.30930120512814,6.65652320698487,105.27910614013672,78.49117461823522,LKH,34.12859044624117
Attention:batch_greedy_mean,100,163,1.3663781388569622,0.8101382113868205,24.620344448334887,4.961889201537544,103.6809310913086,79.2195647517237,LKH,30.877935793067657
Attention:batch_greedy_mean,100,164,1.3650766461103923,0.8407761975578134,10.249036110352396,3.20141158090496,106.04473876953125,78.74951865438308,LKH,34.660808829755254
Attention:batch_greedy_mean,100,165,1.4193741052784026,0.8857052940680442,24.595537244294935,4.959388797452256,116.51200866699219,77.76432698494652,LKH,49.827064907983285
Attention:batch_greedy_mean,100,166,1.3582560687229852,0.9824984333191595,8.748592826551553,2.957802026260641,111.80158233642578,76.56953223983754,LKH,46.013145262833056
Attention:batch_greedy_mean,100,167,1.402928925768938,0.8121816831721554,78.93760433312498,8.884683693476374,94.61316680908203,75.09206100524733,LKH,25.996231216067688
Attention:batch_greedy_mean,100,168,1.3130710695998278,0.897615931927998,35.421109400273224,5.951563609697306,104.0306396484375,79.79503680081335,LKH,30.37231865450699
Attention:batch_greedy_mean,100,169,1.4274080542009324,0.7578661255401667,15.732907446088038,3.9664729226465214,95.87326049804688,73.25026373807609,LKH,30.884526014629447
Attention:batch_greedy_mean,100,170,1.3650234115531203,0.9597957984570087,76.83166382504255,8.76536729550123,101.63954162597656,78.72724763659113,LKH,29.103385012454286
Attention:batch_greedy_mean,100,171,1.390894680712372,0.7553327122476402,40.007559168077265,6.325152896814216,105.27537536621094,81.12866128229771,LKH,29.763481490088438
Attention:batch_greedy_mean,100,172,1.4038242327069748,0.8473096763133399,73.37315334392808,8.565813057960586,102.6801986694336,76.14469502764184,LKH,34.84878839183597
Attention:batch_greedy_mean,100,173,1.334897589182001,0.9679065555014094,36.31302305644903,6.026028796516743,99.17848205566406,76.03449770318781,LKH,30.438794299427485
Attention:batch_greedy_mean,100,174,1.4336387884244324,0.8291661055753705,65.77787964064281,8.11035632020214,109.68090057373047,77.7681328361198,LKH,41.03579007722893
Attention:batch_greedy_mean,100,175,1.39885233475914,0.8406516735299531,37.42196179334282,6.117349245657208,104.26937866210938,79.58224879111934,LKH,31.0209000700479
Attention:batch_greedy_mean,100,176,1.4372634395725254,0.9160458554282167,150.37396206321313,12.262706147633692,115.66748046875,79.79799337102578,LKH,44.950362261550595
Attention:batch_greedy_mean,100,177,1.509327148348093,0.6024927880492557,40.66796126708487,6.377143660533678,114.56736755371094,80.91847292691104,LKH,41.583699506036155
Attention:batch_greedy_mean,100,178,1.3937376974863582,0.9528637726602116,54.01999103203412,7.349829319925336,101.23771667480469,77.33227216821868,LKH,30.91263690608389
Attention:batch_greedy_mean,100,179,1.453549350767862,0.8149026495960052,54.08721779546966,7.354401253363163,105.29381561279297,77.81010252047521,LKH,35.32152278694865
Attention:batch_greedy_mean,100,180,1.4036168096959591,0.7731700023043976,16.527828852527566,4.065443254127103,106.29963684082031,78.29478978398465,LKH,35.76846829029242
Attention:batch_greedy_mean,100,181,1.4150075161224231,0.7649298210268053,19.977749530712714,4.469647584621489,107.18148803710938,77.95522813162046,LKH,37.49108380023336
Attention:batch_greedy_mean,100,182,1.3274767404794694,0.7269085035845427,59.82137543380549,7.73442793190327,99.92971801757812,77.96553124642446,LKH,28.171663067018414
Attention:batch_greedy_mean,100,183,1.421520113372244,0.8344877256028376,19.703277362586835,4.438837388617298,107.77018737792969,80.02256007784356,LKH,34.67475581022909
Attention:batch_greedy_mean,100,184,1.383307194504887,1.0531402697327175,43.84521909932841,6.6215722528209575,106.27296447753906,78.16639606383364,LKH,35.95735485969256
Attention:batch_greedy_mean,100,185,1.32347501328215,0.9695068106771824,68.07472795761551,8.250741055057752,103.30934143066406,80.60664869421133,LKH,28.16478926270396
Attention:batch_greedy_mean,100,186,1.33944205087726,0.9420803506860829,28.475008232307232,5.336197919146856,102.498779296875,77.39057475857699,LKH,32.443491493148954
Attention:batch_greedy_mean,100,187,1.4247059571184217,0.9029502838582966,17.716312985617858,4.209075074837447,103.07763671875,76.19595828486808,LKH,35.279664484803
Attention:batch_greedy_mean,100,188,1.3483252911269665,0.8805055972018591,41.104233078892285,6.411258306985633,99.79991149902344,78.22079600895056,LKH,27.587440413676756
Attention:batch_greedy_mean,100,189,1.3465769037604332,0.9022406496497197,29.84310714667119,5.462884507901589,98.96089935302734,77.5011907748845,LKH,27.68952110745787
Attention:batch_greedy_mean,100,190,1.3656583068669716,0.8977643157870959,22.974906471433677,4.793214628141919,101.54791259765625,79.03746535968617,LKH,28.480730164522406
Attention:batch_greedy_mean,100,191,1.4168629279856395,0.8046561993740056,25.96222953977934,5.095314469174531,108.16056060791016,80.08456352568504,LKH,35.057938566675794
Attention:batch_greedy_mean,100,192,1.3518182991212233,0.8555319268876482,24.176854527166206,4.916996494524499,103.46080780029297,74.81717777660667,LKH,38.284830937103855
Attention:batch_greedy_mean,100,193,1.3429515643650667,0.9368618534189623,24.751254371460867,4.975063253011047,106.80445861816406,80.38084924803842,LKH,32.87301592023237
Attention:batch_greedy_mean,100,194,1.4828964225808159,0.7825289753430854,24.36423372532127,4.936013951086572,112.30828857421875,79.20074216682247,LKH,41.80206586658121
Attention:batch_greedy_mean,100,195,1.3698024441255257,0.921487148914467,55.67422070204235,7.461515978810362,107.26266479492188,78.26319739039417,LKH,37.05377287343876
Attention:batch_greedy_mean,100,196,1.4568410030845553,0.6927679072093185,36.720617253375124,6.059753893795945,103.2705307006836,76.66044141518505,LKH,34.71163065887013
Attention:batch_greedy_mean,100,197,1.3953035528116198,0.9454905694468687,36.15183386614951,6.012639509079977,118.62665557861328,79.96944413636017,LKH,48.339977674893724
Attention:batch_greedy_mean,100,198,1.354396738584619,0.7556152829977563,55.88270199664435,7.475473362713852,104.08817291259766,79.28934070023888,LKH,31.27637585752313
Attention:batch_greedy_mean,100,199,1.376310341237113,0.9450438009729879,39.88640738019524,6.315568650580503,107.4489974975586,78.0342963254411,LKH,37.69458117421067
Attention:batch_greedy_mean,100,200,1.4246632571332156,0.7334708847997373,26.38997444267579,5.137117328101023,108.57376098632812,79.25127838771374,LKH,36.999381202613165
Attention:batch_greedy_mean,100,201,1.3782957245665601,0.871120037566549,27.787022572086585,5.271339732182568,100.6544189453125,77.4224380445555,LKH,30.00678031785478
Attention:batch_greedy_mean,100,202,1.39263391500921,0.7498936992550541,31.491580658854957,5.611735975511941,108.1831283569336,80.5278073175181,LKH,34.34257303240806
Attention:batch_greedy_mean,100,203,1.3800975117646157,0.8215776163705882,12.029017573903298,3.4682874122401244,113.50181579589844,78.73550194760632,LKH,44.155829312458025
Attention:batch_greedy_mean,100,204,1.3799746032887015,0.905555683746024,62.10731719024146,7.880819576049274,116.85966491699219,79.32836324818177,LKH,47.311327414373
Attention:batch_greedy_mean,100,205,1.3940359433565026,0.9877784922590284,41.613104626808465,6.450822011713582,107.99710845947266,79.88836808764452,LKH,35.18502260678349
Attention:batch_greedy_mean,100,206,1.2367342591052874,1.0294715895956947,18.47215641384351,4.297924663583985,102.25274658203125,76.68231579831954,LKH,33.34592926348748
Attention:batch_greedy_mean,100,207,1.290347794285044,0.950228333702092,65.8876092741925,8.117118286325049,101.60591125488281,77.0882443224943,LKH,31.80467676734242
Attention:batch_greedy_mean,100,208,1.3758462481344578,1.1473134533968814,18.722450043137503,4.326944654503626,99.21586608886719,76.87217832322926,LKH,29.066026556042186
Attention:batch_greedy_mean,100,209,1.3693479267321527,0.9520165051562255,86.26472995329536,9.287880810674487,99.42974090576172,78.09672820198386,LKH,27.316141399168036
Attention:batch_greedy_mean,100,210,1.426889963610738,0.835583745670096,75.90713748726161,8.71247022877333,102.83013916015625,77.20051236552926,LKH,33.19877810302053
Attention:batch_greedy_mean,100,211,1.362454644711688,0.8766686492332638,32.702197363481424,5.718583510230609,94.35295104980469,76.74674678204505,LKH,22.940652217819636
Attention:batch_greedy_mean,100,212,1.3823367896676064,0.8799356291188752,45.46426011932535,6.742719044964379,106.66726684570312,79.11733457935512,LKH,34.821613256846106
Attention:batch_greedy_mean,100,213,1.3389290767628699,0.9307027058273243,31.397576445644344,5.603354035365278,104.25762939453125,76.2659442186597,LKH,36.70273208133039
Attention:batch_greedy_mean,100,214,1.4429483663896099,0.7058804570841959,30.58882158889056,5.530716191316507,106.84483337402344,77.56142773385315,LKH,37.75511423107673
Attention:batch_greedy_mean,100,215,1.353846039287746,0.7773237929290786,26.360913529221698,5.134288025541779,106.9092025756836,78.16630029325897,LKH,36.771475910448586
Attention:batch_greedy_mean,100,216,1.499823355022818,0.6555314600002947,58.03514306695784,7.618080011850614,113.5050048828125,78.75632006439012,LKH,44.12177307168785
Attention:batch_greedy_mean,100,217,1.3694294096995145,0.8315351323457848,26.744581592537575,5.17151637264522,101.06085968017578,77.97091456988474,LKH,29.61353632654353
Attention:batch_greedy_mean,100,218,1.359089417840587,0.9399085156857696,62.422499388126006,7.900791060908142,107.76811218261719,79.31053902809013,LKH,35.88120003124424
Attention:batch_greedy_mean,100,219,1.360039495974779,0.6951074133874058,51.921348838312404,7.205647010387922,102.73521423339844,78.7376567009148,LKH,30.477866040182562
Attention:batch_greedy_mean,100,220,1.4065202429168857,0.8609608303286866,85.74959092170124,9.260107500547779,98.43154907226562,71.24622763832609,LKH,38.15685733137049
Attention:batch_greedy_mean,100,221,1.3885369452880696,0.7637132779974735,101.15215668628689,10.057442850262033,109.58636474609375,78.86959054135549,LKH,38.94628334431612
Attention:batch_greedy_mean,100,222,1.336258687339723,0.8258619858942303,51.94738326197018,7.207453313200869,110.40985107421875,82.33429792244206,LKH,34.09946263004942
Attention:batch_greedy_mean,100,223,1.3607105854526163,0.8572832873134928,52.03448909257559,7.213493542838698,99.59211730957031,77.1707009075511,LKH,29.054312243295044
Attention:batch_greedy_mean,100,224,1.370526087508988,0.8373533008142305,37.344590214119854,6.111022026970599,96.3936996459961,76.69139222111708,LKH,25.690376526316278
Attention:batch_greedy_mean,100,225,1.442185579277575,0.745596786014896,35.28326138733958,5.939971497182421,108.34811401367188,76.53018277106663,LKH,41.57566347095473
Attention:batch_greedy_mean,100,226,1.3773159940203186,0.903517240837584,25.577386218688495,5.0574090420578495,99.65373229980469,77.21912048999214,LKH,29.053182252600447
Attention:batch_greedy_mean,100,227,1.3243417116440832,0.8822271811681465,46.553795978959826,6.823034220855105,99.45159912109375,77.29373948314915,LKH,28.667081947529844
Attention:batch_greedy_mean,100,228,1.4272993312589823,0.8670161620203118,24.7434671708346,4.974280568166074,113.47023010253906,78.89952426085762,LKH,43.816114438641954
Attention:batch_greedy_mean,100,229,1.4086582206189633,0.6889451944630118,33.69499993815952,5.804739437576808,105.14242553710938,78.18232333878774,LKH,34.48362883959757
Attention:batch_greedy_mean,100,230,1.4352190501894801,0.7378989621622764,79.66317590085131,8.925423009631047,109.43482971191406,77.18334710934515,LKH,41.78554547119918
Attention:batch_greedy_mean,100,231,1.38417585701216,0.8730517261803294,31.978483698216195,5.654952139339129,110.81777954101562,75.7601107669019,LKH,46.274574336327035
Attention:batch_greedy_mean,100,232,1.285775037035346,0.955756513375989,47.878979801603464,6.919463837726408,95.75257110595703,71.50412800775747,LKH,33.9119485459201
Attention:batch_greedy_mean,100,233,1.4020379255712032,0.8282774937217628,72.50404064077094,8.514930454253337,109.09406280517578,78.57374333288868,LKH,38.842898629614076
Attention:batch_greedy_mean,100,234,1.423420164884883,0.9181333891445285,47.64252668579809,6.902356603783819,101.37580871582031,78.00158204426748,LKH,29.966349475177935
Attention:batch_greedy_mean,100,235,1.411312121036026,0.977137133001962,19.050420260580175,4.3646787121826245,105.19068145751953,76.19250095914406,LKH,38.05910048014421
Attention:batch_greedy_mean,100,236,1.525970495417714,0.5966954291075401,35.99182676066754,5.999318858059433,110.12857818603516,76.23451294940877,LKH,44.460263370632916
Attention:batch_greedy_mean,100,237,1.429754798106569,0.912517857117836,28.461947486771383,5.334973991199149,98.34647369384766,74.78863326232218,LKH,31.49922575653445
Attention:batch_greedy_mean,100,238,1.4134055772714782,0.8297459145425807,57.95902262603937,7.613082334116673,106.6341781616211,81.34209658299628,LKH,31.09347145093364
Attention:batch_greedy_mean,100,239,1.3844848055671901,0.8327020390360553,21.155796938287104,4.599543122777208,98.64596557617188,76.06991004141784,LKH,29.678036325351286
Attention:batch_greedy_mean,100,240,1.3917284755408763,0.8287551145690284,36.35865162632514,6.029813564806555,108.9086685180664,80.09257928846881,LKH,35.97847576591448
Attention:batch_greedy_mean,100,241,1.4706972458865493,0.6509145189990544,25.140603846296294,5.014040670586577,104.96441650390625,77.90957064837153,LKH,34.72595937877912
Attention:batch_greedy_mean,100,242,1.3795280323177577,0.7228474307345567,64.51358967668533,8.032035213859892,103.93040466308594,75.03742823136128,LKH,38.50475304489324
Attention:batch_greedy_mean,100,243,1.4714597789169783,0.9376251602310621,68.722587112522,8.289908751760903,104.8497543334961,76.6030630310376,LKH,36.87410161524957
Attention:batch_greedy_mean,100,244,1.31498332468007,0.9370987512137406,25.235257430415313,5.0234706558728215,100.433349609375,77.68923780043043,LKH,29.275756144461173
Attention:batch_greedy_mean,100,245,1.365585638191551,0.8767025415399067,57.1176796172155,7.557623939917591,106.72978973388672,79.95916986377628,LKH,33.48036243462586
Attention:batch_greedy_mean,100,246,1.41584383113659,0.93566260358852,31.689833778056975,5.629372414226738,104.57672119140625,78.81643746040123,LKH,32.683897624714945
Attention:batch_greedy_mean,100,247,1.3191596848133487,0.892849134263705,30.01584548585941,5.47867187243947,109.53343963623047,80.65261525896115,LKH,35.808912438286285
Attention:batch_greedy_mean,100,248,1.3572851885727142,0.9141574323271402,56.22269761058711,7.498179619786866,102.70538330078125,77.74856731191716,LKH,32.09939019035629
Attention:batch_greedy_mean,100,249,1.3235735835786908,1.000808082191486,14.307550794004566,3.782532325572984,106.1468505859375,76.74904316933335,LKH,38.303809666712105
Attention:batch_greedy_mean,100,250,1.3622181523287145,0.7422308584788888,31.259255056732343,5.590997679907616,99.95708465576172,71.73662821201744,LKH,39.338978074546226
Attention:batch_greedy_mean,100,251,1.419098928552121,0.8633476277470704,54.250582203860276,7.365499453795396,103.59109497070312,76.3451024419032,LKH,35.687937611366074
Attention:batch_greedy_mean,100,252,1.3892416598461568,0.7570282207428248,35.39913749180659,5.949717429576516,106.22870635986328,77.41339971457695,LKH,37.22263426167602
Attention:batch_greedy_mean,100,253,1.357111240332015,0.8760118041275416,46.43897931154431,6.814615125709177,106.22306060791016,76.80918691508977,LKH,38.29473383872236
Attention:batch_greedy_mean,100,254,1.392120613371303,0.969076880392724,20.96441597579356,4.578691513499633,101.10108947753906,79.65287012732756,LKH,26.927114259568885
Attention:batch_greedy_mean,100,255,1.493071153455794,0.9754504464721974,45.4802370802707,6.743903697434498,109.5058364868164,77.66878485797358,LKH,40.99079403271287
Attention:batch_greedy_mean,100,256,1.404016416594386,0.6326097785288822,18.943224128099473,4.35238143182551,103.12211608886719,79.80178710815743,LKH,29.222815460389523
Attention:batch_greedy_mean,100,257,1.3149138319381746,0.9114360703432532,108.07209607597717,10.395772990787034,101.42611694335938,75.84244215563807,LKH,33.73266216193361
Attention:batch_greedy_mean,100,258,1.3592059519900068,0.9346125140085876,63.36437201427608,7.96017411959538,107.47665405273438,77.68372838297327,LKH,38.35156510882802
Attention:batch_greedy_mean,100,259,1.3784500803660193,0.9112455301833944,28.44413626025703,5.3333044409875034,103.28815460205078,78.46025196718568,LKH,31.643924168442428
Attention:batch_greedy_mean,100,260,1.3515714630088769,0.8427219777544056,34.48085063297099,5.8720397335994745,99.55036926269531,75.39458587639967,LKH,32.039148574801025
Attention:batch_greedy_mean,100,261,1.3940798376966268,0.883927723348694,16.447855283049154,4.055595552203049,98.95123291015625,74.90920278249781,LKH,32.0948951992795
Attention:batch_greedy_mean,100,262,1.332905437797308,0.7719517618635113,29.57825914348296,5.438589812026915,105.98876953125,77.69358186809217,LKH,36.418951196248464
Attention:batch_greedy_mean,100,263,1.3761375721762306,0.8578070378422997,84.25126809046212,9.178848952372086,108.15428924560547,77.54820106958982,LKH,39.467180094288075
Attention:batch_greedy_mean,100,264,1.4108962641705876,0.781254283462394,10.311529807680119,3.2111570823739095,102.17192840576172,76.54749454201738,LKH,33.47520910652267
Attention:batch_greedy_mean,100,265,1.4069084749370813,0.760914995799429,16.67573242949141,4.083593078343068,93.25950622558594,72.2480387543197,LKH,29.082405326898886
Attention:batch_greedy_mean,100,266,1.343829996921122,0.8620657059581518,86.087719265215,9.278346795912244,115.36550903320312,81.7919687917724,LKH,41.04747781154761
Attention:batch_greedy_mean,100,267,1.438762659872882,0.8140841565841833,21.989063930842804,4.6892498260215145,109.60196685791016,81.07073669410939,LKH,35.193007153065444
Attention:batch_greedy_mean,100,268,1.3445025076757884,1.0369599996720296,21.956511837969913,4.6857776129442925,103.62110900878906,76.82664155889968,LKH,34.876530987427344
Attention:batch_greedy_mean,100,269,1.344429842188256,0.9388652359052639,66.67097892621625,8.165229875895488,106.20291137695312,78.81525792042625,LKH,34.74917697304004
Attention:batch_greedy_mean,100,270,1.302874069204554,1.0403357434655698,15.890489518239837,3.9862876863367296,103.93700408935547,78.89580631911133,LKH,31.73958026230132
Attention:batch_greedy_mean,100,271,1.3911415719613434,0.8333184571637992,69.71728267279332,8.349687579352494,108.96287536621094,81.36870714103486,LKH,33.91250665608785
Attention:batch_greedy_mean,100,272,1.3439400125152314,0.924778223632829,56.167222044552766,7.494479437863097,104.76923370361328,78.7619122720817,LKH,33.020175210690326
Attention:batch_greedy_mean,100,273,1.4251433091018135,0.890151156944645,15.272328612383221,3.9079826781068543,97.11336517333984,74.64899098142683,LKH,30.093339369452828
Attention:batch_greedy_mean,100,274,1.3581294251076905,0.8442521153280925,78.24361074155192,8.845541856865069,97.02649688720703,72.96318644686423,LKH,32.98007065229672
Attention:batch_greedy_mean,100,275,1.4078727038926444,0.8061312343592949,14.184044496419814,3.7661710657403513,94.63650512695312,75.62434848300352,LKH,25.140258429099156
Attention:batch_greedy_mean,100,276,1.3601163820056899,0.8815656378955381,91.22283538714825,9.551064620614198,104.73936462402344,79.48755175917293,LKH,31.76826094903146
Attention:batch_greedy_mean,100,277,1.3439916195347905,0.900530515633264,18.996958605801492,4.358550057737262,104.26860046386719,80.70800929372662,LKH,29.19238298196003
Attention:batch_greedy_mean,100,278,1.3842765502986731,0.9076671384725244,116.07634952955577,10.773873469163993,104.87876892089844,76.94850733904052,LKH,36.29734032239927
Attention:batch_greedy_mean,100,279,1.3583746172196698,0.9126777777957454,25.724236178824274,5.071906562509238,104.76905822753906,78.15307477075575,LKH,34.056220481222574
Attention:batch_greedy_mean,100,280,1.3754421075343999,1.051090170517658,30.13500512707548,5.489535966461599,97.86530303955078,76.0165622809175,LKH,28.742079493008056
Attention:batch_greedy_mean,100,281,1.3914866101788357,0.8851890955504809,33.833211387135876,5.816632306338082,113.74418640136719,78.839622093449,LKH,44.27287115423466
Attention:batch_greedy_mean,100,282,1.4258495962925373,0.7422343693393328,49.844554290123725,7.060067583962899,109.87090301513672,77.23989927158784,LKH,42.24630540857264
Attention:batch_greedy_mean,100,283,1.3930768244879437,0.8178077950505298,31.607260949161635,5.6220335243719095,102.23993682861328,74.01318208496359,LKH,38.13746950002329
Attention:batch_greedy_mean,100,284,1.5008147330209614,0.6305087136057848,174.29219151863975,13.201976803442724,104.43810272216797,81.02193065221178,LKH,28.90102948851042
Attention:batch_greedy_mean,100,285,1.3152234957800828,0.9805996785970581,4.054321387640759,2.0135345508932194,94.74005889892578,73.9753870003695,LKH,28.069703641364622
Attention:batch_greedy_mean,100,286,1.359080915376544,0.7657027207170038,24.67231573151283,4.9671234866382,99.89159393310547,77.96984414665465,LKH,28.115677319064368
Attention:batch_greedy_mean,100,287,1.391639662553207,0.8276667685390191,87.43291344618284,9.350556852197778,104.36088562011719,78.76530707892796,LKH,32.496005526317305
Attention:batch_greedy_mean,100,288,1.3937273895926774,0.9168242293356592,23.122314027954616,4.808566733232952,107.9342269897461,80.9453812319963,LKH,33.3420453977448
Attention:batch_greedy_mean,100,289,1.3584524876173965,0.8450024930358679,51.81932363447189,7.198563998081276,101.17387390136719,77.24845243995105,LKH,30.97203983473264
Attention:batch_greedy_mean,100,290,1.391911696860334,1.0919814703956927,68.25701100308714,8.261780135242473,120.42735290527344,79.78024013870376,LKH,50.948847353557355
Attention:batch_greedy_mean,100,291,1.427995596677065,0.6523801600565844,34.32622040879333,5.858858285433548,100.95057678222656,76.90129585308357,LKH,31.27292025753123
Attention:batch_greedy_mean,100,292,1.3378822238079737,0.9126629071879974,52.10865217176617,7.2186322923228445,103.64837646484375,79.54805421723316,LKH,30.296557828801724
Attention:batch_greedy_mean,100,293,1.3737071706436108,0.781375983445469,25.208866216199315,5.020843177813794,99.25296020507812,76.33014890130761,LKH,30.031136626510403
Attention:batch_greedy_mean,100,294,1.3997589238901855,0.9280473574768036,117.55957676092125,10.842489417145918,104.05776977539062,77.60082943053727,LKH,34.09363087869533
Attention:batch_greedy_mean,100,295,1.372123351348564,0.9146048412403696,57.83645037873544,7.605027966992327,110.19476318359375,79.49078157809365,LKH,38.625839368978625
Attention:batch_greedy_mean,100,296,1.4267192077520303,0.8226999451537381,66.19547180589353,8.13605996818445,104.11076354980469,77.7955739053489,LKH,33.82607560228624
Attention:batch_greedy_mean,100,297,1.4203425223982777,0.857008508652336,50.64920518369904,7.116825499033895,96.65450286865234,75.0216239185036,LKH,28.835524773028997
Attention:batch_greedy_mean,100,298,1.428476915732026,0.6780031854078653,65.1551563694912,8.071874402484914,111.28374481201172,79.99336125585225,LKH,39.1162254778615
Attention:batch_greedy_mean,100,299,1.3877848845105474,1.0805912036171172,15.635431545222144,3.954166352750241,108.36937713623047,81.03341236652061,LKH,33.734189356443615
Attention:greedy_rollout,20,0,0.4052074455386901,4.129278058059626,6.767404519958832,2.6014235564319073,49.463687896728516,43.00555514025091,LKH,15.016973354758848
Attention:greedy_rollout,20,1,0.35236703165210204,3.122339632008216,3.784296170802445,1.9453267516801502,34.16654586791992,32.50407363687382,LKH,5.114658087533166
Attention:greedy_rollout,20,2,0.39412737200036646,2.8313168775077804,5.450808800501657,2.3346967255944953,40.82942199707031,37.842143864157876,LKH,7.894050991497424
Attention:greedy_rollout,20,3,0.29574958416633307,3.4489672222676253,1.0570774960977831,1.028142741110291,39.823978424072266,38.30306118495155,LKH,3.970745919697533
Attention:greedy_rollout,20,4,0.2574513443294563,4.169787900002425,0.9711969281846258,0.9854932410649125,42.17191696166992,41.40272732659889,LKH,1.857823589744217
Attention:greedy_rollout,20,5,0.39290567928655945,3.411453991197547,25.148609690097583,5.0148389495673324,43.675655364990234,40.67508640615712,LKH,7.376920921251953
Attention:greedy_rollout,20,6,0.5105361105146585,3.874224070229954,10.013292961440735,3.164378763903072,44.51010513305664,42.25790026432171,LKH,5.329665824964005
Attention:greedy_rollout,20,7,0.34033719343715346,3.4375559901350363,2.4503666144305187,1.565364690553137,33.08443069458008,33.084429915159596,LKH,2.3558528405418264e-06
Attention:greedy_rollout,20,8,0.3274731830091696,4.229562813718447,4.998182164599105,2.2356614601945224,40.29300308227539,40.12992002618849,LKH,0.40638769272520453
Attention:greedy_rollout,20,9,0.23690365279580874,4.209867403997146,12.337614281530394,3.512494025835545,44.45016860961914,42.64957073936972,LKH,4.221842890876487
Attention:greedy_rollout,20,10,0.3845676117163748,3.5110798233880276,1.1923472466296168,1.0919465401884914,41.088523864746094,40.03832204220747,LKH,2.6229915964798094
Attention:greedy_rollout,20,11,0.4743292344195652,3.820156477151003,1.2371989531723415,1.1122944543475624,34.841148376464844,33.15812865656612,LKH,5.075737950505372
Attention:greedy_rollout,20,12,0.4392293854340096,3.69449120899026,12.961027710678104,3.6001427347645683,34.76600646972656,31.321053733602263,LKH,10.998840477797977
Attention:greedy_rollout,20,13,0.3373924614630823,4.04578676654456,2.2041991858644723,1.4846545678589589,45.85576248168945,42.014431578197794,LKH,9.14288438329131
Attention:greedy_rollout,20,14,0.30780641317833213,3.306320575363742,6.451060380014623,2.539893773372151,46.87015151977539,43.73447840464041,LKH,7.169796530149698
Attention:greedy_rollout,20,15,0.30232936505369706,4.073160576279859,3.898828897637663,1.9745452381846467,42.601837158203125,41.42761083425912,LKH,2.834405123292707
Attention:greedy_rollout,20,16,0.3376638640937017,3.6814942058755378,4.153715421663485,2.0380665891141745,40.27788162231445,38.472949041109466,LKH,4.691432879960318
Attention:greedy_rollout,20,17,0.44461940198671074,2.8814389476157882,1.5998956419128998,1.2648698122387536,38.49741744995117,37.390603248327146,LKH,2.9601399963332895
Attention:greedy_rollout,20,18,0.3111186316684325,3.872970658107156,4.055701612626207,2.0138772585801266,43.84636688232422,40.312743304221755,LKH,8.765524964242275
Attention:greedy_rollout,20,19,0.4161381414167408,4.197666179770048,3.0754058496537655,1.7536835089758258,38.38553237915039,36.76083411979629,LKH,4.41964470680814
Attention:greedy_rollout,20,20,0.2687383027496253,3.8440337977708765,6.167632329230957,2.483471829763921,42.40916061401367,42.40916253881619,LKH,-4.5386477898468725e-06
Attention:greedy_rollout,20,21,0.27128224856833183,3.8890778501183036,7.5635831200018,2.75019692385869,44.49987030029297,44.190131719523755,LKH,0.7009225107884597
Attention:greedy_rollout,20,22,0.26868167916854874,3.7107060286406486,0.947157521826206,0.9732201815756834,39.921485900878906,39.921489547147495,LKH,-9.133598544942312e-06
Attention:greedy_rollout,20,23,0.2657868360732209,4.067247751388849,2.1764695328625074,1.4752862545494374,36.69183349609375,36.4622220805241,LKH,0.6297241431489565
Attention:greedy_rollout,20,24,0.27305466546094975,4.346890537018021,1.099697542389446,1.048664647248798,40.39133071899414,39.358004049744466,LKH,2.625454959412211
Attention:greedy_rollout,20,25,0.31933341959165773,4.147637892797847,3.5632572200930577,1.8876591906626201,36.17992401123047,36.179927131418616,LKH,-8.62408632176599e-06
Attention:greedy_rollout,20,26,0.33939084615958565,3.9919146105876493,3.0560484614682473,1.7481557314690952,41.08904266357422,40.17544090884528,LKH,2.274030437654245
Attention:greedy_rollout,20,27,0.4561861149766628,3.867798946944049,1.6173078168156074,1.271734176947214,38.10384750366211,36.30060626235051,LKH,4.967523760565518
Attention:greedy_rollout,20,28,0.27734729431103916,3.8389521248761875,2.5615461344690886,1.6004830940903714,41.35122299194336,40.82286964989147,LKH,1.2942582101238713
Attention:greedy_rollout,20,29,0.2535561203607358,3.2687937952553154,6.971887698139219,2.640433240613975,41.806026458740234,38.491318033511426,LKH,8.611574231734405
Attention:greedy_rollout,20,30,0.3387579684072989,4.379395453084268,2.1184279432393436,1.4554820312320396,40.26035690307617,38.59379257678951,LKH,4.318218591683422
Attention:greedy_rollout,20,31,0.5623236771594747,3.273098220484507,17.91314363479284,4.23239218820667,37.37793731689453,33.854444157823465,LKH,10.407771407042338
Attention:greedy_rollout,20,32,0.23327158781467006,3.7736067380468965,3.984435689830493,1.9961051299544554,40.07501220703125,40.075011402320555,LKH,2.0080111430175403e-06
Attention:greedy_rollout,20,33,0.3481066494024617,3.9756321730142026,1.1593157605070563,1.076715264360572,43.298728942871094,40.33075357713214,LKH,7.359087303099184
Attention:greedy_rollout,20,34,0.23947799142042642,4.256813086806963,12.44079546911614,3.5271511831953193,40.74552917480469,40.604234527841854,LKH,0.34798007795455344
Attention:greedy_rollout,20,35,0.4209917102150939,3.5645152008444034,20.623432235678333,4.54130292269502,38.45771026611328,34.64669773915638,LKH,10.999641453995887
Attention:greedy_rollout,20,36,0.2846079657654627,4.698560880385225,1.7389143258342479,1.3186790078841204,42.92872619628906,40.41070632007434,LKH,6.23107118264814
Attention:greedy_rollout,20,37,0.42363015361579526,3.5333792748946324,1.1254510394020822,1.0608727724859763,44.33351135253906,40.29669600407727,LKH,10.017732838576501
Attention:greedy_rollout,20,38,0.5077284963706916,3.0104167082248754,32.143050698855,5.669484165147214,42.81854248046875,40.40622379662785,LKH,5.970166120898989
Attention:greedy_rollout,20,39,0.2508707592301107,4.28318630862067,12.678491432794383,3.5606869327131783,43.99739074707031,42.46122768162981,LKH,3.6178018143010546
Attention:greedy_rollout,20,40,0.2727583171694278,4.557761803492223,6.879242087803521,2.6228309300836607,35.55177307128906,35.53949068806792,LKH,0.034559817778324696
Attention:greedy_rollout,20,41,0.3327897746465169,3.22732957170886,0.9102791736703791,0.9540855169587154,41.3478889465332,39.631355237159404,LKH,4.3312516039429605
Attention:greedy_rollout,20,42,0.4156157806344652,3.0097199792791973,7.756426513959872,2.7850361782138258,40.0316276550293,35.596958157903664,LKH,12.458001263630427
Attention:greedy_rollout,20,43,0.39384696175111455,3.4781524090020612,4.209019553430219,2.0515895187464324,38.02922439575195,34.20232653504459,LKH,11.188998668807583
Attention:greedy_rollout,20,44,0.47523888348368926,2.7353337107498383,2.0520897426963343,1.4325116902477042,40.91965103149414,36.48750044533679,LKH,12.147038114592993
Attention:greedy_rollout,20,45,0.4706573976764048,2.8825069245505213,0.7228775808732324,0.850222077385216,42.11712646484375,39.709477398290495,LKH,6.06315979030463
Attention:greedy_rollout,20,46,0.3200407654454466,3.5053673547754363,1.2273371893216896,1.107852512440934,44.946388244628906,42.39953880165772,LKH,6.006785722092833
Attention:greedy_rollout,20,47,0.2804885684032342,4.152734426723702,2.9338947576576353,1.7128615699050624,40.22246551513672,38.909146291412355,LKH,3.375348340691367
Attention:greedy_rollout,20,48,0.34007275501062395,4.582827953337636,24.33907113967742,4.9334644155681735,40.749759674072266,39.52194124808718,LKH,3.1066753990595277
Attention:greedy_rollout,20,49,0.39829363211538293,3.730957868616186,3.7741531585898747,1.9427179822583294,45.3504638671875,38.18157823215836,LKH,18.775770848024198
Attention:greedy_rollout,20,50,0.3777006177528165,4.003927392465621,11.13823715080141,3.3373997589143274,36.48664093017578,35.68849988456067,LKH,2.2364096226986487
Attention:greedy_rollout,20,51,0.3152466212864965,3.08925324965002,4.9947908704732455,2.2349028771902475,41.960426330566406,38.93701688841591,LKH,7.764871794916535
Attention:greedy_rollout,20,52,0.3262868948397227,4.0203788751056715,0.9712480762769097,0.9855191912270961,47.58754348754883,42.534890564611146,LKH,11.878843123535548
Attention:greedy_rollout,20,53,0.2734651458336884,3.801653353985845,6.386600530395732,2.527172437803905,40.96714401245117,38.89501099744042,LKH,5.3275033529290186
Attention:greedy_rollout,20,54,0.34830019507808174,4.694699001690667,8.421008387220786,2.9018973771001595,40.92950439453125,39.04371604385119,LKH,4.829940747858305
Attention:greedy_rollout,20,55,0.30726345066868815,3.6273027876773654,2.942000270825257,1.7152260115871778,41.93533706665039,41.93533830510774,LKH,-2.9532547034276604e-06
Attention:greedy_rollout,20,56,0.28280437517114476,3.7523956523936577,2.2531892265086215,1.5010626990597766,40.970924377441406,40.33998611249693,LKH,1.5640517653748454
Attention:greedy_rollout,20,57,0.3392096592560847,4.231515870452351,3.922635201216324,1.9805643643205146,36.30367660522461,35.77051785550901,LKH,1.4904977106264756
Attention:greedy_rollout,20,58,0.24500717733462807,4.683756408665945,1.1912289007896353,1.0914343318723465,41.762939453125,40.750257739820476,LKH,2.485092780934605
Attention:greedy_rollout,20,59,0.4340058332643366,3.0815175411429703,6.616176176107176,2.572192873037941,42.59835433959961,40.86180405281861,LKH,4.2498130638977765
Attention:greedy_rollout,20,60,0.34823401030039347,3.704408049257618,2.027748625674661,1.4239903881960232,39.31134033203125,37.62717862210138,LKH,4.475918130467075
Attention:greedy_rollout,20,61,0.39803577921811667,3.4427738055678816,7.599023279071569,2.756632597766987,50.49945068359375,45.85394634958483,LKH,10.131089478301753
Attention:greedy_rollout,20,62,0.29943536533683074,3.821782123524044,0.3148824185462508,0.561143848354636,41.67378234863281,40.95789145029406,LKH,1.7478704908614362
Attention:greedy_rollout,20,63,0.3139222087644157,3.496904886895,2.980997870392034,1.7265566513705926,43.4356575012207,37.700486459609245,LKH,15.212458989768967
Attention:greedy_rollout,20,64,0.25548673497921753,3.845269455954928,4.319883217234115,2.0784328753255696,41.55058288574219,37.749531075647326,LKH,10.06913649464368
Attention:greedy_rollout,20,65,0.32205627150833604,2.7711020634893844,1.787808345744228,1.33708950550972,45.333900451660156,39.48134752695573,LKH,14.823589596856134
Attention:greedy_rollout,20,66,0.26174053552967963,4.339513553966901,1.7455884071365144,1.3212071779764574,40.46644973754883,39.29096841636474,LKH,2.991734153069379
Attention:greedy_rollout,20,67,0.3867501746435664,4.2060891470505855,6.048311359198904,2.45933148623745,41.733726501464844,38.53302276428234,LKH,8.306391524906136
Attention:greedy_rollout,20,68,0.29433057058686246,3.9137940809965373,1.3658031677569598,1.1686758180765784,39.504600524902344,37.27122108294929,LKH,5.992235770817752
Attention:greedy_rollout,20,69,0.2799839963117847,3.6242747457340614,4.454540480182543,2.1105782336086345,36.48707580566406,32.93868272512617,LKH,10.772723093237481
Attention:greedy_rollout,20,70,0.4013824455527356,3.0522393040538796,2.7606265404412986,1.6615133283971268,42.56576156616211,38.96459169199193,LKH,9.242159914408395
Attention:greedy_rollout,20,71,0.3234447731423188,4.1175892637080835,5.463658747601937,2.337447057711027,36.172183990478516,35.47258410000107,LKH,1.972227026103302
Attention:greedy_rollout,20,72,0.2892569367075339,3.4531080367109643,19.676376660294114,4.435806201841342,43.90074157714844,39.766192991981804,LKH,10.397144594656817
Attention:greedy_rollout,20,73,0.3514707115900819,4.291050825710246,3.933594745861704,1.9833292076359144,35.02622604370117,34.38670095205194,LKH,1.8598035692373418
Attention:greedy_rollout,20,74,0.4136952116401574,4.210716368929296,4.15031870469611,2.0372331002357362,42.479129791259766,41.34745747678731,LKH,2.7369816272446266
Attention:greedy_rollout,20,75,0.31730236336768486,3.587210562913897,1.4765475368830734,1.2151327239783618,40.697784423828125,40.69188363098326,LKH,0.01450115432938399
Attention:greedy_rollout,20,76,0.33442825396959963,3.68907831931293,1.2092954616613254,1.099679708670359,44.9237174987793,41.33508119179071,LKH,8.681817486550155
Attention:greedy_rollout,20,77,0.3874381677742349,3.6168556664401033,8.337086952232564,2.8874014186171904,34.498680114746094,32.44474069600073,LKH,6.330577390000661
Attention:greedy_rollout,20,78,0.2916102645394858,3.3766313994850847,4.082060419871087,2.0204109532149856,39.492347717285156,38.10679873549911,LKH,3.635962683203063
Attention:greedy_rollout,20,79,0.24622308031030116,4.160976919122104,4.285514876452209,2.0701485155544295,35.4477653503418,35.39967377908009,LKH,0.13585314814434238
Attention:greedy_rollout,20,80,0.3879716004601505,3.423775436325422,15.999951745333073,3.9999939681620864,48.999698638916016,46.284153725399555,LKH,5.867115837587928
Attention:greedy_rollout,20,81,0.35987917296297384,3.2339892493177826,2.2082462412891988,1.4860169047790805,38.02798843383789,37.823258425432016,LKH,0.5412807275964784
Attention:greedy_rollout,20,82,0.35989959230246316,3.8904889924272323,1.3486564195521396,1.161316674965162,42.11089324951172,38.69068518731455,LKH,8.839874625219991
Attention:greedy_rollout,20,83,0.3025618981802836,3.1933892969436837,11.642141607899886,3.4120582656074157,46.87643814086914,42.320456075632876,LKH,10.76543706687389
Attention:greedy_rollout,20,84,0.27723317306845274,3.8887873339650314,23.664575295137933,4.86462488740272,40.21044158935547,38.51532352256257,LKH,4.401152351219087
Attention:greedy_rollout,20,85,0.3174423606236815,3.644316038886868,1.7319265346425488,1.3160267986034893,37.598793029785156,36.959788510226545,LKH,1.728918225226864
Attention:greedy_rollout,20,86,0.49690853563370185,2.5525020816654314,7.751463104569014,2.7841449503517257,45.122337341308594,39.586252948524894,LKH,13.984865907825183
Attention:greedy_rollout,20,87,0.24361284858969157,4.160262956875348,1.0107349785544062,1.0053531611102668,42.16539001464844,42.100309553578086,LKH,0.1545842815894938
Attention:greedy_rollout,20,88,0.3094987152488102,4.152785828602576,2.729751900379174,1.6521960841193075,36.036014556884766,35.379082890533134,LKH,1.856836335707888
Attention:greedy_rollout,20,89,0.33987559402412443,4.127560834148625,1.0454582169056097,1.0224765116645025,39.246849060058594,37.62545024839637,LKH,4.309314043973016
Attention:greedy_rollout,20,90,0.45587785560110206,3.111460371473956,2.780203568463255,1.6673942450612138,41.102115631103516,39.58033825945439,LKH,3.8447811175176643
Attention:greedy_rollout,20,91,0.28439121503397474,4.207660835762834,2.179149603192513,1.476194297236144,38.1646614074707,37.14492742866485,LKH,2.7452846172985685
Attention:greedy_rollout,20,92,0.42410978355401313,3.3662639810696304,26.984791176317096,5.194688746817955,48.5505256652832,44.46062952294068,LKH,9.198916403629037
Attention:greedy_rollout,20,93,0.3477498279098654,3.9872000372732246,4.391685920788818,2.0956349684018964,42.51448440551758,42.51448205674665,LKH,5.5246372846557345e-06
Attention:greedy_rollout,20,94,0.28551663196412846,3.6579329424647966,2.5250060441330446,1.5890267600430914,34.59113311767578,34.59113424319804,LKH,-3.2537882463412073e-06
Attention:greedy_rollout,20,95,0.43606667865333293,3.2696954525078703,2.5450777874635704,1.5953299932815062,36.1831169128418,35.17738573577826,LKH,2.8590276281975884
Attention:greedy_rollout,20,96,0.307012482531718,3.9023101965007285,2.9543017372644553,1.718808231672299,41.7258415222168,41.626573236688785,LKH,0.238473354420919
Attention:greedy_rollout,20,97,0.3539123142006247,4.0241664877129155,15.863067313831658,3.9828466344853974,40.972267150878906,37.632626892487195,LKH,8.874321391203283
Attention:greedy_rollout,20,98,0.3373891970841214,3.1635406260475225,1.4152328880074556,1.1896356114405182,44.56156539916992,39.93401562930229,LKH,11.58799008049691
Attention:greedy_rollout,20,99,0.3510309988280028,4.468402981795681,2.846047992456591,1.6870234119467906,44.49971008300781,40.63731365832258,LKH,9.504556470341894
Attention:greedy_rollout,20,100,0.3314108341767678,4.062318984242913,20.1692054234906,4.491013852516,33.75861358642578,33.7586142471758,LKH,-1.95727826212731e-06
Attention:greedy_rollout,20,101,0.36715961460249674,3.3737363529765196,3.1626676497589403,1.7783890602899413,32.79514694213867,32.79514767804942,LKH,-2.243962286431754e-06
Attention:greedy_rollout,20,102,0.35564439140071047,4.453491104122076,4.635229758114542,2.1529583735210815,38.92728805541992,38.08278235358418,LKH,2.217552525429545
Attention:greedy_rollout,20,103,0.29487069555325435,3.814683572355687,0.6114848174869918,0.7819749468410044,38.424278259277344,37.53930504506052,LKH,2.35745763847929
Attention:greedy_rollout,20,104,0.4094946751371026,3.424424336249815,1.5497908253198598,1.244905950391378,39.0098991394043,35.099782441352986,LKH,11.140002661226148
Attention:greedy_rollout,20,105,0.4550109626696212,3.456405109928055,5.9082774730709176,2.430694853960677,36.304691314697266,33.26735406119839,LKH,9.130083648706814
Attention:greedy_rollout,20,106,0.3788436768555584,3.926770072697198,3.214754980793316,1.792973781401534,36.30569839477539,36.05931272965616,LKH,0.6832788715814682
Attention:greedy_rollout,20,107,0.21643351763777902,4.365568360322789,2.008197427915206,1.4171088271248633,38.53440475463867,38.22582189411231,LKH,0.807262853317206
Attention:greedy_rollout,20,108,0.35521419864326165,4.073602108631663,1.2372522875580092,1.1123184290292099,38.83530807495117,37.802905741874774,LKH,2.731013166357718
Attention:greedy_rollout,20,109,0.2782595904645859,3.707603281911207,2.39430398316987,1.5473538648834888,41.19523239135742,40.995517265117435,LKH,0.48716332800103934
Attention:greedy_rollout,20,110,0.34939111825806324,3.92105366927577,1.113536442950896,1.0552423621855294,39.57414245605469,38.711603904087376,LKH,2.2281137048838224
Attention:greedy_rollout,20,111,0.40379085066488185,3.2275083185388516,7.287750398836543,2.6995833750481837,39.79574966430664,37.97029397805068,LKH,4.807589025545067
Attention:greedy_rollout,20,112,0.27680769880826117,4.153043044552053,1.113564017160164,1.0552554274488068,40.53356170654297,39.562308775685906,LKH,2.454995577644276
Attention:greedy_rollout,20,113,0.32925713604781776,3.124072581390584,5.4789367843076695,2.3407128795107845,38.04713821411133,36.27630281004023,LKH,4.881521177458537
Attention:greedy_rollout,20,114,0.3874680644914633,4.187193144010957,18.377889694353467,4.286944097414086,43.51215362548828,42.722542767871126,LKH,1.8482300126830726
Attention:greedy_rollout,20,115,0.37266493380338944,3.954420561752677,2.200009171970095,1.4832427892863984,42.24256134033203,41.14902146089128,LKH,2.6575112617928798
Attention:greedy_rollout,20,116,0.3306446666829288,3.884536399493956,2.321463329104707,1.5236349067623474,41.48424530029297,39.36934967619365,LKH,5.371934363899793
Attention:greedy_rollout,20,117,0.5221521450941509,3.3686608320490947,2.8202496649554485,1.6793598973881234,42.429664611816406,37.79923628395674,LKH,12.250057892902396
Attention:greedy_rollout,20,118,0.4291296454714029,3.188629130802954,2.2433667162426683,1.4977872733611632,41.87120056152344,37.107656157568954,LKH,12.837093196420735
Attention:greedy_rollout,20,119,0.26233595472876914,4.122367336623172,1.059651055349741,1.0293935376471628,41.54069137573242,41.540690481284564,LKH,2.1531848595654557e-06
Attention:greedy_rollout,20,120,0.4253907660098776,3.675756075950639,11.708521888823674,3.4217717470374427,42.54972839355469,39.03398962736969,LKH,9.00686504184508
Attention:greedy_rollout,20,121,0.36425582966548975,4.001400637623361,1.414798293933899,1.1894529389319692,40.83768081665039,39.718904638384004,LKH,2.816734722299495
Attention:greedy_rollout,20,122,0.32756596139224714,3.833798608456024,0.6404496063866524,0.8002809546569581,42.12206268310547,38.52668328354679,LKH,9.332179915664124
Attention:greedy_rollout,20,123,0.3349632651894353,3.484427833051994,0.518127193420318,0.7198105260555155,38.261470794677734,34.148538137756134,LKH,12.044242246417454
Attention:greedy_rollout,20,124,0.36334858937188985,3.664322647341951,3.2474405464328675,1.8020656332200744,35.72921371459961,35.288327312265224,LKH,1.2493831130985504
Attention:greedy_rollout,20,125,0.3209288585003378,3.5324482198519007,1.0408392873799683,1.020215314225369,40.040374755859375,38.79961320392521,LKH,3.19787093085928
Attention:greedy_rollout,20,126,0.2958184925995738,3.985890384364052,1.8784056249454981,1.3705493879993884,33.21589279174805,31.699264355704052,LKH,4.78442786250681
Attention:greedy_rollout,20,127,0.24226050186734938,4.644017511658809,7.790318895026579,2.7911142748061355,36.13303756713867,36.02015508232004,LKH,0.3133870039167065
Attention:greedy_rollout,20,128,0.3412279579957612,4.1406857848835985,8.279052634947488,2.8773342932213297,41.461891174316406,41.36774337251469,LKH,0.22758747305580856
Attention:greedy_rollout,20,129,0.38731840785912935,3.368556596049477,6.223349131972726,2.49466413209729,43.62279510498047,40.52640268766559,LKH,7.640432439016561
Attention:greedy_rollout,20,130,0.21564355549962783,4.485305050046325,2.5712048362449167,1.6034976882568046,40.647151947021484,39.9948567226537,LKH,1.6309477713375917
Attention:greedy_rollout,20,131,0.3675003795593511,3.319127226761227,5.610506813576558,2.3686508424790174,41.34618377685547,38.11688281861824,LKH,8.472101387734352
Attention:greedy_rollout,20,132,0.2574653819523519,3.9636816877603716,3.5013666303249105,1.8711939050576534,43.593875885009766,41.95864185327483,LKH,3.897252054661799
Attention:greedy_rollout,20,133,0.38547578123980203,3.1814459700020015,1.5642273388687493,1.2506907446962057,45.000457763671875,40.82167928781912,LKH,10.23666480349736
Attention:greedy_rollout,20,134,0.3232532946864012,3.929271643747806,2.2365466647453753,1.4955088313832772,39.30813217163086,39.308135764184705,LKH,-9.139466361554174e-06
Attention:greedy_rollout,20,135,0.24420296797579794,4.292574623800014,22.55069282484735,4.7487569768148115,40.4168701171875,39.78628916768762,LKH,1.5849202393371362
Attention:greedy_rollout,20,136,0.24492561644583474,3.9033660973701116,0.26502902904206077,0.5148097017753849,35.98079299926758,35.70035300666231,LKH,0.7855384302584676
Attention:greedy_rollout,20,137,0.23485833527192881,4.405478904912432,4.317533091519741,2.077867438389596,41.4466552734375,41.312203755334224,LKH,0.3254523019385423
Attention:greedy_rollout,20,138,0.17332518145631184,4.973892541432019,3.0558456338359288,1.748097718617563,41.26202392578125,40.07311115052311,LKH,2.966859175950502
Attention:greedy_rollout,20,139,0.3602216568461699,3.760449761221905,25.1658352816122,5.01655611765803,42.41748809814453,38.52842139261837,LKH,10.0940203749725
Attention:greedy_rollout,20,140,0.26685968669735305,4.341615523109687,0.5275598451487512,0.7263331502477023,38.95838928222656,37.2370636020207,LKH,4.622613905873223
Attention:greedy_rollout,20,141,0.2997178153342247,4.589530717715045,1.258296315543843,1.1217380779593082,39.63796615600586,39.11898147484209,LKH,1.3266824993834203
Attention:greedy_rollout,20,142,0.3006129489307881,4.420873020411781,3.26578624272743,1.807148649870129,39.99321746826172,39.459404208806134,LKH,1.3528163188446054
Attention:greedy_rollout,20,143,0.26041321311749926,4.577520660069538,4.782796813154462,2.1869606336544933,41.888343811035156,39.89252030155921,LKH,5.00300180181381
Attention:greedy_rollout,20,144,0.19413418021067627,4.94460702108535,0.14328883824501323,0.3785351215475431,35.45667266845703,35.45667266735172,LKH,3.117362942346307e-09
Attention:greedy_rollout,20,145,0.4086102412157743,3.7875974037034474,9.741639208688586,3.1211599139884814,35.903343200683594,34.20268848184818,LKH,4.972283742367142
Attention:greedy_rollout,20,146,0.3960084742639992,3.83094106506446,1.2565271716115813,1.1209492279365652,42.25458908081055,39.427984284349066,LKH,7.169031964901898
Attention:greedy_rollout,20,147,0.2304026497862651,4.472868942583777,3.014544789577145,1.7362444498333593,42.15536880493164,41.83278171564294,LKH,0.7711346844718072
Attention:greedy_rollout,20,148,0.2730690930466153,4.381721974801337,0.6285225246975166,0.7927941250397335,41.89033126831055,38.744413119946614,LKH,8.119669121389617
Attention:greedy_rollout,20,149,0.35610600309446455,3.0922597620042427,5.402853675286302,2.324403939784628,45.25859069824219,39.10301283771778,LKH,15.741952892660219
Attention:greedy_rollout,20,150,0.2783515158225782,3.6512585292982584,4.918458510596658,2.21775979551363,37.50856399536133,37.496287019138165,LKH,0.03274184512428262
Attention:greedy_rollout,20,151,0.32412996345665307,3.256648017369124,4.473720760416833,2.115117197797047,44.035091400146484,38.838770938824446,LKH,13.379209320261046
Attention:greedy_rollout,20,152,0.28967660800990414,4.098939527321995,3.2605990021206757,1.8057128792033013,34.55602264404297,33.884630739463475,LKH,1.981405403947821
Attention:greedy_rollout,20,153,0.433092119389039,3.108387097748442,3.162235277403311,1.7782674932088567,41.242347717285156,38.58681844332136,LKH,6.881959646049582
Attention:greedy_rollout,20,154,0.34460967120503483,3.196222578344238,1.3494739822708268,1.1616686198184174,40.03026580810547,37.87672200443883,LKH,5.685665732674171
Attention:greedy_rollout,20,155,0.297754162059482,3.82706614884192,8.46898417714398,2.910151916506075,40.551361083984375,37.88976645627621,LKH,7.024573853680444
Attention:greedy_rollout,20,156,0.4041086784520303,3.9294429772637827,7.309339708930188,2.703579055424529,45.721065521240234,39.27411762523636,LKH,16.41525840891525
Attention:greedy_rollout,20,157,0.2858085672487505,3.6585407933475067,1.0864725053452806,1.0423399183305226,34.747745513916016,32.45193966078867,LKH,7.074479606226267
Attention:greedy_rollout,20,158,0.3745535020048692,4.297183837630078,5.394591306527652,2.3226259506273608,39.70619201660156,38.095998329176254,LKH,4.226674081388026
Attention:greedy_rollout,20,159,0.28564938160125164,3.3886694429116586,0.6951350285245962,0.8337475808208359,41.901058197021484,39.12315426972734,LKH,7.10040889888991
Attention:greedy_rollout,20,160,0.23687507040776837,4.008977922094452,22.152795334722384,4.706675613925649,41.473445892333984,40.373411478309585,LKH,2.7246506394818475
Attention:greedy_rollout,20,161,0.23133094494769466,4.47872152167138,2.369210189508189,1.539223891936514,41.832061767578125,40.471652789480025,LKH,3.361387253380759
Attention:greedy_rollout,20,162,0.43775428684930373,3.5437946630882955,6.50176093736328,2.5498550816395977,47.21812057495117,41.13376755211977,LKH,14.791625919318086
Attention:greedy_rollout,20,163,0.36864541030299736,3.416427949301139,6.943550458542762,2.635061756115549,36.65369415283203,35.86376064872403,LKH,2.202595293464027
Attention:greedy_rollout,20,164,0.266189485702489,4.5067140129655865,11.066964007018896,3.326704676856498,40.11960983276367,38.33642587352783,LKH,4.651408989243233
Attention:greedy_rollout,20,165,0.2552069159733946,4.231905125814659,4.194012130790377,2.047928741629058,38.13410186767578,37.83863779962665,LKH,0.7808528140303279
Attention:greedy_rollout,20,166,0.37671029145944884,3.940619158280738,6.762448029050505,2.6004707322041725,43.33141326904297,37.84973998185815,LKH,14.482723764581348
Attention:greedy_rollout,20,167,0.42803786147997014,3.466534419203871,1.3202154987147385,1.1490063092580207,46.943870544433594,42.56206330597688,LKH,10.295100608624372
Attention:greedy_rollout,20,168,0.3335617898579585,3.8135451105720968,4.9776802006329905,2.231071536422127,36.220420837402344,35.305630448515096,LKH,2.5910609080363343
Attention:greedy_rollout,20,169,0.4038710258284482,3.9075487175894317,6.367700512597489,2.5234303066654107,39.13670349121094,36.631126903497375,LKH,6.840020494904135
Attention:greedy_rollout,20,170,0.4179703827081539,3.3369009683519337,9.235844013689038,3.0390531442686286,39.706260681152344,34.42678470989085,LKH,15.33537336045411
Attention:greedy_rollout,20,171,0.2553834924690818,4.016289996954263,1.8131817805084178,1.346544384901002,39.70053482055664,39.62132079613812,LKH,0.19992777329684597
Attention:greedy_rollout,20,172,0.25669716378906743,4.671719130760633,2.3675651116887506,1.5386894136533047,45.48412322998047,41.62826592312867,LKH,9.262594108464848
Attention:greedy_rollout,20,173,0.2928221160156227,3.371475102940477,4.017906944434881,2.0044717370007694,39.9549674987793,39.10658042575512,LKH,2.169422802474031
Attention:greedy_rollout,20,174,0.1988851830483327,4.943019804463025,1.352749155937943,1.163077450532828,41.7308349609375,41.53730807086801,LKH,0.46591100641214
Attention:greedy_rollout,20,175,0.30553821176108614,3.976037015042189,1.5074116337527925,1.2277669297357672,39.51682662963867,38.18340664828178,LKH,3.492145144720587
Attention:greedy_rollout,20,176,0.4110431341433468,3.9655965479355606,1.8372586163336802,1.3554551325417157,42.4146614074707,40.433943922009306,LKH,4.8986502263590435
Attention:greedy_rollout,20,177,0.3509934116713339,3.554729174478024,5.505452165178072,2.3463699975021144,34.53383255004883,34.46770804962616,LKH,0.19184478505928493
Attention:greedy_rollout,20,178,0.4219205517516002,4.399228371262264,1.8936790414482674,1.3761101123995374,45.23528289794922,43.26949119435626,LKH,4.5431357044692
Attention:greedy_rollout,20,179,0.32137185494502774,3.5201590851837765,6.2076262206265005,2.49151083092699,41.783851623535156,41.29416919239083,LKH,1.1858391649990054
Attention:greedy_rollout,20,180,0.2815526521124411,3.738315399777796,2.6289656168007958,1.6214085286567341,36.83732223510742,36.49819077969959,LKH,0.9291733320558361
Attention:greedy_rollout,20,181,0.2925120906729717,3.925091625069146,2.69938793620138,1.64298141687646,41.60011672973633,39.95912119186416,LKH,4.106685755156893
Attention:greedy_rollout,20,182,0.3061310971597777,4.278288060818285,2.477898336621266,1.5741341545818979,45.10253143310547,44.30312851901695,LKH,1.80439382231297
Attention:greedy_rollout,20,183,0.3842771919755137,4.018507887230919,1.6462984016446092,1.2830816036576198,35.832977294921875,35.169288009155466,LKH,1.8871274436765229
Attention:greedy_rollout,20,184,0.34854383434867486,3.600895307515908,1.195754970269459,1.0935058162942979,38.664527893066406,37.120174247540945,LKH,4.16041593777747
Attention:greedy_rollout,20,185,0.33138338366698006,3.2939887638725507,1.4426746038478957,1.201113901279931,39.258426666259766,37.43340979593331,LKH,4.87536903604417
Attention:greedy_rollout,20,186,0.4232138508639764,3.423497313959942,10.237199413794437,3.199562378481538,38.6073112487793,35.9686385273811,LKH,7.336037251978571
Attention:greedy_rollout,20,187,0.24573950719350252,4.252719601337575,2.309442484894301,1.5196849952849771,38.67353057861328,38.6040640475591,LKH,0.17994616050942575
Attention:greedy_rollout,20,188,0.3053011286594483,4.153662910762096,3.99316856799406,1.9982914121804307,41.63951110839844,41.60302952752586,LKH,0.0876897218469097
Attention:greedy_rollout,20,189,0.47997851138934494,3.1927366829655264,0.7235851718676213,0.850638096882347,36.80384063720703,36.449079499658986,LKH,0.9733061641552974
Attention:greedy_rollout,20,190,0.31302768413988813,4.359135617425974,7.671531148365012,2.7697529038463,44.16718292236328,40.909413456420175,LKH,7.963373685163027
Attention:greedy_rollout,20,191,0.34043614717047604,4.225451807161792,9.568245353006546,3.09325804824081,47.389739990234375,42.7448774102693,LKH,10.866477719384376
Attention:greedy_rollout,20,192,0.43117922319770513,4.2022275145835035,19.933435069923632,4.4646875668879265,43.623634338378906,37.59401296389849,LKH,16.03878090979714
Attention:greedy_rollout,20,193,0.4154686380781641,3.484693645001491,1.894066824589057,1.376251003483397,39.59284210205078,37.45368023261732,LKH,5.711486444449655
Attention:greedy_rollout,20,194,0.3756155073664559,3.86364042255603,3.140487776669341,1.7721421434719453,43.31911849975586,41.74000680218734,LKH,3.783209008690841
Attention:greedy_rollout,20,195,0.29761188418706297,3.638174499687709,5.161478710989091,2.271888798112507,40.7678337097168,39.57074646097802,LKH,3.02518237789439
Attention:greedy_rollout,20,196,0.5172191509303957,3.3570984381520903,0.6954359463998815,0.8339280223136056,38.958492279052734,35.37979205530717,LKH,10.115096827452208
Attention:greedy_rollout,20,197,0.29577044418547305,3.3664108183629353,9.488069680644468,3.0802710401269024,48.14010238647461,42.35791011998736,LKH,13.650796864406246
Attention:greedy_rollout,20,198,0.3863991627120413,3.1156154220331844,4.899384286904487,2.213455282336756,44.229652404785156,42.069100963480054,LKH,5.135720497523027
Attention:greedy_rollout,20,199,0.29137990301824174,3.2397352562260986,2.809355052467211,1.6761130786636118,36.49174880981445,35.91927089559132,LKH,1.5937904638632312
Attention:greedy_rollout,20,200,0.423078129341593,2.7516737939084948,2.242217541382803,1.4974036000299997,43.25762939453125,40.097267620115716,LKH,7.88173848741271
Attention:greedy_rollout,20,201,0.3356177703162757,4.043037956796774,3.408041069474915,1.8460880448870567,38.446720123291016,37.82191159836672,LKH,1.6519750021077175
Attention:greedy_rollout,20,202,0.41727348516142226,3.2704670209709406,2.1800558481812797,1.4765012184828294,40.034324645996094,37.1685599178939,LKH,7.710184990843672
Attention:greedy_rollout,20,203,0.40463766202647095,3.8234371821532713,5.051405899813888,2.247533292259291,33.66963195800781,32.957585708864876,LKH,2.1604927479606353
Attention:greedy_rollout,20,204,0.26547038047110616,3.9665062279996532,2.6152371583568184,1.6171694896815294,42.6967887878418,40.52496522431584,LKH,5.359223756280522
Attention:greedy_rollout,20,205,0.40715667140757433,3.648162701243436,9.481883607849943,3.0792667321701677,48.28284454345703,40.687543465159564,LKH,18.66738670227478
Attention:greedy_rollout,20,206,0.3657542625442147,2.835209068001724,2.7105285033758046,1.6463682769586532,40.32185363769531,38.68739756438052,LKH,4.2247764807515455
Attention:greedy_rollout,20,207,0.24842584686120972,4.364627817174347,2.465168562724441,1.57008552720049,38.5478515625,38.54785410391659,LKH,-6.592887336836048e-06
Attention:greedy_rollout,20,208,0.27691504117665316,4.117499981654268,0.942699059746719,0.9709269075201897,40.14316940307617,39.79605570043964,LKH,0.8722314222529833
Attention:greedy_rollout,20,209,0.3104591854265891,3.2361799270749785,7.150349599885609,2.6740137620972724,35.369781494140625,35.165600951751934,LKH,0.5806257730923808
Attention:greedy_rollout,20,210,0.36015296402974856,4.237911325615585,1.9021487647590145,1.3791840938609372,35.65810012817383,33.173483486241494,LKH,7.489767069421014
Attention:greedy_rollout,20,211,0.4386909649241716,2.5962174906849564,2.153373029068436,1.4674375724603879,40.86947250366211,37.401460299777376,LKH,9.272397858501197
Attention:greedy_rollout,20,212,0.26060637161208433,4.264672390808634,0.6069207283101709,0.7790511718174685,39.95279312133789,39.95279644359899,LKH,-8.315465741130191e-06
Attention:greedy_rollout,20,213,0.35179212743823884,3.2617612308903583,16.064199462493175,4.008016898977994,45.52090835571289,40.246181823755,LKH,13.106153908106934
Attention:greedy_rollout,20,214,0.42506075507757257,3.2919125750606653,3.706419151475425,1.9252062620601007,43.1617317199707,39.412007387886646,LKH,9.514167332761998
Attention:greedy_rollout,20,215,0.2818885325072188,4.164936293231955,1.6640423835959228,1.2899776678671313,40.116729736328125,39.6918214945371,LKH,1.0705183732863062
Attention:greedy_rollout,20,216,0.3631558996828062,4.106999290325853,1.9697279455718817,1.4034699660384193,38.769744873046875,37.4941022132059,LKH,3.40224884593097
Attention:greedy_rollout,20,217,0.27397288284555543,4.0535337699171015,2.3863648167000884,1.5447863336721,40.34587478637695,39.74356078307852,LKH,1.5155008545557314
Attention:greedy_rollout,20,218,0.3826325546226144,4.083212978488007,2.967624482638263,1.7226794486027466,44.95760726928711,40.66998522564123,LKH,10.542472587235324
Attention:greedy_rollout,20,219,0.3579905575866178,3.763128035709596,7.832968652881325,2.798744120651498,41.980342864990234,37.88790735560303,LKH,10.801429255453437
Attention:greedy_rollout,20,220,0.5025530911938404,2.474926288825656,2.7568012299244344,1.6603617768198695,41.12691879272461,36.262975325868275,LKH,13.412974040733577
Attention:greedy_rollout,20,221,0.3341181194891874,4.206886217887974,0.4340684708188101,0.6588387289912533,37.63638687133789,37.55148385057899,LKH,0.22609764529342805
Attention:greedy_rollout,20,222,0.3681527256593199,3.8544457688405687,6.668392392421434,2.5823230612031165,41.92387771606445,40.40226435616213,LKH,3.7661586154892075
Attention:greedy_rollout,20,223,0.3619954741158608,4.049800297238962,5.979780990970876,2.445359071991448,41.71940994262695,40.08895620203325,LKH,4.067089530535113
Attention:greedy_rollout,20,224,0.310908781758917,3.7428583775566913,4.185131581622904,2.045759414404075,45.824241638183594,45.06871905726873,LKH,1.6763790866894237
Attention:greedy_rollout,20,225,0.4104572357613506,3.6922230527815016,2.27566728671814,1.5085315000748707,45.775291442871094,43.36799472865923,LKH,5.550860096883921
Attention:greedy_rollout,20,226,0.47305713929963533,2.842491726632752,8.382908371237287,2.8953252617343854,38.63469314575195,36.79412186628248,LKH,5.002351424932745
Attention:greedy_rollout,20,227,0.21404712039643528,4.407166464544621,3.159748392333216,1.777568111868914,40.53482437133789,39.83026565472562,LKH,1.768902880839001
Attention:greedy_rollout,20,228,0.34664845206207245,3.690999420835103,2.5338890005836943,1.5918193994871699,40.006649017333984,38.56410644641004,LKH,3.7406352794107978
Attention:greedy_rollout,20,229,0.2711316500168664,4.028609162352095,2.1952521504918283,1.481638333228399,39.24201583862305,38.54869623243276,LKH,1.7985552663308104
Attention:greedy_rollout,20,230,0.2621068436812493,4.084493327965993,6.094285074593104,2.4686605831083996,41.7888298034668,40.37877652352909,LKH,3.4920653901339858
Attention:greedy_rollout,20,231,0.32807967864791865,3.6703419707583462,2.6126404193568193,1.6163664248420961,38.197994232177734,38.197990613577765,LKH,9.473273098600311e-06
Attention:greedy_rollout,20,232,0.47136611340574747,3.2803523429332153,0.5713809437706455,0.7558974426274013,41.27508544921875,37.61401299110913,LKH,9.733267383554619
Attention:greedy_rollout,20,233,0.3435485025169328,3.524237918020096,1.6825822975579936,1.2971439000966676,41.04518127441406,39.49549361943447,LKH,3.9237075244884165
Attention:greedy_rollout,20,234,0.4602608259644512,3.882649541689549,22.87843708282139,4.78314092232514,47.41814422607422,42.40131906925861,LKH,11.831766716080434
Attention:greedy_rollout,20,235,0.5211097766106831,3.458359680815569,13.293798437438921,3.6460661592240644,31.335477828979492,31.176777644101577,LKH,0.5090333154040383
Attention:greedy_rollout,20,236,0.3253891373406077,3.389112907302122,1.1809797689357795,1.0867289307531016,37.51314926147461,36.31495846840361,LKH,3.2994414522420668
Attention:greedy_rollout,20,237,0.34286121159166216,3.9856967276073485,0.8073691800439331,0.8985372446615294,35.50104904174805,32.55288757135162,LKH,9.05652828473188
Attention:greedy_rollout,20,238,0.4129464241776077,3.332364226128844,2.298256967902948,1.516000319229171,36.263877868652344,33.581564722988574,LKH,7.987457308168749
Attention:greedy_rollout,20,239,0.2864445484097814,3.843093298049007,1.1356671147156112,1.0656768340897775,38.85343551635742,38.552590636339055,LKH,0.7803493229707775
Attention:greedy_rollout,20,240,0.32899672023795573,3.8047430191999467,3.129994481361593,1.7691790416352984,39.89106369018555,36.84997941483882,LKH,8.2526077996183
Attention:greedy_rollout,20,241,0.2910628668036225,4.188364317680578,8.888577803676132,2.981371798967068,40.48976516723633,38.73579017076028,LKH,4.528047546581441
Attention:greedy_rollout,20,242,0.3220560120455843,3.7283977305332057,3.354238857253906,1.83145812325969,45.527610778808594,42.82454043170916,LKH,6.3119658024350045
Attention:greedy_rollout,20,243,0.4346735319779782,4.150435640892083,0.4394238621970822,0.6628905356068091,45.02001953125,40.01143683393904,LKH,12.517877621086871
Attention:greedy_rollout,20,244,0.33280922344420105,3.4779092405587093,6.42331352848458,2.5344256802053953,38.06233215332031,34.17209358459802,LKH,11.384255866827244
Attention:greedy_rollout,20,245,0.36240145006968305,4.0498508682666765,17.94475927699423,4.236125502979607,46.56565856933594,43.345943466831145,LKH,7.4279502186140185
Attention:greedy_rollout,20,246,0.40186229371838633,3.110544107292559,2.895638667568157,1.7016576234860399,38.8016471862793,36.91602052400329,LKH,5.107881715067177
Attention:greedy_rollout,20,247,0.30818623157076674,3.799848916104591,0.15215362228252363,0.3900687404580424,40.294090270996094,37.759728429578026,LKH,6.7118116226515205
Attention:greedy_rollout,20,248,0.2951405427407735,3.7590472791604563,3.7819380302214816,1.9447205532470422,40.96189880371094,39.2429709493129,LKH,4.380218451396671
Attention:greedy_rollout,20,249,0.2848421647126088,3.8969827802520607,3.9152909564007774,1.9787094168676655,30.110523223876953,30.110524662855315,LKH,-4.778988006210217e-06
Attention:greedy_rollout,20,250,0.47880717313223614,3.6926559809306965,5.0983291683163925,2.257947999471288,35.943634033203125,33.96571343434203,LKH,5.823285892947746
Attention:greedy_rollout,20,251,0.44229799182066926,3.8068943905830737,5.784830598193165,2.405167478200461,45.30974578857422,42.18011212780974,LKH,7.419690235249705
Attention:greedy_rollout,20,252,0.33438035053841303,3.8740708589218222,6.11586633276926,2.4730277662754334,37.967105865478516,35.956774577232316,LKH,5.590966686759309
Attention:greedy_rollout,20,253,0.3092847878268913,3.7565117262153995,6.2376644407118125,2.497531669611381,36.30269241333008,35.815760366546655,LKH,1.3595468637271673
Attention:greedy_rollout,20,254,0.3741986187666043,3.821942682618951,42.32285958703965,6.505602169441323,44.27016067504883,42.280212557997054,LKH,4.706570749430605
Attention:greedy_rollout,20,255,0.3266902753588511,3.7661858361645586,48.45925511589737,6.961268211748299,39.42900848388672,38.719571799862464,LKH,1.8322431035427265
Attention:greedy_rollout,20,256,0.36180406792263964,3.8180469521622435,0.5411161721413509,0.7356059897399904,43.80672836303711,41.80600631498182,LKH,4.785728713192817
Attention:greedy_rollout,20,257,0.4113426549988617,3.878562121438317,2.449430387512938,1.5650656176381035,41.46247482299805,40.247751304167785,LKH,3.018115247359107
Attention:greedy_rollout,20,258,0.2853157123739948,3.8744277398013187,0.5780436034827903,0.7602917883831117,43.00094223022461,42.98991048943012,LKH,0.0256612322958862
Attention:greedy_rollout,20,259,0.3196816839935309,3.8190477554507196,2.3498677185647394,1.532927825621526,37.164424896240234,37.16442284751652,LKH,5.512593922219375e-06
Attention:greedy_rollout,20,260,0.31362626770678614,3.902814378282727,2.168607395667303,1.4726192296949348,36.28337478637695,34.366666890122474,LKH,5.5772295357667385
Attention:greedy_rollout,20,261,0.3141833106259583,3.478413600681151,6.833394102735258,2.614076147080505,40.8654899597168,40.13325829832346,LKH,1.824500906331654
Attention:greedy_rollout,20,262,0.23698294600617373,3.855946070069823,1.8380894448232907,1.35576157373754,40.68585968017578,37.283491520215634,LKH,9.125669354532784
Attention:greedy_rollout,20,263,0.34059033571666075,4.158574773056941,4.016325676872472,2.004077263199319,36.9608154296875,35.19878915321053,LKH,5.005928666487258
Attention:greedy_rollout,20,264,0.38085770844427314,3.406231128072874,5.940443641268675,2.437302533800159,43.00861358642578,36.98267382496742,LKH,16.293953730814835
Attention:greedy_rollout,20,265,0.3452289078913964,4.134874470840578,1.4791149456883814,1.2161886965797624,36.877357482910156,36.09588298559029,LKH,2.164996206442248
Attention:greedy_rollout,20,266,0.4396247657816275,3.637611515489904,3.1932664027491313,1.7869712932079047,41.878684997558594,37.43169820460736,LKH,11.880269948329166
Attention:greedy_rollout,20,267,0.304336771715316,3.9118184138495566,5.646384051798813,2.376212122643686,37.951377868652344,37.73407015276355,LKH,0.5758925952303569
Attention:greedy_rollout,20,268,0.3468493703792547,3.811910838128233,5.637971033627035,2.374441204499921,33.71876525878906,31.469124594509843,LKH,7.148723370181373
Attention:greedy_rollout,20,269,0.31274254271338575,4.230832708370618,2.9284864978939718,1.711282121070039,44.97838592529297,39.8687285046326,LKH,12.816203606961396
Attention:greedy_rollout,20,270,0.4215242047677748,3.3334180697336313,3.3241987639649992,1.823238537318965,36.18182373046875,35.00733951798443,LKH,3.354965640507905
Attention:greedy_rollout,20,271,0.24838399635627867,3.7731347991571638,3.3500262626072894,1.8303076961558375,36.094459533691406,36.09445935382962,LKH,4.98308574582843e-07
Attention:greedy_rollout,20,272,0.4278194258313306,3.7940824689591635,4.887781153696173,2.2108326833336287,45.982723236083984,40.59685235102318,LKH,13.26672038140184
Attention:greedy_rollout,20,273,0.38579052140703424,3.4352748428593634,3.4993849868158264,1.870664316978283,41.03725051879883,38.22992933571312,LKH,7.343254962449536
Attention:greedy_rollout,20,274,0.3020700411478174,4.232749919534299,2.8835810602654695,1.6981110270725732,42.273380279541016,39.02966284383013,LKH,8.310903039798244
Attention:greedy_rollout,20,275,0.3855261722434079,2.737946238439748,4.318395811943572,2.0780750255810236,41.80124282836914,38.04407670581244,LKH,9.87582416997566
Attention:greedy_rollout,20,276,0.2360967401677044,4.41577912796623,1.7643970629743817,1.3283060878330648,36.8952751159668,36.8952745506228,LKH,1.5322937761094727e-06
Attention:greedy_rollout,20,277,0.5481549495714717,2.900301346605812,8.672430237969719,2.9448990199953746,43.82223129272461,41.411178393012634,LKH,5.82222721804699
Attention:greedy_rollout,20,278,0.39870030439342374,3.427206946411917,1.020740329888975,1.0103169452646903,39.95051193237305,33.943034430832675,LKH,17.69870491037592
Attention:greedy_rollout,20,279,0.3732333821362772,3.946777817692856,3.318506625200546,1.8216768717861427,43.9407958984375,40.35821415956335,LKH,8.8769580455413
Attention:greedy_rollout,20,280,0.5367459483797574,3.136828992807623,3.7942316497197566,1.9478787564219073,44.879886627197266,39.380566330994014,LKH,13.964553607435237
Attention:greedy_rollout,20,281,0.4049386680009775,2.773165348185892,2.724987182275293,1.6507535195404834,39.84641647338867,38.09401706915912,LKH,4.600195881279978
Attention:greedy_rollout,20,282,0.27273519929731266,3.702974621452646,1.5710901276226374,1.253431341407513,41.90876388549805,41.90876559331033,LKH,-4.075071782117236e-06
Attention:greedy_rollout,20,283,0.49281052170663314,2.99349477010319,3.012142719652652,1.7355525689683537,39.9923095703125,36.655344734778765,LKH,9.103624204542282
Attention:greedy_rollout,20,284,0.29626752394894995,4.138771331591,3.9319811018040456,1.982922364038503,33.033809661865234,33.03381109090194,LKH,-4.325981957400454e-06
Attention:greedy_rollout,20,285,0.18259965307370293,4.223606565766142,0.886464451002467,0.9415224113118429,41.33232498168945,40.555420254617715,LKH,1.9156618824170073
Attention:greedy_rollout,20,286,0.3422812984378595,4.300359574494368,2.312573754893493,1.520714882840795,45.89889144897461,42.04795893969037,LKH,9.158429104270333
Attention:greedy_rollout,20,287,0.2908935978777663,4.263789653999242,1.9337076544507343,1.3905781727219562,37.25838851928711,37.25839053899351,LKH,-5.420809571022969e-06
Attention:greedy_rollout,20,288,0.4196556238397534,3.3232812752109773,3.656674364250184,1.9122432806131608,38.46453094482422,37.48290067080287,LKH,2.618874890827179
Attention:greedy_rollout,20,289,0.36350987457553857,3.599780743525147,1.927287350728457,1.3882677518146336,39.60535430908203,37.670182992691714,LKH,5.1371433920715335
Attention:greedy_rollout,20,290,0.3822269598987077,3.8814076866726075,2.766813838807402,1.6633742329395997,39.3864860534668,38.392464525531274,LKH,2.5891058055793508
Attention:greedy_rollout,20,291,0.3020849247504884,3.532338416041687,35.206011009143346,5.933465345743864,39.70334243774414,39.36677652837294,LKH,0.8549491196685317
Attention:greedy_rollout,20,292,0.3666184456695191,3.7602249798012872,1.0293970379954553,1.014592054963696,34.55643844604492,33.711614108312496,LKH,2.5060334845376393
Attention:greedy_rollout,20,293,0.4520640313952754,3.087240174051734,16.515951489584463,4.063982220628489,42.91617202758789,38.836432047220434,LKH,10.504929946723692
Attention:greedy_rollout,20,294,0.22050318027613686,3.685355960612726,0.962819151839348,0.9812334848747,34.307960510253906,33.13443830729437,LKH,3.5416994007144362
Attention:greedy_rollout,20,295,0.46283206122607223,3.5983842470549083,21.902107713208743,4.679968772674529,38.06241989135742,36.502295726581785,LKH,4.274043957294225
Attention:greedy_rollout,20,296,0.19084407567279413,3.621405868158093,2.5781434256768465,1.6056598100708774,37.30852508544922,37.30852409607128,LKH,2.651881739549027e-06
Attention:greedy_rollout,20,297,0.4191683088625723,3.5988664285175753,1.970651744435577,1.4037990399040658,36.64192199707031,36.0884848897716,LKH,1.5335559500187579
Attention:greedy_rollout,20,298,0.2916826090133213,4.46531438879911,3.586241292146488,1.8937373873234082,42.954345703125,40.956602181352984,LKH,4.8777081480688915
Attention:greedy_rollout,20,299,0.33587449217084214,3.818012054118225,1.3695462205919426,1.1702761300615947,45.107242584228516,41.62710755592516,LKH,8.360261456138574
Attention:greedy_rollout,30,0,0.5644984627627613,2.475637085551362,5.705142495733883,2.3885440116803127,53.70309829711914,45.71010559802078,LKH,17.486270474606933
Attention:greedy_rollout,30,1,0.5876687473462273,2.7300237162629477,8.797151748878838,2.9659992833577755,57.03595733642578,47.79403486256531,LKH,19.33697897747321
Attention:greedy_rollout,30,2,0.5604409002119913,2.145007101184968,7.1872465462060395,2.680904053897871,42.12069320678711,39.200793726103974,LKH,7.448572345459326
Attention:greedy_rollout,30,3,0.506608225091865,2.2885739692899376,8.81292466715256,2.9686570477494634,53.60085678100586,49.077028605673085,LKH,9.217811884417632
Attention:greedy_rollout,30,4,0.5491323600695371,2.2357600757819616,5.047416852567954,2.2466456891481474,52.58536148071289,46.60144480687753,LKH,12.840624788852558
Attention:greedy_rollout,30,5,0.4924763575429097,2.7653003654442503,6.164323986360752,2.4828056682633766,48.69767761230469,46.308942862478645,LKH,5.158257999798762
Attention:greedy_rollout,30,6,0.5170029894423958,2.590553570060744,12.45939091655996,3.529786242332524,48.119712829589844,45.39474571308694,LKH,6.002824938652132
Attention:greedy_rollout,30,7,0.5035418737599684,2.912947162031401,8.686549359149177,2.947295261616857,50.405311584472656,45.7286121995462,LKH,10.227074822473769
Attention:greedy_rollout,30,8,0.43880741895409303,2.7711294677142795,6.539787243879566,2.55730077305732,44.01112747192383,43.06217344352112,LKH,2.2036835406074564
Attention:greedy_rollout,30,9,0.5566254650624615,3.0808178034812093,5.680317995665356,2.3833417706374713,45.51034164428711,39.948440749333415,LKH,13.922698334719113
Attention:greedy_rollout,30,10,0.5528581919764596,2.6106698966719977,8.87932818277459,2.979820159468452,49.31472396850586,44.80881287279642,LKH,10.055859119724614
Attention:greedy_rollout,30,11,0.44438938394887373,3.1145104530221506,2.2116135043302583,1.4871494559492864,49.84537887573242,47.268967105979755,LKH,5.450535367054251
Attention:greedy_rollout,30,12,0.5438149111966292,2.2112806576073836,3.76024278757014,1.9391345460205025,47.167747497558594,42.69874380344482,LKH,10.466358716982269
Attention:greedy_rollout,30,13,0.4705925421634068,2.3736265771208043,3.1739925422926882,1.7815702462414127,50.30264663696289,47.92452124654902,LKH,4.962230875879885
Attention:greedy_rollout,30,14,0.5917022950385369,3.006034941384218,11.515689188735122,3.393477447801167,60.02265930175781,47.87748194742662,LKH,25.367201574359306
Attention:greedy_rollout,30,15,0.5761620213743299,2.202706488513624,6.41757808974819,2.5332939209156504,46.01210403442383,40.88680245019272,LKH,12.535344602881636
Attention:greedy_rollout,30,16,0.4980656102862364,2.3371354767680943,2.8061512277227303,1.675157075537315,46.58674621582031,44.10892179327371,LKH,5.6175130150754535
Attention:greedy_rollout,30,17,0.5171962132732005,2.2561189696815513,5.435576586432977,2.3314323036350375,48.52860641479492,45.8955585808301,LKH,5.737042788851925
Attention:greedy_rollout,30,18,0.6916773335435816,2.02733949841682,15.659008097531094,3.9571464589437544,51.053279876708984,47.140544521956315,LKH,8.300148830334921
Attention:greedy_rollout,30,19,0.49852542012085904,2.616481419800414,7.349635857031873,2.7110211834347355,47.2686653137207,43.45726625939965,LKH,8.77045286643326
Attention:greedy_rollout,30,20,0.4855237578973174,2.4680120807915698,8.736368880953107,2.95573491385021,46.70337677001953,45.56001406412474,LKH,2.509574962565923
Attention:greedy_rollout,30,21,0.5053174843837042,2.8079603303379614,5.101147696068983,2.2585720480137406,48.797706604003906,46.92031422226146,LKH,4.001235739490663
Attention:greedy_rollout,30,22,0.399397538912793,2.9813862200192562,11.246396955536616,3.3535648130812405,44.386146545410156,43.95081704107495,LKH,0.9904924041078995
Attention:greedy_rollout,30,23,0.5215905956623222,2.3779274980311826,17.250793598565316,4.153407468400532,54.553321838378906,48.35023589157736,LKH,12.829484349800504
Attention:greedy_rollout,30,24,0.5005423487881975,2.6328340604759566,6.6384344886607645,2.576515959325842,49.56553649902344,43.93321721206934,LKH,12.820184007391083
Attention:greedy_rollout,30,25,0.4964976185944882,2.6217474231405054,2.3147365457825164,1.5214258265793033,52.203956604003906,48.90134050257005,LKH,6.753631020115458
Attention:greedy_rollout,30,26,0.5276493566483017,2.681804171637933,2.0309984901489146,1.4251310431496869,50.86109924316406,45.801954136494906,LKH,11.0456970713353
Attention:greedy_rollout,30,27,0.4952818950087021,2.6555218734591888,4.822031903294304,2.195912544545958,46.77983474731445,44.729288897921535,LKH,4.5843470797681345
Attention:greedy_rollout,30,28,0.488182041196463,2.5291400712544414,9.364491843247576,3.060145722551064,53.46919250488281,47.80699172514526,LKH,11.843875917336542
Attention:greedy_rollout,30,29,0.49471530167987415,2.82294447097629,11.545646679658407,3.397888561983516,51.53908920288086,50.066195655019335,LKH,2.9418922859857055
Attention:greedy_rollout,30,30,0.5728319887188263,2.275009756525271,18.615716455404204,4.314593428749018,51.26414108276367,45.02169948986437,LKH,13.8654063787722
Attention:greedy_rollout,30,31,0.4223911646666844,2.8976525787892555,5.338701929088245,2.310563119477208,48.50737380981445,47.08427104133126,LKH,3.0224589592434588
Attention:greedy_rollout,30,32,0.5663921511787976,2.698594249415476,5.564936780277114,2.3590118228353827,52.832706451416016,44.406810524529824,LKH,18.974332602049458
Attention:greedy_rollout,30,33,0.5612276333762566,2.262099915351955,9.115240419229815,3.0191456439247535,54.82217025756836,46.82711038610261,LKH,17.073570855737724
Attention:greedy_rollout,30,34,0.6019636898835112,2.303572274470986,8.613814789198551,2.9349301165783404,50.202274322509766,45.5949384220967,LKH,10.104928441311824
Attention:greedy_rollout,30,35,0.5201544523743602,2.7980057896699035,10.788257320015072,3.2845482672682818,44.595909118652344,41.23406990757044,LKH,8.153061821493097
Attention:greedy_rollout,30,36,0.4838236249362429,2.5673024204768367,2.5653225787764273,1.6016624422069798,52.18404006958008,48.02416012488494,LKH,8.662056627075893
Attention:greedy_rollout,30,37,0.4072830110633125,2.9779734716654844,6.941591073324474,2.634689938745065,49.4281120300293,47.795191326313464,LKH,3.4164957988500286
Attention:greedy_rollout,30,38,0.4478427612625334,3.453314783328399,1.6264622609916277,1.2753282953779501,44.298133850097656,43.460867366813304,LKH,1.9264836024043295
Attention:greedy_rollout,30,39,0.49238826112693157,2.9979824959776233,3.852112705987316,1.9626799805335857,45.470252990722656,43.54592621232706,LKH,4.419074172432814
Attention:greedy_rollout,30,40,0.47560512497633073,2.8293018526630953,1.8185725590723423,1.3485446077428593,50.7274284362793,47.279013419592395,LKH,7.293754178165401
Attention:greedy_rollout,30,41,0.5082701573211428,2.3970623576858743,15.208639636579909,3.899825590533493,47.48542785644531,46.01942882703478,LKH,3.1856089194860027
Attention:greedy_rollout,30,42,0.4556481986677682,3.2486931006181345,8.09142947649476,2.8445438081518026,49.98439407348633,46.206527000808165,LKH,8.176046368107446
Attention:greedy_rollout,30,43,0.5035526740405961,3.016150051553768,4.251140888759303,2.0618295004096003,51.69572448730469,49.070548290188626,LKH,5.349800009552676
Attention:greedy_rollout,30,44,0.3693795504408627,3.1850118664671836,2.623029084528343,1.619576822669534,51.28236389160156,49.30612438580863,LKH,4.008101489237586
Attention:greedy_rollout,30,45,0.505786201194375,3.110052170288418,11.399141676081758,3.3762614940317874,54.03215026855469,49.57629070673773,LKH,8.987884124237997
Attention:greedy_rollout,30,46,0.46528982828652565,2.9327982700862845,6.577443862898917,2.564652776283549,49.575904846191406,45.470909225303984,LKH,9.027740352733137
Attention:greedy_rollout,30,47,0.41918706863070837,3.2467400498485053,7.866731491295859,2.8047694185611514,44.62025451660156,44.32588228021508,LKH,0.6641091417550256
Attention:greedy_rollout,30,48,0.5352925398139632,2.21926210223788,4.384451320739754,2.093908145248916,51.30247497558594,46.95699062461253,LKH,9.254179821088703
Attention:greedy_rollout,30,49,0.4523399647713328,2.6592378838993715,16.207602714710873,4.025866703544825,54.225372314453125,49.13080441213853,LKH,10.369396477978086
Attention:greedy_rollout,30,50,0.4770795788926383,2.9551334043236195,5.613918218085124,2.369370848576711,48.249183654785156,43.68888140583785,LKH,10.43813002806235
Attention:greedy_rollout,30,51,0.5429752418250909,2.8037483456039536,9.777624454479183,3.126919323308355,55.67747116088867,49.050110404753624,LKH,13.511408438119979
Attention:greedy_rollout,30,52,0.5083746356656775,2.5786294328165242,14.709068207294965,3.835240306329574,47.333473205566406,45.20070266699194,LKH,4.718445538971537
Attention:greedy_rollout,30,53,0.5241740768154463,2.3737870557815253,14.936035223615464,3.8647167067736627,53.71647644042969,45.8564283228255,LKH,17.14055892506519
Attention:greedy_rollout,30,54,0.5393019513149435,2.5041085233769014,1.545179299537312,1.2430524122245659,47.153045654296875,43.05698818629943,LKH,9.513107257466737
Attention:greedy_rollout,30,55,0.46647635191050846,2.839296559425922,4.398811833960038,2.0973344592506074,42.8867073059082,41.09654469858369,LKH,4.35599299273013
Attention:greedy_rollout,30,56,0.5617931320124929,2.5773873200250645,1.7735400909272856,1.3317432526306583,49.67753601074219,45.193930451505594,LKH,9.920813512884509
Attention:greedy_rollout,30,57,0.5362031040286335,2.56710797730443,1.5249423915675162,1.2348855783300396,45.21516418457031,42.03739200867576,LKH,7.559394206088518
Attention:greedy_rollout,30,58,0.4718948767426506,3.003469367023956,3.634001109917655,1.9063056181834157,50.251564025878906,45.710365176172296,LKH,9.934724503303306
Attention:greedy_rollout,30,59,0.5737332786758694,2.2354001544597577,9.283586147866467,3.0468977908466943,49.03982162475586,45.61003321501294,LKH,7.519811251998769
Attention:greedy_rollout,30,60,0.45860276217863427,3.1311237344810987,13.805062777410617,3.7155164886473884,51.7927360534668,50.0237062348063,LKH,3.536382950829051
Attention:greedy_rollout,30,61,0.6212238363613627,2.132941677956688,2.3074343007374956,1.519024127766737,50.20446014404297,44.957485393001235,LKH,11.670970262626293
Attention:greedy_rollout,30,62,0.6124523230483949,2.793134828877793,2.785888282152238,1.669098044499555,43.00304412841797,42.037750917688385,LKH,2.296253223964496
Attention:greedy_rollout,30,63,0.5087923373716573,2.3476972610098015,17.32615507314224,4.162469828496326,53.12026596069336,50.72146942546685,LKH,4.729351421396504
Attention:greedy_rollout,30,64,0.5203555666841566,2.3102230836537956,2.6741336672309055,1.6352778562773072,46.20009231567383,42.60764992016951,LKH,8.431449287241113
Attention:greedy_rollout,30,65,0.5336215009422934,2.413591483135583,12.19273888256586,3.4918102586718343,50.73186492919922,45.64473075779864,LKH,11.145063377400719
Attention:greedy_rollout,30,66,0.575800416242176,2.573573775171293,8.415071501926558,2.9008742651012227,53.24463653564453,46.81315783255644,LKH,13.738613246499012
Attention:greedy_rollout,30,67,0.45131502542196056,3.3093474669420364,9.221565102129103,3.036702998669627,50.98600769042969,49.73116281487523,LKH,2.523256655440829
Attention:greedy_rollout,30,68,0.46318887459638064,2.555523936178709,36.41885897592774,6.034803971623912,49.75936508178711,46.71434204502266,LKH,6.518390077783168
Attention:greedy_rollout,30,69,0.4271316049693269,3.2145554470566258,3.097181735532559,1.7598811708557367,49.88037872314453,47.757997476894296,LKH,4.444033163821536
Attention:greedy_rollout,30,70,0.5523531364816032,3.130361548062659,4.507963854523244,2.1231966123096666,48.624691009521484,44.12034050705649,LKH,10.209237849704675
Attention:greedy_rollout,30,71,0.4061123463946084,2.8047517683229084,14.000169978929339,3.741680101094873,48.222476959228516,45.30974608828562,LKH,6.4284864127630845
Attention:greedy_rollout,30,72,0.6885992709101022,3.087000388591012,2.0912024140262573,1.4460990332706323,49.6956787109375,47.941124234735426,LKH,3.659810870540293
Attention:greedy_rollout,30,73,0.37758412772867206,2.89416868582817,3.249442218193639,1.8026209302550658,54.3726806640625,49.00649676649394,LKH,10.949943888332488
Attention:greedy_rollout,30,74,0.5077975241467356,2.5555370790651972,6.980251573001908,2.642016573188349,55.148765563964844,46.62007561119934,LKH,18.294028572353266
Attention:greedy_rollout,30,75,0.46136224299649864,2.8929078420896,11.639198484572821,3.4116269556580803,56.90714645385742,51.132895713135845,LKH,11.292633949612584
Attention:greedy_rollout,30,76,0.43099838904454374,2.8894487577138714,8.370153710986422,2.8931217933205686,49.593345642089844,47.917611746792446,LKH,3.4971148064564592
Attention:greedy_rollout,30,77,0.39811168797314167,3.120994125932999,4.073850183409454,2.018378107146789,47.42874526977539,44.14088104500677,LKH,7.448569550336474
Attention:greedy_rollout,30,78,0.49895743778906765,2.5341914390257716,4.299198257836082,2.0734508091189627,50.831581115722656,43.13403882606623,LKH,17.845633052578282
Attention:greedy_rollout,30,79,0.5302182147356992,2.695950114934385,7.610470691904057,2.7587081563485576,49.96156692504883,44.33247224173578,LKH,12.697452676716884
Attention:greedy_rollout,30,80,0.5724834750387041,2.303371917283811,5.369416810803041,2.3172002094776016,48.786476135253906,44.67027726354429,LKH,9.2146257508656
Attention:greedy_rollout,30,81,0.4890904048430912,2.651452475157457,5.276760389289843,2.297120020654089,51.682472229003906,49.55567593778434,LKH,4.291730969202582
Attention:greedy_rollout,30,82,0.5227970478770582,2.767477813822618,10.203520117485478,3.194294932764581,51.96814727783203,47.38654760846978,LKH,9.668566081702355
Attention:greedy_rollout,30,83,0.47373047581641003,2.5274837388134226,4.994690271602082,2.2348803707585962,45.177188873291016,43.72038881360478,LKH,3.332083952631535
Attention:greedy_rollout,30,84,0.44048763702933985,2.768645215224562,3.1629476515246355,1.7784677819754384,45.77156066894531,45.29313595532649,LKH,1.0562852483667746
Attention:greedy_rollout,30,85,0.6036569601580898,2.1797836514911,9.13568924570438,3.02253027209065,49.80988311767578,45.50940500691577,LKH,9.44964696881116
Attention:greedy_rollout,30,86,0.5136923502820233,2.2386296085453505,4.395083009410433,2.0964453270740053,53.546932220458984,50.95223767097998,LKH,5.092405492049309
Attention:greedy_rollout,30,87,0.4676468938899537,2.630260569129481,26.65740623123212,5.163081079281258,41.97513198852539,41.54610907175393,LKH,1.0326428307173043
Attention:greedy_rollout,30,88,0.5381895169188889,2.2977920466689863,3.6768551259465503,1.917512744663396,54.96754837036133,48.00028487723974,LKH,14.51504613137254
Attention:greedy_rollout,30,89,0.5016427123919129,2.0694320902250465,4.909931663933291,2.215836560744788,44.869911193847656,42.23510599971853,LKH,6.238424485419046
Attention:greedy_rollout,30,90,0.5487577690165608,3.339514795009633,23.91983547054024,4.890790883951208,47.45976257324219,45.67739346967411,LKH,3.9020814634517635
Attention:greedy_rollout,30,91,0.47478883552830664,2.6692833365890616,9.749531428021566,3.122423966731867,47.05348205566406,45.338103080317175,LKH,3.7835261265961346
Attention:greedy_rollout,30,92,0.5462718273246234,2.490748477804034,4.386321220089532,2.0943546070542904,47.78049850463867,42.840638821261145,LKH,11.53077969725781
Attention:greedy_rollout,30,93,0.5403554006016444,2.7981810288078885,22.820011927737056,4.777029613445688,50.24356460571289,44.42266606208731,LKH,13.103442588272408
Attention:greedy_rollout,30,94,0.4761783944892007,2.7785286541069,0.7548188750680568,0.8688031279110687,48.76715087890625,44.07443549387009,LKH,10.647250117789541
Attention:greedy_rollout,30,95,0.42257667136824845,2.717385506355159,1.9021746554445684,1.3791934800616512,50.519432067871094,45.65924993470569,LKH,10.644463367478947
Attention:greedy_rollout,30,96,0.5619581910781563,2.636759374514876,6.979114429836573,2.6418013607833144,44.6142692565918,42.0865602573941,LKH,6.005976691225583
Attention:greedy_rollout,30,97,0.4858063920856997,3.1564056723159526,3.9364297880412473,1.9840437969060176,50.80454635620117,46.03041396054047,LKH,10.371691203458045
Attention:greedy_rollout,30,98,0.4845869877914083,2.7875682249064138,11.543383311467368,3.3975554905648515,50.6471061706543,46.28819780431359,LKH,9.416889343517497
Attention:greedy_rollout,30,99,0.41322732299255827,2.5842718292203974,0.853909538844957,0.9240722584543684,48.109764099121094,46.08648805348832,LKH,4.3901718943837675
Attention:greedy_rollout,30,100,0.5294070997828385,2.6401767208605476,14.416079467746938,3.7968512569953194,48.62986755371094,42.45076355288577,LKH,14.555931351216225
Attention:greedy_rollout,30,101,0.49900409892822306,2.5585793707361955,2.5941782208298583,1.6106452808827456,52.19486618041992,45.65649392813263,LKH,14.320793582133717
Attention:greedy_rollout,30,102,0.4856974459796523,2.63519791439259,4.581309633775718,2.140399409870905,52.50652313232422,48.63495545008443,LKH,7.960463099865065
Attention:greedy_rollout,30,103,0.6055260378304713,2.5972774769256266,3.100907412321746,1.7609393550948158,48.70115661621094,42.8874768806299,LKH,13.555658104491537
Attention:greedy_rollout,30,104,0.5099223631016988,3.196026752535172,4.531081380079017,2.1286336885615187,51.3808479309082,45.98288672959058,LKH,11.739065520312284
Attention:greedy_rollout,30,105,0.5292049543000757,2.134957742656304,11.358658230935974,3.3702608550282833,55.27450180053711,47.074152065987285,LKH,17.42006892244133
Attention:greedy_rollout,30,106,0.4226322103689502,2.6647805856358517,3.639202838227962,1.9076694782451078,45.129783630371094,43.85305469148993,LKH,2.9113797154224783
Attention:greedy_rollout,30,107,0.45122700560217105,2.7054407985748097,0.8266626699421289,0.9092099152242725,48.9398307800293,43.85992619647313,LKH,11.5821092830855
Attention:greedy_rollout,30,108,0.5503375080879778,2.3442402790740555,5.90570872449244,2.430166398519336,49.3999137878418,43.83647626571959,LKH,12.691342909039546
Attention:greedy_rollout,30,109,0.5241492525363962,2.030686826792109,15.843613744357075,3.9804037162525456,51.11760330200195,46.36784987630567,LKH,10.243635273938903
Attention:greedy_rollout,30,110,0.5185029636547066,2.526251520411008,5.940087945944446,2.4372295636530517,46.31354522705078,44.625992303504624,LKH,3.781547112877595
Attention:greedy_rollout,30,111,0.35587072143874443,3.2000265523685494,12.843716053933568,3.5838130606846064,43.938140869140625,42.47450264145794,LKH,3.4459219923956876
Attention:greedy_rollout,30,112,0.5307428986396796,2.410390698647173,10.353561748901177,3.2176950988092665,61.07435607910156,51.25870896417164,LKH,19.14922812783049
Attention:greedy_rollout,30,113,0.5058996355435131,2.4870778725847784,13.718117287336087,3.703797684449852,48.556915283203125,44.37683676149583,LKH,9.41950536982437
Attention:greedy_rollout,30,114,0.4777890984900296,2.670411001779411,7.927134666748527,2.815516767264675,45.43877410888672,42.820215027097504,LKH,6.115240383851733
Attention:greedy_rollout,30,115,0.4662918916437775,2.604568016559818,3.161917052297183,1.778178014794127,55.534706115722656,50.33596841014704,LKH,10.328077257231477
Attention:greedy_rollout,30,116,0.4712351457863709,2.5825485266037305,6.731149211514391,2.594445839001923,45.61366271972656,43.83296400575761,LKH,4.062464755372353
Attention:greedy_rollout,30,117,0.5884278274107297,2.2646130329512735,4.635516570342879,2.153024981355971,48.019962310791016,42.19851960455365,LKH,13.795371877474985
Attention:greedy_rollout,30,118,0.4086926988580482,3.398135991293524,2.8865530568979767,1.698985890729519,50.86750411987305,47.34609723565176,LKH,7.437586390055515
Attention:greedy_rollout,30,119,0.5304745038893695,2.4168381235167513,13.003349259661109,3.6060157043004,50.41645050048828,45.81885349239321,LKH,10.034290816243054
Attention:greedy_rollout,30,120,0.39452362480030084,2.976939792238695,30.01798054820523,5.478866721157326,51.9912109375,48.23973590487968,LKH,7.7767321115056935
Attention:greedy_rollout,30,121,0.5030250743962824,2.363470187228816,1.974090929143715,1.4050234621328268,46.9859619140625,42.463700791338,LKH,10.649710313630928
Attention:greedy_rollout,30,122,0.6185955383174587,2.3379742750788615,5.57927405023406,2.3620486976847155,48.72507858276367,44.21408886925757,LKH,10.202606971830258
Attention:greedy_rollout,30,123,0.4708893684631524,2.572825909539651,4.948719011285417,2.224571646696374,43.90397644042969,43.58695831839005,LKH,0.7273233422802968
Attention:greedy_rollout,30,124,0.5588934602526326,2.4367513340526292,2.7469175618175745,1.6573827445154528,53.743499755859375,44.2803276486923,LKH,21.371052586252816
Attention:greedy_rollout,30,125,0.4787133512708048,2.6282983138060416,8.694024384573998,2.9485631050689753,54.278900146484375,49.27591120639753,LKH,10.153011517394937
Attention:greedy_rollout,30,126,0.5297710389262648,2.238885813906345,11.869354940128902,3.445193019284827,49.235164642333984,47.28632403995503,LKH,4.121362025798959
Attention:greedy_rollout,30,127,0.5700683651802441,2.113900940040011,7.254743744786004,2.6934631508127236,50.678680419921875,46.394627065333644,LKH,9.2339428627271
Attention:greedy_rollout,30,128,0.4522663434113686,2.4433305497119258,7.363299602405184,2.713540049898874,52.416385650634766,49.998723316929315,LKH,4.8354481341063416
Attention:greedy_rollout,30,129,0.48172222707265366,2.4340399307154574,3.0109539714195495,1.7352100655020273,50.55647659301758,47.839754218859554,LKH,5.678796679701646
Attention:greedy_rollout,30,130,0.5197362686662624,1.9989437346647108,8.038469606628714,2.8352194988446158,51.60009765625,47.58598147798296,LKH,8.435501493489813
Attention:greedy_rollout,30,131,0.6065103213768452,2.2672751396456126,2.8763134171814815,1.6959697571541426,48.04338836669922,42.91966681527804,LKH,11.937934125801029
Attention:greedy_rollout,30,132,0.4915635823252766,2.574194156279853,6.056573792454791,2.461010725790278,49.012088775634766,44.52078507844621,LKH,10.088105340628697
Attention:greedy_rollout,30,133,0.48538407014038965,2.71828099862756,7.443987472482626,2.72836718065634,51.665653228759766,44.47728330437434,LKH,16.16189072338969
Attention:greedy_rollout,30,134,0.4963221218868663,2.5911652717182796,1.7827913505917716,1.3352120994777466,49.13307571411133,48.45510819555326,LKH,1.399166246460445
Attention:greedy_rollout,30,135,0.4303687559751173,2.4909880128548987,5.858667714312807,2.420468490667211,42.057987213134766,41.553236996014846,LKH,1.2147073335546104
Attention:greedy_rollout,30,136,0.5765195607974116,2.7590673187237345,7.31764551634643,2.7051146955991405,50.46937561035156,46.66158753242618,LKH,8.160434051411695
Attention:greedy_rollout,30,137,0.5051304480529628,2.8626437064973613,10.46224496376082,3.2345393742789437,51.415199279785156,44.98657255394513,LKH,14.290101158809582
Attention:greedy_rollout,30,138,0.5822055696067158,1.9821264913456282,2.654140791706022,1.6291533972299914,50.310951232910156,44.412110747673886,LKH,13.28205389460177
Attention:greedy_rollout,30,139,0.42710978927401205,2.7388936475321426,4.08787830099803,2.0218502172510284,50.99629211425781,47.43785033816954,LKH,7.501271138386876
Attention:greedy_rollout,30,140,0.5477426769211888,2.2293548653910022,2.040021405014778,1.428293178942887,46.77763366699219,44.64768637555645,LKH,4.770565877746885
Attention:greedy_rollout,30,141,0.47732626037977754,2.795176521648379,4.219402951370333,2.054118533914324,50.47434616088867,45.59238852563313,LKH,10.707834779287303
Attention:greedy_rollout,30,142,0.5485880647494317,2.690026320858431,3.586225352570729,1.8937331788218552,49.33174133300781,44.716639228661386,LKH,10.32077138164791
Attention:greedy_rollout,30,143,0.5060677279000326,2.552234310471577,3.1209244077941847,1.7666138253150248,42.64563751220703,40.77334589083027,LKH,4.5919499135287545
Attention:greedy_rollout,30,144,0.4539911839916992,2.7699671144180087,11.111199492680788,3.3333465905424218,50.722900390625,47.04932625270476,LKH,7.807920815250899
Attention:greedy_rollout,30,145,0.450895135748821,3.0024409281120295,10.068830000124946,3.173141976042822,44.38935852050781,42.3936891045288,LKH,4.707468158900624
Attention:greedy_rollout,30,146,0.5503175855781592,2.8119526919994877,5.771073546751576,2.4023058811799083,54.26495361328125,47.275315431549345,LKH,14.784963607175314
Attention:greedy_rollout,30,147,0.5558195053774397,2.640790210806727,12.427808943992241,3.525309765679073,50.20029830932617,43.787944632735545,LKH,14.644107482945884
Attention:greedy_rollout,30,148,0.4922361625280852,2.4934258877823883,3.8896482333385842,1.9722191139268943,50.71480178833008,46.35621900154174,LKH,9.40236904706007
Attention:greedy_rollout,30,149,0.46435809552203866,2.809862757152112,4.339657326213501,2.083184419635838,53.414546966552734,49.368890404381816,LKH,8.194748816578304
Attention:greedy_rollout,30,150,0.5454079695045948,2.345464896328599,8.856729644148391,2.9760258137570634,49.02141189575195,43.95243855627512,LKH,11.53286030532004
Attention:greedy_rollout,30,151,0.4432986009856298,3.1093844892376667,18.71442655483749,4.326017401125138,51.366886138916016,46.97943956087705,LKH,9.3390781564212
Attention:greedy_rollout,30,152,0.5454680358270707,2.360802320732752,4.79525529924534,2.189807137454196,55.392364501953125,50.333907117390474,LKH,10.049800769022642
Attention:greedy_rollout,30,153,0.5740625656015861,2.3358753386939406,2.5141279309982556,1.585600180057462,46.681705474853516,44.12869328924931,LKH,5.7853790704157815
Attention:greedy_rollout,30,154,0.4623661570250988,2.394265383696548,3.1983877801882943,1.788403696089978,50.53422164916992,46.73202136755559,LKH,8.136177657947549
Attention:greedy_rollout,30,155,0.6041779945264959,2.6335318816378868,2.507020930423015,1.5833574866160247,45.74668884277344,39.3921491267054,LKH,16.131487763281392
Attention:greedy_rollout,30,156,0.49160501251850897,2.571627519539257,9.460202174524907,3.075744165974294,49.962337493896484,47.60194482133475,LKH,4.958605538956532
Attention:greedy_rollout,30,157,0.5396825010927689,3.215549967835829,17.239323987529342,4.152026491669982,55.66950225830078,48.41945242732131,LKH,14.97342383593032
Attention:greedy_rollout,30,158,0.48828443596915655,2.42434799090701,7.0895216580228135,2.6626155670736273,48.43406295776367,43.27245166979137,LKH,11.92816928275787
Attention:greedy_rollout,30,159,0.496787629029465,2.7808988525386464,8.138118499063635,2.8527387716129278,53.011566162109375,47.961933853665585,LKH,10.528416814573173
Attention:greedy_rollout,30,160,0.4661494221771136,2.450145663445785,8.38740341364451,2.8961014163258354,51.8887825012207,48.06667095806131,LKH,7.95168766003002
Attention:greedy_rollout,30,161,0.5869192514568567,1.9679379766015672,13.534318255711328,3.6789017730446854,49.06031799316406,45.02998126773929,LKH,8.950340666280086
Attention:greedy_rollout,30,162,0.5337984665879049,2.9563380655268614,8.66183302036525,2.9430992202719315,49.37797546386719,46.03133533627189,LKH,7.270352039859697
Attention:greedy_rollout,30,163,0.5304777492975215,2.3793837558772526,3.276531798319309,1.8101192773735406,46.516578674316406,42.80390303855938,LKH,8.673684809566323
Attention:greedy_rollout,30,164,0.5368278609743963,2.0438658006654,3.434653016776801,1.853281688458827,49.849937438964844,42.2272934121437,LKH,18.05146248049378
Attention:greedy_rollout,30,165,0.40691823318144693,2.715869938538616,14.629278266299533,3.8248239523276797,44.481834411621094,43.47075373295987,LKH,2.325887158231198
Attention:greedy_rollout,30,166,0.5019587436070044,2.603154698968547,7.734671751599612,2.7811277841191715,57.114349365234375,50.98478620433826,LKH,12.022337676046881
Attention:greedy_rollout,30,167,0.5978801744369169,1.781488605485046,6.395850972556007,2.5290019716394068,47.90329360961914,41.207366386152174,LKH,16.249345228034638
Attention:greedy_rollout,30,168,0.5464644951362667,2.6798570519282365,3.8116980761577186,1.9523570565236572,45.697853088378906,42.794276186936074,LKH,6.784965561186931
Attention:greedy_rollout,30,169,0.49481524852259706,2.746234008585311,4.491262663455767,2.1192599329614494,49.38921356201172,46.933161872088405,LKH,5.233083798225729
Attention:greedy_rollout,30,170,0.5570831976733946,2.2716004119158706,10.803437585038312,3.2868583153276187,50.865074157714844,47.66190391271362,LKH,6.720609086173732
Attention:greedy_rollout,30,171,0.4829211792675778,2.355031066974225,2.670363041731423,1.6341245490266103,55.38185119628906,49.9446205133481,LKH,10.886519162735095
Attention:greedy_rollout,30,172,0.592813590769947,2.475222110207141,8.119270806163334,2.8494334184471364,53.91267013549805,44.73127992118492,LKH,20.525659517211313
Attention:greedy_rollout,30,173,0.4378955740891039,3.034738149840051,17.31561680323771,4.161203768531133,53.396026611328125,50.68596603215192,LKH,5.346767145479914
Attention:greedy_rollout,30,174,0.6113470547441769,2.429982259538918,3.8724142374385946,1.967845074552007,53.79820251464844,45.794872033066596,LKH,17.476477444467942
Attention:greedy_rollout,30,175,0.34216083192732183,3.0063922129503693,6.829916280690597,2.613410851873581,42.9453010559082,42.67808042518742,LKH,0.6261308570079915
Attention:greedy_rollout,30,176,0.431542460602941,2.649194624565093,2.857137161979494,1.690306824804152,52.26863479614258,47.69562890877253,LKH,9.587893045957825
Attention:greedy_rollout,30,177,0.5112104950045856,2.402269930391499,7.319512947592613,2.7054598403215326,47.753292083740234,45.87073821293661,LKH,4.104040929240381
Attention:greedy_rollout,30,178,0.6028505406963328,2.3978878823423115,6.597169548135942,2.5684955807117795,45.816566467285156,43.1991084932019,LKH,6.059055534664933
Attention:greedy_rollout,30,179,0.5510251689286331,2.735225860875691,13.650166151031629,3.6946131260297914,57.777984619140625,51.55343748032548,LKH,12.073971092986076
Attention:greedy_rollout,30,180,0.44912812128071283,2.591654938956147,2.7018130334705597,1.6437192684490134,42.0688591003418,41.22929344422729,LKH,2.036332873980067
Attention:greedy_rollout,30,181,0.4405210178543105,2.770028148799234,3.881006548282619,1.970027042525716,53.01963424682617,48.70361316945061,LKH,8.861808799193541
Attention:greedy_rollout,30,182,0.4396512596848576,2.8910545439457787,5.063939582434853,2.2503198844686176,48.176856994628906,46.57446151343881,LKH,3.4405024322776785
Attention:greedy_rollout,30,183,0.482874263140972,3.2904333264311045,6.863994528275136,2.6199226187571143,50.642295837402344,46.73767588387737,LKH,8.354330590220702
Attention:greedy_rollout,30,184,0.46290624441511075,2.7852715405287407,13.116931142405658,3.6217304071956624,51.60489273071289,45.662133214666575,LKH,13.014634003427405
Attention:greedy_rollout,30,185,0.5974763967798026,2.528634833640488,7.015290229361304,2.6486393165852733,46.2113037109375,44.63406568232861,LKH,3.5337090728737817
Attention:greedy_rollout,30,186,0.5927994882840115,2.667873619658601,10.995213336352942,3.3159030951390815,47.49954605102539,43.988441462964104,LKH,7.981879946843416
Attention:greedy_rollout,30,187,0.4977637927334096,2.643290985429426,10.031435742848759,3.1672441874362574,53.246822357177734,49.4955316227074,LKH,7.579049282803002
Attention:greedy_rollout,30,188,0.5609592354892204,2.4430965988035265,6.396104756782829,2.529052145920054,44.168575286865234,40.98271871318938,LKH,7.773658443627262
Attention:greedy_rollout,30,189,0.5878377787662127,2.9158422541702858,9.947094980916306,3.15390154902088,43.98652648925781,43.18164604155099,LKH,1.8639410988000218
Attention:greedy_rollout,30,190,0.5180374079151079,2.2598761632504667,5.459494949809119,2.3365562158461155,45.007713317871094,42.38663064934493,LKH,6.183748574426195
Attention:greedy_rollout,30,191,0.4508079536846102,2.8083259676280514,9.269717254560684,3.0446210362803257,53.638729095458984,49.119314401991126,LKH,9.200891234924601
Attention:greedy_rollout,30,192,0.5193337739949736,2.65490414695113,4.811924138392858,2.1936098418800136,45.8817138671875,43.807781447017085,LKH,4.734164460436586
Attention:greedy_rollout,30,193,0.526100867697581,2.870561739576664,6.256721736243719,2.501343985989076,52.94870376586914,48.18418387093185,LKH,9.888140697162651
Attention:greedy_rollout,30,194,0.5419736975765166,2.6009460019078263,28.894829778078478,5.37539112791604,50.544437408447266,45.23415458606002,LKH,11.739542544747223
Attention:greedy_rollout,30,195,0.36375092253268426,3.0739246513017346,4.643317808537747,2.1548359122071794,43.72233200073242,43.35805553506306,LKH,0.8401586767994648
Attention:greedy_rollout,30,196,0.5216569361897806,2.310882935650705,10.327232271132562,3.2136011375297593,51.71415710449219,46.338899925776296,LKH,11.599880850269974
Attention:greedy_rollout,30,197,0.4434013109809409,2.6037005431457154,4.217386121384098,2.0536275517688445,49.87866973876953,45.63441435548764,LKH,9.300558456211474
Attention:greedy_rollout,30,198,0.5598707984332577,2.6486249700684206,9.777514285992194,3.1269017071203553,50.70178985595703,45.75489794694287,LKH,10.811720998155327
Attention:greedy_rollout,30,199,0.4617259557767587,2.9009664537272344,12.167831239997085,3.4882418551466703,47.057003021240234,44.92536143801063,LKH,4.744851271081937
Attention:greedy_rollout,30,200,0.46573842202778903,2.9062505052262426,6.400650789897727,2.5299507485122565,46.49623107910156,46.010194632973885,LKH,1.0563668552259333
Attention:greedy_rollout,30,201,0.5152606057041945,2.2679936784927732,13.31802232334994,3.6493865680892097,44.84549331665039,43.341987622769174,LKH,3.4689357280222377
Attention:greedy_rollout,30,202,0.4817006336471726,2.8130787072115595,10.42176916188946,3.228276500222597,48.43681335449219,46.26133824190884,LKH,4.702577130837417
Attention:greedy_rollout,30,203,0.4765204538280765,2.1934922165931354,2.643119898750986,1.6257674799155586,50.83253479003906,47.01735987764192,LKH,8.114396304526156
Attention:greedy_rollout,30,204,0.4884205841213164,2.7973779911237804,18.66465707235688,4.320261227328375,47.06090545654297,43.215397715700384,LKH,8.898466620950456
Attention:greedy_rollout,30,205,0.6261874993656117,2.256548756480305,1.2972004663915047,1.1389470867391096,51.83206558227539,45.301420560089014,LKH,14.415982857588219
Attention:greedy_rollout,30,206,0.46339064308752614,2.5426488955797737,7.415146201155016,2.723076605818319,54.98080062866211,48.50436500369069,LKH,13.352273809746054
Attention:greedy_rollout,30,207,0.5686052519095635,2.6726959288576153,3.8365789115530675,1.9587186912757706,45.98167037963867,41.33039256970265,LKH,11.253892162025215
Attention:greedy_rollout,30,208,0.6938654803529668,2.473613945114344,6.319321289459382,2.513826026092375,51.731815338134766,43.592078448671664,LKH,18.672513858331836
Attention:greedy_rollout,30,209,0.4968812861128754,2.6096685190515787,10.190658732182069,3.1922811173488572,50.284217834472656,45.18648793307855,LKH,11.281535995769069
Attention:greedy_rollout,30,210,0.5626367175168222,2.6280165906946453,3.947520368374844,1.9868367744671036,50.33590316772461,45.8755642230707,LKH,9.722690107887152
Attention:greedy_rollout,30,211,0.4471349322053508,3.15430723372616,3.4228313926968,1.8500895634257277,47.26599884033203,44.26241291479959,LKH,6.78586124826503
Attention:greedy_rollout,30,212,0.5845274130095883,2.107588974156275,6.845436932320313,2.61637859116763,46.84689712524414,43.112795692623436,LKH,8.66123704721753
Attention:greedy_rollout,30,213,0.4011247370392084,2.723732932583952,4.839589676703342,2.1999067427287327,50.86204528808594,48.99484170821272,LKH,3.8110207417207174
Attention:greedy_rollout,30,214,0.4465735577587717,2.6274880452820555,3.882786138489846,1.970478657202317,45.145423889160156,44.21113673608163,LKH,2.113239382773069
Attention:greedy_rollout,30,215,0.4932850110344589,2.7824242973279287,3.51897782511725,1.875893873628583,49.666748046875,45.42390060779366,LKH,9.3405616477449
Attention:greedy_rollout,30,216,0.4486848820039692,2.6085512298006623,13.005953295277497,3.6063767544832994,47.08073806762695,44.79272229089971,LKH,5.10800786312576
Attention:greedy_rollout,30,217,0.49586851796751336,2.838524444849846,4.490281399098256,2.119028409223967,52.93213653564453,50.581029983089664,LKH,4.648198254050764
Attention:greedy_rollout,30,218,0.46322118091144754,2.8438634023491556,5.694236972564572,2.3862600387561645,52.71192932128906,47.69534549275908,LKH,10.517973560526109
Attention:greedy_rollout,30,219,0.49951834534682954,2.8806608128173377,5.14618207776344,2.2685197988475743,50.559940338134766,45.81094390753464,LKH,10.366510762549565
Attention:greedy_rollout,30,220,0.5826470998077032,2.5541016525580233,8.066291694628173,2.8401217746125207,56.11662292480469,49.168585776712916,LKH,14.131049405497606
Attention:greedy_rollout,30,221,0.5217414691112936,2.5388790371358367,3.5552719436747338,1.8855428777078325,47.85055160522461,44.58678562559667,LKH,7.320029766295279
Attention:greedy_rollout,30,222,0.6676125281771722,2.4733985144855954,7.009860610718332,2.647614135541343,54.225860595703125,44.61788271616111,LKH,21.533917108222376
Attention:greedy_rollout,30,223,0.5173288274364798,2.7086556441389287,4.1391884827171666,2.0344995656714127,47.68228530883789,45.14732321680009,LKH,5.6148668656716705
Attention:greedy_rollout,30,224,0.4510512826081443,2.5346324598187997,1.2633174936489955,1.123973973741828,49.60982131958008,46.645531084233475,LKH,6.354928685437465
Attention:greedy_rollout,30,225,0.441032606442847,2.793484337172468,0.6232312175120504,0.7894499461726819,52.18600845336914,47.58947782122733,LKH,9.658712056915085
Attention:greedy_rollout,30,226,0.48785941932777255,2.569646248941615,10.509569752696839,3.2418466578012044,45.13322448730469,41.266155481266146,LKH,9.371042591535087
Attention:greedy_rollout,30,227,0.4623437477996049,2.7428332974468925,3.2998960889588105,1.8165616116605598,45.634307861328125,42.31292620156608,LKH,7.849567396828055
Attention:greedy_rollout,30,228,0.4964372377963931,2.5899998389468504,9.524196723090203,3.0861297320576466,53.99131774902344,48.912330096356015,LKH,10.383859535339962
Attention:greedy_rollout,30,229,0.45299037370520334,2.769224881714143,9.339136717016586,3.0560001173129208,49.778167724609375,45.491168816591,LKH,9.423804706584878
Attention:greedy_rollout,30,230,0.5828225056330363,2.026101452840744,5.457810639049334,2.336195762141806,50.622867584228516,42.520057585691234,LKH,19.056441732722448
Attention:greedy_rollout,30,231,0.5260970177332638,3.0225718425420234,19.80715392376981,4.450522882063389,54.37558364868164,47.64018110668404,LKH,14.138070816554068
Attention:greedy_rollout,30,232,0.5293597620999207,2.579499604781271,5.266437002158156,2.294871892319516,55.28728103637695,48.65234117526329,LKH,13.637452383251643
Attention:greedy_rollout,30,233,0.5227436702659664,2.3822199590122484,13.571324623171837,3.6839278797462685,52.121070861816406,44.33989065039126,LKH,17.548938658369206
Attention:greedy_rollout,30,234,0.45650557344779374,2.466579787824058,2.5366486607021312,1.5926859893595258,50.5223388671875,46.2508834553316,LKH,9.235402856642086
Attention:greedy_rollout,30,235,0.4979958831875895,2.3032432440148147,19.993109065887683,4.471365458770697,54.473819732666016,50.752340798393575,LKH,7.332625206501279
Attention:greedy_rollout,30,236,0.4568532450318647,2.509054802607422,12.342301531799281,3.513161187847674,49.179256439208984,48.45277499019612,LKH,1.4993598388531124
Attention:greedy_rollout,30,237,0.4778182884134973,2.890672143768128,9.265070330896387,3.0438578039876285,50.97605514526367,47.349686174428015,LKH,7.658696949915873
Attention:greedy_rollout,30,238,0.47052469234913585,2.5389290279133627,5.105651824198859,2.259568946546854,51.02872085571289,44.25518804275741,LKH,15.305624295192672
Attention:greedy_rollout,30,239,0.6880203971110556,2.407847379118671,3.206083513310755,1.7905539682765093,46.34882354736328,43.48611521436942,LKH,6.583039940178232
Attention:greedy_rollout,30,240,0.4865949140788871,2.790345710732792,5.221200153345484,2.2849945630888238,48.11501693725586,46.33864803141587,LKH,3.8334500062144152
Attention:greedy_rollout,30,241,0.5172126623491446,2.71648671529001,5.488654197379667,2.3427876978889204,50.35681915283203,45.12378080848555,LKH,11.597074204744844
Attention:greedy_rollout,30,242,0.5085940051261181,2.474846583233892,7.362425995397025,2.7133790732953305,52.82276153564453,48.270795927815826,LKH,9.430061220941369
Attention:greedy_rollout,30,243,0.5633374909444683,2.7941698659749146,5.198218865054782,2.279960277078261,50.75709533691406,47.70854596164366,LKH,6.389944010704819
Attention:greedy_rollout,30,244,0.615362236679842,1.9479619485031998,7.075535802246604,2.659987932725749,47.586788177490234,41.9808696371842,LKH,13.353507416007982
Attention:greedy_rollout,30,245,0.44847332892240954,2.770957227859773,4.671514191563442,2.161368592249698,55.104217529296875,50.64799082859966,LKH,8.798427396217452
Attention:greedy_rollout,30,246,0.5206671778908155,2.697933365412586,30.833375608981164,5.552780889696726,46.782920837402344,46.014244226089225,LKH,1.6705188235544095
Attention:greedy_rollout,30,247,0.4765369510394521,2.7258404094077644,8.528050537846354,2.9202826126671977,50.94272994995117,45.57182214981432,LKH,11.785589311044783
Attention:greedy_rollout,30,248,0.5700310461223126,2.0408068859384505,5.534576763327989,2.352568120868764,47.50946807861328,42.426717578875625,LKH,11.98007008269801
Attention:greedy_rollout,30,249,0.4312433884013444,2.827919036843445,7.608349271553096,2.7583236343027435,45.64560317993164,44.59012231489152,LKH,2.3670732670038697
Attention:greedy_rollout,30,250,0.6831289210589603,1.8119028022644588,10.600623914845384,3.255859934770749,50.41267395019531,45.558278486401655,LKH,10.655353154405537
Attention:greedy_rollout,30,251,0.6027725502227743,1.9535468494151296,40.94735090552418,6.399011713188544,44.43592834472656,40.811322413721896,LKH,8.88137339501151
Attention:greedy_rollout,30,252,0.6601454847686303,2.3490725759489,3.095510117993814,1.7594061833453394,51.69562911987305,45.58737561188774,LKH,13.399002302717491
Attention:greedy_rollout,30,253,0.5399736823160614,2.5815714744953,2.86802905625855,1.6935256290527612,46.12444305419922,41.91318912945063,LKH,10.047562622214112
Attention:greedy_rollout,30,254,0.4963710019583232,2.6654837145278285,7.797930538898191,2.7924774912070807,55.56327819824219,50.49333506169694,LKH,10.040816536183184
Attention:greedy_rollout,30,255,0.5429505930107552,2.6474579049228497,25.795606802620064,5.078937566324286,47.03876495361328,44.562636001011654,LKH,5.556513650910181
Attention:greedy_rollout,30,256,0.5033042988222775,3.0547093503669682,6.46844770692537,2.5433143154013367,57.79400634765625,51.14104238119642,LKH,13.009050376544526
Attention:greedy_rollout,30,257,0.6252738426187231,2.326139385375623,16.687693480520593,4.085057341154539,58.816287994384766,50.3233193310874,LKH,16.876805378080075
Attention:greedy_rollout,30,258,0.6203868719593932,2.5747505192202893,7.244357678626175,2.6915344468585527,51.94717788696289,44.726312084616765,LKH,16.144558909049156
Attention:greedy_rollout,30,259,0.5128074892339404,3.0129253970284426,3.923570019024351,1.9808003480977963,43.98220443725586,40.895075490846544,LKH,7.54890144927181
Attention:greedy_rollout,30,260,0.6401681165637759,2.328199407595081,7.717816988892774,2.77809592866999,50.310340881347656,43.32171794749397,LKH,16.131915503267695
Attention:greedy_rollout,30,261,0.471764827350853,2.430099295118168,14.617763555485624,3.8233183957768446,52.73237609863281,47.971485013102146,LKH,9.924418817200165
Attention:greedy_rollout,30,262,0.47022442827001215,2.7209318402389915,2.638384381221369,1.6243104325286373,51.16353988647461,47.1594062511263,LKH,8.490636234956161
Attention:greedy_rollout,30,263,0.4621599307982251,2.9535564549638536,5.241342528335574,2.289397852784783,49.857505798339844,44.62305952065298,LKH,11.730361687244226
Attention:greedy_rollout,30,264,0.515850060667132,2.5570697058352447,2.755213448952761,1.6598835648781998,47.783573150634766,43.89612718469784,LKH,8.856011259444518
Attention:greedy_rollout,30,265,0.5161411162470662,2.6998777691497886,11.10261789429189,3.3320591072626384,47.07864761352539,44.835868676008864,LKH,5.002198025253406
Attention:greedy_rollout,30,266,0.5795802337249673,2.519471785312658,6.179736544031278,2.4859075896000795,51.242767333984375,45.32548617450268,LKH,13.055085910607161
Attention:greedy_rollout,30,267,0.5418461882611154,2.744778925974835,2.5416027034374578,1.5942404785469029,45.8571891784668,41.46735521091694,LKH,10.586240538422768
Attention:greedy_rollout,30,268,0.6220225268698414,2.3232840274118898,6.150981217218837,2.480117178122606,56.87996292114258,46.95875860244893,LKH,21.127484230761265
Attention:greedy_rollout,30,269,0.5452111290612568,2.7053137710121002,11.192253132571437,3.345482496228524,45.35761642456055,42.713925769748634,LKH,6.189294491597067
Attention:greedy_rollout,30,270,0.3937972087568293,2.76399407039319,6.769257405911621,2.60177966129179,51.68870162963867,50.74277887948701,LKH,1.8641524391050897
Attention:greedy_rollout,30,271,0.6152253707948148,2.65757527111831,16.952142707320295,4.117297986218667,46.70597839355469,40.687706898768226,LKH,14.791375463257324
Attention:greedy_rollout,30,272,0.46623924796779953,2.588760564630579,8.447495569096663,2.906457563615313,42.01262664794922,41.212013820335436,LKH,1.9426685410328888
Attention:greedy_rollout,30,273,0.5304931339225731,2.7354119326696194,1.7086849408844604,1.307166760931619,46.76667785644531,42.850295588044894,LKH,9.139685536948964
Attention:greedy_rollout,30,274,0.5420786327216774,2.5186080498545533,7.063922892264524,2.6578041485904347,50.199649810791016,45.369443336543355,LKH,10.646386904987907
Attention:greedy_rollout,30,275,0.4118064488885769,3.151473973732032,4.48447034207756,2.1176568046020963,49.93570327758789,48.24687951891609,LKH,3.500379248381581
Attention:greedy_rollout,30,276,0.5379114187012116,2.551867339888866,2.1431678707121784,1.4639562393433003,54.11982727050781,48.73242359214115,LKH,11.055070282273958
Attention:greedy_rollout,30,277,0.3967724119972748,2.91499961022672,4.084103704142585,2.020916550514292,52.53394317626953,47.511286516454454,LKH,10.571502116819325
Attention:greedy_rollout,30,278,0.4932009182870388,2.4291250669914954,4.395651651305113,2.0965809431798985,52.83143615722656,44.1855108833877,LKH,19.567331238189773
Attention:greedy_rollout,30,279,0.633287704382504,2.8824858519887857,8.1022447502564,2.8464442292545273,56.99594497680664,44.93257318413418,LKH,26.84772079096524
Attention:greedy_rollout,30,280,0.4031350917784342,3.106161758872214,3.3196306423528887,1.8219853573376732,46.04880142211914,44.76432408065887,LKH,2.869421951163232
Attention:greedy_rollout,30,281,0.5420959323955079,2.3849174534342317,1.8683041061409473,1.3668592122603365,47.64530944824219,41.61363179733131,LKH,14.49447546488286
Attention:greedy_rollout,30,282,0.5366880325886693,2.673144436890485,9.492567889953545,3.081001118135718,49.62186050415039,44.69112789546436,LKH,11.032911543918411
Attention:greedy_rollout,30,283,0.5386558413064146,2.6765069974949487,6.483193753901124,2.5462116475071594,52.98226547241211,49.13374686634499,LKH,7.832739922188238
Attention:greedy_rollout,30,284,0.45643629657376245,2.5811190718036037,4.535853152429644,2.129754246956593,53.2789306640625,47.677904155716256,LKH,11.747635739300256
Attention:greedy_rollout,30,285,0.5377707078587264,2.532892473672296,3.6913976046848083,1.9213010187591137,46.58674240112305,43.6724125437444,LKH,6.673159753790824
Attention:greedy_rollout,30,286,0.42059744484334566,3.122323153074311,15.157938844306324,3.89331977164814,48.11525344848633,46.92616685446445,LKH,2.533952107594216
Attention:greedy_rollout,30,287,0.40895879190647977,3.16305328373894,4.107310601502666,2.0266500935047143,48.85911560058594,45.31353875027704,LKH,7.8245419538927985
Attention:greedy_rollout,30,288,0.6406542990092475,2.8586673608243345,19.052843995652193,4.364956356672102,50.717159271240234,45.32057795250941,LKH,11.90757391572941
Attention:greedy_rollout,30,289,0.5028343281473402,3.183199049561312,9.809256061017674,3.1319731897028866,50.6328125,47.54589706529563,LKH,6.492495936011171
Attention:greedy_rollout,30,290,0.5574833039368968,2.2794868307454923,10.480734898406526,3.2373963146958893,52.60388946533203,49.62525801409122,LKH,6.002248795149877
Attention:greedy_rollout,30,291,0.5555848435341129,2.3500624211093912,6.708165294174141,2.59001260502225,44.45955276489258,40.437347315484004,LKH,9.94675891578184
Attention:greedy_rollout,30,292,0.4720908374811794,2.8412037431484882,5.557758781836588,2.357489932499519,51.30443572998047,47.524370935208786,LKH,7.953950195206462
Attention:greedy_rollout,30,293,0.48253260024939665,2.740934905550198,8.575969150547557,2.9284755676883423,49.947967529296875,45.68247787466505,LKH,9.337255449090728
Attention:greedy_rollout,30,294,0.5363836531609801,2.664451179468268,4.675137403001414,2.1622066050683997,50.90962600708008,46.11075887337972,LKH,10.407261235665322
Attention:greedy_rollout,30,295,0.4644316573239242,2.994388692397163,2.1682030829353067,1.4724819465566654,50.64553451538086,47.75967086910903,LKH,6.042469710858931
Attention:greedy_rollout,30,296,0.41587871427612605,2.865709997824499,14.866694255163589,3.8557352418395623,45.629058837890625,43.870813094581656,LKH,4.007780160167863
Attention:greedy_rollout,30,297,0.4580356603740559,2.255130573713311,8.370568821932135,2.893193533438808,48.695884704589844,47.32428597290716,LKH,2.898297784076261
Attention:greedy_rollout,30,298,0.5259521287245055,2.3314043625377474,15.17998378704125,3.896149867117697,59.294586181640625,51.733355115108715,LKH,14.615775546952017
Attention:greedy_rollout,30,299,0.3723482212148762,3.2051013766126957,3.077294994742465,1.754222048300176,47.1578369140625,42.87884714925624,LKH,9.979255622035733
Attention:greedy_rollout,50,0,0.910814877189041,1.367790532795381,20.754347808864,4.555693998598238,67.05128479003906,57.4139621693539,LKH,16.785677658437788
Attention:greedy_rollout,50,1,0.7725547720910981,1.713774455582235,4.972306573590873,2.2298669407816405,69.13153076171875,62.26874960655048,LKH,11.021228462962949
Attention:greedy_rollout,50,2,0.8464209528293213,1.6807861616726023,14.44421715597143,3.8005548484361373,66.6652603149414,55.944222437324576,LKH,19.163798173489358
Attention:greedy_rollout,50,3,0.796474157886114,1.6717632190939589,15.619249834001732,3.952119663421356,58.7674674987793,53.46291094016532,LKH,9.921937405448674
Attention:greedy_rollout,50,4,0.7701433231860574,1.6762051543295433,18.56970134929486,4.309257633200278,76.46855163574219,63.03032092819321,LKH,21.320263818517397
Attention:greedy_rollout,50,5,0.8541164009034401,1.7988173419926503,20.86337669988284,4.567644546140039,63.55568313598633,53.2148805684564,LKH,19.432163442004473
Attention:greedy_rollout,50,6,0.8228966958634555,1.4445908004336232,6.861993313430409,2.6195406684055142,66.53057861328125,59.51602239643698,LKH,11.78599633241654
Attention:greedy_rollout,50,7,0.8557118096388876,1.441535725800338,7.147605352233443,2.673500580181991,67.83431243896484,59.78799168174686,LKH,13.45808837341246
Attention:greedy_rollout,50,8,0.7932899949816056,1.6931493439027776,4.735749667357608,2.176177765569166,70.3576431274414,56.20132675786943,LKH,25.188580388077362
Attention:greedy_rollout,50,9,0.8071358775533736,1.5438562364804183,13.924633305368982,3.7315724976702493,63.11161422729492,53.634864232859165,LKH,17.669010875634637
Attention:greedy_rollout,50,10,0.8010341656097444,1.7013251895133614,5.769803110281495,2.402041446412092,63.75366973876953,57.26073567944099,LKH,11.339243169486165
Attention:greedy_rollout,50,11,0.6733398389638751,2.016993673894678,15.069495026001546,3.8819447479326064,62.80974578857422,57.7610878613842,LKH,8.74058663733248
Attention:greedy_rollout,50,12,0.758400577402208,1.7036264799324663,21.16321723463356,4.600349686125345,65.31352233886719,54.41453129752868,LKH,20.029559717687945
Attention:greedy_rollout,50,13,0.7000117056537419,1.8113075415899045,12.5807038813176,3.5469287956368114,62.63304901123047,56.01337920037929,LKH,11.818015455147462
Attention:greedy_rollout,50,14,0.789768416799875,1.9501109658682947,6.994800848428812,2.6447685812616597,69.31127166748047,61.521855974484225,LKH,12.661217009166387
Attention:greedy_rollout,50,15,0.7702692548484265,1.6578351842822587,23.945673342312087,4.893431652972389,60.249412536621094,53.964875384602536,LKH,11.645606715904112
Attention:greedy_rollout,50,16,0.9053097639232874,1.4638100641496592,5.440820976458667,2.332556746674916,63.756404876708984,56.24979108302187,LKH,13.345140753692277
Attention:greedy_rollout,50,17,0.827417667643167,1.8132761438497949,13.610932243828987,3.6892996955830233,64.47703552246094,55.1639325570088,LKH,16.882594357876087
Attention:greedy_rollout,50,18,0.9854695796873421,1.3634209036241858,9.297899470594684,3.0492457215834023,68.35821533203125,60.41507935537091,LKH,13.147604971165528
Attention:greedy_rollout,50,19,0.8670807325455826,1.6228213502879207,5.404559016708218,2.3247707449785704,67.87303161621094,56.72730793277952,LKH,19.6478981457023
Attention:greedy_rollout,50,20,0.7890089638251812,1.6870696547301953,4.8569446571392705,2.203847693725515,69.4132308959961,57.910360269708924,LKH,19.86323444149588
Attention:greedy_rollout,50,21,0.7897435904666782,1.4901410554227876,8.503623896584012,2.916097374331662,61.82841491699219,56.90491957398472,LKH,8.652143575400723
Attention:greedy_rollout,50,22,0.7164028653118294,1.820455114752737,25.94354568581796,5.0934807043727925,60.23114013671875,55.941935230615805,LKH,7.667244417664616
Attention:greedy_rollout,50,23,0.8057785930577666,1.56679599505029,15.22425453405115,3.90182707639013,63.08290100097656,58.57391027988561,LKH,7.6979506738503485
Attention:greedy_rollout,50,24,0.7653989183902741,1.4519506844664876,30.797000554028312,5.549504532300907,63.171077728271484,57.00088100253929,LKH,10.824739227201288
Attention:greedy_rollout,50,25,0.8108577450780513,1.6612347418595033,16.234797968125253,4.029242852959506,65.40624237060547,57.931313482445184,LKH,12.9030889148153
Attention:greedy_rollout,50,26,0.9470750101702379,1.4761851268092963,15.569924611025641,3.9458743785155708,71.53221130371094,53.990534693595464,LKH,32.49028132369344
Attention:greedy_rollout,50,27,0.7993187671154738,1.6126469626720685,11.173944086948296,3.342744992808799,68.31874084472656,60.39915157552555,LKH,13.112086945953266
Attention:greedy_rollout,50,28,0.8216073042903372,1.6058638675886905,6.146283595741131,2.4791699408756007,65.62153625488281,53.43063005491839,LKH,22.81632499454726
Attention:greedy_rollout,50,29,0.8684889423433924,1.6959255451553534,14.170053450902433,3.7643131446390634,69.84185791015625,61.9670148405098,LKH,12.708120747650439
Attention:greedy_rollout,50,30,0.7852242173813283,1.5681326597155185,23.667059602651758,4.864880224902948,69.91360473632812,59.085163914756535,LKH,18.326835544019172
Attention:greedy_rollout,50,31,0.9510698466589838,1.908191789052984,12.845425433654839,3.5840515389227927,64.38626861572266,52.106861341959736,LKH,23.565816396380733
Attention:greedy_rollout,50,32,0.8603537437974592,1.6019523831791378,12.069917631239269,3.474178698806276,64.43257141113281,53.608103197846205,LKH,20.191850797887394
Attention:greedy_rollout,50,33,0.8327132857590914,1.6062810256508486,10.194026914188957,3.192808624736058,66.70563507080078,54.3769410747766,LKH,22.67265085593973
Attention:greedy_rollout,50,34,0.7217283551231958,1.7618221533294653,11.369500947574162,3.3718690584858364,62.24005126953125,55.614213936711835,LKH,11.913927868079771
Attention:greedy_rollout,50,35,0.8060647558607161,1.4791451233591537,9.33433282613494,3.0552140393325864,59.03504943847656,53.41347064480841,LKH,10.524646172219002
Attention:greedy_rollout,50,36,0.847528168191202,1.5765766799657726,16.23434382466998,4.029186496635516,65.71265411376953,55.55804752567373,LKH,18.277472014118736
Attention:greedy_rollout,50,37,0.8469546614820138,1.6021824922217371,44.60090095364084,6.678390596067352,61.45631408691406,52.53954522110731,LKH,16.971537968746095
Attention:greedy_rollout,50,38,0.7000285164266825,1.7794171185490206,9.830947325126886,3.135434152573912,63.873191833496094,57.858205188016335,LKH,10.396082329089584
Attention:greedy_rollout,50,39,0.8384134000662016,1.4749708218959072,11.512552114580425,3.3930151951590823,58.26213073730469,52.7347714816684,LKH,10.481432080458902
Attention:greedy_rollout,50,40,0.8596068717795424,1.4540779410429905,12.903364585220626,3.592125357670668,66.36180114746094,59.738018698010094,LKH,11.088051786477285
Attention:greedy_rollout,50,41,0.7997300836700014,1.5661097936756816,4.804117027300628,2.19182960726892,60.72431182861328,53.907145003838686,LKH,12.646128494263886
Attention:greedy_rollout,50,42,0.8416890515078558,1.5550058618681228,16.38560646373884,4.0479138409480555,64.4303970336914,53.880239551893396,LKH,19.580754594895392
Attention:greedy_rollout,50,43,0.8218222556263208,1.286917016475166,5.718406794973608,2.3913190491805163,65.50211334228516,57.25541059488481,LKH,14.40335972044729
Attention:greedy_rollout,50,44,0.8306725220941007,1.4101995657072584,12.760827056537853,3.5722299837129543,63.752418518066406,57.594987426644146,LKH,10.690914898218656
Attention:greedy_rollout,50,45,0.8877697025955422,1.479978786844774,11.064328263154712,3.3263085039056,61.64726638793945,52.83624632374973,LKH,16.676090141227917
Attention:greedy_rollout,50,46,0.9093328967085108,1.3007651463583536,26.612935628749792,5.158772686283996,71.84854125976562,59.43767386506856,LKH,20.880472918357114
Attention:greedy_rollout,50,47,0.8425071424338967,1.561052754563214,17.685941266542372,4.205465642059434,70.15904998779297,61.46483333331605,LKH,14.1450259977592
Attention:greedy_rollout,50,48,0.9907798752933741,1.0305892611316863,4.482588984475361,2.117212550613509,64.5566635131836,56.259861976127866,LKH,14.747283846121448
Attention:greedy_rollout,50,49,0.8959552426543087,1.3121939852845204,12.745305341517154,3.5700567700692316,75.52787017822266,59.89783409581295,LKH,26.094492928421765
Attention:greedy_rollout,50,50,0.8446100063348422,1.6018357155276237,17.66034696769434,4.2024215599692445,62.31071472167969,55.8592352146665,LKH,11.549530676924267
Attention:greedy_rollout,50,51,0.8224664650645355,1.7721837673156042,30.12750141115249,5.48885246760673,65.01409149169922,58.718962173789855,LKH,10.72077755611167
Attention:greedy_rollout,50,52,0.7825543519668281,1.694720756188145,26.38084038804766,5.136228225852864,62.625335693359375,56.92465042408297,LKH,10.014440539918768
Attention:greedy_rollout,50,53,0.8051560331048973,1.7520700184028146,13.67580528880347,3.698081298295573,66.02387237548828,56.58560285857944,LKH,16.67963057758219
Attention:greedy_rollout,50,54,0.8623419766593724,1.3921503385067375,13.729659335737226,3.7053554938409388,71.19799041748047,57.46826118457671,LKH,23.890977297549647
Attention:greedy_rollout,50,55,0.825696917346213,1.5757701658607155,3.559625090138252,1.8866968728808164,62.33562469482422,56.04363913096064,LKH,11.226939687411635
Attention:greedy_rollout,50,56,0.8524485208827537,1.4640970187859272,24.152254586060558,4.91449433676147,68.96197509765625,61.040362934019,LKH,12.977662292408123
Attention:greedy_rollout,50,57,0.8019983722711913,1.3155313833763396,4.277038547856664,2.0681002267435358,70.66747283935547,59.70870003994265,LKH,18.35372867284308
Attention:greedy_rollout,50,58,0.85176408048952,1.4147782550905348,19.77838108202605,4.447289183539345,68.54710388183594,59.06167639382955,LKH,16.06020700251809
Attention:greedy_rollout,50,59,0.8187378541380167,1.2627310194455692,22.922867585538263,4.787783159828592,68.29769897460938,57.307447565892446,LKH,19.177701809315923
Attention:greedy_rollout,50,60,0.7780953430384397,1.6452921579812594,16.786732440845462,4.097161510222103,63.9666633605957,55.555897724051995,LKH,15.139284902424336
Attention:greedy_rollout,50,61,0.85302002876997,1.3759122174580138,4.512321140387209,2.124222479023139,62.23279571533203,55.550839910469875,LKH,12.028541450734721
Attention:greedy_rollout,50,62,0.7885686374176294,1.6029547478504775,10.30014452554529,3.209383823344489,70.62181854248047,54.104494750560484,LKH,30.528561200081956
Attention:greedy_rollout,50,63,0.6969274706020951,1.7205129791777924,16.54742802636628,4.067852999601421,61.72369384765625,56.50684757575928,LKH,9.232237322923902
Attention:greedy_rollout,50,64,0.763250371045433,1.7480631565854463,16.49606971605539,4.061535388994584,59.910980224609375,55.00461723156435,LKH,8.919911163802281
Attention:greedy_rollout,50,65,0.7735782279010164,1.8557475564401826,13.851244006283837,3.721725944542913,59.29267883300781,54.9420474164846,LKH,7.9185826176872105
Attention:greedy_rollout,50,66,0.7347961301170289,1.6396135599173112,39.631960746469,6.295392024843965,63.2486457824707,56.766452290550646,LKH,11.419056908368896
Attention:greedy_rollout,50,67,0.8687543990390258,1.616907224227615,13.590008103055245,3.686462817261995,73.77827453613281,58.061921881337256,LKH,27.06826116936931
Attention:greedy_rollout,50,68,0.8420745560196565,2.1347747438819202,10.131376394177275,3.182982311320199,64.1204605102539,53.486401050758566,LKH,19.881800327906944
Attention:greedy_rollout,50,69,0.839674452682957,1.278399039137635,14.411552616924151,3.7962550779582966,70.68600463867188,56.883651743665894,LKH,24.264182189292903
Attention:greedy_rollout,50,70,0.7175639225542545,1.6382937373939357,14.4896521496358,3.8065275711119972,69.43523406982422,59.516831079656306,LKH,16.664870777298766
Attention:greedy_rollout,50,71,0.8052922071812827,1.9390377371697665,7.611968694624926,2.758979647374175,64.84728240966797,57.59484889642224,LKH,12.592156507413362
Attention:greedy_rollout,50,72,0.7908301021999796,1.8716163964719776,4.166429050338228,2.041183247613557,69.23326110839844,57.380935776771345,LKH,20.655510704349805
Attention:greedy_rollout,50,73,0.8281413626076437,1.6859059069631777,13.198049213133284,3.6329119467905198,68.45753479003906,55.951769881636395,LKH,22.350972873348038
Attention:greedy_rollout,50,74,0.8658487545792013,1.4717474844870193,13.07107495340118,3.615394162937311,68.92889404296875,59.10571661738526,LKH,16.61967401422913
Attention:greedy_rollout,50,75,0.8199904438201338,1.7802763275943436,9.23181917203257,3.038390885326075,66.5806884765625,55.5615094874803,LKH,19.83239672702765
Attention:greedy_rollout,50,76,0.8616221922067598,1.4822729286958665,9.175837807833473,3.0291645395774514,67.2515640258789,55.07062141621732,LKH,22.118767314426044
Attention:greedy_rollout,50,77,0.8522342369891703,1.3872870002798812,9.740844731125827,3.1210326385870797,69.46372985839844,59.19359283164888,LKH,17.35008222251117
Attention:greedy_rollout,50,78,0.6882369433557324,1.829239922786676,9.252687377028163,3.041823035126824,65.28186798095703,59.19375750254385,LKH,10.28505493700335
Attention:greedy_rollout,50,79,0.8658092772588134,1.3375074114536005,17.54069173888794,4.188160901742904,68.83336639404297,59.9560026331361,LKH,14.8064636917615
Attention:greedy_rollout,50,80,0.8074612894654274,1.5121188698750203,3.3912564177230933,1.8415364285625992,62.32861328125,54.16460398061842,LKH,15.07259114006055
Attention:greedy_rollout,50,81,0.8990063992553223,1.6185570452718088,31.07907022914375,5.574860556923711,65.38410186767578,53.98056089895722,LKH,21.1252732072646
Attention:greedy_rollout,50,82,0.7843777527846396,1.6052257663282865,26.327813544200563,5.131063588009854,67.12452697753906,54.772247382088565,LKH,22.55207734910271
Attention:greedy_rollout,50,83,0.8524949088133872,1.391318251674407,18.70119922226343,4.3244883191267185,61.75644302368164,52.443142693987475,LKH,17.758852447189287
Attention:greedy_rollout,50,84,0.8122648548368306,1.5326185827195007,9.696910064137612,3.113986201661403,71.51838684082031,61.13709238398562,LKH,16.980353582457898
Attention:greedy_rollout,50,85,0.8072847753908718,1.70130636756181,14.528605170055746,3.8116407451458154,65.97933959960938,55.55916666245011,LKH,18.755092207316675
Attention:greedy_rollout,50,86,0.8556923591896338,1.4999406691714672,20.414833282073026,4.518277689792099,70.8359146118164,57.678371337225855,LKH,22.811918869315612
Attention:greedy_rollout,50,87,0.8388393687588905,1.551184162552,27.31661652877812,5.226530065806387,74.26565551757812,59.010490783892884,LKH,25.85161474008481
Attention:greedy_rollout,50,88,0.7490118280984461,1.546911566550876,14.611677707538737,3.822522427342806,65.19491577148438,55.5382275944175,LKH,17.387461925481993
Attention:greedy_rollout,50,89,0.8111452034523245,1.8228135712375186,17.83032897352815,4.222597420253102,65.78524780273438,52.49456117579232,LKH,25.318216457576575
Attention:greedy_rollout,50,90,0.8119048404693604,1.5356719181165934,10.113369615167501,3.1801524515606956,72.1843490600586,62.358921330609604,LKH,15.75625030034967
Attention:greedy_rollout,50,91,0.8490697558433749,1.4681779295368895,11.146129711925852,3.3385819911941437,61.7444953918457,54.94821035996796,LKH,12.368528451345377
Attention:greedy_rollout,50,92,0.9487393919471652,1.078984432985834,3.477967366551696,1.8649309280913586,67.9590072631836,55.44172262010526,LKH,22.57737323359988
Attention:greedy_rollout,50,93,0.8009199912475197,1.7659682119802742,27.72741550675739,5.265682814864316,62.52445983886719,56.54612316835848,LKH,10.572496106778209
Attention:greedy_rollout,50,94,0.7951449440553552,1.5566341914686317,18.51660665597657,4.303092685032077,69.06773376464844,58.89531642294563,LKH,17.27203105362658
Attention:greedy_rollout,50,95,0.7884827617369592,1.334997199692922,3.324081642396832,1.8232064179343028,67.90625,58.82873375600244,LKH,15.430412426769863
Attention:greedy_rollout,50,96,0.7929501027531114,1.9732500400022446,36.4603917282756,6.038244093134659,61.182090759277344,55.39551669147709,LKH,10.44592489321532
Attention:greedy_rollout,50,97,0.8279581814678386,1.7373001535918489,7.080126004450544,2.660850616710856,65.61713409423828,57.72194975308681,LKH,13.677958514783636
Attention:greedy_rollout,50,98,0.8536731822043657,1.6383059404196745,3.560171020389159,1.8868415461795298,81.25171661376953,60.850673633896356,LKH,33.52640449408098
Attention:greedy_rollout,50,99,0.7749898219243915,1.6918457985553883,37.6663352323531,6.137290544886489,65.9629898071289,56.070978012840406,LKH,17.641946234687047
Attention:greedy_rollout,50,100,0.7764994004368782,1.3995225446946877,4.380925606364172,2.093066077878138,71.2637710571289,61.05556854280564,LKH,16.719527404230735
Attention:greedy_rollout,50,101,0.8348026420046517,1.3341422586467429,21.82386873700737,4.6716023735980965,67.97380065917969,56.625896276304275,LKH,20.04013204047786
Attention:greedy_rollout,50,102,0.8184130699001253,1.4322741732587105,6.516501517510529,2.5527439192975327,66.2525634765625,57.74146307763727,LKH,14.740015138656053
Attention:greedy_rollout,50,103,0.8032925205305196,1.8166549880264902,20.375633376232685,4.513937679701912,68.17536926269531,59.63017686240157,LKH,14.330315370373684
Attention:greedy_rollout,50,104,0.8269483333386597,1.445678574696523,26.250542225578663,5.123528298504719,67.1202392578125,57.142514950391885,LKH,17.461122101613395
Attention:greedy_rollout,50,105,0.9293619157746434,1.1419235247662072,15.923767607951715,3.990459573526803,69.11323547363281,57.275659275008586,LKH,20.667725781708082
Attention:greedy_rollout,50,106,0.8943147484539077,1.433946229908463,18.839414146502225,4.340439395556886,63.438262939453125,56.343232713949995,LKH,12.59251534523058
Attention:greedy_rollout,50,107,0.7658523961436003,1.5319517801745954,18.472947058031473,4.298016642363251,66.93212890625,58.64474773716622,LKH,14.131497685395681
Attention:greedy_rollout,50,108,0.8244721377363021,1.7415484901942822,22.082206598828577,4.699170841630316,64.17428588867188,54.590966750115726,LKH,17.55477088805326
Attention:greedy_rollout,50,109,0.7134989736205898,1.6112915270539885,9.586398423900533,3.096190954043457,64.38341522216797,59.75716950357616,LKH,7.74174171404647
Attention:greedy_rollout,50,110,0.8710822237376123,1.595462465232252,19.099437389493126,4.370290309520996,61.42353820800781,52.81147543371493,LKH,16.307180785172545
Attention:greedy_rollout,50,111,0.8958616727916524,1.4389353767067687,9.770528401080739,3.1257844457161053,71.08391571044922,59.115218453795045,LKH,20.246389288079868
Attention:greedy_rollout,50,112,0.8168263127934188,1.5487787925162055,5.0972646251753035,2.2577122547338275,57.31699752807617,53.27948460409988,LKH,7.577987951605684
Attention:greedy_rollout,50,113,0.8464928849964053,1.8196391918156132,50.493879799808056,7.10590457294552,71.9686279296875,58.53000921547028,LKH,22.960219713522974
Attention:greedy_rollout,50,114,0.7266625293716789,1.6676816600120392,17.483412912711426,4.181317126541758,64.41069030761719,58.08019450369058,LKH,10.89957748596099
Attention:greedy_rollout,50,115,0.8330653793737293,1.4550101984757355,15.082866187029342,3.883666590611164,65.71063995361328,58.2698751544977,LKH,12.769488143551053
Attention:greedy_rollout,50,116,0.858500699903816,1.5760111652342224,14.926971576481046,3.86354391413907,60.86495590209961,53.02130709406521,LKH,14.793390125443285
Attention:greedy_rollout,50,117,0.8499102466437034,1.5302034413937777,10.78866736291339,3.28461068665883,64.84394073486328,56.458343194699324,LKH,14.852716296058881
Attention:greedy_rollout,50,118,0.7428057535726111,1.9343788334977716,18.637369512691958,4.31710198080749,66.05196380615234,56.01748669569925,LKH,17.913115532945707
Attention:greedy_rollout,50,119,0.8419605814199894,1.3556338136603912,5.80924042199752,2.410236590461094,64.32276916503906,54.24058756808566,LKH,18.587891556848856
Attention:greedy_rollout,50,120,0.8233529161382467,1.5627520808493756,11.505228637770601,3.391935824535983,71.63658142089844,60.82901120996954,LKH,17.76713116973631
Attention:greedy_rollout,50,121,0.9721184977425946,1.3273396478103254,17.90128435544104,4.230990942491019,62.42530822753906,51.3486667509677,LKH,21.57142955685916
Attention:greedy_rollout,50,122,0.7813924000569387,1.663356310893702,21.075067843999314,4.590758961653216,67.81410217285156,58.24767998375529,LKH,16.423696517636845
Attention:greedy_rollout,50,123,0.7671603811835485,1.8184098386784653,12.02177170405289,3.467242665873401,65.22235107421875,56.731080145781554,LKH,14.967581979079583
Attention:greedy_rollout,50,124,0.8215078942500986,1.4258348166938872,20.42912288282056,4.519858723767875,60.26593017578125,55.031615657719215,LKH,9.511468008895037
Attention:greedy_rollout,50,125,0.7671127558557782,1.7890094862267427,14.953463571851815,3.8669708522113035,70.68663024902344,61.47235173271778,LKH,14.989305365067866
Attention:greedy_rollout,50,126,0.7822580322902649,1.5239049665516513,14.21806858030971,3.7706854257959135,68.91921997070312,57.90643396834884,LKH,19.018242443272843
Attention:greedy_rollout,50,127,0.8852497927518561,1.5774266472176697,30.167916514704718,5.492532795960778,59.816009521484375,53.96337778904069,LKH,10.845562253948234
Attention:greedy_rollout,50,128,0.7676052257511765,1.5689090158786028,18.926419848364976,4.350450533952199,61.00632858276367,55.97467231966394,LKH,8.989166089914043
Attention:greedy_rollout,50,129,0.7748058537952602,1.6937106447946908,4.620544284622935,2.14954513435353,61.37253189086914,53.991431934676825,LKH,13.670872750925673
Attention:greedy_rollout,50,130,0.7668112511187792,1.5530349140515909,7.694565182270698,2.7739079260622006,64.2212905883789,55.79676253547918,LKH,15.098596531551209
Attention:greedy_rollout,50,131,0.8755600286705885,1.6024730659784236,16.7982102105235,4.098561968608441,71.98837280273438,59.95814980275985,LKH,20.064366628305766
Attention:greedy_rollout,50,132,0.8315889594914916,1.6231686627919522,7.770209295756154,2.7875095149176,64.35554504394531,56.568789893537804,LKH,13.76510822498085
Attention:greedy_rollout,50,133,0.8645473989355378,1.4990109143977646,11.268524700230003,3.3568623296510096,58.95885467529297,53.56963752691311,LKH,10.060208351554257
Attention:greedy_rollout,50,134,0.7473785959463567,1.6910120191878724,13.956000971882903,3.7357731424543035,62.623680114746094,55.81690668200761,LKH,12.194823821959702
Attention:greedy_rollout,50,135,0.8872836106393879,1.6653722233534438,13.701048137789739,3.7014926904952463,65.82594299316406,55.47317074451814,LKH,18.662665410502033
Attention:greedy_rollout,50,136,0.8005380703067931,1.7208978863666176,5.508142847674684,2.346943298777089,59.820831298828125,53.48949137035465,LKH,11.836605221455665
Attention:greedy_rollout,50,137,0.967352466918528,1.4321527239158471,8.623047977903923,2.9365026780004686,65.84412384033203,51.602527426040005,LKH,27.59864123846255
Attention:greedy_rollout,50,138,0.8048878549039364,1.693787122930967,6.55353786075999,2.5599878634009166,63.55868911743164,55.625129434290436,LKH,14.262546018006237
Attention:greedy_rollout,50,139,0.9200375607050956,1.3958952023165156,19.716873944111263,4.440368672093711,67.20553588867188,56.86869887181218,LKH,18.176672267744294
Attention:greedy_rollout,50,140,0.8356663656979799,1.3345090666384953,18.10201081029249,4.254645791401734,67.68785095214844,54.88088213952701,LKH,23.33593833288155
Attention:greedy_rollout,50,141,0.7921730878669768,1.4981060264370631,16.243090185680522,4.03027172603542,67.91278076171875,59.46183102238578,LKH,14.21239405855399
Attention:greedy_rollout,50,142,0.8488846515878685,1.3250667334735018,17.696034226853072,4.206665452214268,65.86493682861328,57.60465610889586,LKH,14.339605993137402
Attention:greedy_rollout,50,143,0.8455290646474714,1.7053082712266427,16.982139705696035,4.120939177626386,61.755126953125,54.9224172829678,LKH,12.440657218261435
Attention:greedy_rollout,50,144,0.7679817352828104,1.743194550397866,9.248091409435945,3.0410674786061467,65.72207641601562,57.598853914260125,LKH,14.10309745719503
Attention:greedy_rollout,50,145,0.8655120109888139,1.8079792003927195,27.824593400847927,5.274902217183549,66.96943664550781,56.432651358390174,LKH,18.6714340607551
Attention:greedy_rollout,50,146,0.7772921618074179,1.4342057874735221,21.50103375848104,4.636920719451761,65.95925903320312,60.47373893087709,LKH,9.070912761977747
Attention:greedy_rollout,50,147,0.6931673425761983,1.9155911866677489,25.367730997802216,5.03663885918002,63.640533447265625,60.225071565569806,LKH,5.6711628444928435
Attention:greedy_rollout,50,148,0.8146093886844937,1.6807524579093565,22.64699821609811,4.758886236935918,64.5712661743164,56.44833376165168,LKH,14.390030442640025
Attention:greedy_rollout,50,149,0.86870573608845,1.6264062988940169,6.995901632539549,2.644976679016197,61.31972122192383,53.58324009620418,LKH,14.438248063815198
Attention:greedy_rollout,50,150,0.7517675509536639,1.5998164250359614,32.520917113887705,5.702711382657175,63.36722183227539,55.39323275366653,LKH,14.395240505404614
Attention:greedy_rollout,50,151,0.8323136457987129,1.7258190099432518,5.289986747221259,2.2999971189593387,66.39289093017578,55.75302644210485,LKH,19.083922733987546
Attention:greedy_rollout,50,152,0.7751465104147792,1.4017635337417786,14.939962160285505,3.865224723128722,60.85240173339844,53.84063440231785,LKH,13.023188543221782
Attention:greedy_rollout,50,153,0.827570206116252,1.505434183271949,4.4743810289500905,2.115273275241308,69.16649627685547,59.08510338847642,LKH,17.06249513027891
Attention:greedy_rollout,50,154,0.7507994196990535,1.737261816938971,14.54745664920452,3.8141128259668093,62.98194885253906,59.094140176591345,LKH,6.579008788908269
Attention:greedy_rollout,50,155,0.823574752564964,1.5716275238344624,33.80537749489192,5.814239201726389,68.99140930175781,60.05240060518334,LKH,14.885347807066548
Attention:greedy_rollout,50,156,0.9156290384883414,1.4466765344249088,15.76367835973364,3.9703499039421755,63.78630065917969,54.74573139443364,LKH,16.513742778610975
Attention:greedy_rollout,50,157,0.8583187712348763,1.673970620310923,8.251075644535915,2.8724685628455386,68.77111053466797,58.62006739160505,LKH,17.316669179600172
Attention:greedy_rollout,50,158,0.8530542745124694,1.6410716649166326,7.7107505854266565,2.776823830462901,59.447021484375,53.07397162281635,LKH,12.007863113863692
Attention:greedy_rollout,50,159,0.7399619664857164,1.7823246696455417,14.899614198762473,3.8600018392174986,68.01680755615234,60.46639281497236,LKH,12.48696075567847
Attention:greedy_rollout,50,160,0.8536333166601253,1.6086637390030147,9.324427167859264,3.053592501932644,65.59387969970703,55.14275599714058,LKH,18.952849768895103
Attention:greedy_rollout,50,161,0.7717573000490665,1.3898647902992727,12.586305742771838,3.5477183854939556,71.2115707397461,58.541699686045156,LKH,21.64247215514501
Attention:greedy_rollout,50,162,0.8198202387988567,1.484863614107839,3.8368610890998,1.9587907211082556,65.73977661132812,54.48066814458164,LKH,20.666245202549437
Attention:greedy_rollout,50,163,0.7932954675238579,1.8199001598859765,11.656204688908872,3.4141184351028118,66.50664520263672,57.758983504216154,LKH,15.145110193606548
Attention:greedy_rollout,50,164,0.8031242081616073,1.4268607312757462,8.478166404331285,2.911729109022899,68.07872772216797,57.8092392627768,LKH,17.764441446306424
Attention:greedy_rollout,50,165,0.890060400608927,1.3675674807618672,22.40789046957093,4.733697336075779,65.37049102783203,56.03385573037088,LKH,16.66248944635913
Attention:greedy_rollout,50,166,0.861579800642794,1.664351861303956,16.824769680232905,4.101800785049526,66.1027603149414,57.801983117340434,LKH,14.360713508306539
Attention:greedy_rollout,50,167,0.8701287473019329,1.5630025506179306,10.66044504205706,3.265033696925203,66.74362182617188,58.79869068791421,LKH,13.512088526642497
Attention:greedy_rollout,50,168,0.652868538228795,1.7976331520833932,15.11613794756761,3.887947780972323,61.052005767822266,57.1563884459646,LKH,6.815716366580025
Attention:greedy_rollout,50,169,0.8144381762528792,1.4282398632546016,17.82135116483157,4.221534219313113,68.92314910888672,58.214067473372005,LKH,18.396037418985042
Attention:greedy_rollout,50,170,0.8226479481905699,1.3326076496882187,12.051902259724828,3.4715849780359442,66.48216247558594,56.54504227661368,LKH,17.573813368748915
Attention:greedy_rollout,50,171,0.765196796413511,1.5968695202731906,2.7868950766259437,1.669399615618125,70.61744689941406,62.301091629946306,LKH,13.348650965644282
Attention:greedy_rollout,50,172,0.8180695245228707,1.2189355434912088,13.508622254109863,3.6754077670525027,62.23884582519531,54.36526475085077,LKH,14.482742078840566
Attention:greedy_rollout,50,173,0.7305167921353132,1.8618188365082273,21.30390144347468,4.615614958320796,66.29637145996094,58.12219811041262,LKH,14.063771872529907
Attention:greedy_rollout,50,174,0.7829483502381481,1.70738915530897,15.980833936152688,3.9976035241320127,61.09054946899414,54.32711694204689,LKH,12.449459694616404
Attention:greedy_rollout,50,175,0.8172867913944719,1.4845994600954027,13.073919102648764,3.6157874802937138,69.61905670166016,63.01073433454651,LKH,10.487613637428343
Attention:greedy_rollout,50,176,0.739325950704515,1.6201752802706944,45.510016261231904,6.746111195439333,62.62000274658203,58.13788604569295,LKH,7.709459365905393
Attention:greedy_rollout,50,177,0.7534313166886568,1.6161665398150689,16.715696311675263,4.088483375492098,63.31388854980469,56.49227968920772,LKH,12.075294001456568
Attention:greedy_rollout,50,178,0.7772986507415771,1.3977201110698154,21.720831884839424,4.66056132722652,70.11442565917969,60.69272646335888,LKH,15.52360512508666
Attention:greedy_rollout,50,179,0.7840522534254706,1.6733375143868556,2.2188251526639062,1.4895721374488402,66.23184967041016,57.5095292010909,LKH,15.166739478635488
Attention:greedy_rollout,50,180,0.8743741926224903,1.4828438393359804,26.362306051864007,5.134423633852587,58.82419967651367,51.41217497140594,LKH,14.416866645361923
Attention:greedy_rollout,50,181,0.756338164806366,1.5246164369487452,21.219294180974135,4.606440510955736,74.66283416748047,62.00839815644093,LKH,20.407616366921253
Attention:greedy_rollout,50,182,0.7837551013100892,1.5948713328091528,2.1456380264625605,1.4647996540355137,56.1488151550293,50.984455329961804,LKH,10.129283115107786
Attention:greedy_rollout,50,183,0.7691098884027451,1.579877317190377,13.647043766451308,3.6941905427916555,65.8497314453125,56.470722048445154,LKH,16.608623117694997
Attention:greedy_rollout,50,184,0.8672204805957153,1.4113743239265901,47.93600556890941,6.923583289663627,69.18174743652344,60.10071273198357,LKH,15.109695528963748
Attention:greedy_rollout,50,185,0.8824180472176522,1.3485163520190684,17.49270656428462,4.182428309521231,69.16276550292969,55.95000787175561,LKH,23.61529181811621
Attention:greedy_rollout,50,186,0.7560377276595682,1.6681187639438357,26.488022865490564,5.146651616875827,63.82303237915039,57.69595671108975,LKH,10.619592805682613
Attention:greedy_rollout,50,187,0.8350134219229222,1.49045254742489,7.997229666774193,2.8279373519889357,72.3741683959961,59.053073251205134,LKH,22.55783553909975
Attention:greedy_rollout,50,188,0.8172843594197183,1.5541222337151543,13.695096884684244,3.700688704104176,64.99121856689453,53.01150573643877,LKH,22.598325899317377
Attention:greedy_rollout,50,189,0.8248426187969744,1.8457820557404876,4.727533374618724,2.1742891653638723,68.08094024658203,54.09897824270555,LKH,25.845149867986173
Attention:greedy_rollout,50,190,0.8285372693836689,1.4370595606870813,13.455400917197878,3.6681604268622,60.527442932128906,55.060508873823494,LKH,9.928956651732774
Attention:greedy_rollout,50,191,0.8624060920625926,1.4174589738072316,22.09789927581689,4.7008402733784616,63.99783706665039,54.78179797048967,LKH,16.82317747425029
Attention:greedy_rollout,50,192,0.8052179557457566,1.4126147761891845,29.299710174082627,5.412920669479891,64.85222625732422,56.60780359135087,LKH,14.564109792157728
Attention:greedy_rollout,50,193,0.7450966391526163,1.4651206039496938,7.811060942683207,2.794827533620493,63.60541534423828,57.821565974036325,LKH,10.002927580341016
Attention:greedy_rollout,50,194,0.8263622375123668,1.7511109221626706,38.667122693761776,6.2182893703784625,56.497886657714844,51.72347015842575,LKH,9.230657735579918
Attention:greedy_rollout,50,195,0.7644179213514144,1.8592562014778153,9.590257432772594,3.0968140778504276,68.14769744873047,59.10157622924229,LKH,15.306057463510317
Attention:greedy_rollout,50,196,0.8362035538535565,1.6083551680370431,20.53802654423683,4.531889952794179,62.81591796875,56.27562436262837,LKH,11.621894346257882
Attention:greedy_rollout,50,197,0.8195352456494583,1.6337253753451313,16.06875829185272,4.00858557247475,65.43959045410156,58.39354200752974,LKH,12.066485786498871
Attention:greedy_rollout,50,198,0.8024086107362564,1.6942698012515152,8.284975097083805,2.878363267046709,62.92868423461914,56.623927823584,LKH,11.13443848451855
Attention:greedy_rollout,50,199,0.853168409243226,1.4028056249304752,23.70221613742101,4.868492183152912,65.10597229003906,55.1885444544163,LKH,17.970084070280542
Attention:greedy_rollout,50,200,0.8726726013794541,1.3066913184535836,21.805026255232747,4.6695852337475054,69.87266540527344,58.013589709845014,LKH,20.441892588859943
Attention:greedy_rollout,50,201,0.7980635983799584,1.4912765619468464,14.007570287343677,3.742668872254621,63.47438049316406,57.023116176462906,LKH,11.313419450345659
Attention:greedy_rollout,50,202,0.7982896845275537,1.8242488771165128,12.683490123673254,3.5613887914229827,65.49432373046875,55.730047564914514,LKH,17.5206672023396
Attention:greedy_rollout,50,203,0.7845374976797029,1.923024048748467,17.163759154912828,4.142916744868623,72.62035369873047,59.43827896813984,LKH,22.177753056505043
Attention:greedy_rollout,50,204,0.7272708971425891,1.6466415862629478,30.19684466425301,5.495165572050856,62.53211975097656,56.325289952333506,LKH,11.019614464294317
Attention:greedy_rollout,50,205,0.8448965965071693,1.504918832798453,12.709884137801641,3.5650924444958845,64.88263702392578,56.57661728735152,LKH,14.681011581848654
Attention:greedy_rollout,50,206,0.8378861419391341,1.6599882157261951,15.244914752898643,3.9044736844930386,68.76872253417969,58.57540985370077,LKH,17.402033901150602
Attention:greedy_rollout,50,207,0.8585735376072989,1.669669500598047,31.260334444542632,5.591094208161997,69.15789031982422,55.297858506452144,LKH,25.06431928418148
Attention:greedy_rollout,50,208,0.7903196817263961,1.2880575726758452,12.139038839514273,3.4841123459949266,71.00540161132812,61.49362623719837,LKH,15.467904490524168
Attention:greedy_rollout,50,209,0.7803408128395677,1.5397504323993063,18.929791877303213,4.350838066086029,66.96176147460938,59.194663692833466,LKH,13.121280360811054
Attention:greedy_rollout,50,210,0.8926090684905649,1.5213029718936497,23.748140268542222,4.873206364247488,75.89358520507812,61.16129239300567,LKH,24.08760874019272
Attention:greedy_rollout,50,211,0.848693924471736,1.487296789984899,19.44671114450017,4.409842530578634,60.56942367553711,53.70583450993023,LKH,12.779969305453772
Attention:greedy_rollout,50,212,0.8998500688606873,1.4604874770989724,9.313159051499552,3.0517468852281233,67.43695068359375,58.33402513465033,LKH,15.604830162039157
Attention:greedy_rollout,50,213,0.7764388313144446,1.7259328805744771,4.875623970663502,2.2080815135912673,63.597434997558594,54.12051917854592,LKH,17.510762946947946
Attention:greedy_rollout,50,214,0.8498571589379571,1.7980103280315112,16.647295633180754,4.080109757491917,69.20085144042969,56.991048771029995,LKH,21.424070854450125
Attention:greedy_rollout,50,215,0.8756496605649591,1.3632035072367943,9.61469681148829,3.1007574577009875,61.81376647949219,56.78450312538726,LKH,8.856753299398758
Attention:greedy_rollout,50,216,0.7501066147343954,1.9414347537813958,11.353753444663251,3.369533119686354,57.856998443603516,53.39903294157765,LKH,8.348401190903955
Attention:greedy_rollout,50,217,0.7210287097597211,1.7786008800966449,15.314314701412405,3.9133508277960978,59.60014724731445,54.451634019465374,LKH,9.455204275428335
Attention:greedy_rollout,50,218,0.7502160912379623,1.4774878245772372,16.12612715818257,4.015734946206307,72.44499206542969,59.96704612035484,LKH,20.80800498332269
Attention:greedy_rollout,50,219,0.7978847666736693,1.6209369715627773,8.515536847417161,2.918139278275998,64.72378540039062,55.17221614604902,LKH,17.31228129219459
Attention:greedy_rollout,50,220,0.728876545644598,1.6386785048660528,6.290870526096664,2.5081607855352224,68.029541015625,60.670553619449876,LKH,12.129421864737964
Attention:greedy_rollout,50,221,0.8057761709019542,1.4091174886167608,16.80574909766056,4.099481564498194,66.7432861328125,58.72744898528965,LKH,13.649217335373617
Attention:greedy_rollout,50,222,0.7496232647704892,1.5977532594469983,20.098127687075323,4.483093539853404,68.18000030517578,57.08026930607011,LKH,19.44582801385853
Attention:greedy_rollout,50,223,0.8170332844241056,1.872710160313789,20.805358324826535,4.561289107788119,65.9846420288086,56.140877702346764,LKH,17.534040665791636
Attention:greedy_rollout,50,224,0.7956685528904199,1.470835575507817,11.59764822488846,3.4055320032101384,66.22903442382812,57.97451134275216,LKH,14.238193457594237
Attention:greedy_rollout,50,225,0.8712705559533788,1.738019560077511,37.04132375716845,6.086158374308743,69.00430297851562,55.52165671822332,LKH,24.28358060120175
Attention:greedy_rollout,50,226,0.7738968912232668,1.4661313001216585,6.011550414271091,2.451846327621511,60.323238372802734,54.221056626115086,LKH,11.25426564215753
Attention:greedy_rollout,50,227,0.7199337715655565,1.5275110143933448,14.441529584802847,3.800201255828808,65.03131103515625,55.85369222984039,LKH,16.431534673750043
Attention:greedy_rollout,50,228,0.9342399415001273,1.4728466211488616,10.073368106320292,3.1738569763491693,64.3017578125,55.13659049525551,LKH,16.622658809548895
Attention:greedy_rollout,50,229,0.7709528748878438,1.8195431270119928,21.686407437761975,4.656866697443891,62.201602935791016,53.91954040465714,LKH,15.360039178706606
Attention:greedy_rollout,50,230,0.7632736459915759,1.7324706107571144,16.292059922644576,4.036342394129192,64.74855041503906,55.88402619087085,LKH,15.862357865719263
Attention:greedy_rollout,50,231,0.8053330066800117,1.3058636576537337,9.212951567221724,3.0352844293775374,69.27692413330078,61.56327260036208,LKH,12.529632047035347
Attention:greedy_rollout,50,232,0.7111076086573302,1.6647996661597524,20.923513855053756,4.5742227596668,54.573577880859375,53.06872055562698,LKH,2.8356766650422487
Attention:greedy_rollout,50,233,0.8024046305628144,1.599874988069926,24.013474381965292,4.90035451594732,62.61655807495117,55.07647280339427,LKH,13.690210879103759
Attention:greedy_rollout,50,234,0.7611679338477552,1.9075024941374963,27.83952854223114,5.276317706718497,66.76011657714844,59.81934522214082,LKH,11.602887542872411
Attention:greedy_rollout,50,235,0.6950793335586787,1.6063317098331715,3.093899850871666,1.7589485071688897,67.0131607055664,59.67046009622989,LKH,12.305419796487284
Attention:greedy_rollout,50,236,0.7975967542454601,1.506596376468792,19.740198568850968,4.4429943246476205,59.46187973022461,53.278906001881616,LKH,11.604918704833453
Attention:greedy_rollout,50,237,0.7814151322096586,1.342963182616088,30.132418054672964,5.489300324692844,65.84107208251953,56.590676352061315,LKH,16.346148034898455
Attention:greedy_rollout,50,238,0.8427770365774632,1.4850159387613167,17.536791220856816,4.187695215850458,67.01448822021484,57.14001731225369,LKH,17.281182912493747
Attention:greedy_rollout,50,239,0.7343954749405384,1.4940385543704735,34.18294690319767,5.846618416075883,65.6680908203125,56.71445079685417,LKH,15.78722864747368
Attention:greedy_rollout,50,240,0.81423490238245,1.711304510124883,9.88839515113851,3.1445818722269756,61.23006820678711,56.624733631420305,LKH,8.133079451364281
Attention:greedy_rollout,50,241,0.7580774082012067,1.965272030397601,33.21174689262385,5.7629633776924045,64.75083923339844,59.06146605291571,LKH,9.632969786739414
Attention:greedy_rollout,50,242,0.7435476156137883,1.7367651726174678,20.325810541286817,4.508415524470522,68.2918930053711,61.81376696257805,LKH,10.480069992684461
Attention:greedy_rollout,50,243,0.8183708696626126,1.4746623879980538,23.067698743529377,4.802884419130797,66.77055358886719,58.757714374592375,LKH,13.637084593167348
Attention:greedy_rollout,50,244,0.773244677450275,1.6623548567724578,25.938317711620886,5.092967476002658,68.40070343017578,59.07495292376587,LKH,15.786302053332927
Attention:greedy_rollout,50,245,0.7654445896670222,1.5612606328363319,26.131169053206065,5.111865515954627,62.109153747558594,56.35178274153089,LKH,10.216839159171018
Attention:greedy_rollout,50,246,0.8721194966646726,1.515830865947053,19.018031275342366,4.36096678218745,68.4110107421875,58.131611720207104,LKH,17.682976125719872
Attention:greedy_rollout,50,247,0.8220310347806662,1.624697082455466,15.367780743458766,3.9201761112810694,63.487464904785156,54.34217066955091,LKH,16.829092622828465
Attention:greedy_rollout,50,248,0.8009995609614998,1.9456106666956736,27.495471154139896,5.243612414561158,60.69978713989258,52.83529577644881,LKH,14.884919726236006
Attention:greedy_rollout,50,249,0.8806859503500164,1.4929884425064484,15.233616560275554,3.903026589747443,69.84974670410156,56.22307797917546,LKH,24.23678890361233
Attention:greedy_rollout,50,250,0.8054032885283232,1.3270381042795123,8.944181301501944,2.990682414015561,71.14237213134766,59.595316744172635,LKH,19.375776517378974
Attention:greedy_rollout,50,251,0.9274846968054772,1.1243649763026438,9.2121447603179,3.0351515218054437,69.14269256591797,57.39062921423878,LKH,20.477320971353752
Attention:greedy_rollout,50,252,0.8748247407202143,1.596862999042207,16.67436893062811,4.0834261265055485,67.66380310058594,57.43042578622932,LKH,17.818738367791063
Attention:greedy_rollout,50,253,0.8284858101027203,1.674615892138988,16.878685504675563,4.108367742142318,70.82170104980469,57.65234930073267,LKH,22.842697494210615
Attention:greedy_rollout,50,254,0.8003522815273391,1.9098582402578987,19.625611732027558,4.430080330200295,66.08557891845703,55.59089559231629,LKH,18.878421033373854
Attention:greedy_rollout,50,255,0.7380307634895871,1.7683469025965348,15.543558064927316,3.9425319358157793,67.78752136230469,59.435094870707616,LKH,14.053021215439394
Attention:greedy_rollout,50,256,0.7300091801956295,1.815147037191629,12.85016166928138,3.5847122156850166,66.92475128173828,59.02389583772036,LKH,13.385858950653553
Attention:greedy_rollout,50,257,0.873540068268776,1.3018825795621896,9.001796724298842,3.000299439105844,56.74547576904297,51.319031421729825,LKH,10.573941473524078
Attention:greedy_rollout,50,258,0.8363443741947413,1.5814326047531444,8.325803310709718,2.8854468130100264,66.14596557617188,58.327637606333546,LKH,13.404156744022444
Attention:greedy_rollout,50,259,0.8259172366093844,1.5313800204953667,13.328727257718075,3.6508529493418487,64.35018157958984,57.62799540936531,LKH,11.664792645437199
Attention:greedy_rollout,50,260,0.834070641149392,1.6976590206928897,11.39017579690618,3.3749334507373887,66.27301788330078,56.412465370471686,LKH,17.47938589117302
Attention:greedy_rollout,50,261,0.8212089646197274,1.9969165983985289,32.69165089179145,5.717661313141191,68.54145050048828,56.40192404422913,LKH,21.523248828780382
Attention:greedy_rollout,50,262,0.8027242251792631,1.8604891872076228,17.33656808330988,4.163720461715686,69.08480834960938,59.59307833187742,LKH,15.927571260662084
Attention:greedy_rollout,50,263,0.837532831535209,1.545019266953584,18.69756244941762,4.32406781276816,62.6110954284668,56.740226542091385,LKH,10.346925354660415
Attention:greedy_rollout,50,264,0.7563681004010141,1.6195598902050952,20.499317844925866,4.5276172370161625,60.98653030395508,55.6122711636819,LKH,9.66380086232278
Attention:greedy_rollout,50,265,0.6947878931462764,1.9351389931909138,36.700620536728096,6.058103707987186,60.7258415222168,55.75756899044705,LKH,8.910489861243706
Attention:greedy_rollout,50,266,0.7486751136835664,1.550855617935908,20.36648614583755,4.512924345237526,62.64703369140625,56.42798545867781,LKH,11.021212581269
Attention:greedy_rollout,50,267,0.7702035838365555,1.5077438638784226,8.420427565748355,2.9017972992179097,64.88553619384766,56.45648954247218,LKH,14.930164308275515
Attention:greedy_rollout,50,268,0.8312999147968366,1.5843557042286076,15.343913050235978,3.917130716511255,65.26407623291016,55.945604078307014,LKH,16.6563080480105
Attention:greedy_rollout,50,269,0.802790702348575,1.4788423838583367,4.781759390358031,2.1867234370989923,63.80899429321289,54.50163588213883,LKH,17.07720926249161
Attention:greedy_rollout,50,270,0.8427741245273501,1.4719749493326661,11.583811546789386,3.403499896693018,68.56198120117188,53.243675376973734,LKH,28.770188601260315
Attention:greedy_rollout,50,271,0.8207444786417182,1.5381455127125774,2.547921425077188,1.5962209825325528,68.58745574951172,57.212951656637024,LKH,19.88099506059165
Attention:greedy_rollout,50,272,0.7994660535943694,1.5263772191508884,20.30769032461782,4.506405477164457,63.484092712402344,51.88738573456357,LKH,22.349761533878734
Attention:greedy_rollout,50,273,0.7216344011854381,1.7847745763445022,20.466993803798363,4.52404617613463,67.33712005615234,59.730583546129765,LKH,12.734743339897344
Attention:greedy_rollout,50,274,0.887570929088397,1.5811126765129944,13.670482545028092,3.6973615653636163,66.98404693603516,58.64801531138755,LKH,14.213663634460644
Attention:greedy_rollout,50,275,0.8278293709860737,1.7375396086897283,21.250265537413448,4.609801030132803,62.907806396484375,53.077740453022194,LKH,18.520128889364706
Attention:greedy_rollout,50,276,0.9130192314507439,1.5439057169647714,33.69397565233772,5.8046512084997595,71.5932388305664,59.89091867283314,LKH,19.53938997272638
Attention:greedy_rollout,50,277,0.828601454058662,1.6185487488587014,12.149129789159549,3.4855601829777014,68.30651092529297,58.21260086113341,LKH,17.33973386318652
Attention:greedy_rollout,50,278,0.8893196477789025,1.5411415385766285,25.433946491338368,5.043207956384346,62.204498291015625,54.006508993281535,LKH,15.179631956499776
Attention:greedy_rollout,50,279,0.7299866618961096,1.6121866207834774,9.505580824965781,3.083112197920436,65.7032699584961,58.71938626211345,LKH,11.893659217090178
Attention:greedy_rollout,50,280,0.8247786490226826,1.7073697480475472,22.220307846335352,4.713842153311389,61.792301177978516,54.27169138129178,LKH,13.857334468995738
Attention:greedy_rollout,50,281,0.8640836327607394,1.7834219263061106,7.924785433687501,2.8150995424118666,68.4874038696289,58.17153015137603,LKH,17.733543696389866
Attention:greedy_rollout,50,282,0.8590322361467406,1.4979114977262231,15.017312533867662,3.8752177401879835,63.14558410644531,55.59040950160153,LKH,13.590787822180236
Attention:greedy_rollout,50,283,0.7232481513201492,1.930759395763621,16.188992089761165,4.023554658478143,70.88308715820312,59.88591752602597,LKH,18.363532006331653
Attention:greedy_rollout,50,284,0.8708891402697191,1.7268346043918976,20.815615751957825,4.5624133692551165,61.87675857543945,57.54416904864293,LKH,7.529154731792414
Attention:greedy_rollout,50,285,0.8262203905091883,1.816177662851266,12.813746823324347,3.5796294254188306,65.09664916992188,55.148980632116476,LKH,18.03781035258572
Attention:greedy_rollout,50,286,0.8092519892100245,1.6291263428079237,17.238935404878674,4.151979697069661,71.44963073730469,59.01253509849196,LKH,21.07534546356161
Attention:greedy_rollout,50,287,0.822302887449041,1.6281227348624874,6.091507066971372,2.4680978641397857,59.52186965942383,51.88884831965202,LKH,14.710330999736085
Attention:greedy_rollout,50,288,0.7488363014161586,1.5111842577489545,33.73013950097391,5.807765448171432,59.18236541748047,56.25982701438782,LKH,5.194716297910489
Attention:greedy_rollout,50,289,0.766730889781029,1.8625417962730888,5.004720869677259,2.2371233469965977,69.82927703857422,57.09573327469168,LKH,22.302093402707595
Attention:greedy_rollout,50,290,0.860796220623306,1.7420385568148147,17.25340406316908,4.153721712292373,67.38882446289062,57.541545821727446,LKH,17.11333698206781
Attention:greedy_rollout,50,291,0.8198483755372581,1.5377250216644345,5.894331533923906,2.4278244446260744,71.88890075683594,58.903941258311754,LKH,22.044296563418694
Attention:greedy_rollout,50,292,0.8231838342756964,1.534307229323816,11.992335197936013,3.462995119536846,61.498722076416016,53.53377428887397,LKH,14.878360237711494
Attention:greedy_rollout,50,293,0.8813630010909401,1.4243688892556596,50.17727655075699,7.083592065524171,64.63347625732422,54.37447464650655,LKH,18.867311689009192
Attention:greedy_rollout,50,294,0.8590215938934125,1.633672955352111,19.534423031803197,4.4197763554056895,63.923057556152344,54.12133803794486,LKH,18.110637825205703
Attention:greedy_rollout,50,295,0.8662150097987614,1.7327068884492802,30.066099846609802,5.483256317792358,63.65287399291992,54.94986206662081,LKH,15.83809603697939
Attention:greedy_rollout,50,296,0.7448125216923654,1.731706444344072,15.706040492711205,3.963084719345677,64.1159439086914,57.64877565715065,LKH,11.218223072077645
Attention:greedy_rollout,50,297,0.8071356190368533,1.4300467730325277,16.850875969425275,4.1049818476365125,65.85694885253906,54.99472531987283,LKH,19.751391555257165
Attention:greedy_rollout,50,298,0.7742823697812855,1.7812146302651461,18.51420511828233,4.3028136281138565,67.34378051757812,59.42168078251874,LKH,13.33200210888344
Attention:greedy_rollout,50,299,0.7657471690210513,1.6963074093673904,5.984632853490602,2.446350926071442,65.77009582519531,54.44941783953054,LKH,20.791182780003766
Attention:greedy_rollout,100,0,1.4033290631289128,0.8348720450835516,71.36605027368864,8.44784293613989,100.63792419433594,80.20930790207244,LKH,25.46913422717074
Attention:greedy_rollout,100,1,1.3554147610324434,0.9050260282380637,6.47139263531276,2.5438932043843274,99.91020202636719,75.78074021997534,LKH,31.841153486161733
Attention:greedy_rollout,100,2,1.3123228758092955,0.9580914482380569,31.386761892680937,5.602388945144824,99.08665466308594,78.5384080336322,LKH,26.16330932077774
Attention:greedy_rollout,100,3,1.344084711931646,0.7523619804572305,21.815887687600707,4.6707480865061335,96.92120361328125,74.7786489456013,LKH,29.610797974951158
Attention:greedy_rollout,100,4,1.368622566166232,0.9048475379621433,32.9242931402536,5.737969426570135,100.8678207397461,77.44660144811918,LKH,30.24176510484658
Attention:greedy_rollout,100,5,1.345047282697633,0.7546691078778304,45.52529592958744,6.747243580128662,91.28910827636719,75.05744852672773,LKH,21.62564817782131
Attention:greedy_rollout,100,6,1.331023473329842,0.808357012129993,42.39241721689086,6.510945954075403,103.5205078125,81.80042171205675,LKH,26.552535605378036
Attention:greedy_rollout,100,7,1.3436352040804922,0.9150191426332681,15.724146534248929,3.9653683983015915,97.9271240234375,78.67872637465113,LKH,24.464551646565358
Attention:greedy_rollout,100,8,1.3959520027411054,0.7547057373744096,49.72836798505417,7.051834370222699,99.74322509765625,76.64394711247778,LKH,30.138424305417683
Attention:greedy_rollout,100,9,1.278120659130509,0.9119096117567038,38.14997176972928,6.1765663414011245,102.07315063476562,79.77183151137332,LKH,27.956383476306083
Attention:greedy_rollout,100,10,1.3981315915565937,0.7906512225149224,51.629500271969455,7.18536709375168,101.11553955078125,77.39204059883085,LKH,30.6536677006922
Attention:greedy_rollout,100,11,1.322861573761329,0.9065235637440275,23.35149852062718,4.832338825106036,97.95769500732422,74.7731502856062,LKH,31.006510536417807
Attention:greedy_rollout,100,12,1.2918174104392528,0.8262170258551775,66.75806101634927,8.170560630479972,98.73733520507812,77.5863387340678,LKH,27.26123801705187
Attention:greedy_rollout,100,13,1.4210941233714767,0.813647862822752,29.38339747738642,5.42064548530767,101.3222885131836,76.30897120986067,LKH,32.77899951570922
Attention:greedy_rollout,100,14,1.350783635750413,0.850161688766758,62.3047326082232,7.893334695059066,106.88264465332031,78.4756970707889,LKH,36.19840108831014
Attention:greedy_rollout,100,15,1.32859811803326,0.8094193044534629,35.288551646916794,5.940416790673597,100.41690063476562,79.2200566116533,LKH,26.756916025725552
Attention:greedy_rollout,100,16,1.2979853117465974,0.7528620195977302,22.475024756512408,4.74078313746921,100.11697387695312,78.72190181983913,LKH,27.178042657147934
Attention:greedy_rollout,100,17,1.3443708927160105,0.9473405197766486,23.606402353829306,4.858642027751099,102.65332794189453,78.72366800217576,LKH,30.397033759983604
Attention:greedy_rollout,100,18,1.384938158011064,0.9444478223305737,20.9848341109528,4.580920661936069,103.99329376220703,79.40180528782255,LKH,30.97094377796968
Attention:greedy_rollout,100,19,1.315711430797819,0.8579364520399395,77.29356752915135,8.791676036408038,108.52462005615234,82.0818229024736,LKH,32.215168009971016
Attention:greedy_rollout,100,20,1.370190826903563,0.8191388742981118,21.49095530487903,4.635833830593913,100.86206817626953,78.78542435896496,LKH,28.021228541866044
Attention:greedy_rollout,100,21,1.3314802947011777,0.8541563993433534,37.46056236539404,6.120503440518111,97.0338363647461,76.65295467670208,LKH,26.588514133609237
Attention:greedy_rollout,100,22,1.359250281364657,0.8096899858094004,19.99317192041702,4.471372487326125,97.951171875,75.09765903324849,LKH,30.43172468483128
Attention:greedy_rollout,100,23,1.3484829408745282,0.9123170755036871,25.989030235870153,5.097943726236114,100.39273071289062,75.4000904291639,LKH,33.1466980231364
Attention:greedy_rollout,100,24,1.3387625088199275,0.9892434600760498,41.13438566402463,6.413609409998759,99.40325927734375,77.64037959624467,LKH,28.03036228605934
Attention:greedy_rollout,100,25,1.4508706792152952,0.7776085796649551,31.10571391617879,5.5772496731075965,94.47709655761719,73.1274278552325,LKH,29.19515881872639
Attention:greedy_rollout,100,26,1.3017639979795785,1.0126623819283866,29.10056956764792,5.394494375532142,101.89949035644531,80.70566904657251,LKH,26.260635170055487
Attention:greedy_rollout,100,27,1.3660081081755926,0.9710765236528629,57.84597354107451,7.605654050841026,101.90602111816406,73.86722324346081,LKH,37.95837537075068
Attention:greedy_rollout,100,28,1.337611337294802,0.8328672727210035,10.16959400775689,3.1889800889558546,99.25716400146484,74.58644242484817,LKH,33.076683609724924
Attention:greedy_rollout,100,29,1.3868286941530823,0.8332275901649919,34.847237368843324,5.903154865734367,101.03024291992188,77.84193947827215,LKH,29.78895900727425
Attention:greedy_rollout,100,30,1.2901102992868982,1.0156953619495395,8.356773603882647,2.8908084689032316,100.5542221069336,80.36963089959622,LKH,25.114699397529254
Attention:greedy_rollout,100,31,1.3703501575812698,0.7166359178819477,35.90981753021584,5.992480081753784,107.16191101074219,81.44714021816982,LKH,31.572343391911662
Attention:greedy_rollout,100,32,1.339631118834368,0.9474406165766988,26.947894901072562,5.191136185949331,102.97286224365234,77.56520384580568,LKH,32.75651598667277
Attention:greedy_rollout,100,33,1.322537296488881,0.8151165044441592,12.28573766869283,3.505101663103772,90.07624053955078,73.68539704871942,LKH,22.244357969590684
Attention:greedy_rollout,100,34,1.3546896744892,0.7736456484739196,39.51013145544347,6.2857085086284,96.6317138671875,75.30427222967612,LKH,28.321688804671307
Attention:greedy_rollout,100,35,1.365908867297694,0.828564227694235,22.82313008900785,4.777355972607427,102.92306518554688,82.61610442089484,LKH,24.579905948114515
Attention:greedy_rollout,100,36,1.3680468774295877,0.9623671988645516,61.01799004560725,7.811401285659779,95.6738510131836,77.92112526174822,LKH,22.782943254222047
Attention:greedy_rollout,100,37,1.3236210557818413,1.0071352798070683,90.92297271652059,9.535353832790925,98.46356201171875,75.5571867825516,LKH,30.31660680418149
Attention:greedy_rollout,100,38,1.3413969570796507,1.0135769669958028,20.336702309345178,4.509623300159912,108.88187408447266,81.66103306143482,LKH,33.33394154168878
Attention:greedy_rollout,100,39,1.399866081777145,0.7661018845182841,22.395729160293985,4.7324126151778,99.74716186523438,80.37002379517902,LKH,24.10990709600572
Attention:greedy_rollout,100,40,1.3476098486408592,0.8143448499393073,17.219748711325945,4.149668506197326,99.07209014892578,74.40775515770234,LKH,33.14753272551901
Attention:greedy_rollout,100,41,1.3508240174176172,0.8876977110180984,67.13797444420793,8.19377656787198,105.07913208007812,82.69939166679151,LKH,27.061553854541042
Attention:greedy_rollout,100,42,1.308899168196276,0.9582751972535444,20.456963951026296,4.522937535609606,100.42144775390625,78.98554467015475,LKH,27.13902040337668
Attention:greedy_rollout,100,43,1.4466545917093754,0.7064745378260027,21.87242149849099,4.676796071937603,100.27139282226562,76.92314605351532,LKH,30.352693521540264
Attention:greedy_rollout,100,44,1.3782519945703098,0.7729998204178499,31.272948916481628,5.592222180536251,99.1710433959961,77.26065248056555,LKH,28.359054980725105
Attention:greedy_rollout,100,45,1.3530981372436508,0.7314513903060302,40.113668100503865,6.333535197699928,102.04489135742188,79.8248924731273,LKH,27.835927109798277
Attention:greedy_rollout,100,46,1.4030923806084319,0.874863998386956,27.46482746009597,5.24068959776249,102.3192367553711,77.45086895767223,LKH,32.10857170794263
Attention:greedy_rollout,100,47,1.321913377866149,0.7973013271320933,15.184212103503446,3.896692456879738,94.21421813964844,76.41308515110042,LKH,23.29592235851724
Attention:greedy_rollout,100,48,1.3594035975635053,0.832254626745473,24.805490478697823,4.980511066014995,103.19379425048828,78.66332746178492,LKH,31.18412045386766
Attention:greedy_rollout,100,49,1.3016785065829755,0.8940837489281002,19.462009219080976,4.411576727098938,104.39508056640625,76.69569355527246,LKH,36.115961310359125
Attention:greedy_rollout,100,50,1.2661691802331188,1.124316618305712,61.13187961577628,7.818687844886524,95.34841918945312,74.2429221981617,LKH,28.427621605408763
Attention:greedy_rollout,100,51,1.3518475319072605,0.8797928849396783,11.545266640401662,3.397832638668606,94.12149047851562,75.54550683933344,LKH,24.589130997146786
Attention:greedy_rollout,100,52,1.3572583718548186,0.9234528330548987,20.68821081414649,4.548429488751748,96.4428482055664,80.44134707398,LKH,19.892134721302227
Attention:greedy_rollout,100,53,1.3214143582200633,0.9974389282846312,49.904661672064734,7.06432315739199,99.66402435302734,76.87554221121741,LKH,29.64334492652817
Attention:greedy_rollout,100,54,1.3624022570624947,0.8543010553785487,13.339963829557984,3.652391521942573,101.10142517089844,78.7860719183699,LKH,28.323982537991533
Attention:greedy_rollout,100,55,1.3526494532823563,0.833784546674859,49.21210772139019,7.015134191260363,106.02688598632812,82.22591588217955,LKH,28.945825472169478
Attention:greedy_rollout,100,56,1.335352204500341,0.9510458674878012,23.68915754490617,4.8671508652296955,107.68805694580078,82.81449402233062,LKH,30.03527729912
Attention:greedy_rollout,100,57,1.3345788114494643,0.9120130084732365,55.06169366842722,7.420356707627149,97.62560272216797,78.34718937232746,LKH,24.606387930809063
Attention:greedy_rollout,100,58,1.3839222994278497,0.8512803069723327,28.872015429617385,5.373268598313078,105.89869689941406,79.35246311035077,LKH,33.45357251500438
Attention:greedy_rollout,100,59,1.3744812833110336,0.9815946980779833,45.202621967399004,6.723289519825768,93.29197692871094,78.66887511699306,LKH,18.588166908413278
Attention:greedy_rollout,100,60,1.4116274726041593,0.8418516032121454,36.148482287649564,6.012360791540172,104.28633880615234,83.06359192040014,LKH,25.54999897679595
Attention:greedy_rollout,100,61,1.403013322779443,0.8272214161132595,89.31404086509757,9.45061060805584,107.96897888183594,76.0023394780022,LKH,42.060072918000145
Attention:greedy_rollout,100,62,1.3721851839812007,0.8722537113351178,69.6114123290184,8.343345391928732,105.38213348388672,79.45475245909465,LKH,32.63163023274178
Attention:greedy_rollout,100,63,1.37167111747709,0.9086293822231231,10.03379048924723,3.167615899891783,97.32710266113281,77.73940225322778,LKH,25.19661824013027
Attention:greedy_rollout,100,64,1.3865465111925732,0.7893049940934843,43.39741824720632,6.587671686355227,101.71650695800781,80.5783079801306,LKH,26.233113486435546
Attention:greedy_rollout,100,65,1.3338614272407723,0.9048456476866541,31.8720664374165,5.645535088671091,103.27682495117188,77.30460823476216,LKH,33.597242531177585
Attention:greedy_rollout,100,66,1.369990651467815,0.9998091060879706,36.75119476686456,6.062276368400286,97.10877990722656,76.74730421137303,LKH,26.530541893400084
Attention:greedy_rollout,100,67,1.2745939992181956,0.9535548613150084,22.391686098058212,4.731985428766472,94.24441528320312,72.82312096660817,LKH,29.41551259031775
Attention:greedy_rollout,100,68,1.3731844063103198,0.6884339436320814,49.208194911250644,7.014855302231875,101.42127990722656,79.39191069903984,LKH,27.747624429516527
Attention:greedy_rollout,100,69,1.328411069456488,0.8526130034662467,21.478621828795962,4.634503406924626,103.7784194946289,76.52323811267952,LKH,35.616868880818224
Attention:greedy_rollout,100,70,1.3128132960759102,0.8895201632505586,9.772492990954634,3.1260986854151986,99.60272979736328,79.30770275670135,LKH,25.590234410045433
Attention:greedy_rollout,100,71,1.2896478681417647,0.9659855876665314,37.24423226310784,6.1028052781575655,100.75944519042969,78.60918579979013,LKH,28.177698528838725
Attention:greedy_rollout,100,72,1.3855369354615688,0.8573401210588453,96.51729248682048,9.824321477171871,96.32105255126953,76.60798720001293,LKH,25.732389104269892
Attention:greedy_rollout,100,73,1.2838453323205612,1.066979370170874,9.473297860784706,3.0778722944243,103.70002746582031,77.65972132485383,LKH,33.53128970427128
Attention:greedy_rollout,100,74,1.386899750651512,0.90703110453143,33.232863339266444,5.764795168890777,95.76020812988281,74.48106989701883,LKH,28.569861123484884
Attention:greedy_rollout,100,75,1.3582231707073515,0.9143369882616567,79.31072621422753,8.905656978248574,90.72791290283203,71.96862513238683,LKH,26.06592488870997
Attention:greedy_rollout,100,76,1.3593637478537857,0.7507282741116993,8.420574015627762,2.9018225334482057,99.7275390625,77.95909928765067,LKH,27.92289799876846
Attention:greedy_rollout,100,77,1.3568794946651905,0.7884764167899901,44.34543468929246,6.659236794805578,104.10728454589844,78.08673382055532,LKH,33.322626587428786
Attention:greedy_rollout,100,78,1.2860376146947965,0.9300530144025396,29.1283697593345,5.397070479374389,94.55068969726562,72.978301788056,LKH,29.560002604418333
Attention:greedy_rollout,100,79,1.3553640011477546,0.9581208310539577,15.837268083646766,3.9796065237215057,102.19377136230469,77.08397258263658,LKH,32.57460395252667
Attention:greedy_rollout,100,80,1.4015330381350213,0.8285278676989679,78.25990126523037,8.846462641374256,97.35774993896484,74.9523671913692,LKH,29.892828721993485
Attention:greedy_rollout,100,81,1.4193803705647587,0.8025284799600131,13.828283205384679,3.718639967163355,94.91134643554688,75.00678670772427,LKH,26.5370116512041
Attention:greedy_rollout,100,82,1.3982839916850207,0.7787627993534447,15.264129248539977,3.9069334840178653,100.7562026977539,79.35310736342386,LKH,26.971968767785587
Attention:greedy_rollout,100,83,1.3472381532698636,0.8410414783468785,55.60448739407168,7.456841650060143,98.57048034667969,75.49241449254464,LKH,30.57004602285459
Attention:greedy_rollout,100,84,1.2928745583817363,0.9174545562143385,25.990043457433096,5.098043100782211,92.09182739257812,75.66688235689959,LKH,21.70691394183078
Attention:greedy_rollout,100,85,1.3408568600285797,0.9504640555021883,67.89618522590196,8.239914151609952,97.7660903930664,79.39226567429927,LKH,23.143091537586745
Attention:greedy_rollout,100,86,1.2989544902869965,1.0408260110748295,7.9870075880567555,2.826129435828578,101.32511138916016,81.42536961506192,LKH,24.439240335259356
Attention:greedy_rollout,100,87,1.3846887751616306,0.8851144688420698,40.946281769517945,6.3989281734926475,101.61258697509766,76.5987683475603,LKH,32.65564077223712
Attention:greedy_rollout,100,88,1.343823232894647,0.9575369042489986,31.325453670701172,5.59691465637106,96.26836395263672,78.52157853847413,LKH,22.601157216251057
Attention:greedy_rollout,100,89,1.3213261039958888,0.9005957800123958,31.022627132685198,5.569795968676519,95.97203063964844,74.68721062992587,LKH,28.498614194053335
Attention:greedy_rollout,100,90,1.3217683463997674,0.9277780667763836,89.84799809227272,9.478818391143102,96.6075668334961,75.4698048013372,LKH,28.008237317958933
Attention:greedy_rollout,100,91,1.3421877877356019,0.9587794474316241,18.01455978662915,4.244356227583772,95.90728759765625,74.03237564096156,LKH,29.547764430500678
Attention:greedy_rollout,100,92,1.374885916489002,0.8931427028230228,9.380710769127168,3.062794601197927,93.9532470703125,73.45992650848632,LKH,27.8972788782449
Attention:greedy_rollout,100,93,1.3130892542377115,0.8534926008665686,20.156195970084223,4.4895652317439625,100.09736633300781,77.4239816104695,LKH,29.28470514034163
Attention:greedy_rollout,100,94,1.274894399905461,0.9140974701336126,36.089550718785176,6.007457924845181,93.13565063476562,74.08446467730518,LKH,25.71549384940961
Attention:greedy_rollout,100,95,1.345810980531387,0.9597765394101994,16.04365436333384,4.0054530784087135,103.469482421875,74.23625135154062,LKH,39.3786466020522
Attention:greedy_rollout,100,96,1.3483370282687246,0.7516696188503257,48.82478285783991,6.9874732813685885,103.08392333984375,76.35718467819797,LKH,35.002257841595075
Attention:greedy_rollout,100,97,1.3487734072376043,0.8796530825175343,34.579259188470715,5.880413181781592,99.52852630615234,79.86865475026126,LKH,24.615253152021793
Attention:greedy_rollout,100,98,1.3358925464190543,0.8063174035713488,61.88429712948651,7.866657303422243,105.81922149658203,81.15616466683305,LKH,30.389628355402426
Attention:greedy_rollout,100,99,1.3904872348881328,0.7924829926886215,19.901770222616218,4.4611400137875314,103.45584106445312,79.86301763263208,LKH,29.54161279047513
Attention:greedy_rollout,100,100,1.36790572992526,0.8423588970629265,22.694194311626777,4.763842389461135,103.35520935058594,78.77633543506109,LKH,31.20083433658365
Attention:greedy_rollout,100,101,1.330781703235116,0.9409888616952757,41.00662234986942,6.403641335199015,106.14836120605469,79.74222342115053,LKH,33.11437360536438
Attention:greedy_rollout,100,102,1.26240714632484,0.8962944446772816,13.671883424414412,3.697551003625834,98.25756072998047,77.71708201128538,LKH,26.42981206591413
Attention:greedy_rollout,100,103,1.3639700409770013,0.6664248487503945,75.55197233411981,8.69206375575558,100.09013366699219,78.6523171053321,LKH,27.256433568193945
Attention:greedy_rollout,100,104,1.3784560746839087,0.8139281861436427,19.143899458868514,4.375374207867084,105.60863494873047,80.51314597351104,LKH,31.1694303728684
Attention:greedy_rollout,100,105,1.395047326523927,0.6947221110691939,22.74287653754754,4.768949206853386,101.80048370361328,77.58434992474781,LKH,31.212652812524272
Attention:greedy_rollout,100,106,1.402569533465721,0.9484127358192805,63.073638005685225,7.9418913368092126,98.16146087646484,78.06628167269218,LKH,25.741176309671747
Attention:greedy_rollout,100,107,1.3956597076298203,0.9216840230730674,27.766840118498198,5.269425027315428,92.29064178466797,79.3175155995987,LKH,16.355941165074636
Attention:greedy_rollout,100,108,1.3243801940465345,0.8781155983007135,38.56202991700402,6.209833324414111,103.47914123535156,82.16677969820448,LKH,25.93792967842551
Attention:greedy_rollout,100,109,1.3714727423456496,0.9467627363427502,21.691094754103045,4.657369939579961,99.47734832763672,76.50866090741323,LKH,30.021029185204263
Attention:greedy_rollout,100,110,1.3009931441060325,0.9928274826432267,40.48138252310535,6.362498135410757,95.3890151977539,76.87859037707578,LKH,24.077476876055858
Attention:greedy_rollout,100,111,1.322183285439387,0.8823133926178848,22.692579179194656,4.763672866517458,101.26594543457031,78.0540005977035,LKH,29.738315344658638
Attention:greedy_rollout,100,112,1.4021612238883971,0.7324554664010959,20.38274935867238,4.514725834275254,101.50926971435547,79.61265480880789,LKH,27.50393760656888
Attention:greedy_rollout,100,113,1.3116240135217823,0.9047718216668524,34.515102508040265,5.874955532430885,96.94551086425781,75.55317179181033,LKH,28.314283259205713
Attention:greedy_rollout,100,114,1.2819134135544301,0.8132593509782324,33.63778271390631,5.79980885149729,100.80121612548828,81.45057410805812,LKH,23.757526855192236
Attention:greedy_rollout,100,115,1.3421278763655573,0.8390891881968155,29.696539495041378,5.449453137246102,99.05035400390625,77.65230378332774,LKH,27.556233592612045
Attention:greedy_rollout,100,116,1.4052365909062792,0.9102720905208238,77.3963260359842,8.797518174802722,102.18853759765625,76.93694951722419,LKH,32.82114541697404
Attention:greedy_rollout,100,117,1.326129947528243,0.7924850917466348,23.19482372481362,4.816100468720895,102.16621398925781,76.72185813664228,LKH,33.16441555325591
Attention:greedy_rollout,100,118,1.3656116358935833,0.7323429932615723,30.719230084911363,5.542493128990903,102.93109130859375,79.94091921121509,LKH,28.758953892730972
Attention:greedy_rollout,100,119,1.3654778183903544,0.8360772034272049,46.985185538548386,6.854574059600522,100.7542953491211,74.46262593043078,LKH,35.30854450829359
Attention:greedy_rollout,100,120,1.3503544118441642,0.819398491591988,64.9022897252398,8.056195735285966,91.85980224609375,76.45533234794242,LKH,20.14832638232054
Attention:greedy_rollout,100,121,1.292469424419105,0.909772952828408,23.55705158397395,4.853560711887094,99.91300201416016,75.6125349661515,LKH,32.13814621991835
Attention:greedy_rollout,100,122,1.3629365468584,0.8479176827329656,80.01100762172761,8.944887233594821,103.87858581542969,80.71340208138125,LKH,28.700541839001637
Attention:greedy_rollout,100,123,1.3373073216388003,0.9658882628445054,29.665646894936174,5.446617931793654,100.62960052490234,78.54091890949728,LKH,28.12378811210225
Attention:greedy_rollout,100,124,1.270592202944099,1.0524580743303316,7.718623957753358,2.7782411626338988,94.98980712890625,76.16984598102829,LKH,24.707889198785395
Attention:greedy_rollout,100,125,1.358405541236657,0.8514653754038184,32.59477714974139,5.709183579964949,101.40142059326172,78.14474308695553,LKH,29.7610262540979
Attention:greedy_rollout,100,126,1.3007839089096525,1.0480264952673628,23.282805763596993,4.825225980573034,96.08158111572266,77.9483548539076,LKH,23.263128895793525
Attention:greedy_rollout,100,127,1.3113642878178506,0.9255083046521753,18.23543013088472,4.270296257976105,102.87732696533203,75.59147284283586,LKH,36.09647106523098
Attention:greedy_rollout,100,128,1.3257476994022728,0.9635437976065967,70.59581660112387,8.402131670065868,99.43915557861328,78.9301300754792,LKH,25.98377258915162
Attention:greedy_rollout,100,129,1.340206538811326,0.8070699301386973,10.661956503915539,3.2652651506295074,94.5667724609375,77.0902623987461,LKH,22.67019143325118
Attention:greedy_rollout,100,130,1.355377173269003,0.911459359907087,43.33551499804604,6.582971593288706,101.6708984375,79.0530171378476,LKH,28.61102854583371
Attention:greedy_rollout,100,131,1.3799470129958353,0.850104892642046,49.85937166955042,7.061116885419078,110.48403930664062,81.32610742929992,LKH,35.85310154268587
Attention:greedy_rollout,100,132,1.3022027340226123,0.9848025710177888,26.278256551493946,5.126232198359137,109.57403564453125,81.55983419591095,LKH,34.34803629115863
Attention:greedy_rollout,100,133,1.3342036159259443,0.9657463580193886,37.012149157780996,6.083761102951117,100.87279510498047,79.52180013391363,LKH,26.84923497092879
Attention:greedy_rollout,100,134,1.355284406193532,0.8123201918344755,29.606647061259384,5.4411990462819295,98.78711700439453,76.20969458828925,LKH,29.625394168125474
Attention:greedy_rollout,100,135,1.3873336037737318,0.8224203722981734,35.95797549242123,5.996496935079783,104.36767578125,79.49243019506288,LKH,31.29259669775711
Attention:greedy_rollout,100,136,1.299518074421212,0.9349573557265184,20.576709200035346,4.536155773343255,113.71369934082031,82.57356800473524,LKH,37.71198470471728
Attention:greedy_rollout,100,137,1.2866460468620062,0.7894955415827445,48.51598012833808,6.965341350453549,89.36309814453125,73.72569238427288,LKH,21.210252836627326
Attention:greedy_rollout,100,138,1.3504354680949473,0.9650282167395804,16.839212265814247,4.103560925076445,104.244873046875,79.57898861033087,LKH,30.99547363855543
Attention:greedy_rollout,100,139,1.3734406417096034,0.8811768544386719,30.440606539715816,5.517300656998476,100.29823303222656,74.7564909836866,LKH,34.166587693520405
Attention:greedy_rollout,100,140,1.3850269539444708,0.8848077899325579,42.73708899023573,6.537361011160064,104.22006225585938,78.43078019686801,LKH,32.88158296303829
Attention:greedy_rollout,100,141,1.2950412310939283,0.9304385108568762,63.58430274163421,7.973976595252473,93.19371032714844,76.6553742120535,LKH,21.574920591144153
Attention:greedy_rollout,100,142,1.3617048134375365,0.8276901657173028,36.322759361498484,6.026836596548681,99.54497528076172,74.59649434409178,LKH,33.44457558768097
Attention:greedy_rollout,100,143,1.3603086131656892,0.8092021132607938,35.99237040587,5.999364166798845,93.79598236083984,75.87078032453276,LKH,23.625962405596855
Attention:greedy_rollout,100,144,1.4165211607702077,0.8230992779415144,56.961468463219,7.547282190511959,101.4953842163086,73.15439660547345,LKH,38.74133193071086
Attention:greedy_rollout,100,145,1.3143909698221614,0.9479137213369228,49.57770722337539,7.041143886001435,94.40567016601562,77.87225935803068,LKH,21.23145128224653
Attention:greedy_rollout,100,146,1.3366859632730483,0.8588950067438568,58.67713445640462,7.6601001596849,89.07770538330078,69.72861274036751,LKH,27.749143260570897
Attention:greedy_rollout,100,147,1.3162408483315142,1.031319792288196,58.43995746238953,7.644603159248328,104.99112701416016,79.50256108722402,LKH,32.06005640368247
Attention:greedy_rollout,100,148,1.305421296178829,0.9997395254798874,31.562651732042394,5.618064767519363,96.1517333984375,75.8424065690316,LKH,26.77832593684959
Attention:greedy_rollout,100,149,1.467308073444292,0.7230570584106272,48.012338215828386,6.9290936070909295,95.42179107666016,76.09092868549094,LKH,25.404950005368036
Attention:greedy_rollout,100,150,1.381627736641094,0.7790941457328582,78.15256786233036,8.840394101075493,107.01167297363281,83.77375620558213,LKH,27.738897980203326
Attention:greedy_rollout,100,151,1.324314293153584,0.9247617356207339,65.5852078348058,8.09846947483324,96.21074676513672,74.96027633915833,LKH,28.34897556918078
Attention:greedy_rollout,100,152,1.3354574411261273,0.9905486636768235,43.739872362946095,6.613612655950309,106.82659912109375,79.84163076363087,LKH,33.79811772300993
Attention:greedy_rollout,100,153,1.3220966644212604,0.9232955570811089,28.903452382012627,5.376193112418175,103.73062133789062,79.71888978077756,LKH,30.12050421568084
Attention:greedy_rollout,100,154,1.3606095491163432,0.8946764119335289,28.239665307210466,5.314100611318012,106.1245346069336,75.9879939047101,LKH,39.65960825339738
Attention:greedy_rollout,100,155,1.363774359812378,0.9036329064015205,19.269288130485535,4.389679729830587,102.59282684326172,79.51763138934942,LKH,29.018967304153115
Attention:greedy_rollout,100,156,1.387868558150949,0.9244854103857664,54.68293172229985,7.394790850477101,103.11447143554688,75.98554320970659,LKH,35.70274960194634
Attention:greedy_rollout,100,157,1.2747454543435015,0.9245351245237587,13.964981965405526,3.736974975217994,106.62348937988281,81.28544513911619,LKH,31.17168663762837
Attention:greedy_rollout,100,158,1.4225532179860603,0.9554727532945543,25.053170151729212,5.005314191110205,103.59608459472656,77.39182695144255,LKH,33.85920539093253
Attention:greedy_rollout,100,159,1.2872168814092584,0.9003467634922386,31.819148118963735,5.640846400936985,100.33273315429688,81.96237858844087,LKH,22.413154525565187
Attention:greedy_rollout,100,160,1.3623028951999732,0.8515079743177281,38.99173659221375,6.244336361232773,95.17015838623047,74.8498594772619,LKH,27.14807890206063
Attention:greedy_rollout,100,161,1.3434355283528567,0.9041449651342927,9.354663816626305,3.058539490774364,99.78474426269531,77.91560397150849,LKH,28.067728640316698
Attention:greedy_rollout,100,162,1.3156678448058665,0.8090353506026439,13.99781692658342,3.741365649944338,101.40528869628906,80.88976522494607,LKH,25.362322927123643
Attention:greedy_rollout,100,163,1.3226738016796298,0.926550472959305,99.75091308044618,9.987537888811545,102.82002258300781,82.12915643286294,LKH,25.193082516388397
Attention:greedy_rollout,100,164,1.3423900370738557,0.9096584104047263,39.93825425931566,6.319672005675268,101.59205627441406,77.66791804972443,LKH,30.80311514127745
Attention:greedy_rollout,100,165,1.2945591342821716,0.8434126649372686,45.92477636565818,6.776782154212881,98.04149627685547,76.71631041842753,LKH,27.79746020385459
Attention:greedy_rollout,100,166,1.3328463324149198,0.8997449587723756,21.37832969487561,4.623670586760654,97.96578979492188,78.88259780205348,LKH,24.191890891772353
Attention:greedy_rollout,100,167,1.3069800222048071,0.9705736803481997,15.234723948650787,3.9031684499456065,94.8818359375,77.08365525423109,LKH,23.08943526947235
Attention:greedy_rollout,100,168,1.2855454499350163,0.9743423337650977,71.9680869403927,8.483400670744762,98.80913543701172,76.64885805678028,LKH,28.911425351980384
Attention:greedy_rollout,100,169,1.3373189304140396,0.8148911798440307,76.68077055670172,8.756755709548013,98.2027359008789,75.38690175472253,LKH,30.264984519976117
Attention:greedy_rollout,100,170,1.394976724786684,0.7993123625705342,26.59282978274447,5.156823613693265,103.78556823730469,78.55869036159537,LKH,32.11214158432797
Attention:greedy_rollout,100,171,1.357487444281578,0.8808269655569169,38.273588302642054,6.186565145752694,101.4551773071289,76.49366127075001,LKH,32.632136600217606
Attention:greedy_rollout,100,172,1.25722510833235,1.0514476029870343,18.818616048071597,4.338042882230603,103.045654296875,79.76512091849837,LKH,29.186357533594148
Attention:greedy_rollout,100,173,1.3400373433157802,0.8563371461464233,43.74972078307774,6.614357170812425,98.89999389648438,75.16051910963233,LKH,31.585033030738696
Attention:greedy_rollout,100,174,1.370899570917827,0.8195713984571746,13.62086300260107,3.6906453368755265,104.7577133178711,77.06883460117699,LKH,35.927465180940004
Attention:greedy_rollout,100,175,1.3677078357234131,0.7686257515112714,50.05401678709491,7.0748863444648284,101.73310852050781,76.46356284448665,LKH,33.04782661960829
Attention:greedy_rollout,100,176,1.3448208714462817,0.7514672863555377,26.14364273132451,5.113085441426195,98.65448760986328,77.41233756643287,LKH,27.440264318592707
Attention:greedy_rollout,100,177,1.4520701062123045,0.9031921999159706,18.627768898058246,4.31598990940181,96.64103698730469,79.77787722768153,LKH,21.13763908695723
Attention:greedy_rollout,100,178,1.4258341231942178,0.6679211163849885,14.974554429468755,3.8696969428456223,104.14205932617188,80.77947451723948,LKH,28.921436972143823
Attention:greedy_rollout,100,179,1.423165789744894,0.8813884833747428,52.05111717056801,7.214646018382885,103.08905029296875,80.55703371308023,LKH,27.97026596105902
Attention:greedy_rollout,100,180,1.398972589551704,0.8223204325121715,36.867222096640475,6.071838444543833,100.51543426513672,74.37166596502662,LKH,35.15286091937787
Attention:greedy_rollout,100,181,1.3440885851669282,0.8762155813658531,25.744706885139895,5.073924209636945,99.75285339355469,77.10700419526647,LKH,29.369380168032034
Attention:greedy_rollout,100,182,1.2877145294100045,0.8168579596084089,78.21314050228129,8.843819339079767,99.40635681152344,78.98867620554397,LKH,25.84887047967316
Attention:greedy_rollout,100,183,1.367017580922693,0.7786569514819358,16.86560059481091,4.1067749627671235,101.70765686035156,82.34317684068552,LKH,23.516799767310065
Attention:greedy_rollout,100,184,1.345277663746383,0.92310532174635,30.319555937463186,5.50631963633271,98.29058837890625,76.2537846821158,LKH,28.899291738314005
Attention:greedy_rollout,100,185,1.3174772553658114,0.8699777770818509,20.16693390900599,4.4907609498843275,100.92755126953125,79.262572973323,LKH,27.3331756508837
Attention:greedy_rollout,100,186,1.3178151399455964,0.9526713192889692,46.59900713571558,6.82634654377549,99.53450012207031,76.86865169629732,LKH,29.486465451903825
Attention:greedy_rollout,100,187,1.4306602020107675,0.682182105127612,31.50518924662514,5.612948355955641,96.87227630615234,76.43975287464166,LKH,26.730232193475643
Attention:greedy_rollout,100,188,1.3188521531503647,0.7607838490358526,55.744833145976884,7.466246255380068,96.58135986328125,76.25583019616532,LKH,26.654394312971547
Attention:greedy_rollout,100,189,1.3540207269863458,0.8418651708666518,39.794316074413246,6.308273620762914,99.8518295288086,77.67314503331008,LKH,28.553864383870643
Attention:greedy_rollout,100,190,1.3034082284290343,0.8691648392794474,44.535197461939894,6.673469671912797,105.59750366210938,79.58839911305093,LKH,32.67951716444749
Attention:greedy_rollout,100,191,1.302429194645956,0.8207264135034115,18.620630803105115,4.315162894156502,95.84927368164062,76.2783146112445,LKH,25.65730400591611
Attention:greedy_rollout,100,192,1.385543157570064,0.8702009048496351,55.08282876656647,7.42178070051699,107.30220031738281,82.93670990686469,LKH,29.37841450170835
Attention:greedy_rollout,100,193,1.3297114622965456,0.8223682182375758,38.30563776362858,6.189154850512999,92.8209228515625,74.5309343931897,LKH,24.54013035967527
Attention:greedy_rollout,100,194,1.3121403640892821,1.0384349415980834,35.633415716776135,5.969373142699,100.0840835571289,75.12014408400307,LKH,33.23201756004344
Attention:greedy_rollout,100,195,1.3327313255844637,0.822277849609706,37.37965318823566,6.113890184509013,104.9988021850586,79.81797454642627,LKH,31.54781586694592
Attention:greedy_rollout,100,196,1.3757253835722805,0.7888923746911322,110.37641501258187,10.506018037895322,103.23674011230469,77.58459227450155,LKH,33.06345639742933
Attention:greedy_rollout,100,197,1.3651261402666568,0.8473241605631204,5.576885519696921,2.3615430378667503,101.04401397705078,78.32941835753223,LKH,28.998805424340663
Attention:greedy_rollout,100,198,1.3762120929442359,0.8804990367434216,26.203995092793686,5.118983794933686,94.33900451660156,75.42297931106346,LKH,25.079923092833063
Attention:greedy_rollout,100,199,1.3045632368051157,0.9170312392216567,26.49178896197294,5.147017482190336,96.6981430053711,72.98140986692717,LKH,32.49695118481342
Attention:greedy_rollout,100,200,1.3661331774666905,0.7645330751456482,31.27235866354733,5.592169405834137,101.98387908935547,76.29511055701391,LKH,33.67026844157309
Attention:greedy_rollout,100,201,1.375565841740463,0.8485815322277673,40.5150119542212,6.365140371918062,97.9823226928711,80.16013438812008,LKH,22.23323156927279
Attention:greedy_rollout,100,202,1.3108193277055398,0.8854747124054857,62.40034540403115,7.899388925988589,101.66101837158203,76.85931925738842,LKH,32.268954960604134
Attention:greedy_rollout,100,203,1.232714873291552,0.8752594790921762,7.047262803975575,2.6546681155985534,107.09830474853516,80.86867834646687,LKH,32.434839963245494
Attention:greedy_rollout,100,204,1.3725953810149805,0.7672695200677354,36.26091112214764,6.021703340596217,92.35883331298828,74.20880859781064,LKH,24.4580462321465
Attention:greedy_rollout,100,205,1.3389258873346261,0.8895840560490685,37.000652046290725,6.08281612793702,101.2845230102539,79.58233427392442,LKH,27.270108290151434
Attention:greedy_rollout,100,206,1.3499551402125507,0.888788647378334,40.2436734562023,6.343790149130274,100.72313690185547,76.28840090606145,LKH,32.02942479536567
Attention:greedy_rollout,100,207,1.370856557743973,0.803742390606622,23.410518297452278,4.83844172202707,103.20339965820312,79.00296893703992,LKH,30.632305401648036
Attention:greedy_rollout,100,208,1.2800894708643318,0.9576696727532559,35.81474861069833,5.984542472963019,98.32793426513672,76.5958908028423,LKH,28.37233594976088
Attention:greedy_rollout,100,209,1.3712737880647183,0.7287718476519411,76.07070688917811,8.721852262517299,105.68362426757812,81.42595215783543,LKH,29.79108191786547
Attention:greedy_rollout,100,210,1.3632422194362153,0.8985461623647463,85.76607748163848,9.260997650449895,99.52003479003906,75.94505411536711,LKH,31.04215402738342
Attention:greedy_rollout,100,211,1.3021768508316018,0.9426400428147798,36.50864383187055,6.042238313064998,102.14580535888672,76.93406701115917,LKH,32.77057788205922
Attention:greedy_rollout,100,212,1.3980749031342565,0.7407179693167713,6.266448077040574,2.503287453937437,96.70561218261719,75.5006685630883,LKH,28.08576933568483
Attention:greedy_rollout,100,213,1.3933789128100034,0.7841262601508288,54.201937367628716,7.362196504279733,97.6939697265625,76.6776875666868,LKH,27.40860193729471
Attention:greedy_rollout,100,214,1.3736778113123729,0.9389289977574127,38.891542553337636,6.236308407490576,105.51132202148438,77.66218711024598,LKH,35.859323497682254
Attention:greedy_rollout,100,215,1.390835794992745,0.7777300856935874,27.641343781969795,5.257503569372997,100.18243408203125,78.36642240360959,LKH,27.838468325200473
Attention:greedy_rollout,100,216,1.36757522525033,0.8833937876866774,24.640611116423145,4.963931014470602,108.89157104492188,78.81366570516627,LKH,38.16331225129652
Attention:greedy_rollout,100,217,1.3286194267868996,0.7980032613809851,23.358156138891157,4.833027636884684,100.53535461425781,80.0902592283878,LKH,25.527567999958855
Attention:greedy_rollout,100,218,1.3491878163442015,0.8516430098264776,41.81728492242206,6.46662855918152,105.46669006347656,78.75618251894458,LKH,33.91544217891318
Attention:greedy_rollout,100,219,1.3671210950613022,0.7025012262972712,34.7166782113112,5.892086066183284,100.85103607177734,75.0014970476698,LKH,34.46536408157023
Attention:greedy_rollout,100,220,1.3055701404996216,0.9232165458859919,77.12641603329965,8.782164655328414,96.9144287109375,78.49434977684669,LKH,23.466757781238595
Attention:greedy_rollout,100,221,1.3657039136912135,0.8809448572929238,32.51365038130286,5.702074217449547,103.04518127441406,81.68091506966059,LKH,26.155762562813134
Attention:greedy_rollout,100,222,1.4434095058013918,0.8630602618924686,24.45226762418607,4.944923419446056,102.08562469482422,77.38763996626604,LKH,31.91463745285973
Attention:greedy_rollout,100,223,1.3425127449375578,0.7679571406410107,49.85393028769464,7.060731568874052,98.86784362792969,77.9527882624317,LKH,26.830413422912446
Attention:greedy_rollout,100,224,1.3504232476279139,0.9683929798341686,53.27019102953506,7.298643095092064,103.56497192382812,77.9935057200839,LKH,32.78666084778823
Attention:greedy_rollout,100,225,1.4019153543082938,0.8845267252991023,29.15228655867108,5.399285745232519,101.73875427246094,75.95831927919687,LKH,33.940238854553876
Attention:greedy_rollout,100,226,1.327721103845397,0.7926720050366787,3.901212029817723,1.975148609552639,94.79576873779297,75.55095474065169,LKH,25.472628457448497
Attention:greedy_rollout,100,227,1.3835116124119669,0.9663605555753908,59.81861064290136,7.734249197103838,96.14041137695312,76.30723058560052,LKH,25.991220804565806
Attention:greedy_rollout,100,228,1.3553293641784694,0.8843736936083987,42.48115601773293,6.517756977498696,103.28665924072266,77.73713265464978,LKH,32.86656674047605
Attention:greedy_rollout,100,229,1.3153794811107218,0.8516471036396305,17.33947976385625,4.164070095934536,102.76622772216797,78.93934970231476,LKH,30.183777938006664
Attention:greedy_rollout,100,230,1.2503495214134455,0.9640506956952833,32.86859002186113,5.733113466682927,102.96688842773438,75.34143971760678,LKH,36.6670039936491
Attention:greedy_rollout,100,231,1.3654954848671332,0.9054059870170229,12.826792782370196,3.5814512117813635,101.62824249267578,79.38940178605348,LKH,28.012354554016866
Attention:greedy_rollout,100,232,1.3079058158217232,1.012038675163567,55.66561799851253,7.460939484978586,102.42755126953125,80.4289420775529,LKH,27.35160829389796
Attention:greedy_rollout,100,233,1.3169791400997746,0.9591085357156822,45.97843414412544,6.78073994075318,96.6688461303711,75.97090149543806,LKH,27.244568943513087
Attention:greedy_rollout,100,234,1.3490046558945323,0.9106054737867453,38.12486103995364,6.174533264948343,105.81761169433594,82.77463194365498,LKH,27.83821469162968
Attention:greedy_rollout,100,235,1.3296322913910261,0.8574601411192175,30.045271674832723,5.4813567366877995,97.07534790039062,77.50246890566982,LKH,25.254523205632907
Attention:greedy_rollout,100,236,1.272820010408759,0.8468124602663538,37.65244265634343,6.13615862379253,101.35684967041016,76.43399639323697,LKH,32.60702626217568
Attention:greedy_rollout,100,237,1.3709158893674611,0.8353875240729607,71.3648687862418,8.447773007499775,100.67406463623047,78.7006417169328,LKH,27.9202588948776
Attention:greedy_rollout,100,238,1.3448254834488034,0.8296488217411218,12.144590995210153,3.4849090368631077,98.38174438476562,76.45164963005496,LKH,28.6849202873046
Attention:greedy_rollout,100,239,1.378044195770053,0.9877794637983499,19.866899239801644,4.457229996287116,103.90229034423828,75.75686568344913,LKH,37.15230878003204
Attention:greedy_rollout,100,240,1.370274919551157,0.9041447409817343,37.47094147382625,6.121351278420987,95.19931030273438,78.56322857877221,LKH,21.17540486168008
Attention:greedy_rollout,100,241,1.389233542792499,0.8193433077798662,84.68163850068332,9.202262683747042,95.20826721191406,79.51504062023383,LKH,19.736173771993073
Attention:greedy_rollout,100,242,1.2997679587620223,0.9788898747030111,84.31927642515019,9.182552827245274,94.79650115966797,76.17691759917383,LKH,24.442553134620496
Attention:greedy_rollout,100,243,1.3873449392803012,0.8712635875850352,16.962208419966316,4.1185201735533985,107.4234390258789,76.93615784985816,LKH,39.626726922752034
Attention:greedy_rollout,100,244,1.3558249946683645,0.9268235140188205,51.54645867713178,7.179586246931767,103.7323226928711,78.5630950636634,LKH,32.03696036772976
Attention:greedy_rollout,100,245,1.3631152171827852,0.8462913823501023,59.58159490237473,7.7189115102049675,93.84703063964844,74.83947088458926,LKH,25.39777410288073
Attention:greedy_rollout,100,246,1.3693852358683944,0.7283959262129593,18.234054836108044,4.270135224569363,102.31118774414062,78.38417879449462,LKH,30.525304108086853
Attention:greedy_rollout,100,247,1.400413430929184,0.7171988024504569,19.20684045466246,4.382560947056237,108.81925201416016,78.22768971243445,LKH,39.10579797790335
Attention:greedy_rollout,100,248,1.362546475410636,0.8721091317023526,22.456796439911265,4.738860246927659,93.46865844726562,74.92374900443555,LKH,24.75171049133193
Attention:greedy_rollout,100,249,1.3545285456851708,0.9468300983890786,34.92619366775106,5.909838717575215,90.70637512207031,74.64561671538966,LKH,21.516010066495177
Attention:greedy_rollout,100,250,1.3490683388710023,0.8643398581881832,53.587283711682616,7.320333579262806,102.24504089355469,78.10425739001919,LKH,30.908409234322242
Attention:greedy_rollout,100,251,1.3100053078094789,0.9464389247263705,35.73559890395989,5.977925970096978,100.93647766113281,80.63370021708336,LKH,25.179022405507855
Attention:greedy_rollout,100,252,1.2943810419924557,0.8964856575703163,21.401417618921773,4.6261666224771645,97.84634399414062,77.4142631654738,LKH,26.39317354864315
Attention:greedy_rollout,100,253,1.3284016858041285,0.8942630980187195,42.61288060028162,6.527854211016176,103.38931274414062,79.0447403376586,LKH,30.798472235455947
Attention:greedy_rollout,100,254,1.3449383910093458,0.8147819725642828,27.81890297049881,5.274362802320183,102.00761413574219,80.29165524589288,LKH,27.04634600363421
Attention:greedy_rollout,100,255,1.3752861087210477,0.8599659664467936,43.983002009691496,6.6319681852140615,104.29635620117188,78.19091052843855,LKH,33.3868035252494
Attention:greedy_rollout,100,256,1.3582940366491676,0.8550101079767942,11.08980765256496,3.330136281380232,96.99551391601562,76.66242084872819,LKH,26.52289458404803
Attention:greedy_rollout,100,257,1.3215447299927474,0.7830603999732553,23.47466400943432,4.845065944797276,101.24009704589844,76.60593673395763,LKH,32.15698594939451
Attention:greedy_rollout,100,258,1.385848373218905,0.7728057430731472,29.195086267853537,5.403247751848284,94.8199691772461,72.26215529408269,LKH,31.216635860583846
Attention:greedy_rollout,100,259,1.2694386433389446,1.0059129774664985,54.00729182279237,7.348965357299786,92.99014282226562,75.57688747468842,LKH,23.040450499379332
Attention:greedy_rollout,100,260,1.3544504720158874,0.8661330001972106,84.67542195235092,9.201924904733298,95.73434448242188,75.41383497980995,LKH,26.945333715030145
Attention:greedy_rollout,100,261,1.336293167732656,0.7959722342939933,22.789538258103626,4.7738389434608735,100.39242553710938,75.87793216980616,LKH,32.30780368716767
Attention:greedy_rollout,100,262,1.334810454985127,0.8591633281472818,32.61806554744468,5.711222771652729,94.3653564453125,75.02601166916597,LKH,25.77685304854686
Attention:greedy_rollout,100,263,1.347933911181899,0.9503496531022578,20.879949544824992,4.569458342607469,103.10712432861328,79.60919470690477,LKH,29.516602583684286
Attention:greedy_rollout,100,264,1.3685263086634223,0.8109341146474527,15.129867864800255,3.8897130825808035,101.90339660644531,78.1658425346457,LKH,30.368193192926096
Attention:greedy_rollout,100,265,1.265522282253951,0.9736811377708287,15.471692401167784,3.9334072254430743,102.95665740966797,80.51312366471377,LKH,27.87562166686926
Attention:greedy_rollout,100,266,1.3349267323066305,0.9202340432735809,41.10200020345269,6.411084167553308,88.99553680419922,75.13549237116223,LKH,18.446734020946693
Attention:greedy_rollout,100,267,1.394997091591358,0.7240497214857409,43.024444431665465,6.559302129927045,100.59732055664062,76.22110841300172,LKH,31.980920575908133
Attention:greedy_rollout,100,268,1.3500793683779193,0.7894990710768346,57.378778299393424,7.574878104589764,94.14491271972656,77.84376918317486,LKH,20.94084562913872
Attention:greedy_rollout,100,269,1.325763388723135,0.8078099684044342,9.892014465301928,3.1451573037452243,107.820556640625,77.52749633412324,LKH,39.07395664622857
Attention:greedy_rollout,100,270,1.3441367976996117,0.9287692791612987,55.04471271641746,7.4192124053983965,97.76081848144531,78.31730264440203,LKH,24.826590268725326
Attention:greedy_rollout,100,271,1.3855949112027883,0.7931964544247977,18.8115337275812,4.337226501761373,95.50535583496094,74.42322631464744,LKH,28.3273523122771
Attention:greedy_rollout,100,272,1.370733975181356,0.862435647056855,57.5161248143357,7.583938608291585,98.3978271484375,73.78023262660017,LKH,33.366111281359515
Attention:greedy_rollout,100,273,1.383832472366048,0.8871118644039013,23.50405042248587,4.8480976085971985,108.66482543945312,79.59744711233263,LKH,36.517978128241836
Attention:greedy_rollout,100,274,1.3369202656671404,0.8983376076730168,19.818108644875004,4.451753434869794,96.63204193115234,75.823206147913,LKH,27.443888013184605
Attention:greedy_rollout,100,275,1.3322579800710082,0.7670422925126777,19.148846844865663,4.3759395385294875,97.0357437133789,77.82392035785583,LKH,24.686270323034133
Attention:greedy_rollout,100,276,1.3135182165692094,0.896858722785066,26.27499405921846,5.125913973060654,94.57109069824219,76.35412076489364,LKH,23.858528853264477
Attention:greedy_rollout,100,277,1.3462632423226024,0.8343954818898622,44.51340754641534,6.671836894470318,95.40504455566406,74.07335590236895,LKH,28.79805888828767
Attention:greedy_rollout,100,278,1.328351879506081,0.9914675466703247,28.940812663154418,5.37966659405157,97.60238647460938,78.18585175515402,LKH,24.833821316240144
Attention:greedy_rollout,100,279,1.3271495401510038,0.9431426047537158,90.82658623355631,9.530298328675567,101.59410095214844,81.1077513205162,LKH,25.258189628110443
Attention:greedy_rollout,100,280,1.2957747639459558,1.005325873784282,53.882059594546384,7.340440013687625,99.01739501953125,77.72746994257581,LKH,27.390477385516604
Attention:greedy_rollout,100,281,1.3243952785531292,0.8421489765960706,47.011804350959046,6.8565154671275295,104.35626220703125,80.91226043601176,LKH,28.97459747717692
Attention:greedy_rollout,100,282,1.3872354531037854,0.9383085372955563,60.922746555931596,7.805302464090139,105.49600982666016,78.8356706663766,LKH,33.817609382822425
Attention:greedy_rollout,100,283,1.3855294618755578,0.8026320275616184,56.218163275610614,7.497877251303239,103.42235565185547,81.1156953830127,LKH,27.499807729583043
Attention:greedy_rollout,100,284,1.434457977769489,0.7918676178805718,30.67047840762916,5.53809339101727,107.7411117553711,77.78532512259163,LKH,38.51084582544122
Attention:greedy_rollout,100,285,1.3850591037294362,0.7877537889630527,26.603491975647646,5.157857304700048,90.91232299804688,72.85437897411309,LKH,24.786353652606397
Attention:greedy_rollout,100,286,1.3610158307850362,0.768349176441156,66.55603158653248,8.158188008775753,102.8658447265625,80.48432247997829,LKH,27.808548990583798
Attention:greedy_rollout,100,287,1.3139358330704272,0.8329371944743618,8.501594763960206,2.9157494343582075,102.83363342285156,79.89846460263628,LKH,28.70539369471003
Attention:greedy_rollout,100,288,1.346246096501127,0.931514096476474,12.954515443694088,3.599238175460758,100.70480346679688,76.25207449880176,LKH,32.0682802779082
Attention:greedy_rollout,100,289,1.360041339537129,0.7612992697197625,33.69023120123675,5.804328660683916,106.2626953125,80.98185910416626,LKH,31.217900512527404
Attention:greedy_rollout,100,290,1.3220106349093839,0.8509310949034392,41.079894681073874,6.409359927564832,97.48377227783203,78.96318851315709,LKH,23.454706064192155
Attention:greedy_rollout,100,291,1.2803866185853259,0.9159514993473102,87.60948084169335,9.359993634703677,107.06101989746094,80.43065881229134,LKH,33.10971398023656
Attention:greedy_rollout,100,292,1.3375582430325448,0.9325805063375024,24.60598535540117,4.96044205241843,101.18477630615234,79.36237610885189,LKH,27.497160830176348
Attention:greedy_rollout,100,293,1.3478277709428221,0.7948010990169813,18.725797298056598,4.327331429190119,101.78922271728516,76.67752156050896,LKH,32.749755920266225
Attention:greedy_rollout,100,294,1.3992907778330845,0.7718187331136179,40.78711785388516,6.3864793003567435,106.27123260498047,78.21163244741597,LKH,35.87650491303812
Attention:greedy_rollout,100,295,1.3266596310614613,1.0019038263362763,49.31640748203406,7.022564167170995,97.4181900024414,74.53566264943844,LKH,30.700105881698192
Attention:greedy_rollout,100,296,1.3805743747530506,0.8476853992896531,65.97916605304303,8.122756062633115,100.29743957519531,79.5056179458485,LKH,26.15138674037875
Attention:greedy_rollout,100,297,1.3386433270806446,0.8982304545314641,19.96401946410907,4.468111397907294,98.7445068359375,73.89899594772955,LKH,33.62090454622923
Attention:greedy_rollout,100,298,1.3160833347274457,0.9900060953047272,11.150093273730599,3.339175538022911,102.17074584960938,78.42430588959219,LKH,30.279439123692146
Attention:greedy_rollout,100,299,1.436275525726378,0.6398794414656364,22.312134122708773,4.723572178204623,101.47335052490234,77.24510677246653,LKH,31.365409104556775
PointerNet:batch_greedy_mean,20,0,0.5840704438414832,2.7457454028261297,2.381721400693175,1.543282670379336,42.73884963989258,33.44233200632017,LKH,27.798652413998777
PointerNet:batch_greedy_mean,20,1,0.37719601988210344,2.9897995856541324,16.166036186433438,4.0207009571010675,50.12310791015625,42.43103260657925,LKH,18.128418827083376
PointerNet:batch_greedy_mean,20,2,0.4618407450332597,3.1204782706869882,4.9159224762239395,2.217187965920783,40.59423828125,36.30328424818034,LKH,11.819740615574577
PointerNet:batch_greedy_mean,20,3,0.3978665646965965,3.1532562522401584,1.4154061988288678,1.1897084511883018,40.015724182128906,36.07964023935152,LKH,10.909432346513144
PointerNet:batch_greedy_mean,20,4,0.44098618887364865,2.1550117808381257,0.5070809564304667,0.7120961707736299,43.39897537231445,40.090085622986884,LKH,8.253636024739034
PointerNet:batch_greedy_mean,20,5,0.49329535526048857,2.6228323861939926,5.2742237665833525,2.2965678232056095,47.27444839477539,42.76028585258846,LKH,10.556904501875938
PointerNet:batch_greedy_mean,20,6,0.399139326052682,3.211687316920338,2.45807883554918,1.5678261496572827,48.24638748168945,42.751413568773046,LKH,12.853315140274347
PointerNet:batch_greedy_mean,20,7,0.42193171950930264,2.948467784772771,5.092832673084065,2.256730527352361,46.04031753540039,41.209039554508166,LKH,11.723830579700309
PointerNet:batch_greedy_mean,20,8,0.5724312825645029,2.7157573272107793,1.5352664448445592,1.239058693058791,41.787841796875,38.42150195446246,LKH,8.761603974780483
PointerNet:batch_greedy_mean,20,9,0.49477588606532663,2.5495657690148543,9.458456639203808,3.075460394673261,41.03107452392578,35.928201097089016,LKH,14.202975019671142
PointerNet:batch_greedy_mean,20,10,0.4209235266840551,2.6205380657978385,6.193697897658949,2.488714105247718,48.4989128112793,39.83548706508541,LKH,21.748010089694915
PointerNet:batch_greedy_mean,20,11,0.5022484307177365,2.1623051059231164,2.2653129570800705,1.5050956637636261,48.04822540283203,41.24878062550537,LKH,16.48398976701474
PointerNet:batch_greedy_mean,20,12,0.3964687785250135,3.3910501809046716,3.74860278811545,1.9361308809363715,50.00746154785156,45.169956892375104,LKH,10.709562258389163
PointerNet:batch_greedy_mean,20,13,0.29658432106953114,3.4958173180664964,3.202765575789859,1.7896272169895773,43.241371154785156,39.72934489272246,LKH,8.83987961932396
PointerNet:batch_greedy_mean,20,14,0.45653128566555096,2.7905118017146324,7.404389256018874,2.721100743452707,40.64468765258789,37.76707623390791,LKH,7.6193650809972295
PointerNet:batch_greedy_mean,20,15,0.6348168739350513,2.580719692910598,6.5407650086841205,2.557491937168937,50.53411865234375,36.27679700694669,LKH,39.30148971715147
PointerNet:batch_greedy_mean,20,16,0.39228645826806313,2.892828799674783,4.850817972661194,2.202457257851147,38.32842254638672,37.1049000247942,LKH,3.2974688539113166
PointerNet:batch_greedy_mean,20,17,0.4280912400805391,3.3462196248753897,9.603755294065763,3.0989926256875417,43.19847106933594,38.14989226790216,LKH,13.233533573255867
PointerNet:batch_greedy_mean,20,18,0.6160121472337778,2.079346418271284,10.080655293425938,3.175004770614674,38.28480529785156,30.700670904618946,LKH,24.70348096559537
PointerNet:batch_greedy_mean,20,19,0.49308408080541993,2.6049816803580397,38.630588833632984,6.215351062782616,49.87430953979492,40.20242272461802,LKH,24.057970041826135
PointerNet:batch_greedy_mean,20,20,0.4045226684042973,3.6279115520586833,3.969940390211707,1.9924709258134,46.995811462402344,42.216338252934456,LKH,11.321382685613827
PointerNet:batch_greedy_mean,20,21,0.42162699805845705,3.4270252335371536,2.295631314234946,1.5151340911731033,49.89795684814453,41.884916942816496,LKH,19.13108701222414
PointerNet:batch_greedy_mean,20,22,0.4238797928061103,3.2120599970266097,8.198125733126119,2.8632369327609126,48.96412658691406,40.69953997130115,LKH,20.306339141524937
PointerNet:batch_greedy_mean,20,23,0.47354881041683256,2.0770286969162672,7.080342387988442,2.6608912769950677,44.17172622680664,36.49847047884528,LKH,21.023499470775977
PointerNet:batch_greedy_mean,20,24,0.6300386853385135,2.282301316780482,8.18066590527083,2.8601863410048707,36.249534606933594,30.077474831476778,LKH,20.520538409685948
PointerNet:batch_greedy_mean,20,25,0.44056249796412883,3.3708825694845985,2.230008269372771,1.4933212210950366,44.87268829345703,38.61711661660776,LKH,16.198961043505218
PointerNet:batch_greedy_mean,20,26,0.40862800910836083,3.554249757575966,4.081807547853005,2.020348372893399,48.364566802978516,41.90283383537082,LKH,15.420754102204057
PointerNet:batch_greedy_mean,20,27,0.38691697949252557,2.7767482547143976,2.353435648214506,1.5340911472968306,45.300174713134766,42.59769382847253,LKH,6.344195287999097
PointerNet:batch_greedy_mean,20,28,0.3513349416301935,3.415713273803127,19.209973415827417,4.3829183674610475,46.423091888427734,39.161573648691146,LKH,18.542457728787625
PointerNet:batch_greedy_mean,20,29,0.48968730168999175,2.8727612827435896,18.60955160911839,4.313878951607056,38.32958984375,34.47908274253347,LKH,11.167661071408187
PointerNet:batch_greedy_mean,20,30,0.5063023756621987,3.3927061064404525,12.786250227774076,3.5757866585933336,46.787601470947266,38.30326699055899,LKH,22.150419917130048
PointerNet:batch_greedy_mean,20,31,0.3843683697610686,3.564460844735011,16.776732516185874,4.095940980554514,47.28366470336914,44.89229022574715,LKH,5.326915747885944
PointerNet:batch_greedy_mean,20,32,0.46073524780367736,2.7186976605363524,4.283161859080275,2.069580116613096,39.827857971191406,32.876472582141986,LKH,21.14395141291803
PointerNet:batch_greedy_mean,20,33,0.35796680362745975,3.7163536438120155,9.274866121835617,3.045466486736575,42.39557647705078,39.77779133242404,LKH,6.581021864059383
PointerNet:batch_greedy_mean,20,34,0.5326530910213478,2.709453117337664,1.9635435317881704,1.40126497558034,41.39077377319336,37.854030942104025,LKH,9.343107571551938
PointerNet:batch_greedy_mean,20,35,0.3499148760805838,3.1952068662556763,4.70427318656674,2.1689336519512854,42.60115051269531,39.19139318606508,LKH,8.700270772314903
PointerNet:batch_greedy_mean,20,36,0.3964412028202787,2.7318596920866853,3.706610381862098,1.925255926328263,41.85190963745117,36.39229630454815,LKH,15.002112774677279
PointerNet:batch_greedy_mean,20,37,0.42259226818569007,2.6353311668255035,4.164918968488502,2.0408133105427604,49.470516204833984,43.23402715322139,LKH,14.42495520833735
PointerNet:batch_greedy_mean,20,38,0.3333431057399139,3.0947845791098416,2.897177290049609,1.7021096586441218,42.06937789916992,38.94509900212045,LKH,8.022264616349705
PointerNet:batch_greedy_mean,20,39,0.360752286092611,3.2956844445605724,4.787456847140868,2.188025787585893,43.218482971191406,39.77852181449681,LKH,8.647785286583828
PointerNet:batch_greedy_mean,20,40,0.4094384732365143,2.9053224933953476,6.087078424368734,2.4672005237452295,44.92357635498047,38.50116870723694,LKH,16.681071934671756
PointerNet:batch_greedy_mean,20,41,0.4159072640861268,3.188460089806764,21.006978856512003,4.583337087375529,39.1653938293457,34.3248226377255,LKH,14.102246769660113
PointerNet:batch_greedy_mean,20,42,0.35094227876979855,3.2701920546679064,8.10702457595878,2.8472837189080367,43.064640045166016,38.81869063964745,LKH,10.937899593094382
PointerNet:batch_greedy_mean,20,43,0.49812977712063,3.193818738451859,2.095344303246041,1.447530415309482,43.966270446777344,39.26571987190626,LKH,11.971130518440381
PointerNet:batch_greedy_mean,20,44,0.4773306473623961,2.4151662960460145,9.59342609593626,3.097325636082887,46.41009521484375,38.76215016105894,LKH,19.730445865379405
PointerNet:batch_greedy_mean,20,45,0.4323614354245365,2.6056638241264456,4.568006788051792,2.1372895891880894,41.287452697753906,35.40606010482111,LKH,16.611259698256998
PointerNet:batch_greedy_mean,20,46,0.3870363626658218,3.4011092193043098,5.477327529246048,2.3403691010706082,41.227210998535156,40.115909133028204,LKH,2.770227297658315
PointerNet:batch_greedy_mean,20,47,0.4754392867500428,2.920416982818831,8.107786839878354,2.8474175738514984,38.49750900268555,37.232455549044595,LKH,3.3977169514767995
PointerNet:batch_greedy_mean,20,48,0.4471774042584002,2.059631539701384,1.3019596536480296,1.1410344664592869,46.647987365722656,39.38448484979247,LKH,18.442547982110927
PointerNet:batch_greedy_mean,20,49,0.5768756753722982,2.4663947672248576,5.255798336562461,2.2925527990784555,38.80448913574219,31.996049631440094,LKH,21.27900032262719
PointerNet:batch_greedy_mean,20,50,0.4735263926188054,3.108829182168443,3.0601249711725282,1.749321288721008,47.79669952392578,41.16286432890136,LKH,16.116067973352045
PointerNet:batch_greedy_mean,20,51,0.3841458289167349,3.270337809434854,2.9431546336506647,1.7155624831671579,37.92129898071289,37.28974855343006,LKH,1.6936301578379498
PointerNet:batch_greedy_mean,20,52,0.4089332542847842,2.661185662067134,4.419163938350045,2.1021807577727576,47.78131866455078,41.33286375141841,LKH,15.601277840108729
PointerNet:batch_greedy_mean,20,53,0.4282021227758378,2.494566189522856,4.957115864785833,2.2264581435063704,48.77339553833008,41.26848509950148,LKH,18.185572891114564
PointerNet:batch_greedy_mean,20,54,0.39415234694606627,3.1674407373437474,10.942826399692436,3.307994316756369,53.94832229614258,45.78368731136534,LKH,17.8330655834932
PointerNet:batch_greedy_mean,20,55,0.37900225382909414,3.5519385337194223,3.219065475684491,1.7941754305765338,40.84211730957031,39.55828877446775,LKH,3.245409684989182
PointerNet:batch_greedy_mean,20,56,0.578193505615624,2.994578831561973,31.809854717536243,5.640022581296661,35.61577224731445,33.45860141844778,LKH,6.447283321523701
PointerNet:batch_greedy_mean,20,57,0.395747553734509,3.225673753422497,22.70371248803151,4.764841286761975,41.710105895996094,39.44516043955764,LKH,5.742011012755445
PointerNet:batch_greedy_mean,20,58,0.47804439016533706,3.0560277297014027,10.705918659268862,3.2719900151542123,50.499412536621094,42.43011398668523,LKH,19.017857346478138
PointerNet:batch_greedy_mean,20,59,0.316160694276914,2.908068411093123,6.2327601833268185,2.4965496556901923,40.3645133972168,38.93875143670113,LKH,3.6615502755227904
PointerNet:batch_greedy_mean,20,60,0.416917642368935,3.287677649478083,16.521666902297067,4.06468533865748,37.19258117675781,36.982731450909725,LKH,0.5674262489958014
PointerNet:batch_greedy_mean,20,61,0.5342648825610012,2.802000605480177,4.897198910589147,2.2129615700660388,46.60354232788086,37.09743042209954,LKH,25.624717932265117
PointerNet:batch_greedy_mean,20,62,0.4229185109375976,2.984213570762954,5.6581588810157655,2.3786884791867484,41.8334846496582,37.037369293030046,LKH,12.949395295012822
PointerNet:batch_greedy_mean,20,63,0.563876794767566,2.2031296602490675,24.897381108852016,4.989727558579928,44.53140640258789,39.437006513285645,LKH,12.917815878307168
PointerNet:batch_greedy_mean,20,64,0.39461432813550346,3.615579356857728,9.323397660399378,3.053423924121801,43.6596565246582,40.24812547300161,LKH,8.47624830116634
PointerNet:batch_greedy_mean,20,65,0.49921895076676037,3.3836438160439797,11.093178896229347,3.3306424149448026,49.68054962158203,41.266189012760044,LKH,20.390447507086627
PointerNet:batch_greedy_mean,20,66,0.5829846043139696,1.7889381105308264,8.867571586761859,2.9778468037764902,47.40623092651367,33.14378887033003,LKH,43.03202060568046
PointerNet:batch_greedy_mean,20,67,0.5067298547579867,3.3684320728166255,11.999482174468374,3.464026872653902,51.20204544067383,40.78143053212236,LKH,25.552352559931542
PointerNet:batch_greedy_mean,20,68,0.4413094926494523,2.975288666486326,1.625876786645445,1.275098736037898,48.411739349365234,41.75534661348506,LKH,15.941414155883132
PointerNet:batch_greedy_mean,20,69,0.4296048227344045,3.2967717300287256,8.58384810828623,2.929820490795678,44.11717987060547,39.461256273024546,LKH,11.798721169360443
PointerNet:batch_greedy_mean,20,70,0.47101216511800886,2.196860168339646,5.844510579760445,2.4175422601808734,47.57499313354492,42.031452636645554,LKH,13.189029046467397
PointerNet:batch_greedy_mean,20,71,0.32601569399103025,3.774120756057573,5.07845764113059,2.25354335239653,34.23691940307617,34.236918021117994,LKH,4.036456135632622e-06
PointerNet:batch_greedy_mean,20,72,0.5270447071464787,2.7388908941364503,7.52641885352666,2.74343194804002,45.85868453979492,39.97332349581044,LKH,14.72322171210337
PointerNet:batch_greedy_mean,20,73,0.43732885565589186,3.244193404159566,9.003992623223604,3.0006653634191873,43.005104064941406,39.791031381478696,LKH,8.077379680484349
PointerNet:batch_greedy_mean,20,74,0.31600083040975735,3.198977613260518,3.3970067979125127,1.843097066872093,33.04766082763672,33.04766312463401,LKH,-6.950558912229961e-06
PointerNet:batch_greedy_mean,20,75,0.4723565398500568,3.498461567791155,21.388402247146328,4.6247596961513935,42.16387939453125,38.5271206166283,LKH,9.439477229796724
PointerNet:batch_greedy_mean,20,76,0.39243071535602214,3.138734124607046,0.9420280646531953,0.9705813024436414,46.40520477294922,43.5507282310879,LKH,6.554371551986357
PointerNet:batch_greedy_mean,20,77,0.3720443828671705,3.004152442300348,5.682085158767161,2.383712474013416,46.58782958984375,43.054461234217584,LKH,8.206741541612923
PointerNet:batch_greedy_mean,20,78,0.4195994366426021,3.466134174238287,10.585950317002045,3.2536057408668992,53.03441619873047,41.5082537908622,LKH,27.768362566978638
PointerNet:batch_greedy_mean,20,79,0.6094933541280625,2.384624197665452,5.5363941007051665,2.3529543345983503,39.637351989746094,37.548975285127455,LKH,5.5617408697856305
PointerNet:batch_greedy_mean,20,80,0.5169763088808395,3.101105090061336,13.569731639863084,3.68371166622241,45.146759033203125,34.004534838493655,LKH,32.76687726395922
PointerNet:batch_greedy_mean,20,81,0.5773008068037597,2.802395544614259,2.862468351236699,1.691883078476967,43.60826110839844,35.92934760225498,LKH,21.372259778136133
PointerNet:batch_greedy_mean,20,82,0.4512751797330566,2.9045799966665116,16.97772820407551,4.12040388846476,33.49977111816406,32.99733539249274,LKH,1.5226554498871314
PointerNet:batch_greedy_mean,20,83,0.3442393836048723,3.6853792107355132,7.290089562001164,2.7000165855048306,43.92402648925781,40.23284903854976,LKH,9.174536576247165
PointerNet:batch_greedy_mean,20,84,0.5238042725133709,2.393277463140599,4.144761102335847,2.0358686358249756,49.662986755371094,40.94009418913288,LKH,21.306478988398656
PointerNet:batch_greedy_mean,20,85,0.5588639252637677,2.5400767954254038,9.433217572667346,3.0713543547867195,45.3012809753418,37.54128947015688,LKH,20.670551317513084
PointerNet:batch_greedy_mean,20,86,0.43528998997062446,2.689589386942006,14.301439697109023,3.78172443431684,46.70298385620117,37.255798903398365,LKH,25.357622788599127
PointerNet:batch_greedy_mean,20,87,0.5124801310797921,2.8380020998270314,4.703998843478861,2.168870407257857,43.036293029785156,38.89480478832842,LKH,10.647921397202936
PointerNet:batch_greedy_mean,20,88,0.5182463316052235,2.9184417529055175,12.907272792005811,3.5926693129212173,38.00065612792969,36.04015949913751,LKH,5.439755694863381
PointerNet:batch_greedy_mean,20,89,0.3084150825976394,3.378572658413036,6.647137855955271,2.5782043859933355,34.3688850402832,33.546658133749,LKH,2.45099497916014
PointerNet:batch_greedy_mean,20,90,0.4975348727428354,2.4236783411057816,13.991161814044673,3.740476148038465,32.50596237182617,31.043811734119615,LKH,4.709958462025904
PointerNet:batch_greedy_mean,20,91,0.481988622191966,3.332674028916081,5.308003637242103,2.3039105098163217,45.98725128173828,39.88140990342774,LKH,15.309993786818849
PointerNet:batch_greedy_mean,20,92,0.4312015778967179,2.525642842858246,0.7923167390896954,0.8901217552052614,45.47217559814453,41.061113783790695,LKH,10.742674535280504
PointerNet:batch_greedy_mean,20,93,0.47618061961438796,2.717972176865712,5.8858300925966125,2.4260729775908665,53.71897888183594,44.313181851841584,LKH,21.22573156999211
PointerNet:batch_greedy_mean,20,94,0.40356280831620095,2.570551830405072,14.83581529272563,3.8517288706145494,47.224853515625,43.2085329667253,LKH,9.295202297177388
PointerNet:batch_greedy_mean,20,95,0.36472973958934746,3.2416416167842383,9.686298548550704,3.112281887707266,45.65427017211914,41.6338856212692,LKH,9.656520141843487
PointerNet:batch_greedy_mean,20,96,0.31459806095808746,3.2557892476554677,9.472687777160628,3.0777731848140837,39.16111373901367,37.78754254502113,LKH,3.6349841812444628
PointerNet:batch_greedy_mean,20,97,0.6850769345248182,3.19182794901936,26.90534862033846,5.18703659331014,46.079410552978516,39.64116968861877,LKH,16.241298919613385
PointerNet:batch_greedy_mean,20,98,0.3603784485622327,3.3746048062031435,2.3513168113261442,1.5334004080233397,41.90814208984375,39.00511362329765,LKH,7.442686860453408
PointerNet:batch_greedy_mean,20,99,0.4916308377261885,3.270062752502941,6.418036729752293,2.5333844417601314,46.47934341430664,38.626555754066544,LKH,20.33002297755571
PointerNet:batch_greedy_mean,20,100,0.5174363303929568,2.6883659201299492,9.032468779103846,3.0054065913123713,46.491756439208984,37.961514671815685,LKH,22.47076240539614
PointerNet:batch_greedy_mean,20,101,0.3194494104020123,3.2969372487872723,0.6564712369420308,0.8102291261995157,42.51021957397461,38.876736958433725,LKH,9.346161483217422
PointerNet:batch_greedy_mean,20,102,0.3285878910573956,3.9043376944683397,2.7314330866628134,1.6527047790403504,40.28820037841797,40.08422240903016,LKH,0.5088734597527215
PointerNet:batch_greedy_mean,20,103,0.47711050258758403,2.7001300089176077,4.142545236242625,2.035324356519772,36.747169494628906,33.084942616723595,LKH,11.069164968278196
PointerNet:batch_greedy_mean,20,104,0.45376325845718385,2.5777932667443277,1.3712790571262066,1.1710162497276486,38.303382873535156,32.20033638427206,LKH,18.953362525256306
PointerNet:batch_greedy_mean,20,105,0.46917874792567316,3.0107497227530873,4.7664572550310265,2.183221760387851,48.40507125854492,39.76978196158659,LKH,21.713192456773115
PointerNet:batch_greedy_mean,20,106,0.5052946192521063,3.1220495732321725,4.499855466821214,2.1212862764891525,41.819034576416016,39.28714464119356,LKH,6.444576103318307
PointerNet:batch_greedy_mean,20,107,0.32081890421704884,3.385086670347318,1.9342586445589072,1.3907762740854142,44.091278076171875,40.20789087946417,LKH,9.658271328753301
PointerNet:batch_greedy_mean,20,108,0.45350227132275905,3.4331055055183675,3.7909060358652162,1.9470249191690425,45.82513427734375,40.17375109475216,LKH,14.067352509011336
PointerNet:batch_greedy_mean,20,109,0.4635637542805398,2.896562345076318,4.135863728888056,2.033682307758037,42.97855758666992,38.13299894054262,LKH,12.706995989700543
PointerNet:batch_greedy_mean,20,110,0.463012296744273,2.7479577023178035,6.8152036486036325,2.610594500990844,39.974586486816406,38.7944093266013,LKH,3.0421320512434313
PointerNet:batch_greedy_mean,20,111,0.5602149518905207,2.8074663108360123,11.054939934064793,3.3248969809702063,49.300838470458984,37.67413818988512,LKH,30.8612242753185
PointerNet:batch_greedy_mean,20,112,0.35695464597083626,3.3158616298987718,19.843528700453966,4.454607580972085,40.26895523071289,38.37969196880523,LKH,4.922559731441407
PointerNet:batch_greedy_mean,20,113,0.3675155906428699,3.565087862886883,2.010085592393812,1.4177748736642966,43.2685661315918,40.37910349628096,LKH,7.155836522167866
PointerNet:batch_greedy_mean,20,114,0.500624286756647,2.824010959413374,6.243412862474456,2.4986822251888006,44.041114807128906,39.57572677482595,LKH,11.283148526139964
PointerNet:batch_greedy_mean,20,115,0.4891334038742571,3.0556033122448825,4.9455795551434045,2.223865903138812,38.702476501464844,35.97673040622358,LKH,7.576414155661401
PointerNet:batch_greedy_mean,20,116,0.5184637331904014,3.182305964421603,8.470798049005515,2.9104635453833665,35.49265670776367,32.631210256060896,LKH,8.769047881609884
PointerNet:batch_greedy_mean,20,117,0.4369249480369035,3.0435026604983424,7.518553560772261,2.7419980964202475,42.413108825683594,37.54157725752916,LKH,12.976363605440739
PointerNet:batch_greedy_mean,20,118,0.3498345384025015,3.013668933756703,3.4732377972192805,1.8636624686941787,48.75486755371094,42.15202510677403,LKH,15.664354038059717
PointerNet:batch_greedy_mean,20,119,0.5334899306968339,3.893558764468936,5.8321332934766446,2.414981013067524,53.134376525878906,39.747693312251926,LKH,33.67914487128398
PointerNet:batch_greedy_mean,20,120,0.3625913976269658,3.553580185321605,3.6948786767402138,1.9222067206053084,38.750450134277344,37.526460993621896,LKH,3.2616695213105236
PointerNet:batch_greedy_mean,20,121,0.5381774315491612,3.2427295356825128,3.0111361599061417,1.73526256223839,45.52956771850586,40.25751788813486,LKH,13.095814414144078
PointerNet:batch_greedy_mean,20,122,0.4012506151275829,3.0513308635695293,3.2966259643624767,1.8156613022153876,43.39889907836914,35.53627567224561,LKH,22.125625877740376
PointerNet:batch_greedy_mean,20,123,0.4432079838588834,2.4271048367868775,14.360664336512174,3.7895467191357035,46.158199310302734,38.84313414135761,LKH,18.832324761241463
PointerNet:batch_greedy_mean,20,124,0.4357650412996776,3.054457870415751,5.549990366630797,2.355841753308315,46.520912170410156,41.14218984399438,LKH,13.073495472193297
PointerNet:batch_greedy_mean,20,125,0.3477585695567541,3.2609997415284697,2.8448224062247993,1.6866601335849494,39.00592041015625,36.561820631018485,LKH,6.684841555904984
PointerNet:batch_greedy_mean,20,126,0.367056183819647,4.071746523606632,8.799907786976945,2.9664638522956834,47.71730041503906,36.752295578500984,LKH,29.83488422680265
PointerNet:batch_greedy_mean,20,127,0.40781785883009436,2.6296813285956153,6.446002065038358,2.5388978051584425,36.39217758178711,32.408410514418485,LKH,12.292386464298362
PointerNet:batch_greedy_mean,20,128,0.4933237855329935,3.12581712081638,9.630643948864272,3.1033278829128372,45.403038024902344,36.56673988189017,LKH,24.164850822231447
PointerNet:batch_greedy_mean,20,129,0.4480116369997944,3.5333523682583667,3.690031993996089,1.9209455989163484,38.5135498046875,36.40950639792296,LKH,5.778829802769772
PointerNet:batch_greedy_mean,20,130,0.4375854519334098,3.0856588295187177,10.85724775942941,3.295033802471442,36.34831619262695,36.34831779567597,LKH,-4.4102426512046774e-06
PointerNet:batch_greedy_mean,20,131,0.5065146641673437,2.869167897596345,7.080229757835606,2.6608701129208856,40.64961242675781,34.27907309012797,LKH,18.584339546988772
PointerNet:batch_greedy_mean,20,132,0.48573469519615176,2.574923460381343,8.086400299945149,2.84365966668748,44.358856201171875,37.843762979659566,LKH,17.215764788015587
PointerNet:batch_greedy_mean,20,133,0.39081695698405383,3.1976022133668414,12.370955213621809,3.5172368719808746,44.99141311645508,41.14668315146479,LKH,9.343960850592683
PointerNet:batch_greedy_mean,20,134,0.36001110986399,3.7627279174734,11.742366147407438,3.4267136074389755,43.799232482910156,38.52274595109432,LKH,13.697067541640145
PointerNet:batch_greedy_mean,20,135,0.43129159480595264,3.3203627558587643,6.102751446004322,2.470374758210649,40.003543853759766,37.96627454747035,LKH,5.365997403148311
PointerNet:batch_greedy_mean,20,136,0.3450566188053926,3.5098009422739374,20.67692411380901,4.5471885944844,40.41326904296875,40.08126757876036,LKH,0.8283207699357328
PointerNet:batch_greedy_mean,20,137,0.4737827711738646,2.5629194953754197,4.983318673831742,2.2323348032568373,46.9985466003418,38.72760260736132,LKH,21.3567157173017
PointerNet:batch_greedy_mean,20,138,0.42290736740105783,3.2474684349872662,3.227347920591206,1.796482095817046,40.1036376953125,38.476907317333655,LKH,4.227809591250622
PointerNet:batch_greedy_mean,20,139,0.35479485692630985,3.099553281021616,5.803590537453444,2.4090642451901205,40.97739028930664,35.04015522609861,LKH,16.944088931392223
PointerNet:batch_greedy_mean,20,140,0.42248730346327645,2.802082867670184,10.180005862179698,3.1906121453695526,42.50785446166992,39.84328979644205,LKH,6.6876120893657065
PointerNet:batch_greedy_mean,20,141,0.5239177982090041,2.5837495488332474,12.509416504482248,3.5368653500638456,48.409358978271484,38.8785899556196,LKH,24.514183856799782
PointerNet:batch_greedy_mean,20,142,0.37487011366174555,3.2868728287716293,4.281324349169559,2.069136135968235,44.03508758544922,42.25852793234234,LKH,4.204026358777157
PointerNet:batch_greedy_mean,20,143,0.3001182908017654,3.4096691236990266,9.506194801713017,3.0832117672506727,42.57042694091797,41.589484325524715,LKH,2.3586313494904756
PointerNet:batch_greedy_mean,20,144,0.4470694768715475,3.0128398391935893,8.168520093529215,2.8580622969993525,43.777828216552734,37.819329308665026,LKH,15.755168102683722
PointerNet:batch_greedy_mean,20,145,0.2622033878229558,3.5626055611917615,5.66823845242641,2.380806261002018,41.05267333984375,39.93471651695016,LKH,2.799461021387434
PointerNet:batch_greedy_mean,20,146,0.2889978274994064,3.5919982140613937,18.964788610688483,4.354858047134083,44.203163146972656,41.57401991987978,LKH,6.324005309468947
PointerNet:batch_greedy_mean,20,147,0.31357088235745323,3.5579634244242397,3.508127964479027,1.8729997235661908,40.96729278564453,37.61895201881136,LKH,8.900675290366488
PointerNet:batch_greedy_mean,20,148,0.545777772678889,3.657957553055944,13.870658181733452,3.7243332533130613,44.66878890991211,38.45426898877294,LKH,16.16080628903271
PointerNet:batch_greedy_mean,20,149,0.36019344012893273,3.3461292223837225,1.3280047188307833,1.1523908706818113,42.71837615966797,37.67752074832663,LKH,13.378946680203791
PointerNet:batch_greedy_mean,20,150,0.7287818429393951,2.622632672714504,1.7577377005732404,1.3257970057943411,31.341096878051758,28.58709825435858,LKH,9.633711680664495
PointerNet:batch_greedy_mean,20,151,0.5127037176388285,2.691173244351566,8.569153042385675,2.927311572481767,43.51457977294922,35.26784353198658,LKH,23.383159884678424
PointerNet:batch_greedy_mean,20,152,0.3333106346147702,3.827045892520445,3.1041214328545914,1.761851705693357,48.568756103515625,43.66245470465815,LKH,11.236888608404422
PointerNet:batch_greedy_mean,20,153,0.45911897037672134,3.117578396301905,3.5899464528156635,1.8947154015354557,41.3712272644043,37.10477767692267,LKH,11.498383374319863
PointerNet:batch_greedy_mean,20,154,0.51710709467892,3.838584653137238,3.59133056495056,1.895080622282482,46.524757385253906,41.23334024166258,LKH,12.832860768928983
PointerNet:batch_greedy_mean,20,155,0.42060149516892126,3.538224696096724,10.687941174304123,3.2692416818436847,43.02040100097656,41.44789918715774,LKH,3.793924045988923
PointerNet:batch_greedy_mean,20,156,0.4948625672932394,3.29632715241246,2.579906700562606,1.606208797312045,41.2341194152832,36.86202362781999,LKH,11.860704750250255
PointerNet:batch_greedy_mean,20,157,0.49845030209820607,3.5224307443253595,11.316865885631433,3.3640549766065706,44.18365478515625,36.811234276277055,LKH,20.027637360778037
PointerNet:batch_greedy_mean,20,158,0.40446186807690765,3.264767753198858,3.2044965732783206,1.7901107712313002,45.57147216796875,36.70551424058941,LKH,24.154294281961743
PointerNet:batch_greedy_mean,20,159,0.5540571812540293,2.219073315748366,4.173824763217925,2.042994068326662,46.78815460205078,36.4980356621877,LKH,28.1936239941914
PointerNet:batch_greedy_mean,20,160,0.38707287607248875,2.9949930396008715,2.83080289739308,1.682499003682641,40.98545455932617,39.05554173381084,LKH,4.941457063043584
PointerNet:batch_greedy_mean,20,161,0.3380140943063452,3.936028580452335,13.503034727336868,3.674647565051221,42.21464538574219,41.495375494618486,LKH,1.7333736170600105
PointerNet:batch_greedy_mean,20,162,0.6738265889231115,1.7661621673554158,2.193920287781497,1.481188808957689,48.04158401489258,38.82465948625003,LKH,23.7398721601326
PointerNet:batch_greedy_mean,20,163,0.4554877695438336,3.2108865906612856,5.775502677980967,2.4032275543487276,40.05211639404297,38.19889085303128,LKH,4.851516626862023
PointerNet:batch_greedy_mean,20,164,0.48585109277628363,2.4982612146843715,2.5084236017465225,1.583800366759183,50.113990783691406,38.70871616841515,LKH,29.464357757704523
PointerNet:batch_greedy_mean,20,165,0.3696175994584337,3.1450528610891233,2.479823667032719,1.5747455880340542,38.72145462036133,38.72145542039206,LKH,-2.0661174135398026e-06
PointerNet:batch_greedy_mean,20,166,0.34080988739438,3.6257462107337717,3.228675317883275,1.796851501344303,41.708011627197266,41.04008927509894,LKH,1.6274875710457688
PointerNet:batch_greedy_mean,20,167,0.4239421873819083,2.481677394586039,6.739676417549417,2.596088676749971,46.8321647644043,40.52823087807199,LKH,15.554426506544322
PointerNet:batch_greedy_mean,20,168,0.554499106566027,3.4786853906783093,9.319451130863966,3.052777609139579,44.134037017822266,40.772744206992705,LKH,8.24397002508623
PointerNet:batch_greedy_mean,20,169,0.46171665253350513,3.056283168219463,6.068850148296128,2.4635036326939175,44.53199005126953,40.815099584788626,LKH,9.106655390511781
PointerNet:batch_greedy_mean,20,170,0.43530835551573543,3.56377858314246,22.032718677140704,4.693902286705669,41.48025131225586,40.75286685493043,LKH,1.7848669638745338
PointerNet:batch_greedy_mean,20,171,0.4989379592563353,3.4816037827567596,28.031351429334258,5.294464224955558,39.0336799621582,36.98018292075485,LKH,5.552966154342206
PointerNet:batch_greedy_mean,20,172,0.41539200365207307,3.564600296292723,3.3895535972817283,1.841074033623235,40.31721496582031,36.84414578082316,LKH,9.426379988988188
PointerNet:batch_greedy_mean,20,173,0.6336420962666903,3.310135024788721,7.2574892755204985,2.6939727681475363,50.38056182861328,38.3831957535427,LKH,31.25681913539793
PointerNet:batch_greedy_mean,20,174,0.4427221542064217,3.230271215392694,15.14654225483031,3.8918558882402507,45.351768493652344,39.26591155650519,LKH,15.499084819129614
PointerNet:batch_greedy_mean,20,175,0.46706486926186697,3.516570772045823,2.4969453058311166,1.5801725557138109,45.358612060546875,39.52169550159118,LKH,14.768892085413423
PointerNet:batch_greedy_mean,20,176,0.52233094163239,2.1605174092810007,18.086996227490427,4.252880932672631,44.685726165771484,33.759583883765366,LKH,32.364564443759
PointerNet:batch_greedy_mean,20,177,0.4559954231255688,2.696784110498965,5.688758051540739,2.3851117482291557,48.256690979003906,42.61734494355292,LKH,13.232513763868564
PointerNet:batch_greedy_mean,20,178,0.45341750597426655,3.2226525872375817,24.178338944430948,4.917147439769418,44.58835983276367,40.86661581046947,LKH,9.107052170786167
PointerNet:batch_greedy_mean,20,179,0.3838950540317455,3.0441229238878704,6.788406323521499,2.605457027763363,41.95793533325195,38.28122893480562,LKH,9.604462815725965
PointerNet:batch_greedy_mean,20,180,0.46206271731698506,3.165701992657114,4.193432020939182,2.0477871034214425,39.730690002441406,35.28140240917901,LKH,12.610858099293823
PointerNet:batch_greedy_mean,20,181,0.40278298298608206,3.1280617403252338,7.375306542408273,2.715751561245666,46.92104721069336,39.46305420901016,LKH,18.89867155791606
PointerNet:batch_greedy_mean,20,182,0.39186819847673177,2.973095715264541,2.5732043244043874,1.6041210441872482,40.93806838989258,39.97932782445071,LKH,2.398090757432681
PointerNet:batch_greedy_mean,20,183,0.6432590289568907,2.4422240628320444,4.5730337590751144,2.1384652812414595,45.49042510986328,38.558216345697566,LKH,17.978551450653992
PointerNet:batch_greedy_mean,20,184,0.5003041468735319,3.2430866400276166,6.277219029668181,2.5054378918001903,42.63365173339844,36.55843860834677,LKH,16.617813441476184
PointerNet:batch_greedy_mean,20,185,0.4749970878154272,2.459343408053919,11.319814341161472,3.3644931774580065,49.97058868408203,43.204484627774406,LKH,15.660652162849717
PointerNet:batch_greedy_mean,20,186,0.32538855624152346,3.3712430968268854,0.6342260372288333,0.796383097026069,46.751976013183594,42.30536598367473,LKH,10.510747102920154
PointerNet:batch_greedy_mean,20,187,0.4490025158971548,2.359233468040136,1.921486096942216,1.3861767913733862,39.61219787597656,36.86467168246121,LKH,7.453006003095703
PointerNet:batch_greedy_mean,20,188,0.6115566936157744,2.7357869520454963,2.969934292889286,1.7233497302896141,35.72629928588867,34.08418657612538,LKH,4.817813991528622
PointerNet:batch_greedy_mean,20,189,0.3696687741903588,2.8101168190056285,2.1338872329037053,1.460783088929943,39.67107009887695,35.84909235099995,LKH,10.661295718329091
PointerNet:batch_greedy_mean,20,190,0.40216490673037697,3.8263536809958376,7.11346223044251,2.6671074651094413,43.34909439086914,39.9204672307316,LKH,8.588644868109432
PointerNet:batch_greedy_mean,20,191,0.36498216902837155,3.4152789970771247,5.155548732440721,2.2705833462880682,42.37055587768555,41.53912787705757,LKH,2.001553819542719
PointerNet:batch_greedy_mean,20,192,0.43164664518553764,2.8856338794930534,13.512963036567205,3.6759982367470205,34.63365173339844,32.57858903089135,LKH,6.308016288116269
PointerNet:batch_greedy_mean,20,193,0.37874562857068667,3.528409998161794,2.408919757013846,1.552069507790758,42.38459014892578,41.05880659012719,LKH,3.2289870770802738
PointerNet:batch_greedy_mean,20,194,0.40691244645277036,3.1991271205247296,14.691681600908412,3.8329729454965387,45.242958068847656,40.17773383917813,LKH,12.60704311981459
PointerNet:batch_greedy_mean,20,195,0.5481110975859338,2.835545789669276,11.072391058350368,3.327520256640126,40.028656005859375,36.98015183511688,LKH,8.243622644749646
PointerNet:batch_greedy_mean,20,196,0.4105911672901129,3.3528143944623245,6.261769202188428,2.5023527333668265,42.90310287475586,39.521908523836395,LKH,8.555240567090033
PointerNet:batch_greedy_mean,20,197,0.4416281420679297,2.932656232118291,6.938108859250126,2.634029016402463,44.21982192993164,40.95565014128448,LKH,7.970015803403842
PointerNet:batch_greedy_mean,20,198,0.5111649965590004,2.625092174195834,8.807877614172313,2.9678068694192876,53.30261993408203,40.46878226430923,LKH,31.71293266486891
PointerNet:batch_greedy_mean,20,199,0.6024761342567218,2.334674944514074,11.678098140903915,3.4173232420864017,50.16156768798828,43.146714509587866,LKH,16.25813983320006
PointerNet:batch_greedy_mean,20,200,0.5427685590550027,3.0835671151668778,3.040891836597808,1.7438153103461984,36.776180267333984,31.381289742983537,LKH,17.19142383418667
PointerNet:batch_greedy_mean,20,201,0.501366718387635,2.9529586505919783,3.966574947783948,1.991626206843028,48.90227508544922,37.78082623707941,LKH,29.436753920047504
PointerNet:batch_greedy_mean,20,202,0.6764887689107126,2.3669415726091,4.145696623159658,2.036098382485399,39.46640396118164,34.202054016543954,LKH,15.391911673173944
PointerNet:batch_greedy_mean,20,203,0.3988304811762646,3.104315468774689,8.163387265670341,2.8571641999840227,34.8457145690918,32.20973989857951,LKH,8.183781299732074
PointerNet:batch_greedy_mean,20,204,0.3907227327794317,3.686134518702673,11.407330909920883,3.377474042819705,45.84376907348633,43.25792304333342,LKH,5.977739679185588
PointerNet:batch_greedy_mean,20,205,0.4764519953136187,3.2869790086285717,15.943786566240409,3.9929671381368026,43.45838928222656,37.063668331829774,LKH,17.25334063845237
PointerNet:batch_greedy_mean,20,206,0.478439833142329,2.8906028043810705,6.009996060423512,2.4515293309327366,48.07335662841797,43.333707524330954,LKH,10.937557330920283
PointerNet:batch_greedy_mean,20,207,0.5767067718668841,2.3764769741611347,15.682138161288345,3.960067949074655,45.43537139892578,35.54941767905373,LKH,27.809045450826066
PointerNet:batch_greedy_mean,20,208,0.4601068739517359,2.512637181601414,3.454828943602959,1.8587170154714134,43.067378997802734,39.24085078899731,LKH,9.751389513395422
PointerNet:batch_greedy_mean,20,209,0.35899135333283994,3.620056023240217,1.4066267710617644,1.1860129725520563,39.16128921508789,39.07112731842144,LKH,0.23076348919152256
PointerNet:batch_greedy_mean,20,210,0.4528244093136891,3.6677797364096536,15.62061567526591,3.952292458215347,39.90641784667969,38.94656591096305,LKH,2.4645354815389435
PointerNet:batch_greedy_mean,20,211,0.3791241266822908,2.8270296661922103,3.2643757326845466,1.8067583492776633,33.946258544921875,32.71198830408553,LKH,3.7731434401442123
PointerNet:batch_greedy_mean,20,212,0.45849873079114334,3.0565287035110975,18.300664831962536,4.277927632857121,38.969417572021484,33.940447952200614,LKH,14.817039618638281
PointerNet:batch_greedy_mean,20,213,0.5340135116259717,2.760704409155759,8.863191691401692,2.977111299800814,42.88040542602539,36.35443341879441,LKH,17.95096606802626
PointerNet:batch_greedy_mean,20,214,0.5260287171229721,2.595467248025223,14.555906392820054,3.8152203596673226,39.116878509521484,31.61088598740612,LKH,23.744960913483332
PointerNet:batch_greedy_mean,20,215,0.5366432936058118,2.9478569727341437,2.1884005293011275,1.4793243489178185,41.62662887573242,36.04113611350097,LKH,15.49754909124281
PointerNet:batch_greedy_mean,20,216,0.5162387035867141,3.460826931800156,5.521422493594324,2.349770732134164,49.86226272583008,39.89950898962145,LKH,24.9696148862386
PointerNet:batch_greedy_mean,20,217,0.36958483616444937,3.880079075879305,6.320673164216553,2.514094899604339,45.76350402832031,41.64419903464122,LKH,9.891665800205452
PointerNet:batch_greedy_mean,20,218,0.30402592979371545,3.53042362150887,1.7115946463318625,1.3082792692433303,33.14893341064453,31.661607472023814,LKH,4.697569256188014
PointerNet:batch_greedy_mean,20,219,0.5313828705810011,1.9438033267759836,17.91593205220132,4.232721589261609,49.94520568847656,37.913237981014746,LKH,31.735531830562426
PointerNet:batch_greedy_mean,20,220,0.48306354351807385,2.9582956172366766,2.434607128479762,1.5603227641996902,41.975746154785156,32.491158466345084,LKH,29.19128814155511
PointerNet:batch_greedy_mean,20,221,0.4345442169069429,3.0403523444411693,8.051536332633365,2.8375229219573477,50.2444953918457,40.470866548799705,LKH,24.14978891361511
PointerNet:batch_greedy_mean,20,222,0.469026741059497,3.086963372998917,7.08491772253946,2.661750875371221,44.53343963623047,37.740873762020385,LKH,17.997903061390215
PointerNet:batch_greedy_mean,20,223,0.3786322375366581,3.386171249352967,2.5219469355819184,1.5880638953083464,45.21185302734375,43.104788240601515,LKH,4.8882383436871555
PointerNet:batch_greedy_mean,20,224,0.44380407069402283,2.656283352951461,6.25102628969884,2.5002052495142957,41.53680419921875,37.480005249841405,LKH,10.823901763979906
PointerNet:batch_greedy_mean,20,225,0.6802191657363437,2.1392914817260165,5.436929336353275,2.3317223969317777,53.78007507324219,43.89793720566058,LKH,22.511622405590657
PointerNet:batch_greedy_mean,20,226,0.4384414183790796,2.625287095866887,2.152701691945393,1.4672088099331304,45.679039001464844,38.762490707091544,LKH,17.843405230685878
PointerNet:batch_greedy_mean,20,227,0.4962141705582326,3.27563971538018,3.192763722369404,1.7868306361738384,35.621498107910156,32.387180187125814,LKH,9.986414075251947
PointerNet:batch_greedy_mean,20,228,0.4362493486791209,3.6497308698823425,5.199031097558871,2.280138394387251,47.095279693603516,42.099688641305065,LKH,11.866099758745367
PointerNet:batch_greedy_mean,20,229,0.495439144782722,2.596699699341948,15.221236419887209,3.901440300695015,37.054534912109375,35.32606985417296,LKH,4.892888071250417
PointerNet:batch_greedy_mean,20,230,0.4223340416850988,2.917445679503806,3.249571647983944,1.8026568303434638,42.418426513671875,34.83741106484455,LKH,21.761133267671394
PointerNet:batch_greedy_mean,20,231,0.33662151123280637,3.803617659538868,17.669241909611138,4.203479738218222,34.51725387573242,34.51725442284802,LKH,-1.5850495829391155e-06
PointerNet:batch_greedy_mean,20,232,0.5521677937577352,2.9352334936265048,3.5550209906287455,1.8854763299041295,40.65934753417969,38.829954578149625,LKH,4.71129306203077
PointerNet:batch_greedy_mean,20,233,0.4319643456765334,3.3284228427108404,9.998617744379747,3.1620590988119983,41.944515228271484,36.853650493760426,LKH,13.813732605330308
PointerNet:batch_greedy_mean,20,234,0.3479309760426986,3.519375259030865,4.581070945832858,2.1403436513403302,42.12017822265625,40.15734887925234,LKH,4.887845931527678
PointerNet:batch_greedy_mean,20,235,0.3553332601673901,2.764731208865443,14.43692241646947,3.799595033219918,39.05606460571289,33.08360419577558,LKH,18.05262925585336
PointerNet:batch_greedy_mean,20,236,0.4293203571811318,2.75475625425453,8.16996451571433,2.8583149783944966,53.12413024902344,44.92375683225383,LKH,18.253979620159463
PointerNet:batch_greedy_mean,20,237,0.46917038267638417,3.3425237695352132,6.248451751058596,2.4996903310327454,46.86451721191406,44.44234454442615,LKH,5.450146008986145
PointerNet:batch_greedy_mean,20,238,0.48028618597563766,3.084847062573018,10.406044586907125,3.225840136601181,40.07220458984375,38.30864026086669,LKH,4.603568064457224
PointerNet:batch_greedy_mean,20,239,0.2834418922080658,3.515488449117831,3.222252439597054,1.795063352530226,37.18539810180664,37.185400546844406,LKH,-6.575262681551031e-06
PointerNet:batch_greedy_mean,20,240,0.5667684778687544,2.2211617636291514,7.308648124822267,2.703451150811175,42.10843276977539,35.33675258580589,LKH,19.163278140871263
PointerNet:batch_greedy_mean,20,241,0.45647248711939026,3.0829287407575134,3.873723705340652,1.968177762637474,46.26264953613281,40.73047539004757,LKH,13.582395228897862
PointerNet:batch_greedy_mean,20,242,0.4973676491063088,3.013653585722793,4.177854379412364,2.0439800340053136,39.201316833496094,36.42277581924036,LKH,7.628581160439646
PointerNet:batch_greedy_mean,20,243,0.4433469770185184,2.5959197425421423,12.871013541832776,3.587619481192616,50.06523513793945,45.64171444986122,LKH,9.691837262023984
PointerNet:batch_greedy_mean,20,244,0.3430395642790245,3.551553555767356,5.471862619175836,2.3392012780382614,44.65971374511719,39.54816832973732,LKH,12.924860066240687
PointerNet:batch_greedy_mean,20,245,0.3938458944328886,2.788259888783256,3.5414285721374914,1.881868372691749,42.313663482666016,34.986216314906656,LKH,20.943811419348418
PointerNet:batch_greedy_mean,20,246,0.5215970842604293,2.853154619380305,8.721652680272198,2.9532444328690772,46.22529983520508,38.17494862141775,LKH,21.08804727839436
PointerNet:batch_greedy_mean,20,247,0.34247744633757976,3.571337521244351,40.906259343518286,6.3958001331747605,42.74089050292969,39.4290339510298,LKH,8.399537650385136
PointerNet:batch_greedy_mean,20,248,0.5546172933303751,2.3951023117890573,10.297772513744997,3.2090142588877657,43.2402458190918,41.41005950548449,LKH,4.419665983249579
PointerNet:batch_greedy_mean,20,249,0.4242423709074501,2.638003081436784,8.863967347667375,2.9772415668983556,33.329593658447266,32.34343795398433,LKH,3.049013236830178
PointerNet:batch_greedy_mean,20,250,0.45851705304417295,3.210779744952576,5.666712510683255,2.3804857719976518,42.68641662597656,37.11920851969802,LKH,14.998186460048565
PointerNet:batch_greedy_mean,20,251,0.4947445198748028,2.6407671380182096,8.040385732236258,2.835557393571193,32.15976333618164,28.813164954712626,LKH,11.614823941517926
PointerNet:batch_greedy_mean,20,252,0.44697944093013575,3.445253936179912,4.4522896918174455,2.110044950188845,45.4920654296875,40.28300865264878,LKH,12.931151250283287
PointerNet:batch_greedy_mean,20,253,0.40641130439034895,3.033163119265251,5.106240359846188,2.2596991746350192,42.331966400146484,36.774058939598284,LKH,15.11366332902526
PointerNet:batch_greedy_mean,20,254,0.39328589620999993,3.0385387284450074,3.2341077050947575,1.7983625065861326,47.93568801879883,39.725967415912734,LKH,20.665879617062735
PointerNet:batch_greedy_mean,20,255,0.45943864875298457,3.0687897584516444,8.55563082811933,2.925000996259545,41.380924224853516,36.58377066784658,LKH,13.112791463082146
PointerNet:batch_greedy_mean,20,256,0.468954999250127,3.354645607112098,4.317984672741582,2.077976100137242,42.251407623291016,36.49811727476947,LKH,15.763252403429306
PointerNet:batch_greedy_mean,20,257,0.525929287341296,2.7905520643749377,20.311899692602772,4.506872495711718,40.85366439819336,35.65066708760696,LKH,14.594389770605684
PointerNet:batch_greedy_mean,20,258,0.5784663673262003,2.6687660417019456,5.998113588989296,2.4491046504772505,49.25236129760742,43.332204475396885,LKH,13.662256268480125
PointerNet:batch_greedy_mean,20,259,0.5504203984969991,3.2310684498223714,1.5719482380267584,1.2537735991903636,47.57776641845703,41.22910634837633,LKH,15.398490611064933
PointerNet:batch_greedy_mean,20,260,0.41355483701863704,3.2412311177098183,5.442975895714971,2.333018623096475,39.067623138427734,37.35720958625161,LKH,4.5785367031417765
PointerNet:batch_greedy_mean,20,261,0.43257104605436325,2.186658033365537,2.143648327590973,1.464120325516647,48.978214263916016,38.88375484710656,LKH,25.960608630780452
PointerNet:batch_greedy_mean,20,262,0.5536305081099272,2.0291796358270924,1.7516200365797494,1.3234878301592914,41.90304946899414,35.835846625071994,LKH,16.930541386113987
PointerNet:batch_greedy_mean,20,263,0.3322483497795474,3.7715685875695826,7.490586623698774,2.736893608399635,44.78831481933594,43.82621083468832,LKH,2.195270743977065
PointerNet:batch_greedy_mean,20,264,0.3550486970343627,3.7988413864573864,7.9899513789689545,2.826650204565283,47.89295959472656,39.963618367812494,LKH,19.841399629870654
PointerNet:batch_greedy_mean,20,265,0.595659164711833,2.090744886279795,7.2624901459857565,2.694900767372661,47.17558288574219,38.32811490401946,LKH,23.083493680496396
PointerNet:batch_greedy_mean,20,266,0.5737239093461539,2.6890757086160177,9.273591211331702,3.045257166699013,31.19139862060547,27.51051856934023,LKH,13.379900644139381
PointerNet:batch_greedy_mean,20,267,0.6732090441027443,2.8539038183861356,7.130201275772769,2.6702436734823976,39.08210372924805,34.57645543137285,LKH,13.030972208293537
PointerNet:batch_greedy_mean,20,268,0.5789147468465672,2.4986362522154097,11.826916370530174,3.4390284050193847,52.776771545410156,36.82627434135186,LKH,43.31281806084749
PointerNet:batch_greedy_mean,20,269,0.4576339228777215,2.598989201598453,3.5572598852582016,1.886069957678718,38.58322525024414,33.871346061649945,LKH,13.91110698706218
PointerNet:batch_greedy_mean,20,270,0.5372328564583227,2.9892974357370856,14.680056930946805,3.831456241554483,43.75243377685547,37.095849632275446,LKH,17.94428274474249
PointerNet:batch_greedy_mean,20,271,0.385558751411736,2.8822845044208583,17.99613064487149,4.24218465473528,40.43545150756836,36.17099678501312,LKH,11.7897075048873
PointerNet:batch_greedy_mean,20,272,0.49405040295132496,2.908921250925414,3.426044447427799,1.8509577108696458,41.215721130371094,34.91284464256625,LKH,18.0531737024954
PointerNet:batch_greedy_mean,20,273,0.4911411122244317,2.5851152813151037,15.256442878439943,3.905949676895485,44.683738708496094,36.24864507125175,LKH,23.270093601192524
PointerNet:batch_greedy_mean,20,274,0.3944907512079226,3.3919721763561186,10.002115296236068,3.1626121001849197,42.43964767456055,39.98579983388944,LKH,6.136798190520083
PointerNet:batch_greedy_mean,20,275,0.6461240441116474,2.7443545488533845,15.026003287945397,3.876338902617442,53.18754577636719,39.87243237269443,LKH,33.39428424936336
PointerNet:batch_greedy_mean,20,276,0.5366875701944082,2.704888825924442,3.968962719078937,1.9922255693266606,43.40119934082031,36.556197110532196,LKH,18.7246014939448
PointerNet:batch_greedy_mean,20,277,0.5048108506828612,2.5426663859375394,9.046438606057098,3.00772980935075,39.088260650634766,33.53447262021639,LKH,16.561429467867196
PointerNet:batch_greedy_mean,20,278,0.35951091148890557,3.0307062985151343,3.269943954912366,1.8082986354339723,44.644508361816406,37.949144551355225,LKH,17.642990084797784
PointerNet:batch_greedy_mean,20,279,0.4784334800206125,2.65703564441736,6.40108877706002,2.5300373074443034,37.375,32.832014785769914,LKH,13.837058870353308
PointerNet:batch_greedy_mean,20,280,0.3563239991399314,3.2239215666387033,4.124295931743809,2.0308362641394333,41.007240295410156,36.51051797909875,LKH,12.31623807387683
PointerNet:batch_greedy_mean,20,281,0.5062242102343589,2.296191534420301,8.143405247098348,2.853665230383261,39.77994918823242,36.675687728373,LKH,8.464085207754422
PointerNet:batch_greedy_mean,20,282,0.5057770289703057,3.010452329031181,25.671885370037387,5.066743073221435,45.1453857421875,37.36431251971782,LKH,20.82487993955052
PointerNet:batch_greedy_mean,20,283,0.3784846407972509,3.115682906394476,2.8002583462321646,1.673397246989538,44.012081146240234,38.11015351222697,LKH,15.486496615973305
PointerNet:batch_greedy_mean,20,284,0.41501104810377,3.0680743236280477,5.366039408379278,2.3164713269063526,42.73985290527344,36.90767249633363,LKH,15.802081286808775
PointerNet:batch_greedy_mean,20,285,0.5443318949895911,2.605056843334471,19.064199160394548,4.366256882089572,46.286373138427734,39.66581634835363,LKH,16.690837097441705
PointerNet:batch_greedy_mean,20,286,0.4984296110486639,3.0297927316933495,11.087740078167645,3.3298258330080337,46.5260009765625,35.056913236931614,LKH,32.71562348378259
PointerNet:batch_greedy_mean,20,287,0.4963233121292433,3.643300773638706,2.612454326849732,1.6163088587425771,44.47592544555664,42.97563951689352,LKH,3.4910147830920875
PointerNet:batch_greedy_mean,20,288,0.4936643207112866,3.253923949636043,10.877655033245569,3.298129020102999,44.54170608520508,39.83927481048493,LKH,11.803506206098307
PointerNet:batch_greedy_mean,20,289,0.5555689952445391,2.7252791223020636,4.476212335346121,2.1157061079805297,40.62458801269531,35.16553932840316,LKH,15.523858836093215
PointerNet:batch_greedy_mean,20,290,0.4593021845433668,3.3763824607741517,13.462053854239628,3.669067164040422,47.184288024902344,39.893230860520305,LKH,18.27642687019746
PointerNet:batch_greedy_mean,20,291,0.43574371671848555,3.5051140658472293,4.591456397722238,2.1427683957260144,47.69945526123047,41.187136534212186,LKH,15.81153553029551
PointerNet:batch_greedy_mean,20,292,0.5754915798508591,3.048394607356346,17.161248678816794,4.142613749653327,39.14858627319336,36.35073289100584,LKH,7.696827985770223
PointerNet:batch_greedy_mean,20,293,0.5617765760980546,1.977212661363173,13.21763519075205,3.6356065781038587,47.69477081298828,38.04410383935461,LKH,25.367050343424214
PointerNet:batch_greedy_mean,20,294,0.4308116365506066,3.276488208733108,10.607326804375877,3.2568891298869658,40.743473052978516,37.83232878224197,LKH,7.694858774073135
PointerNet:batch_greedy_mean,20,295,0.5527611290453933,2.295100713366799,5.764344527802117,2.400904939351435,40.137237548828125,36.61262825091552,LKH,9.62675848823956
PointerNet:batch_greedy_mean,20,296,0.32672900191973897,3.0313494135411405,4.6305376590896286,2.151868411192847,45.506072998046875,40.816583347865475,LKH,11.489177352779675
PointerNet:batch_greedy_mean,20,297,0.483504715521849,3.1130931671821678,5.0233029264057265,2.2412726131387335,43.05541229248047,37.6106169635714,LKH,14.47675089771259
PointerNet:batch_greedy_mean,20,298,0.5201632040727417,2.7899393791693887,7.920531216319625,2.8143438340614364,48.97941970825195,40.98683714901384,LKH,19.50036430032372
PointerNet:batch_greedy_mean,20,299,0.5171067986870185,3.099800493414584,9.87461543602222,3.1423900833636518,35.11555480957031,33.48322596485091,LKH,4.875064446994874
PointerNet:batch_greedy_mean,30,0,0.7492949653804923,2.0767938288467946,5.526086417249746,2.3507629436524957,56.70265197753906,47.80767442199113,LKH,18.605752451025555
PointerNet:batch_greedy_mean,30,1,0.5874551827837422,2.8818158429245058,9.019404837576042,3.0032323981963236,54.935699462890625,45.35233930651445,LKH,21.130905931019107
PointerNet:batch_greedy_mean,30,2,0.616743350463609,1.9006640087840667,16.77927331490539,4.09625112937493,46.8350715637207,41.933326850204,LKH,11.689377117696685
PointerNet:batch_greedy_mean,30,3,0.5853384329859789,2.229846366457772,14.191536746514734,3.767165611771632,51.586360931396484,43.56185754702354,LKH,18.42093940946105
PointerNet:batch_greedy_mean,30,4,0.6548516117989494,2.4274438650660337,4.230399442447352,2.0567934856099073,56.4673957824707,43.76020564055344,LKH,29.03823223842729
PointerNet:batch_greedy_mean,30,5,0.5814999590847644,2.7732745940249757,13.527434722804236,3.6779661122425034,57.979854583740234,45.37285590094708,LKH,27.785332072363566
PointerNet:batch_greedy_mean,30,6,0.6918740965115527,2.0253960028731486,4.959372243869196,2.2269648052605584,51.001522064208984,41.33715906651784,LKH,23.379359433336234
PointerNet:batch_greedy_mean,30,7,0.6897113115759567,2.3852124999244344,17.098026242797346,4.134975966411092,56.33275604248047,44.74633893611478,LKH,25.89355326456504
PointerNet:batch_greedy_mean,30,8,0.7121512143251797,1.9013743723546588,8.408279370563703,2.8997033245771373,52.36573791503906,46.720504214772525,LKH,12.082989674759492
PointerNet:batch_greedy_mean,30,9,0.6187768224568572,2.164436388054311,13.37721815634336,3.6574879571016172,55.80146026611328,50.9542950177736,LKH,9.512770702938615
PointerNet:batch_greedy_mean,30,10,0.6349974149042585,2.0439000451179448,9.161482657393956,3.0267941220694143,50.13890075683594,43.208732806578226,LKH,16.038813221577843
PointerNet:batch_greedy_mean,30,11,0.543064943018059,2.078071110500735,1.4154377456521343,1.189721709330436,57.306034088134766,45.369911416242765,LKH,26.30845487526956
PointerNet:batch_greedy_mean,30,12,0.5734475639726345,2.3516288594330943,8.717038785534577,2.95246317259582,53.540225982666016,44.625638860368646,LKH,19.97637983445046
PointerNet:batch_greedy_mean,30,13,0.5960469007220429,1.9486212064179833,6.711366321258404,2.590630487209321,62.0429801940918,48.436363043984905,LKH,28.091739955270313
PointerNet:batch_greedy_mean,30,14,0.5309993071171145,2.441391175979572,38.046143717814516,6.168155617185295,52.070587158203125,46.289869145098876,LKH,12.48808458495352
PointerNet:batch_greedy_mean,30,15,0.6935595002398866,2.2705448139648254,7.7803122336594654,2.789321106229877,57.6025390625,42.33813176033675,LKH,36.05356842047354
PointerNet:batch_greedy_mean,30,16,0.637528341121894,2.751992774386333,8.077787872464754,2.842144942198542,53.16223907470703,44.76449546007206,LKH,18.75983081754017
PointerNet:batch_greedy_mean,30,17,0.5194369004069207,2.3470142700815675,8.300370850967605,2.8810364195836895,52.3178825378418,44.736680999242274,LKH,16.946276230746594
PointerNet:batch_greedy_mean,30,18,0.6611290457348029,1.6716617280826662,18.60241760071458,4.313052005333877,49.843994140625,40.077882106523894,LKH,24.367834627946504
PointerNet:batch_greedy_mean,30,19,0.6606919415023488,2.0488520854587917,12.556250887437752,3.5434800532016193,59.988121032714844,45.230079414025774,LKH,32.62882093041965
PointerNet:batch_greedy_mean,30,20,0.6541519513470121,2.647807031254552,8.212552363287523,2.8657551122326423,54.694801330566406,43.807214113492506,LKH,24.853411561089324
PointerNet:batch_greedy_mean,30,21,0.5839537399820983,2.2886833390162207,32.00818430884266,5.657577600779565,53.19866180419922,46.34108304802581,LKH,14.798054566542012
PointerNet:batch_greedy_mean,30,22,0.6171539984100188,2.1035369134564093,15.29436963017439,3.9108016608074605,52.26179122924805,44.87604628378651,LKH,16.45810082901615
PointerNet:batch_greedy_mean,30,23,0.6284443493932486,2.0467755799416993,9.644392181415267,3.1055421718945095,55.12910079956055,44.85615636067245,LKH,22.90197215358131
PointerNet:batch_greedy_mean,30,24,0.6508982975656787,1.7766696339652706,6.943397810189974,2.6350327911033617,55.60557174682617,49.05033940684264,LKH,13.364295577267834
PointerNet:batch_greedy_mean,30,25,0.5717777435978254,2.2378474769521617,11.926972340020248,3.453544894745144,58.0506477355957,46.22435819120077,LKH,25.584540288211453
PointerNet:batch_greedy_mean,30,26,0.649817769555375,2.2563855102288914,23.97804386144217,4.896738083810709,47.33489227294922,40.729566834050054,LKH,16.217519488513418
PointerNet:batch_greedy_mean,30,27,0.6144941412843764,2.255904353739201,23.049206707348475,4.800958936228103,42.716548919677734,39.13872753633693,LKH,9.141384016685535
PointerNet:batch_greedy_mean,30,28,0.5444211086830667,2.546693578349277,3.9619761041795445,1.9904713271432835,54.65652847290039,47.73323493232634,LKH,14.504136479309501
PointerNet:batch_greedy_mean,30,29,0.6371510337094757,2.2089540291167804,4.284129151907903,2.069813796433849,53.48466110229492,45.289146586795916,LKH,18.095979132202096
PointerNet:batch_greedy_mean,30,30,0.6486054790574902,2.183549087901648,30.079888686041222,5.4845135323054155,54.33861541748047,46.394391927863126,LKH,17.12324089077299
PointerNet:batch_greedy_mean,30,31,0.5395687508086363,2.030978221868656,7.967232699980461,2.822628686168349,62.45682144165039,50.95600666976733,LKH,22.570086479532932
PointerNet:batch_greedy_mean,30,32,0.6124732399747397,2.009642137938669,13.198115676757729,3.63292109421024,52.43229675292969,47.20842569702003,LKH,11.065548106679195
PointerNet:batch_greedy_mean,30,33,0.5833530964329838,2.358712645612632,11.181040748211888,3.343806326361006,58.830177307128906,47.492622119929976,LKH,23.872245163825557
PointerNet:batch_greedy_mean,30,34,0.6586854946178694,1.741158927399266,5.106787687889637,2.2598202777853014,59.61140441894531,45.51004087572603,LKH,30.985170023744402
PointerNet:batch_greedy_mean,30,35,0.5491065887365646,2.5791625349508447,6.084923057996994,2.466763681019524,44.05317306518555,43.85126554686407,LKH,0.46043715227716087
PointerNet:batch_greedy_mean,30,36,0.6165492746202896,2.00352569477483,10.101582047215873,3.178298608881153,49.472862243652344,41.36476407197234,LKH,19.601461179791514
PointerNet:batch_greedy_mean,30,37,0.7708841342537198,1.9828014193347163,5.74344433783709,2.3965484217593205,50.071346282958984,42.13553094630938,LKH,18.834022399674296
PointerNet:batch_greedy_mean,30,38,0.6297035924391821,1.9925680099690497,10.330517459471151,3.214112235045807,50.43846130371094,43.761284768178946,LKH,15.258182137255957
PointerNet:batch_greedy_mean,30,39,0.8184769176541522,1.9892614806007525,4.0816206959419885,2.020302129866221,57.243534088134766,41.14024851289897,LKH,39.1424120109212
PointerNet:batch_greedy_mean,30,40,0.6461965540928456,2.086579425385768,14.09778468560458,3.754701677311339,57.445838928222656,45.62717082548807,LKH,25.902697644650996
PointerNet:batch_greedy_mean,30,41,0.6387094014634689,2.16863965637286,12.232134770633042,3.4974468931826603,65.40946960449219,45.53856648756644,LKH,43.63532857880181
PointerNet:batch_greedy_mean,30,42,0.5488528350368143,2.38001801392865,6.940475668723367,2.6344782536060847,61.094669342041016,50.373675305798606,LKH,21.28292996522391
PointerNet:batch_greedy_mean,30,43,0.5963732510921546,2.0732136758983293,12.281634789048487,3.504516341672341,59.305992126464844,51.11073222071984,LKH,16.034323027019205
PointerNet:batch_greedy_mean,30,44,0.5326244996394962,2.4003940619878414,6.227658679005204,2.4955277355712164,55.414188385009766,46.23450998899463,LKH,19.854602975569996
PointerNet:batch_greedy_mean,30,45,0.715432558231987,1.8740564323800628,16.292470510403323,4.036393255172658,51.698387145996094,42.72927567792624,LKH,20.990553492352458
PointerNet:batch_greedy_mean,30,46,0.5895667752890934,2.1829354862149595,6.839810392956825,2.6153031168407277,52.29242706298828,44.18140401600513,LKH,18.35845471104733
PointerNet:batch_greedy_mean,30,47,0.6457898980627458,1.9462239495876497,10.278750097631788,3.2060489855321594,52.74815368652344,42.96833965768054,LKH,22.760511825117195
PointerNet:batch_greedy_mean,30,48,0.5235538193451551,2.535715712280545,9.55011558219245,3.090326128775481,52.3360595703125,46.3495876392661,LKH,12.915911955114845
PointerNet:batch_greedy_mean,30,49,0.6289197202797367,2.083223785201839,10.193972679328484,3.1928001314408148,54.49108123779297,45.5289075040632,LKH,19.684578930276214
PointerNet:batch_greedy_mean,30,50,0.7033530509971873,2.264998777939458,14.298532844682569,3.7813400858270563,53.59637451171875,46.97548411768145,LKH,14.09435265733689
PointerNet:batch_greedy_mean,30,51,0.5013690002184982,2.4681883007490892,19.88774354623373,4.459567641177083,53.20330047607422,47.974771530731125,LKH,10.898496810962117
PointerNet:batch_greedy_mean,30,52,0.7550483948066055,2.041832574435893,9.485848996307238,3.079910550049666,59.66790771484375,45.26287560279235,LKH,31.82526942933058
PointerNet:batch_greedy_mean,30,53,0.4660988448342929,2.629614688764715,11.108799441636382,3.3329865648748696,49.058631896972656,46.37266867840144,LKH,5.792125610019578
PointerNet:batch_greedy_mean,30,54,0.6275393280835734,2.6271374674149475,36.259861623266154,6.021616196941329,65.1337890625,47.682073220426034,LKH,36.600161577282265
PointerNet:batch_greedy_mean,30,55,0.5084891645548244,2.6055776880169224,17.054904739314814,4.1297584359517705,54.776580810546875,49.2424665612477,LKH,11.238499278698498
PointerNet:batch_greedy_mean,30,56,0.6004403382539749,2.0730562636801406,4.802136322174184,2.191377722387034,49.591514587402344,41.60146805748608,LKH,19.206164837441296
PointerNet:batch_greedy_mean,30,57,0.6833098810321341,1.9892716978506761,7.654183023409412,2.7666194214979067,51.809356689453125,42.29923231154348,LKH,22.48297157703813
PointerNet:batch_greedy_mean,30,58,0.6502071088196317,2.2468246940047027,13.127614336103404,3.6232049812429055,53.12803268432617,44.77093772155064,LKH,18.666338897683662
PointerNet:batch_greedy_mean,30,59,0.7472444580635056,2.058121968602084,12.79073782501431,3.5764141014449526,50.42460632324219,42.28767238810267,LKH,19.241858148307035
PointerNet:batch_greedy_mean,30,60,0.6518696119271529,2.1263260796996475,5.639494317929555,2.3747619497392902,57.65938186645508,42.43773468533356,LKH,35.868189699536686
PointerNet:batch_greedy_mean,30,61,0.6606903673576502,2.030594720771947,8.025998714534571,2.833019363600357,52.365447998046875,44.9110695940532,LKH,16.598087000316568
PointerNet:batch_greedy_mean,30,62,0.6433709137840197,2.053014894511382,13.550724712773672,3.6811309013363913,48.80417251586914,40.49830920591184,LKH,20.509160685515322
PointerNet:batch_greedy_mean,30,63,0.5786210699627797,2.169442852463459,5.98741952094997,2.446920415736885,54.23550033569336,45.83954223934065,LKH,18.315972817780636
PointerNet:batch_greedy_mean,30,64,0.5881745426605145,2.537257471966994,11.185950447407995,3.344540394046392,62.2381706237793,50.69429755816693,LKH,22.77154161642512
PointerNet:batch_greedy_mean,30,65,0.6661446732779344,1.9845418001197048,10.446537634252687,3.2321103994530707,52.75804901123047,40.46520118945299,LKH,30.37881305525681
PointerNet:batch_greedy_mean,30,66,0.7150879051536322,1.6928647819086498,4.2776074017278525,2.0682377527082934,63.58806610107422,51.540080685368494,LKH,23.375953734441822
PointerNet:batch_greedy_mean,30,67,0.5790257708266533,2.358177356003194,5.234515931974788,2.2879064517533902,56.08058166503906,46.77887322260828,LKH,19.884421752029834
PointerNet:batch_greedy_mean,30,68,0.5457979260453916,2.5581223192517313,10.905662791595656,3.3023722975454564,57.44508361816406,47.76781438731891,LKH,20.258974280000164
PointerNet:batch_greedy_mean,30,69,0.6564751254821507,1.9590679697597237,17.98714358264343,4.241125273160819,52.63134765625,42.31455886813577,LKH,24.381180057351624
PointerNet:batch_greedy_mean,30,70,0.8451236270103739,2.027764244848195,8.02401872064681,2.832669892636064,55.08599090576172,45.6261887697739,LKH,20.73327269064972
PointerNet:batch_greedy_mean,30,71,0.5575521133529643,2.2545206866357637,11.72526696407344,3.42421771563571,46.728004455566406,44.61410011106737,LKH,4.738197877434358
PointerNet:batch_greedy_mean,30,72,0.45567101139652855,2.488158364823471,2.366165254116574,1.5382344600601607,54.19538497924805,47.43242168409129,LKH,14.258102485678142
PointerNet:batch_greedy_mean,30,73,0.6104314915389598,2.1284153879128533,13.907183415235476,3.7292336230431418,56.1329345703125,45.50327283861529,LKH,23.36021360352919
PointerNet:batch_greedy_mean,30,74,0.6534440428134985,2.1486779504933438,4.1035797104724265,2.0257294267676587,58.35835647583008,44.47604217994231,LKH,31.2130163015008
PointerNet:batch_greedy_mean,30,75,0.6356726103151839,2.262214577222918,4.050105257180222,2.0124873309365756,59.46886444091797,43.67171133978674,LKH,36.17250759472613
PointerNet:batch_greedy_mean,30,76,0.7123191038767497,1.4057177778298697,9.020904865803113,3.003482123436581,53.530181884765625,44.8931873175123,LKH,19.238987212396335
PointerNet:batch_greedy_mean,30,77,0.6989738784002839,2.23942465242541,14.220329217203004,3.7709851785976305,59.480201721191406,47.689963092816186,LKH,24.72268348253608
PointerNet:batch_greedy_mean,30,78,0.622698786178565,2.2807396985641315,4.247762581387883,2.061010087648259,53.180267333984375,42.96198060179366,LKH,23.784487095467146
PointerNet:batch_greedy_mean,30,79,0.6025757714252298,2.027822926732447,17.140258017990934,4.140079470009113,54.82142639160156,45.09626398362271,LKH,21.565339451424773
PointerNet:batch_greedy_mean,30,80,0.5691222986536256,2.2350517767581217,5.106434372351065,2.2597421030619986,53.991703033447266,44.550571831634706,LKH,21.191941682572416
PointerNet:batch_greedy_mean,30,81,0.6643012045436384,2.2472717689705037,9.472592949577207,3.0777577795494575,51.62873840332031,42.361830591601695,LKH,21.87560755118972
PointerNet:batch_greedy_mean,30,82,0.754084732142898,1.789305031886763,10.10680817920729,3.1791206613161584,54.60957336425781,43.822087683614555,LKH,24.616548984444638
PointerNet:batch_greedy_mean,30,83,0.6387880894588307,2.1574341264620487,9.132893583873905,3.0220677662610256,53.85414123535156,45.29483997126266,LKH,18.896857278929247
PointerNet:batch_greedy_mean,30,84,0.5710464229574427,2.349664287610919,5.251566408169666,2.291629640271234,52.85911560058594,42.796851152893964,LKH,23.511693446193068
PointerNet:batch_greedy_mean,30,85,0.6419368368728707,1.8837287013027917,7.409455954525355,2.722031585879443,53.6623420715332,43.201701160415034,LKH,24.213493057312917
PointerNet:batch_greedy_mean,30,86,0.5606352561822859,2.5895747463443843,6.54965371046445,2.5592291242607508,57.79351806640625,48.619489153696925,LKH,18.869036002637124
PointerNet:batch_greedy_mean,30,87,0.6810454660483326,2.2379872293189296,4.4770501305166475,2.11590409293915,49.702674865722656,43.15772683871433,LKH,15.165182474664595
PointerNet:batch_greedy_mean,30,88,0.5893857827836958,2.2272005303265527,13.183212109065456,3.6308693324141337,53.85912322998047,50.53186739778963,LKH,6.5844703620360905
PointerNet:batch_greedy_mean,30,89,0.4931579644267913,2.5773766545884866,10.011521582783747,3.164098857934712,56.57963562011719,50.11380921236554,LKH,12.902284838000725
PointerNet:batch_greedy_mean,30,90,0.5371749344941539,2.343228837507356,9.133688145165305,3.0221992232752135,52.48522186279297,47.0338812325786,LKH,11.590241943372577
PointerNet:batch_greedy_mean,30,91,0.5587577719551822,2.2036711140494694,20.93123220011425,4.575066360186948,53.573936462402344,45.89695337386403,LKH,16.726563582562246
PointerNet:batch_greedy_mean,30,92,0.6929420485316465,2.191902511034493,10.24735274143086,3.2011486596893404,50.53356170654297,46.87274450018804,LKH,7.810119175633595
PointerNet:batch_greedy_mean,30,93,0.5574529557663481,2.289321114519684,23.63844401327557,4.8619382979708385,51.26860427856445,46.86651645969813,LKH,9.392820613522241
PointerNet:batch_greedy_mean,30,94,0.7059968767571263,2.62206273918573,15.336352460057403,3.9161655302166944,55.5632209777832,45.385878562113135,LKH,22.424028658477553
PointerNet:batch_greedy_mean,30,95,0.5516625996814886,2.3481541332404277,9.859652339478732,3.1400083343008394,60.615081787109375,46.892254132514374,LKH,29.26459371267418
PointerNet:batch_greedy_mean,30,96,0.5782308519391033,2.731656353173769,17.818131799059415,4.221152899275198,53.86859893798828,44.85389653879686,LKH,20.097924806586327
PointerNet:batch_greedy_mean,30,97,0.6937327422201633,1.8906789665473067,17.446475728979625,4.17689785953399,57.07012176513672,46.12328496796603,LKH,23.733861984838217
PointerNet:batch_greedy_mean,30,98,0.6059047266753623,2.1083519953590595,5.873169859520373,2.423462370147383,57.66032791137695,49.09661942602222,LKH,17.4425624115696
PointerNet:batch_greedy_mean,30,99,0.48381670818974576,2.331804496916296,8.41465031386041,2.9008016674465025,52.245330810546875,48.354232574572976,LKH,8.047068537325995
PointerNet:batch_greedy_mean,30,100,0.5625961747437638,2.2373362524019824,3.2768628748718585,1.8102107266481045,54.608856201171875,47.110814035682615,LKH,15.915755902265033
PointerNet:batch_greedy_mean,30,101,0.653351486720688,1.9943371352952373,8.169970003179158,2.858315938306883,54.03159713745117,44.831329813174044,LKH,20.52195944804108
PointerNet:batch_greedy_mean,30,102,0.7359319429970734,1.771483922735507,16.707148769965592,4.08743792246018,61.852901458740234,43.5066399728025,LKH,42.16887697465631
PointerNet:batch_greedy_mean,30,103,0.6490486488134289,1.9040949184074114,9.566303605194639,3.092944164577602,55.146583557128906,46.514725902676865,LKH,18.55725791550948
PointerNet:batch_greedy_mean,30,104,0.715142729904619,1.9442269479103926,21.078360746988782,4.591117592372121,42.96039962768555,39.724122878182946,LKH,8.146880321126007
PointerNet:batch_greedy_mean,30,105,0.527719609338601,2.608011307114017,7.330552160296946,2.7074992447454065,48.23033142089844,42.688080359544074,LKH,12.983134904812472
PointerNet:batch_greedy_mean,30,106,0.5707578884748121,2.256742798330036,8.286965765061193,2.8787090448777892,54.81486892700195,45.890248436668735,LKH,19.447749346246674
PointerNet:batch_greedy_mean,30,107,0.4951653526749093,2.517913076346389,19.777014272819454,4.447135513206164,60.51621627807617,48.30425162489515,LKH,25.281345310993686
PointerNet:batch_greedy_mean,30,108,0.5801058164716475,2.4403859191079182,17.200980896174848,4.147406526514473,53.29252243041992,48.0836871598734,LKH,10.832853256921982
PointerNet:batch_greedy_mean,30,109,0.7408310685311638,2.0937627220226718,6.661024070916583,2.5808959821962185,52.56969451904297,43.99452656585107,LKH,19.491442737442753
PointerNet:batch_greedy_mean,30,110,0.43663694118537627,2.8224220309870223,9.712828428537161,3.11654110008791,53.11446762084961,48.331075680842545,LKH,9.897135275023691
PointerNet:batch_greedy_mean,30,111,0.6441374190015874,2.1675200196763114,12.541833610572498,3.5414451302501493,54.78269577026367,47.7173316405813,LKH,14.80670416128973
PointerNet:batch_greedy_mean,30,112,0.6381475682059924,1.7846449134643154,6.550927357693249,2.559477946318985,53.16602325439453,44.10183754505437,LKH,20.552852701614075
PointerNet:batch_greedy_mean,30,113,0.6977787618447716,2.196360290354656,10.711418603654428,3.2728303658537556,54.6910514831543,45.657886818822384,LKH,19.78445629815703
PointerNet:batch_greedy_mean,30,114,0.7407533697851856,2.107015285503607,5.539948572146154,2.3537095343619088,53.6179084777832,42.52069927038718,LKH,26.098369494888534
PointerNet:batch_greedy_mean,30,115,0.5878654511490216,2.154060152785798,6.952961200823503,2.636846829230606,53.373714447021484,43.57645963942087,LKH,22.48290680029834
PointerNet:batch_greedy_mean,30,116,0.6392112950129861,2.291778955805676,10.215864147641751,3.196226548234926,55.42867660522461,45.333373730394726,LKH,22.269030614990985
PointerNet:batch_greedy_mean,30,117,0.594754208996892,2.1207519413821765,8.719545760265209,2.9528876985529284,61.79127502441406,49.77383975416165,LKH,24.14407915806339
PointerNet:batch_greedy_mean,30,118,0.6689424349771191,2.265795608072787,7.058171722093014,2.656721988107339,60.7965202331543,48.53524935136379,LKH,25.26261025883857
PointerNet:batch_greedy_mean,30,119,0.7543061416588899,1.9383917359487215,3.3178781191964637,1.8215043560739743,55.99710464477539,42.03754838216375,LKH,33.2073510465101
PointerNet:batch_greedy_mean,30,120,0.5797085782124971,2.2277650364284507,14.929070705607907,3.863815563094065,56.223968505859375,49.29632381145428,LKH,14.053065540752186
PointerNet:batch_greedy_mean,30,121,0.6691486898809671,1.890699881677311,30.75975949276808,5.54614816722093,52.75691223144531,43.35416246795491,LKH,21.688228368937857
PointerNet:batch_greedy_mean,30,122,0.6537158641653756,2.1737373460718388,5.64859844466195,2.3766780271340813,51.28256607055664,43.3344582358991,LKH,18.341311183332564
PointerNet:batch_greedy_mean,30,123,0.7180149025651796,2.1657865015653894,10.437829827266512,3.2307630410270747,59.11547088623047,42.5590143039798,LKH,38.902349720779206
PointerNet:batch_greedy_mean,30,124,0.6361440608433138,2.0520348133651574,8.06747483155228,2.8403300567983787,59.21357727050781,48.0526219775155,LKH,23.2265271564467
PointerNet:batch_greedy_mean,30,125,0.5410408198523025,2.04837120916458,9.8869426138543,3.1443509050127183,56.403541564941406,44.670735111247396,LKH,26.26508479091465
PointerNet:batch_greedy_mean,30,126,0.6631588629757365,2.3071532653800713,6.131716156385361,2.4762302308923863,53.2419548034668,46.109299441729696,LKH,15.469016983766895
PointerNet:batch_greedy_mean,30,127,0.6779054417014474,2.2741168558189453,14.948983660281272,3.866391555479252,57.05866241455078,49.57694626600144,LKH,15.091119385221397
PointerNet:batch_greedy_mean,30,128,0.6156120137156298,2.013464279280424,21.798868638625077,4.668925854907644,61.7180061340332,48.13957078255091,LKH,28.20639056550136
PointerNet:batch_greedy_mean,30,129,0.6248199476860463,2.0345159040657874,3.840525417085187,1.959725852532743,54.30018997192383,45.559284852409945,LKH,19.185782103099708
PointerNet:batch_greedy_mean,30,130,0.6144198919724052,2.3311872204611443,7.9275380440754954,2.815588401040801,50.496150970458984,43.808535408866824,LKH,15.265553845104327
PointerNet:batch_greedy_mean,30,131,0.7664278680487768,1.746241002860518,22.66231079503268,4.760494805693278,52.42011260986328,41.39417481697032,LKH,26.636447861675144
PointerNet:batch_greedy_mean,30,132,0.6125429172321067,2.1614082454954997,5.580469800158129,2.362301801243467,55.78445816040039,45.02172333783792,LKH,23.905648261840458
PointerNet:batch_greedy_mean,30,133,0.7413944952831419,1.9480287537129661,10.125064804128614,3.1819906983095683,52.45014190673828,41.50484324424256,LKH,26.371136009564438
PointerNet:batch_greedy_mean,30,134,0.7602250302482086,2.007814307022129,4.849023004596022,2.2020497280025313,56.61891174316406,43.22947398376483,LKH,30.97293703927035
PointerNet:batch_greedy_mean,30,135,0.5933692304960763,2.0258796741430487,8.827321804292282,2.971080915137163,54.30955123901367,47.35513721402756,LKH,14.685659115619826
PointerNet:batch_greedy_mean,30,136,0.514686506233799,2.4567386044205173,12.370145371379081,3.5171217453166275,53.09989547729492,47.17138619117253,LKH,12.56802007491531
PointerNet:batch_greedy_mean,30,137,0.7007495375641156,1.9409837522991977,2.0487919887251325,1.4313601883261713,62.694305419921875,47.654054498036786,LKH,31.561324802918307
PointerNet:batch_greedy_mean,30,138,0.693428550940007,1.7493410408176087,9.21928332623651,3.036327275877307,57.21753692626953,42.82913334418232,LKH,33.59489781513793
PointerNet:batch_greedy_mean,30,139,0.6832693085384866,2.0270740864864436,17.850732882179233,4.225012767102513,45.49327850341797,40.69453037931341,LKH,11.792120659399336
PointerNet:batch_greedy_mean,30,140,0.6900958700105548,1.780566154489152,5.922781354337291,2.433676509796914,53.528961181640625,38.93152404027391,LKH,37.49515977403287
PointerNet:batch_greedy_mean,30,141,0.5288573346449994,2.4820009086967247,18.764240938174034,4.331771108700694,55.773990631103516,47.042283890929575,LKH,18.56140054853404
PointerNet:batch_greedy_mean,30,142,0.5998351717484184,2.392573756222886,14.577840059880783,3.818093773060162,47.32653045654297,44.51383504963584,LKH,6.3186993521694825
PointerNet:batch_greedy_mean,30,143,0.5080905752411733,2.6277309995959133,10.400057530250475,3.2249120189937703,56.109642028808594,48.898620492078145,LKH,14.746881331547328
PointerNet:batch_greedy_mean,30,144,0.5032347783562727,2.384325066200009,18.738251842117744,4.328770245937955,48.192195892333984,41.78637720466413,LKH,15.329921175733919
PointerNet:batch_greedy_mean,30,145,0.4911223545554094,2.666514686248838,13.827624590039232,3.7185514101648818,50.13106918334961,45.73523443952295,LKH,9.611484007236049
PointerNet:batch_greedy_mean,30,146,0.519041446087067,2.587104490482645,18.132184237195737,4.258190253757544,53.48906707763672,47.35854608201167,LKH,12.94490963681341
PointerNet:batch_greedy_mean,30,147,0.5677751957682631,2.449078029988446,22.235256792708302,4.715427530214869,48.255435943603516,46.359811093345265,LKH,4.088939979590122
PointerNet:batch_greedy_mean,30,148,0.6516021446906961,2.1838864169535213,4.423683482773731,2.1032554487683446,52.09772491455078,44.285128988812005,LKH,17.641578796603515
PointerNet:batch_greedy_mean,30,149,0.6103377520417174,2.0094311134634717,5.3723347052444455,2.3178297403485972,49.42487716674805,40.491566475724035,LKH,22.062151377570963
PointerNet:batch_greedy_mean,30,150,0.5575179106245438,2.2246805432061896,7.829741852120301,2.7981675882835004,50.517601013183594,44.39837298481676,LKH,13.782550163402322
PointerNet:batch_greedy_mean,30,151,0.6512444569341975,2.101449553775417,15.276019210848148,3.9084548367415155,58.326202392578125,44.9722120823218,LKH,29.693870263290123
PointerNet:batch_greedy_mean,30,152,0.5761051377436767,2.193210914608718,12.523444156544377,3.538847857219123,51.74432373046875,43.557778671505105,LKH,18.79467986809706
PointerNet:batch_greedy_mean,30,153,0.7463036290292318,1.955146842306154,10.004069791653539,3.162921085271262,55.875221252441406,44.991646854203395,LKH,24.19021120410755
PointerNet:batch_greedy_mean,30,154,0.558721284296674,2.1948701033862426,9.59015227467522,3.0967970993714165,52.42287826538086,45.94716157985873,LKH,14.093834010327216
PointerNet:batch_greedy_mean,30,155,0.5954208949580788,1.9926132708715163,12.743614932661858,3.569820014042985,61.227294921875,48.8474515144029,LKH,25.34388800984192
PointerNet:batch_greedy_mean,30,156,0.6223977891284449,2.5488593346928226,15.132552081036707,3.890058107668407,56.096073150634766,49.0971283006307,LKH,14.255303909320816
PointerNet:batch_greedy_mean,30,157,0.603594854613766,2.46196036586854,6.140093444113018,2.477921194088508,45.26212692260742,41.759560550582016,LKH,8.387459843555728
PointerNet:batch_greedy_mean,30,158,0.5749669355068666,2.3208575945158634,7.058244842671518,2.656735749500036,54.06185531616211,47.03186188998944,LKH,14.9472998594363
PointerNet:batch_greedy_mean,30,159,0.6633433491922915,2.016111459872351,27.018490994343264,5.197931414932604,60.05533981323242,50.41681660036497,LKH,19.11767513857208
PointerNet:batch_greedy_mean,30,160,0.5629486027096088,2.337354458877266,9.952778163860208,3.15480239695931,45.292388916015625,40.58760691199045,LKH,11.591671354822555
PointerNet:batch_greedy_mean,30,161,0.5445183803560212,2.231224792518025,6.818120667966283,2.6111531299344133,46.748199462890625,38.73733008015838,LKH,20.67997295155736
PointerNet:batch_greedy_mean,30,162,0.7278539878471444,1.9623745827955787,6.395617043458101,2.5289557219251786,54.027099609375,45.53373093885041,LKH,18.65291619070436
PointerNet:batch_greedy_mean,30,163,0.7201236312044784,1.6986449374716672,2.514389267610938,1.5856825872825047,58.52562713623047,45.56031462188556,LKH,28.457469229408773
PointerNet:batch_greedy_mean,30,164,0.5993921658179412,2.2802775143544287,6.683300082758576,2.585207938011675,54.56712341308594,41.955527996383495,LKH,30.059436786946275
PointerNet:batch_greedy_mean,30,165,0.5357734810638551,2.4746183389791483,8.358147400724096,2.8910460737809243,57.799617767333984,49.528174929151696,LKH,16.700479777448482
PointerNet:batch_greedy_mean,30,166,0.5761940715679278,2.2448930592453262,6.6779744038342725,2.584177703609849,48.622459411621094,42.53847510664385,LKH,14.302309355764892
PointerNet:batch_greedy_mean,30,167,0.58466273957553,1.9351084366004863,7.208842611384492,2.6849287907474366,54.714778900146484,47.16680995385634,LKH,16.002712402374435
PointerNet:batch_greedy_mean,30,168,0.5830726061945218,2.305028005089265,4.919441810623561,2.217981472110072,46.51592254638672,42.18992406116286,LKH,10.253629466012887
PointerNet:batch_greedy_mean,30,169,0.5496002473334859,2.222343227815631,13.972521898130049,3.7379836674509495,53.9540901184082,46.290604717313485,LKH,16.555163726838163
PointerNet:batch_greedy_mean,30,170,0.5473533941573502,2.6011627886854405,4.314710673401501,2.0771881651409196,51.733795166015625,45.74826153998501,LKH,13.083630775344599
PointerNet:batch_greedy_mean,30,171,0.48670980728735835,2.69494451005183,6.600049099604222,2.569056071712765,53.031307220458984,44.79225851014223,LKH,18.393912216887205
PointerNet:batch_greedy_mean,30,172,0.561934833216704,2.39415612970752,17.04239268298162,4.128243292610263,50.9570198059082,43.214353846250454,LKH,17.916884716603374
PointerNet:batch_greedy_mean,30,173,0.5243684323815008,2.3307455051856314,7.0389149257711,2.6530953480361577,55.157371520996094,45.879529138001345,LKH,20.22218308973456
PointerNet:batch_greedy_mean,30,174,0.701058674355348,1.908986642039413,15.35509500953044,3.9185577716208857,43.991477966308594,38.28559312691859,LKH,14.903477714122692
PointerNet:batch_greedy_mean,30,175,0.7371808218653314,2.488485166970224,7.390416459356136,2.718532041259793,58.50607681274414,44.55288810018133,LKH,31.318258608034043
PointerNet:batch_greedy_mean,30,176,0.6456178480448822,2.6408208369790755,20.472026206732192,4.524602325810766,54.285099029541016,46.91273726150471,LKH,15.715053519347425
PointerNet:batch_greedy_mean,30,177,0.6833573763103534,1.9949860925534257,9.171906670545468,3.0285155886251385,55.75775909423828,49.31059711408775,LKH,13.07459726199222
PointerNet:batch_greedy_mean,30,178,0.624767456614912,2.4990721473618547,7.813014679727212,2.7951770390669735,55.40880584716797,43.45865367565178,LKH,27.497750530204296
PointerNet:batch_greedy_mean,30,179,0.657652917279241,2.216534493116837,5.681277917203033,2.3835431435581427,64.19703674316406,49.32717302792246,LKH,30.145379924416645
PointerNet:batch_greedy_mean,30,180,0.5907778874893362,2.410472528812254,6.242126065601964,2.4984247168169715,51.64329147338867,44.74075128614931,LKH,15.427859364928064
PointerNet:batch_greedy_mean,30,181,0.7020893434489456,1.9918394111630646,12.228936447067571,3.496989626388327,54.091800689697266,46.27752130528547,LKH,16.88569129029672
PointerNet:batch_greedy_mean,30,182,0.5822771716106218,2.275040030478407,6.209743759329483,2.491935745425528,61.13193893432617,50.93855669628251,LKH,20.011132821883766
PointerNet:batch_greedy_mean,30,183,0.5192049254120017,2.2849013078690783,3.942375833197019,1.9855416976727078,53.23313522338867,46.48926710795583,LKH,14.50629045145507
PointerNet:batch_greedy_mean,30,184,0.5997558453129993,2.490426183492915,3.798716091548965,1.9490295255713714,45.36213684082031,40.47884447425247,LKH,12.063813653756785
PointerNet:batch_greedy_mean,30,185,0.6067041848941396,2.356145227012866,13.509181507857205,3.675483846768641,59.81245422363281,44.73802840424519,LKH,33.694881864658136
PointerNet:batch_greedy_mean,30,186,0.4589585126688083,2.2694979911082735,12.64605779943366,3.5561296094818675,50.12571334838867,46.7087966525473,LKH,7.315360147808536
PointerNet:batch_greedy_mean,30,187,0.6732077278352032,1.8510917886562401,4.658557322058174,2.1583691348002025,56.05572509765625,45.479990347005995,LKH,23.253599374051912
PointerNet:batch_greedy_mean,30,188,0.7372272869387719,1.8364866852366437,12.454054340380006,3.529030226617506,55.03000259399414,45.43977485924403,LKH,21.10535926829999
PointerNet:batch_greedy_mean,30,189,0.5702857539057732,2.048027027702756,9.079453639836627,3.0132131753058276,50.763397216796875,44.64226587440011,LKH,13.71151580795297
PointerNet:batch_greedy_mean,30,190,0.6559074775665067,2.2263785359559196,12.085800073851464,3.4764637311284385,59.21715545654297,48.951032784273586,LKH,20.97222895686802
PointerNet:batch_greedy_mean,30,191,0.5480476554793616,2.3518991288737836,26.67284876069875,5.164576338936113,55.26613998413086,47.28590336103005,LKH,16.87656585974753
PointerNet:batch_greedy_mean,30,192,0.6877824043331202,2.2447600347755583,2.6187737712803134,1.6182625779768602,51.74818801879883,47.21466965003164,LKH,9.601927541526603
PointerNet:batch_greedy_mean,30,193,0.6353005186654628,1.7681910103688843,9.46586242325118,3.076664171347139,64.17530822753906,49.63216515823059,LKH,29.301850972940592
PointerNet:batch_greedy_mean,30,194,0.5678111380897463,2.1364462402484983,16.683179014141558,4.08450474527103,57.17665100097656,48.09052602705293,LKH,18.893794109909106
PointerNet:batch_greedy_mean,30,195,0.6579981814449032,2.2898721267921758,29.40375739973158,5.422523158063189,53.19308090209961,44.3031077472466,LKH,20.06625179788999
PointerNet:batch_greedy_mean,30,196,0.649227577331476,2.2227980943880965,8.236978819183095,2.8700137315321497,53.85591506958008,44.40244131800575,LKH,21.29043690158727
PointerNet:batch_greedy_mean,30,197,0.5631855412483371,2.135545697569394,6.866377112823748,2.6203772844427857,47.444984436035156,45.65168806808043,LKH,3.9282148017842813
PointerNet:batch_greedy_mean,30,198,0.6407492244878086,2.186752190902511,17.67931768553351,4.204678071569036,54.8129768371582,46.555619372174036,LKH,17.736543034629953
PointerNet:batch_greedy_mean,30,199,0.606475467265894,2.2265911039975794,8.604400844204012,2.933325901464754,61.57862091064453,47.16491024871814,LKH,30.560241895760072
PointerNet:batch_greedy_mean,30,200,0.5484878366114572,2.468703193738632,9.714781760891972,3.1168544657862953,54.41154098510742,46.57637825084341,LKH,16.822181175330286
PointerNet:batch_greedy_mean,30,201,0.6088698638913532,2.1229445544966823,14.132195726144557,3.7592812778700875,51.38150405883789,43.48657857516413,LKH,18.154855457363286
PointerNet:batch_greedy_mean,30,202,0.6621413780065875,2.096183562840666,18.315312129472414,4.279639252258584,51.44970703125,43.769629719896905,LKH,17.546589634186162
PointerNet:batch_greedy_mean,30,203,0.5604990667469489,2.597237562394148,22.020876723529803,4.692640698320062,55.770904541015625,50.064362533371394,LKH,11.398411402602845
PointerNet:batch_greedy_mean,30,204,0.6470707022274534,1.9324064756490407,5.201986123302662,2.2807862949655457,53.57482147216797,44.120231933095404,LKH,21.429147411123424
PointerNet:batch_greedy_mean,30,205,0.7015717273392511,2.238275056338116,10.903536828842137,3.302050397683557,58.036197662353516,46.99823759464661,LKH,23.485902094686626
PointerNet:batch_greedy_mean,30,206,0.5929907681653276,2.5614306214830687,7.500042033168351,2.738620461686568,52.31330108642578,44.64896423556998,LKH,17.1657662883699
PointerNet:batch_greedy_mean,30,207,0.5924797053184496,2.6873473724753203,17.70094646020647,4.207249274788276,58.61932373046875,48.148525281617886,LKH,21.74687259393259
PointerNet:batch_greedy_mean,30,208,0.6650056208794316,1.7311119301407722,6.306312385839634,2.511237222135662,65.73961639404297,49.94802649719322,LKH,31.616043724444538
PointerNet:batch_greedy_mean,30,209,0.6477404915470591,1.9543236277084246,9.537017016592685,3.0882061162740877,54.37077331542969,43.67737583254369,LKH,24.482692192598318
PointerNet:batch_greedy_mean,30,210,0.6879645049921237,2.1505020879243966,12.992383448206738,3.6044948950174334,62.07286834716797,44.894827197760996,LKH,38.26285169500258
PointerNet:batch_greedy_mean,30,211,0.670695490265886,1.8723626190962472,14.170294708397265,3.764345189856699,52.64751052856445,45.74095434582225,LKH,15.099283085625014
PointerNet:batch_greedy_mean,30,212,0.5907181313261389,2.0851061586460102,12.169406918202785,3.4884677034770992,57.22999572753906,48.42006080949429,LKH,18.194803498299837
PointerNet:batch_greedy_mean,30,213,0.6462563064880669,2.186372492626282,8.39712751257749,2.8977797557056486,50.818111419677734,46.99917283231498,LKH,8.125544253700106
PointerNet:batch_greedy_mean,30,214,0.6800828739341038,1.8838261489779318,9.170937661261592,3.0283556035019386,57.94363021850586,46.958830463070164,LKH,23.392404894058153
PointerNet:batch_greedy_mean,30,215,0.5893970044133312,2.7098004261749313,17.79378382371049,4.218267870075405,61.52432632446289,48.31161274992133,LKH,27.348939152446476
PointerNet:batch_greedy_mean,30,216,0.6014810504081348,2.215694860637996,12.823997735274393,3.5810609789941292,51.80164337158203,43.88863968868541,LKH,18.029731017014438
PointerNet:batch_greedy_mean,30,217,0.5204573433419379,2.3941790970873433,5.54267004761344,2.3542875881279755,51.54124069213867,48.27908129575851,LKH,6.756879602567656
PointerNet:batch_greedy_mean,30,218,0.5467343613505363,2.1759002448127194,5.374267913571294,2.3182467326777996,53.44995880126953,47.96503076323028,LKH,11.435264297263757
PointerNet:batch_greedy_mean,30,219,0.5735292321071028,2.1997968134116457,13.93452772426811,3.732898032932069,59.76530838012695,47.570544867080095,LKH,25.635114222721285
PointerNet:batch_greedy_mean,30,220,0.7645816967939026,1.9370178531976352,24.35574959602364,4.935154465264855,57.62963104248047,42.36660431889918,LKH,36.02607990174152
PointerNet:batch_greedy_mean,30,221,0.49133761587242286,2.3711818922176713,15.546195879112446,3.9428664546383567,54.357723236083984,46.219753175502646,LKH,17.60712574487442
PointerNet:batch_greedy_mean,30,222,0.5447048307706912,2.3735861533009954,5.581927042790953,2.3626102181254853,53.222774505615234,47.5960419135514,LKH,11.821849813233746
PointerNet:batch_greedy_mean,30,223,0.6509721039030409,1.9034620002522193,3.8118027653386592,1.9523838673116154,56.276023864746094,47.75837286972524,LKH,17.834885242542086
PointerNet:batch_greedy_mean,30,224,0.6237791758030653,1.717938627865671,7.124997456136392,2.669269086498473,54.74907684326172,42.911133877583616,LKH,27.587112937750025
PointerNet:batch_greedy_mean,30,225,0.6648692882925389,1.9904572691567075,25.259353962904225,5.025868478472574,57.47166442871094,45.234755819071836,LKH,27.052005450374928
PointerNet:batch_greedy_mean,30,226,0.6194631125915748,2.540951485231593,4.423134743434718,2.10312499472445,54.831687927246094,47.186976986598225,LKH,16.200891493470913
PointerNet:batch_greedy_mean,30,227,0.5908967190111677,2.4250137708994344,15.360557732007534,3.9192547419129995,57.34286880493164,50.77819323638068,LKH,12.928139325460709
PointerNet:batch_greedy_mean,30,228,0.6411325783966959,2.681790096348836,9.933994338840952,3.1518239701545756,60.17816925048828,48.88939606004398,LKH,23.090432895877644
PointerNet:batch_greedy_mean,30,229,0.6734281149464854,1.9944315277487101,4.814302977822217,2.1941519951503397,52.23029327392578,44.159973272717565,LKH,18.275192222985638
PointerNet:batch_greedy_mean,30,230,0.5556476064307693,2.277397174824435,6.4424540244676844,2.5381989725921184,46.161739349365234,42.860516907036946,LKH,7.7022459843135636
PointerNet:batch_greedy_mean,30,231,0.642589006984296,2.151977167861492,18.130291521879467,4.257968003858116,54.60240173339844,48.89244778218404,LKH,11.678601113718527
PointerNet:batch_greedy_mean,30,232,0.6301959383495462,2.256666811801868,8.749511449163837,2.957957310233506,57.46745300292969,48.45259449529424,LKH,18.60552278270873
PointerNet:batch_greedy_mean,30,233,0.6647752697996717,2.2342630265068606,3.6127444501172645,1.9007220865021968,52.544586181640625,43.00753374995037,LKH,22.17530651057447
PointerNet:batch_greedy_mean,30,234,0.5312090259045362,2.3798863539715915,15.378760012890544,3.9215762153616933,56.40007781982422,49.52757614876266,LKH,13.876111462469076
PointerNet:batch_greedy_mean,30,235,0.6308204456319799,2.3683516644475358,13.240386333174476,3.6387341663241184,55.56148910522461,45.692533446545546,LKH,21.598617792170543
PointerNet:batch_greedy_mean,30,236,0.6359804288561767,2.4856616353307657,9.749203899958347,3.1223715185669927,52.982421875,43.25676478977598,LKH,22.483551723042275
PointerNet:batch_greedy_mean,30,237,0.5810445740957221,2.278008042029029,14.934700185902892,3.864543981623562,60.31642532348633,48.723936858090624,LKH,23.7921834993733
PointerNet:batch_greedy_mean,30,238,0.6869185735544306,2.2273351338225997,13.6481111642456,3.6943350097474377,54.351776123046875,41.30598083125481,LKH,31.583308347252135
PointerNet:batch_greedy_mean,30,239,0.5622298702287177,2.329719103192803,7.803975151163519,2.7935595843231122,44.18913269042969,42.71995862398639,LKH,3.439081201774345
PointerNet:batch_greedy_mean,30,240,0.5172576027611892,2.0990229659723405,3.5729843849044154,1.89023394978093,54.407447814941406,47.619344370967426,LKH,14.254928398620612
PointerNet:batch_greedy_mean,30,241,0.4603451859826843,2.4002688986819902,14.380347906113425,3.7921429174166716,49.8229866027832,44.526590063121795,LKH,11.894907137854323
PointerNet:batch_greedy_mean,30,242,0.5720390978152864,2.0491147420164157,3.3239772649854964,1.8231777930266417,48.70710754394531,38.04874322756301,LKH,28.012395186449275
PointerNet:batch_greedy_mean,30,243,0.5265755748997132,2.1819289933039383,8.54493848627857,2.9231726747283626,47.94175720214844,44.15369286905862,LKH,8.579269562624434
PointerNet:batch_greedy_mean,30,244,0.6153964756289497,2.472195064707856,11.555967537315976,3.3994069390580433,49.7900276184082,44.15631100601803,LKH,12.758576257926887
PointerNet:batch_greedy_mean,30,245,0.6281813855042856,2.8168283884570946,11.002364921726988,3.316981296559718,61.423126220703125,49.9026609626879,LKH,23.085873650363162
PointerNet:batch_greedy_mean,30,246,0.6089669321042795,2.0432658334750844,21.407122874704083,4.626783210255705,57.522865295410156,47.61711776971397,LKH,20.802912880200743
PointerNet:batch_greedy_mean,30,247,0.7346677878687236,2.2603750331669974,6.663995755423601,2.581471625918751,49.145469665527344,42.24317869106184,LKH,16.339421389058355
PointerNet:batch_greedy_mean,30,248,0.5571498832975824,2.31340934376415,14.009971604007717,3.7429896612210563,50.673561096191406,48.33144705574864,LKH,4.845942306964695
PointerNet:batch_greedy_mean,30,249,0.5370332458548849,2.829603720553899,9.725416945281905,3.1185600756249516,51.69014358520508,47.27076239123599,LKH,9.349079579872486
PointerNet:batch_greedy_mean,30,250,0.6239248948171735,2.0543610917408826,5.815766338801142,2.41159000221869,50.46549606323242,44.15569676062459,LKH,14.289887297700915
PointerNet:batch_greedy_mean,30,251,0.634751264025302,2.4865553025941907,15.191968578671865,3.8976875937755535,54.22488784790039,45.76819051141284,LKH,18.477237666581495
PointerNet:batch_greedy_mean,30,252,0.4974799382810791,2.274085475503922,10.396528621830303,3.22436484006235,56.776729583740234,48.86439039514797,LKH,16.192444282243464
PointerNet:batch_greedy_mean,30,253,0.6071327341545839,2.0959559206730756,13.381842062508142,3.6581200175101065,57.255470275878906,47.10676527663824,LKH,21.54404986129186
PointerNet:batch_greedy_mean,30,254,0.5532422138557498,2.53985170109574,14.924677018675373,3.86324695284619,46.96563720703125,43.954616121153336,LKH,6.8502954901905015
PointerNet:batch_greedy_mean,30,255,0.5910273979282162,2.2774402504311193,15.679999212256169,3.9597978751769856,53.19451904296875,47.172604523833435,LKH,12.765702847916335
PointerNet:batch_greedy_mean,30,256,0.5893689014754879,2.1295744658982683,20.42786054994505,4.519719078653567,52.92395782470703,45.982554690950124,LKH,15.095731806138756
PointerNet:batch_greedy_mean,30,257,0.5080476266642412,2.22481189014597,4.500041725505429,2.1213301783327903,54.0702018737793,45.70349576815293,LKH,18.306490488319373
PointerNet:batch_greedy_mean,30,258,0.5174758477136493,2.238886146901647,31.198935239438942,5.5856007053350085,52.3018798828125,45.02771184383943,LKH,16.15486939287657
PointerNet:batch_greedy_mean,30,259,0.5563536625355482,2.195522153400501,5.180673009913916,2.276109182335926,58.20512008666992,46.981753048749255,LKH,23.88877874836868
PointerNet:batch_greedy_mean,30,260,0.5330946327148316,2.3844766868748626,11.336828936791193,3.3670207805701455,54.8498649597168,48.497248449218944,LKH,13.098921513350648
PointerNet:batch_greedy_mean,30,261,0.6742465467657894,1.9314381612164777,9.263513576749117,3.0436020726680284,56.6034049987793,43.95983738032164,LKH,28.761634191389156
PointerNet:batch_greedy_mean,30,262,0.4904888721750467,2.5034370842107916,21.309152382875048,4.6161837466542694,47.542598724365234,47.04685511454344,LKH,1.0537231630357082
PointerNet:batch_greedy_mean,30,263,0.49483466769258183,2.151864065325248,16.049886271674357,4.006230930896814,51.22638702392578,48.37102029059379,LKH,5.903052522312093
PointerNet:batch_greedy_mean,30,264,0.6901210884543313,2.2467096289192146,7.832943596247572,2.798739644241238,57.77996826171875,47.90793615286855,LKH,20.60625629405056
PointerNet:batch_greedy_mean,30,265,0.5927986217604484,2.445271450974333,10.358446877563269,3.218454113011908,58.66992950439453,46.36596185182653,LKH,26.53663843292684
PointerNet:batch_greedy_mean,30,266,0.5472616850864143,2.2886905204255044,6.846022256520617,2.6164904464799057,50.802276611328125,44.19602514846891,LKH,14.9476144985135
PointerNet:batch_greedy_mean,30,267,0.609852287452668,1.766980055530198,14.61461838511495,3.822907059439838,58.6037712097168,44.77465863412246,LKH,30.886025706191013
PointerNet:batch_greedy_mean,30,268,0.5601489090839096,2.5646716401290974,8.14768285036545,2.854414624816348,52.88357925415039,47.78122641244719,LKH,10.678572369950762
PointerNet:batch_greedy_mean,30,269,0.5511563387791587,2.222052476329742,13.085671916775608,3.6174123233017834,50.51785659790039,46.868972097444946,LKH,7.785288085407709
PointerNet:batch_greedy_mean,30,270,0.6114418875671012,2.2486415615422515,4.617720326771821,2.1488881606011563,60.77559280395508,45.96988267673394,LKH,32.20741334350748
PointerNet:batch_greedy_mean,30,271,0.6560598453041167,2.022860614890352,3.665051838933901,1.9144325109373537,51.29124450683594,39.46491042131947,LKH,29.96670702976617
PointerNet:batch_greedy_mean,30,272,0.6684890699451443,2.1892936084143337,10.651946408175181,3.263731975541984,54.88193893432617,45.826984042300126,LKH,19.759002433299916
PointerNet:batch_greedy_mean,30,273,0.5736550139573713,2.151974183799171,3.8944998701311104,1.9734487249815007,56.16847229003906,44.33968714290253,LKH,26.677646842688592
PointerNet:batch_greedy_mean,30,274,0.5981793339674671,2.215940832656869,10.420580698453218,3.2280924240878264,55.967750549316406,51.31847384582329,LKH,9.059655042472604
PointerNet:batch_greedy_mean,30,275,0.5866002116682163,2.4894240467526854,17.3300127642372,4.1629331923821695,58.83271789550781,48.22516481976184,LKH,21.995887656145833
PointerNet:batch_greedy_mean,30,276,0.625234930003838,2.135321055451915,13.649017227212104,3.6944576364078263,59.58149719238281,47.31213319733835,LKH,25.9328065886801
PointerNet:batch_greedy_mean,30,277,0.5244539410186311,2.2929600500864287,16.421452267329066,4.052339110603784,53.270355224609375,46.06483074185349,LKH,15.642138192443422
PointerNet:batch_greedy_mean,30,278,0.637282899186054,2.3748524696011466,15.621648422220789,3.9524231076923924,54.344017028808594,44.647365975169656,LKH,21.718304858189548
PointerNet:batch_greedy_mean,30,279,0.6565165287504594,1.8282545479141876,27.676945672793448,5.26088829693175,56.866233825683594,44.90208164235611,LKH,26.64498336318044
PointerNet:batch_greedy_mean,30,280,0.6087884475787481,2.0731789177694178,17.776753812822488,4.216248784502937,52.833030700683594,42.397722760626536,LKH,24.612897251519385
PointerNet:batch_greedy_mean,30,281,0.5118474657492091,2.45197044318841,5.1327566679865475,2.2655587981746463,51.19700241088867,45.20527574440034,LKH,13.254485384331582
PointerNet:batch_greedy_mean,30,282,0.6004120001569391,2.05712812091437,7.052781972315988,2.6557074334941317,51.64714431762695,45.664462017685835,LKH,13.101396656384622
PointerNet:batch_greedy_mean,30,283,0.5456079907802632,2.4239055549911552,11.977479560202378,3.4608495431327806,54.679962158203125,46.77842823394539,LKH,16.891405339104317
PointerNet:batch_greedy_mean,30,284,0.5942926303706675,2.131146682541407,14.46422716690491,3.8031864491377374,55.19658660888672,46.60624903362905,LKH,18.431729120829388
PointerNet:batch_greedy_mean,30,285,0.6230988396952549,2.259594408039345,5.669037324077455,2.3809740284340473,53.17432403564453,44.519372509831285,LKH,19.44086593741176
PointerNet:batch_greedy_mean,30,286,0.7154527815679709,1.9264183322270418,18.363222771984844,4.285233105909741,58.630611419677734,48.8576660807786,LKH,20.00289027875601
PointerNet:batch_greedy_mean,30,287,0.5582114492853483,2.0900223169265955,11.17130556286872,3.342350305229648,49.09686279296875,45.234955301809975,LKH,8.537440714579967
PointerNet:batch_greedy_mean,30,288,0.6041951989109899,2.3488795059268766,17.522142983212337,4.1859458887105,53.42158889770508,48.530282070181904,LKH,10.078875742880758
PointerNet:batch_greedy_mean,30,289,0.6558794856746317,1.9986431011906312,17.222329927577764,4.149979509296132,47.155696868896484,37.97819071521581,LKH,24.165201082114066
PointerNet:batch_greedy_mean,30,290,0.6498705183830017,2.3221570868624815,10.314766038222382,3.2116609469591246,48.240478515625,41.07955586219493,LKH,17.431840493728874
PointerNet:batch_greedy_mean,30,291,0.6150013629468352,2.686882080295475,17.445984710073287,4.176839081180084,59.114601135253906,51.04513284956474,LKH,15.808496981427636
PointerNet:batch_greedy_mean,30,292,0.6235347656901771,2.2921665612868507,17.181828250001864,4.145096892715761,56.49919128417969,49.458733691329854,LKH,14.235013853749411
PointerNet:batch_greedy_mean,30,293,0.6415205334002773,1.7461573375612796,4.503491540174488,2.122143147898955,51.01287078857422,39.7939830723131,LKH,28.192422195773435
PointerNet:batch_greedy_mean,30,294,0.56323073549817,2.3771435059477324,10.705933775137295,3.2719923250425413,51.8676643371582,44.335258458017094,LKH,16.989651444738634
PointerNet:batch_greedy_mean,30,295,0.5235364276217297,2.393022519238579,8.947484259968464,2.9912345712044157,49.65813446044922,43.52190323447786,LKH,14.09917942446566
PointerNet:batch_greedy_mean,30,296,0.5314757625611188,2.4571731639930183,5.507097664459835,2.3467206191747314,55.28546905517578,50.34408789780084,LKH,9.815216371396001
PointerNet:batch_greedy_mean,30,297,0.5087842464524631,2.6278852816845797,17.0274833670651,4.1264371274823874,49.52241897583008,46.32268819345838,LKH,6.90748077704082
PointerNet:batch_greedy_mean,30,298,0.5177187927532941,2.3004606180564005,6.779903482280452,2.6038247794889062,59.041046142578125,47.61034571561608,LKH,24.008858274710672
PointerNet:batch_greedy_mean,30,299,0.6538113024881265,2.0980656132672304,16.578920002049607,4.071721994690896,49.918052673339844,42.246597720064834,LKH,18.158752106164247
PointerNet:batch_greedy_mean,50,0,0.9987493829429149,1.2328300994675456,35.705711724097775,5.975425652127033,81.4982681274414,61.75489951158875,LKH,31.97052990451013
PointerNet:batch_greedy_mean,50,1,0.9174764852784574,1.4173781092894877,58.60156842180049,7.655166126335894,71.85044860839844,57.34634107054817,LKH,25.292123729406097
PointerNet:batch_greedy_mean,50,2,0.9740854002535343,1.2241594507561269,13.536020790452913,3.679133157477847,77.92371368408203,59.36170743334552,LKH,31.269326731511075
PointerNet:batch_greedy_mean,50,3,0.8767102515697479,1.3910187062039636,17.261848997821712,4.154738138297252,68.65149688720703,59.223284937256274,LKH,15.919772028754256
PointerNet:batch_greedy_mean,50,4,0.9066186026483775,1.247244029286403,20.795805672847656,4.560241843679747,68.12297058105469,56.34228442857216,LKH,20.909138264383788
PointerNet:batch_greedy_mean,50,5,0.9771801839396358,1.2683740180570728,34.44114707275963,5.8686580299724085,76.77416229248047,56.413537909002976,LKH,36.09173460512244
PointerNet:batch_greedy_mean,50,6,0.9556420928612351,1.3648690899891454,9.224089494526341,3.0371186171314317,72.49845886230469,56.3337826284473,LKH,28.694462682316995
PointerNet:batch_greedy_mean,50,7,0.952496697306633,1.383128181126154,21.450051662339032,4.631420048142798,73.63958740234375,58.22282564290925,LKH,26.47889653104126
PointerNet:batch_greedy_mean,50,8,0.9583227267861366,1.1273769262597517,10.005368272545587,3.1631263447016447,80.30280303955078,60.776219054647555,LKH,32.128658690244784
PointerNet:batch_greedy_mean,50,9,0.9797414239152568,1.3767359346402972,52.89211208394353,7.272696342068981,68.54531860351562,53.920370703675495,LKH,27.12323322147193
PointerNet:batch_greedy_mean,50,10,0.8486143653839826,1.4072343148595134,20.634502996253282,4.542521656112745,67.60460662841797,57.82262305837565,LKH,16.917225564407172
PointerNet:batch_greedy_mean,50,11,0.9844748687092215,1.4862803806511218,18.77499774628107,4.333012548594923,74.82879638671875,57.90635702880532,LKH,29.223802404795425
PointerNet:batch_greedy_mean,50,12,0.9052785774692893,1.445862851719505,11.368707829785166,3.371751448399654,66.28811645507812,54.85887510132222,LKH,20.83389667149853
PointerNet:batch_greedy_mean,50,13,0.9390805263631046,1.2711706462511267,41.55790574055436,6.446542153787126,83.49268341064453,57.89542518187212,LKH,44.21292036177545
PointerNet:batch_greedy_mean,50,14,0.8812961698696017,1.2816815359596183,18.48167171930088,4.2990314861955685,67.25018310546875,56.665160739507776,LKH,18.679947657116486
PointerNet:batch_greedy_mean,50,15,1.014814274609089,1.0720535846788253,9.71573354739003,3.117007145867656,78.87446594238281,58.99018193111376,LKH,33.707785533682674
PointerNet:batch_greedy_mean,50,16,0.8908988337218762,1.1751658843051185,4.628977135493833,2.151505783281521,73.77596282958984,58.83526979033356,LKH,25.394109846864314
PointerNet:batch_greedy_mean,50,17,1.0111464769020677,1.2709712576265624,21.03540958029578,4.586437569649867,76.43380737304688,56.59128509294485,LKH,35.062858614206945
PointerNet:batch_greedy_mean,50,18,0.8796848526597023,1.4923350323737594,23.810509489152366,4.879601365803601,77.87571716308594,59.82584489113564,LKH,30.17069345998445
PointerNet:batch_greedy_mean,50,19,1.083491232272936,1.2162477560098028,7.826726876108428,2.79762879526724,73.40595245361328,59.41924028680955,LKH,23.539028939601973
PointerNet:batch_greedy_mean,50,20,0.8391131269931793,1.3713932483163256,46.425238336117445,6.81360685218317,79.83978271484375,60.466722509119165,LKH,32.039210001506
PointerNet:batch_greedy_mean,50,21,0.9500531451404095,1.2364620036944354,23.215560978764696,4.818252896929,71.33799743652344,53.01020222456862,LKH,34.574090350216466
PointerNet:batch_greedy_mean,50,22,0.9369255466759205,1.2886759815502762,24.795176394167477,4.979475513964044,71.80970764160156,58.003395452651816,LKH,23.802593074434483
PointerNet:batch_greedy_mean,50,23,0.9387762363627553,1.1477069440858325,9.280782946901633,3.0464377470911224,69.81661987304688,52.615775664189,LKH,32.69142000041823
PointerNet:batch_greedy_mean,50,24,0.9482357795536518,1.0300769194235095,15.977458500373487,3.997181319426664,81.7525634765625,62.97852117850039,LKH,29.81023045118944
PointerNet:batch_greedy_mean,50,25,0.981923555880785,1.2493548155050378,26.65760387161178,5.163100219016844,78.13770294189453,56.9496620434201,LKH,37.204858006567356
PointerNet:batch_greedy_mean,50,26,1.0141389127075673,1.0596950768843358,65.0504319933827,8.06538480132118,67.9021224975586,53.415119851479986,LKH,27.121539156627417
PointerNet:batch_greedy_mean,50,27,0.8636114375293255,1.4782483998953082,28.193136902310226,5.309720981587472,74.35492706298828,55.15265560376283,LKH,34.81658543730279
PointerNet:batch_greedy_mean,50,28,0.94264314673841,1.2272778091203778,28.453081907304387,5.334143034012529,84.56890869140625,59.485080011445945,LKH,42.16826921159684
PointerNet:batch_greedy_mean,50,29,0.885066834539175,1.2089383863668097,29.32363890374635,5.4151305527887645,71.27564239501953,58.779340372935145,LKH,21.259684002575653
PointerNet:batch_greedy_mean,50,30,0.8869674925506115,1.505526800026643,15.5905888302825,3.948491969129797,79.87522888183594,60.44991804656953,LKH,32.13455280502034
PointerNet:batch_greedy_mean,50,31,1.0287985551357268,0.9396789171434103,27.862398632737246,5.278484501515302,78.68577575683594,53.106478710680186,LKH,48.16605745131343
PointerNet:batch_greedy_mean,50,32,0.9211419293284416,1.4301312208673795,14.019039554931284,3.744200789879101,71.85877990722656,58.67760086739822,LKH,22.463732062964965
PointerNet:batch_greedy_mean,50,33,0.9738811342604459,1.25212027631694,39.9988699579496,6.324465982037504,63.50194549560547,49.68236849680662,LKH,27.815857852443404
PointerNet:batch_greedy_mean,50,34,0.8949819374084472,1.2995626433216603,5.8856582357589815,2.4260375586043557,81.67318725585938,58.306102250593774,LKH,40.076568495071434
PointerNet:batch_greedy_mean,50,35,0.8820010627247393,1.4290417173972119,24.2224964337074,4.9216355445834665,72.88993072509766,53.89114022760969,LKH,35.25401469934838
PointerNet:batch_greedy_mean,50,36,0.9905905504710972,1.2500226480739467,52.469581747993665,7.243589010151919,70.16090393066406,57.24179710359887,LKH,22.569359245803536
PointerNet:batch_greedy_mean,50,37,0.9205079942569137,1.463276236898092,4.387392189888436,2.0946102715990955,74.50936889648438,59.15236466717196,LKH,25.961775688462307
PointerNet:batch_greedy_mean,50,38,0.7912315459549427,1.570903164694374,61.731161835599025,7.8569180876218265,77.37841033935547,61.60262634513784,LKH,25.608947102078826
PointerNet:batch_greedy_mean,50,39,0.8992237487435341,1.3065530078709784,19.533394854594853,4.419660038350784,74.86448669433594,60.80107815387213,LKH,23.130195989079137
PointerNet:batch_greedy_mean,50,40,0.9255135925114155,1.1620108257468835,9.567759007712151,3.0931794334813736,75.68553924560547,56.2684388553964,LKH,34.50797780281207
PointerNet:batch_greedy_mean,50,41,0.9487442264705896,1.1016358918623492,34.16191140441947,5.844819193475489,79.75686645507812,59.343168011317594,LKH,34.39940793162128
PointerNet:batch_greedy_mean,50,42,0.8933599868416786,1.4288387666497298,23.482357912752544,4.845859873412824,78.97286224365234,54.25583680616485,LKH,45.556435754169414
PointerNet:batch_greedy_mean,50,43,0.9394393682479858,1.1750874097046324,25.01907341587787,5.001906977931304,73.27600860595703,60.09832798730572,LKH,21.92686728561694
PointerNet:batch_greedy_mean,50,44,0.8858948549628258,1.2999017319323907,37.52751414767158,6.125970465785122,75.36949157714844,55.984046979744946,LKH,34.626729654641
PointerNet:batch_greedy_mean,50,45,0.9512112673092633,1.3065931161562134,46.556331589939234,6.8232200308900515,71.33902740478516,56.23926144121964,LKH,26.849154090239157
PointerNet:batch_greedy_mean,50,46,1.0583637037687004,1.1871829753517769,47.93010834011263,6.923157396745551,77.7474136352539,57.47763054208759,LKH,35.265516170371555
PointerNet:batch_greedy_mean,50,47,0.9508190963417291,1.2685174788477698,23.707133440553548,4.868997169906094,72.6016616821289,54.37569422663801,LKH,33.51859266297369
PointerNet:batch_greedy_mean,50,48,0.9763671210408211,1.2573820032539735,25.080309707169985,5.008024531406569,71.16690826416016,54.845099968609155,LKH,29.75982960171987
PointerNet:batch_greedy_mean,50,49,0.9340815299749374,1.1622023168611968,12.102979719972966,3.478933704452122,77.04164123535156,56.89116311333885,LKH,35.41934637874925
PointerNet:batch_greedy_mean,50,50,0.8820989341288805,1.4641808427824534,40.286719784111035,6.347182034896355,70.47235107421875,54.85337446127075,LKH,28.47404880072746
PointerNet:batch_greedy_mean,50,51,0.9395182251557708,1.1761143301915131,18.462581492796776,4.296810618679484,71.83071899414062,56.60455222759656,LKH,26.899191261724738
PointerNet:batch_greedy_mean,50,52,0.9211531159281731,1.388290436011691,22.8918077265078,4.784538402657857,64.71559143066406,52.771802005031574,LKH,22.632900473047513
PointerNet:batch_greedy_mean,50,53,0.9204344761371612,1.3748443510421473,35.47004981596072,5.955673749959842,71.15272521972656,59.491514698468215,LKH,19.601468512548394
PointerNet:batch_greedy_mean,50,54,0.9106214427947998,1.3100145632823479,31.76494579066266,5.636039903217743,81.48545837402344,57.21423730838984,LKH,42.42164574319072
PointerNet:batch_greedy_mean,50,55,0.8896445528417826,1.3527492159174332,34.81185101113917,5.900156863265516,69.20661926269531,56.16046103489371,LKH,23.230148021213264
PointerNet:batch_greedy_mean,50,56,0.9155126753076911,1.3242541715024374,38.547411905722534,6.208656207725029,76.44345092773438,58.56062663108915,LKH,30.53728302687158
PointerNet:batch_greedy_mean,50,57,0.8887904766201973,1.4337038690573731,17.42030317884413,4.173763670698682,71.13436889648438,54.880776129705545,LKH,29.616186054594046
PointerNet:batch_greedy_mean,50,58,0.9260585878789425,1.3102272856420643,39.51361455047451,6.285985567154486,66.4412841796875,53.57410262057154,LKH,24.01754006081137
PointerNet:batch_greedy_mean,50,59,0.9216611779294908,1.3061341276340022,50.366770966991965,7.096955048962334,75.48787689208984,59.69843959697722,LKH,26.448659967842968
PointerNet:batch_greedy_mean,50,60,0.919923714697361,1.3888658935662508,30.633171845569283,5.534724188753156,69.99362182617188,58.556568660930765,LKH,19.531631423738066
PointerNet:batch_greedy_mean,50,61,0.8957207244634628,1.190194718257111,15.569646748026909,3.9458391690522445,66.87818908691406,54.17141094075732,LKH,23.456612861815746
PointerNet:batch_greedy_mean,50,62,0.8579714552313089,1.4474300283934587,30.86404649628667,5.555541962426949,74.3753433227539,59.161254799407395,LKH,25.716304657383482
PointerNet:batch_greedy_mean,50,63,1.0088915165141226,1.2970059688021425,11.045088820980604,3.32341523451112,73.93962097167969,54.02118607601315,LKH,36.871524567489736
PointerNet:batch_greedy_mean,50,64,1.0043617971241474,1.3636277148554512,49.00813919108322,7.000581346651377,68.88871002197266,55.78854852673961,LKH,23.481810947194838
PointerNet:batch_greedy_mean,50,65,0.9236998269241303,1.4367886468244766,12.355188383719936,3.5149947914214517,76.09925079345703,56.6917093879517,LKH,34.23347366842653
PointerNet:batch_greedy_mean,50,66,0.9292752992035821,1.3793593975864205,44.711280548455,6.686649426166666,75.3718032836914,57.38039274864278,LKH,31.35463121324519
PointerNet:batch_greedy_mean,50,67,0.9737456294707953,1.3826955543596227,52.13032829818936,7.220133537420853,74.76827239990234,51.33513816688316,LKH,45.647357871798114
PointerNet:batch_greedy_mean,50,68,0.9043042729934677,1.349347932721153,11.616967024615548,3.4083672080067235,74.90324401855469,58.827399445187766,LKH,27.32713790679382
PointerNet:batch_greedy_mean,50,69,0.9504882486537098,1.3085350773512778,26.399838566621376,5.1380773219776845,68.53655242919922,54.11657021740668,LKH,26.64614951365548
PointerNet:batch_greedy_mean,50,70,0.9253462428599596,1.365113467147091,24.818131133553205,4.981779916209989,78.8856201171875,57.07150988529138,LKH,38.22241653627271
PointerNet:batch_greedy_mean,50,71,0.9420025736093521,1.1988296655094017,5.1714086161739266,2.2740731334268753,82.22762298583984,56.07368928703075,LKH,46.64207765059293
PointerNet:batch_greedy_mean,50,72,0.9934834170888643,1.3195660840834718,11.343001819038474,3.367937324095933,76.20792388916016,56.259572609862765,LKH,35.457701425553104
PointerNet:batch_greedy_mean,50,73,0.9788880131579936,1.3338709676068787,45.41849511977821,6.739324529934599,75.44798278808594,58.54012111783173,LKH,28.88251911235618
PointerNet:batch_greedy_mean,50,74,0.9333564817532897,1.2760988409255407,21.218567624292113,4.606361647145404,76.9517593383789,56.05782466050119,LKH,37.272111082469024
PointerNet:batch_greedy_mean,50,75,0.9840019527077675,1.1933356748487534,24.715811730773016,4.9714999477796455,74.26934814453125,56.542501506685234,LKH,31.351366079461666
PointerNet:batch_greedy_mean,50,76,0.9154401988536119,1.3690436251859284,11.347132460466113,3.3685504984289776,77.67467498779297,58.589164580868555,LKH,32.575153688326374
PointerNet:batch_greedy_mean,50,77,0.9722537152841687,1.2263371801108565,35.66139873988465,5.971716565601942,75.01312255859375,55.82134028462912,LKH,34.38072639622601
PointerNet:batch_greedy_mean,50,78,0.9185696072876454,1.330840784710645,16.063553399000792,4.007936301764387,81.445068359375,55.75901262773281,LKH,46.0661954384514
PointerNet:batch_greedy_mean,50,79,0.9505198284238577,1.2448841489006481,26.566311891394253,5.154251826540323,72.04090881347656,52.79276056416848,LKH,36.45982525560936
PointerNet:batch_greedy_mean,50,80,0.9957468003034592,1.2714769518931357,15.811883926725914,3.9764159650023934,63.77935791015625,55.87196056482692,LKH,14.152711423388414
PointerNet:batch_greedy_mean,50,81,1.0519119600951672,1.1943914359832597,24.515935104066056,4.9513568952425615,73.83114624023438,54.77110551468681,LKH,34.79944497457083
PointerNet:batch_greedy_mean,50,82,0.9389211511053145,1.2946231871817755,39.51563682073759,6.286146420561455,73.90818786621094,55.91129337046917,LKH,32.18829937718315
PointerNet:batch_greedy_mean,50,83,0.9916200116276741,1.212190083690598,28.866098367283065,5.372717968336238,80.7320785522461,56.12094366210716,LKH,43.85374386845238
PointerNet:batch_greedy_mean,50,84,0.9506625388190151,1.3094769440941394,26.877289457598106,5.184331148528043,79.13163757324219,60.14364035210015,LKH,31.571080682812376
PointerNet:batch_greedy_mean,50,85,0.9782952654361725,1.1502751578343733,33.58003334807277,5.794828155180511,68.26982116699219,55.38166684099122,LKH,23.27151756375394
PointerNet:batch_greedy_mean,50,86,1.0444264178865705,1.3620844965699004,35.82714049472532,5.98557770768414,80.79823303222656,56.278894038158874,LKH,43.56755656470932
PointerNet:batch_greedy_mean,50,87,0.9500243109464646,1.3010788202920998,10.945570323884874,3.308409032130833,76.82762145996094,59.00462251947374,LKH,30.20610619889134
PointerNet:batch_greedy_mean,50,88,0.9090597847104073,1.2806711457218614,30.254716260726436,5.500428734264852,75.17567443847656,56.76306159418328,LKH,32.43766690375294
PointerNet:batch_greedy_mean,50,89,0.8188781087100506,1.443669873367559,21.81630230669166,4.670792470950905,70.88579559326172,57.52472583444814,LKH,23.226655259975924
PointerNet:batch_greedy_mean,50,90,0.9334900860488414,1.1813814139240273,32.9608744567159,5.741156195115745,71.9410171508789,55.54501450380354,LKH,29.518405555466405
PointerNet:batch_greedy_mean,50,91,0.920937309935689,1.2260654474180976,17.390240937432953,4.170160780765287,80.9726791381836,56.77602360532484,LKH,42.61773543892466
PointerNet:batch_greedy_mean,50,92,0.864315672647208,1.679015548973504,18.89631476472646,4.3469891608705975,62.14836883544922,53.717458133156626,LKH,15.694917435210302
PointerNet:batch_greedy_mean,50,93,0.9161057626502589,1.3004526278962047,21.94550270859443,4.6846027268696355,72.12247467041016,55.707354714544664,LKH,29.466701551311786
PointerNet:batch_greedy_mean,50,94,0.9893310770392418,1.1024888635560977,15.334253684569388,3.9158975579768924,73.17880249023438,52.10890771648614,LKH,40.43434356441553
PointerNet:batch_greedy_mean,50,95,0.9474732412025333,1.2882677248012535,36.98977144270994,6.081921689952111,68.49369812011719,55.98846919167482,LKH,22.335364958150763
PointerNet:batch_greedy_mean,50,96,0.909023349583149,1.1399720291808617,6.8918570939679835,2.62523467407544,70.9234848022461,55.97439119428843,LKH,26.707023138615316
PointerNet:batch_greedy_mean,50,97,0.8567962162941695,1.4241507755265728,24.25597627007722,4.9250356618076605,73.68594360351562,56.52378870842717,LKH,30.36271150120151
PointerNet:batch_greedy_mean,50,98,0.941153345555067,1.230420573151227,35.552203194429126,5.962566829346999,71.91520690917969,59.28423320199741,LKH,21.305789119587896
PointerNet:batch_greedy_mean,50,99,0.8842751100659371,1.2946357903305654,20.191933510003924,4.4935435360085165,75.68507385253906,57.56767265996556,LKH,31.47148452498226
PointerNet:batch_greedy_mean,50,100,0.9246704998146743,1.453175734444327,50.42534614361029,7.101080632101729,73.34547424316406,57.369106416550025,LKH,27.84838186359675
PointerNet:batch_greedy_mean,50,101,0.8909618094936014,1.4497216868342206,8.837489857467196,2.9727915933457556,75.8642807006836,59.48385125620712,LKH,27.537607432180483
PointerNet:batch_greedy_mean,50,102,1.0186426869779825,1.2259879555084718,18.02249583266499,4.245291018606968,75.7991943359375,56.87130880159413,LKH,33.281958747207185
PointerNet:batch_greedy_mean,50,103,0.9657600701600313,1.280041080579103,6.523646513529255,2.5541430096079694,72.3143081665039,57.45232096323605,LKH,25.868384347393203
PointerNet:batch_greedy_mean,50,104,0.8078272868692875,1.3959111637875967,17.57889254281746,4.192718991635077,73.95318603515625,59.247649139980524,LKH,24.820456353351542
PointerNet:batch_greedy_mean,50,105,1.034437091872096,1.0540959115245414,57.955681168282005,7.612862875967359,81.17234802246094,53.86752557433384,LKH,50.688837396936194
PointerNet:batch_greedy_mean,50,106,0.9959448402281851,1.2464921230900128,16.276840731039776,4.034456683500243,79.59876251220703,59.72262114808777,LKH,33.28075858364376
PointerNet:batch_greedy_mean,50,107,0.8555476980283856,1.453036520005269,17.306668805569092,4.160128460224406,76.94703674316406,54.56811987197474,LKH,41.01097293381874
PointerNet:batch_greedy_mean,50,108,0.9134327955543995,1.1799694223795734,39.34970625039979,6.2729344210185864,74.0916519165039,57.552949418096546,LKH,28.736498590647464
PointerNet:batch_greedy_mean,50,109,0.9023199700936675,1.4486685990425223,18.09068740933234,4.253314873052822,78.336669921875,57.89806381316606,LKH,35.30101831153322
PointerNet:batch_greedy_mean,50,110,0.8897895646095276,1.1887039847372498,10.35765262689525,3.2183307205592233,73.77865600585938,59.87153556775857,LKH,23.22826750010723
PointerNet:batch_greedy_mean,50,111,0.9883979977667332,1.4655775580241623,38.5370616329322,6.207822616097547,76.87278747558594,57.73921166176318,LKH,33.13792354129706
PointerNet:batch_greedy_mean,50,112,0.8056061337143183,1.5807479664651134,36.45326048211313,6.037653557642499,72.07457733154297,57.92269122351985,LKH,24.432369783047413
PointerNet:batch_greedy_mean,50,113,1.0886970418319106,1.0493363460321306,12.977898251822428,3.602485010631193,78.38143920898438,55.01475347204713,LKH,42.473489859060805
PointerNet:batch_greedy_mean,50,114,0.8326173106208443,1.4199804125519195,50.361323002561235,7.096571214506428,79.05984497070312,60.106977528545535,LKH,31.531892338383916
PointerNet:batch_greedy_mean,50,115,0.8780188016593456,1.3529133615674476,25.554914094351098,5.055186850587335,79.44297790527344,60.48939129121557,LKH,31.33373672551795
PointerNet:batch_greedy_mean,50,116,0.9011362375505269,1.521065947948643,27.368045873621274,5.231447779880946,68.7003173828125,55.71454696141464,LKH,23.30768377312879
PointerNet:batch_greedy_mean,50,117,0.9422363775223493,1.2475558432914433,40.880739071153734,6.393804741400361,68.9889144897461,54.71964046195629,LKH,26.07706101013307
PointerNet:batch_greedy_mean,50,118,0.8421303608268499,1.3329097084109927,5.915341009341479,2.432147406992734,75.09952545166016,57.45239996400134,LKH,30.716080614066943
PointerNet:batch_greedy_mean,50,119,0.8775868289172649,1.4475743653363948,32.92372389802454,5.73791982324819,65.29254913330078,49.9356058194017,LKH,30.753493548149525
PointerNet:batch_greedy_mean,50,120,0.9151322500407696,1.2452173749515583,13.374686377146443,3.657141831696775,68.30960083007812,55.39075988398431,LKH,23.323097522316484
PointerNet:batch_greedy_mean,50,121,0.887826646566391,1.281456363205583,10.690075018013415,3.269568017034271,81.5027847290039,58.07156993344985,LKH,40.34885714714839
PointerNet:batch_greedy_mean,50,122,0.9403476579487324,1.2948738029016968,67.44272426962641,8.212351932889044,75.04252624511719,54.89200798056885,LKH,36.709384491238495
PointerNet:batch_greedy_mean,50,123,0.9027111386507749,1.2914678439055611,33.975936461302844,5.828888098197018,79.95610046386719,55.189921068142226,LKH,44.87446061962383
PointerNet:batch_greedy_mean,50,124,0.8326233142241836,1.356968426758101,51.99801281130532,7.210964762866708,73.12319946289062,59.51492370839869,LKH,22.86531664086053
PointerNet:batch_greedy_mean,50,125,0.8919218868762254,1.3243467259748587,36.408807586766336,6.033971129096189,73.7255630493164,56.39940976154016,LKH,30.720451439176728
PointerNet:batch_greedy_mean,50,126,0.8820387056469917,1.436653095192242,20.459715965366804,4.523241754026287,71.02123260498047,55.89990454422767,LKH,27.05072250845956
PointerNet:batch_greedy_mean,50,127,0.8532780330628157,1.3313382910254925,28.276165555689314,5.317533785100882,81.14999389648438,58.20357444170908,LKH,39.42441624054576
PointerNet:batch_greedy_mean,50,128,0.8587135088443756,1.3217399221606596,48.35774920654694,6.953973627110398,71.48541259765625,54.53981481285192,LKH,31.070141772485844
PointerNet:batch_greedy_mean,50,129,0.8887081224028952,1.5525770334803324,17.084926592058235,4.13339165722996,74.71788787841797,60.52717997212523,LKH,23.44518266475991
PointerNet:batch_greedy_mean,50,130,0.9600638909637929,1.2309913025399566,22.564316940683916,4.750191253063808,71.14461517333984,57.10742202404827,LKH,24.580330632646017
PointerNet:batch_greedy_mean,50,131,1.0128530112467706,1.3288398717374468,20.587056447005814,4.537296160380741,73.23318481445312,51.53802522113582,LKH,42.095442152137586
PointerNet:batch_greedy_mean,50,132,0.9219692210410722,1.4765842111652565,61.54634853911574,7.8451480890494185,77.20315551757812,58.34167797541914,LKH,32.3293367566593
PointerNet:batch_greedy_mean,50,133,1.065085319802165,1.1512612371836013,26.99929324510959,5.196084414740545,71.91523742675781,56.24560484027733,LKH,27.85930141737848
PointerNet:batch_greedy_mean,50,134,0.8269820168614388,1.4368900207297315,20.212727006367935,4.495856648778733,75.37763977050781,57.90979490283212,LKH,30.163886604995415
PointerNet:batch_greedy_mean,50,135,0.8927387266978621,1.5624387980298826,22.813341691547105,4.776331405121205,73.05180358886719,57.607958579943954,LKH,26.80852678973416
PointerNet:batch_greedy_mean,50,136,0.918642346598208,1.270386027168427,18.203120047634414,4.2665114610925885,76.41486358642578,57.24171202831544,LKH,33.49507007866233
PointerNet:batch_greedy_mean,50,137,0.9234323722869158,1.0110996734110158,13.876530222712194,3.725121504422667,72.0225830078125,55.39814447884054,LKH,30.009016882003515
PointerNet:batch_greedy_mean,50,138,0.920388700067997,1.0667381253465162,32.456809492756825,5.697087808060959,72.90811157226562,53.211857984871834,LKH,37.01478266929421
PointerNet:batch_greedy_mean,50,139,0.9037932449951768,1.3485619024917381,36.53542525549254,6.0444540907754885,72.16112518310547,54.42781891445704,LKH,32.581328119209516
PointerNet:batch_greedy_mean,50,140,0.954727555513382,1.2127892281954333,30.336868209737116,5.507891448615987,79.36180114746094,56.976078328664386,LKH,39.289686962421925
PointerNet:batch_greedy_mean,50,141,0.967330030836165,1.3651207341418776,46.87740700524622,6.846707749367298,69.07926177978516,52.911468127401776,LKH,30.556312694733954
PointerNet:batch_greedy_mean,50,142,0.9189266664162278,1.174887159350231,8.882988376443162,2.9804342597083333,78.71459197998047,58.094004125174756,LKH,35.49520843902354
PointerNet:batch_greedy_mean,50,143,0.9345797165762633,1.284016401187557,20.237692358486964,4.498632276424353,70.67068481445312,55.88387886767055,LKH,26.459877600473618
PointerNet:batch_greedy_mean,50,144,0.9499503283202648,1.0615827405119427,41.947515679457396,6.476690179363021,75.70052337646484,59.83232981578063,LKH,26.52110257036826
PointerNet:batch_greedy_mean,50,145,0.8334800915978849,1.455629179289883,20.167118619809024,4.490781515483583,64.90572357177734,51.51764178764817,LKH,25.987373100876475
PointerNet:batch_greedy_mean,50,146,1.0367269024252892,0.9456504682174623,8.890151726644634,2.9816357468082235,68.4250717163086,51.09090767419443,LKH,33.928080026790155
PointerNet:batch_greedy_mean,50,147,0.8974653020501137,1.3095819066540113,24.50043357580889,4.949791265882723,79.34120178222656,59.941410293183196,LKH,32.36458967874768
PointerNet:batch_greedy_mean,50,148,1.002565417662263,1.2540787483600604,25.749614724426937,5.074407820073879,74.63762664794922,54.24908794177079,LKH,37.58319168068379
PointerNet:batch_greedy_mean,50,149,0.9387117537856102,1.0808661628723304,39.90164222007589,6.316774669091489,78.6693115234375,58.565114732342224,LKH,34.32793888132325
PointerNet:batch_greedy_mean,50,150,0.9203077878057957,1.1436096865157337,12.528972109659104,3.539628809587116,81.30946350097656,59.385920348063465,LKH,36.9170723033646
PointerNet:batch_greedy_mean,50,151,0.9000124552100897,1.3329011146235712,60.64215223608937,7.787307123524112,76.72917938232422,57.39738735997917,LKH,33.68061319777825
PointerNet:batch_greedy_mean,50,152,0.9516041515022516,1.317014522506631,37.43239382360253,6.118201845608114,82.36410522460938,57.825165830031494,LKH,42.43643583609679
PointerNet:batch_greedy_mean,50,153,0.9866922046616673,1.2462783203924253,15.35208691741529,3.9181739263865367,68.8202133178711,51.684873299418996,LKH,33.153491388445985
PointerNet:batch_greedy_mean,50,154,0.9175429201126098,1.43203990254085,64.58225743410382,8.036308694550243,82.30368041992188,57.84648641628148,LKH,42.27948060257065
PointerNet:batch_greedy_mean,50,155,0.9321083582937717,1.2453058120889926,6.888379038304306,2.6245721629066145,72.25042724609375,59.02713252313214,LKH,22.402061827718864
PointerNet:batch_greedy_mean,50,156,0.954606994165224,1.5966408290846663,27.577712276046448,5.2514485883465,75.19403076171875,58.499374027822476,LKH,28.53818012814333
PointerNet:batch_greedy_mean,50,157,0.8943717567125077,1.6383387064230737,19.497836040243442,4.415635406172417,73.15599060058594,57.66590581229899,LKH,26.861773122417897
PointerNet:batch_greedy_mean,50,158,0.8655003461241723,1.3236269356767811,23.08103835456591,4.804272926735731,63.833091735839844,52.947287112421414,LKH,20.559702332444196
PointerNet:batch_greedy_mean,50,159,0.9708790744096041,1.235848085046475,51.611974786193045,7.184147464117997,72.5481185913086,55.734868721664505,LKH,30.166483307977487
PointerNet:batch_greedy_mean,50,160,0.9330977756902575,1.3278021344080428,47.0431318100082,6.858799589578937,73.1746597290039,54.68097318413201,LKH,33.82106328392601
PointerNet:batch_greedy_mean,50,161,0.8571442759037018,1.481600445536188,39.99503152734784,6.324162515886814,74.2467269897461,59.26696853821709,LKH,25.27505425196433
PointerNet:batch_greedy_mean,50,162,0.9296958857774734,1.2547355299745464,10.754105422564761,3.2793452734600486,73.97093200683594,56.98055013220866,LKH,29.817862121733608
PointerNet:batch_greedy_mean,50,163,0.91898885846138,1.4058695845961935,4.577731680534206,2.139563432229623,69.6964111328125,57.38648634734892,LKH,21.450912172866044
PointerNet:batch_greedy_mean,50,164,0.9842668521800079,1.393081903210457,22.573813591622777,4.751190755128947,71.56251525878906,54.95090050024285,LKH,30.229922726148583
PointerNet:batch_greedy_mean,50,165,0.9374543184041977,1.2033892115707512,16.49956042003113,4.061965093403823,75.08333587646484,56.514492222343854,LKH,32.85678225872747
PointerNet:batch_greedy_mean,50,166,0.9751605172455311,1.3296131808917746,9.322669340050263,3.0533046588983326,80.01909637451172,58.36597504268744,LKH,37.09887707005275
PointerNet:batch_greedy_mean,50,167,0.8721628731489182,1.3555909689590797,25.40324554481462,5.040163245849743,68.02570343017578,55.92435640958052,LKH,21.63877744424459
PointerNet:batch_greedy_mean,50,168,0.9520586924999952,1.2045293642330017,23.449774037929835,4.8424966740236215,87.77716827392578,57.61525808783609,LKH,52.350559881389415
PointerNet:batch_greedy_mean,50,169,1.0341854252666236,1.179478616148767,41.74141317445718,6.460759488980934,76.17530059814453,55.203122147880855,LKH,37.990928111062935
PointerNet:batch_greedy_mean,50,170,0.9470350201940164,1.4819497469491423,32.38786114866344,5.691033399011417,68.90370178222656,54.139744451869525,LKH,27.270090540383435
PointerNet:batch_greedy_mean,50,171,1.0445244094356894,1.1902373499464396,24.524872403664727,4.952259323143804,71.51214599609375,52.00966363460492,LKH,37.497805212708094
PointerNet:batch_greedy_mean,50,172,0.9821003883332015,1.2389711430144044,20.2988154651566,4.5054206757146,75.33757019042969,56.64561672749955,LKH,32.99805800129248
PointerNet:batch_greedy_mean,50,173,0.9779155525565147,1.1404097357787029,19.62541591668769,4.430058229491762,89.79436492919922,60.86039538503666,LKH,47.54154053898302
PointerNet:batch_greedy_mean,50,174,1.0360951633378863,1.2484182096324907,26.75015048729938,5.172054764530184,68.17860412597656,50.90984142711382,LKH,33.920283809145126
PointerNet:batch_greedy_mean,50,175,0.8857900291588158,1.4910023167123367,23.058096152118363,4.80188464585712,72.91083526611328,57.61957378686226,LKH,26.53831063696197
PointerNet:batch_greedy_mean,50,176,0.878822515825741,1.4791072616851813,24.982186061388493,4.99821828868933,73.12438201904297,60.124157513099874,LKH,21.622297997457345
PointerNet:batch_greedy_mean,50,177,0.9211649054288864,1.1434747070742874,12.380551023253828,3.518600719498282,80.24207305908203,58.637280449835075,LKH,36.844806654582364
PointerNet:batch_greedy_mean,50,178,0.8952365471236408,1.5290086710237836,31.852228425320103,5.6437778504579805,74.70942687988281,58.36538655360005,LKH,28.002967668642377
PointerNet:batch_greedy_mean,50,179,0.9258944432064891,1.4279152849728822,23.53575213645564,4.851366007265957,70.11476135253906,54.88277261340773,LKH,27.753679367521954
PointerNet:batch_greedy_mean,50,180,0.8293709671497345,1.5580446221074271,30.963014242251443,5.564441952455919,67.7474136352539,55.537085589102304,LKH,21.98589990207833
PointerNet:batch_greedy_mean,50,181,0.8651396806538105,1.35193003664792,37.0584718058444,6.087566985737767,77.23360443115234,57.34966814807843,LKH,34.67140599965294
PointerNet:batch_greedy_mean,50,182,0.8441638509742916,1.4775925962373486,17.131209634669585,4.138986546809447,67.96746826171875,56.31882639580488,LKH,20.683388861919834
PointerNet:batch_greedy_mean,50,183,0.893378389775753,1.2149058962754666,17.24437206545429,4.152634352486899,80.3420181274414,58.097144646685514,LKH,38.2890994317136
PointerNet:batch_greedy_mean,50,184,1.000712462067604,1.0428825187170607,62.9676723584137,7.935217221879544,77.09478759765625,51.5873282164747,LKH,49.44520343086037
PointerNet:batch_greedy_mean,50,185,0.9208846752997488,1.2883484185030585,34.61876861874462,5.883771632103392,72.13944244384766,51.69777344574582,LKH,39.54071449431827
PointerNet:batch_greedy_mean,50,186,0.8644889358896762,1.5352751136389555,25.1698080786064,5.016952070590908,72.84088897705078,56.40257102365119,LKH,29.14462524502037
PointerNet:batch_greedy_mean,50,187,0.8456405675411225,1.381176587090296,39.609392998807266,6.2935993675167525,76.22019958496094,56.62961490913555,LKH,34.59423961695529
PointerNet:batch_greedy_mean,50,188,0.8435963559150695,1.383599510481941,13.191180155339438,3.6319664309213318,82.20040130615234,60.1992497186753,LKH,36.54721892763349
PointerNet:batch_greedy_mean,50,189,0.9290433239471168,1.300774771160116,17.65180702854497,4.201405363511711,73.98686218261719,58.08111698349146,LKH,27.385398258863813
PointerNet:batch_greedy_mean,50,190,0.8362864328920842,1.312080017335351,30.619372228026528,5.533477408287354,71.99564361572266,57.130625580171916,LKH,26.019351065376533
PointerNet:batch_greedy_mean,50,191,1.0120775929093362,1.1283084059984512,23.15445821914085,4.811907960377136,81.90846252441406,57.80916754803627,LKH,41.687669964028785
PointerNet:batch_greedy_mean,50,192,0.9669659742712975,1.4178712468305366,36.7282831051964,6.060386382500409,75.87833404541016,59.31661977968723,LKH,27.920866575398534
PointerNet:batch_greedy_mean,50,193,1.0647904349863528,1.2662656485669732,40.04099991118147,6.32779581775372,78.79425811767578,58.73055150026336,LKH,34.16229901624958
PointerNet:batch_greedy_mean,50,194,1.0875893007660522,1.1761929444676973,20.004161356152572,4.4726011845628015,73.39752197265625,53.3985007649518,LKH,37.45240207348826
PointerNet:batch_greedy_mean,50,195,0.8811159453846631,1.4474110204315735,15.811312859327886,3.9763441575557676,68.23460388183594,56.744848647440314,LKH,20.248102705819644
PointerNet:batch_greedy_mean,50,196,0.8619608560495544,1.5927602302955968,59.297473988958686,7.7004853086645575,69.20144653320312,58.20579281296825,LKH,18.890995532982494
PointerNet:batch_greedy_mean,50,197,0.9404366910457611,1.2155462702612545,8.36075920351967,2.891497743993529,65.8198471069336,53.1912033804438,LKH,23.741977853302
PointerNet:batch_greedy_mean,50,198,1.0858966549416074,1.2123735424206654,23.67583865905251,4.865782430303733,78.57967376708984,55.70347112055263,LKH,41.067822500735865
PointerNet:batch_greedy_mean,50,199,0.9167738641798496,1.2370595277136232,13.108287443130584,3.620536899843804,79.4052734375,58.823433737091,LKH,34.989184399534906
PointerNet:batch_greedy_mean,50,200,0.9731367342174053,1.1906179524029172,17.105820116129095,4.135918291761709,74.41729736328125,52.61221227945874,LKH,41.44491200636287
PointerNet:batch_greedy_mean,50,201,0.8872121050953865,1.4501319456884088,23.83847893180217,4.882466480356232,68.56319427490234,56.12732549037124,LKH,22.156531913612206
PointerNet:batch_greedy_mean,50,202,0.9744793864712119,1.3125236771206272,13.911585789239409,3.729823828177332,76.39573669433594,59.04570315896193,LKH,29.384074720330656
PointerNet:batch_greedy_mean,50,203,0.9642955467104912,1.2088077898745442,32.21531380816165,5.675853575292588,77.55217742919922,54.34999130052668,LKH,42.69032169734256
PointerNet:batch_greedy_mean,50,204,0.8673328007385135,1.4860882355367004,25.247657664219684,5.024704734033602,71.27706146240234,59.586443172336864,LKH,19.61959410172157
PointerNet:batch_greedy_mean,50,205,0.9870394044741988,1.2394888355917464,21.37280884114769,4.623073527551524,78.3364028930664,58.37363108158848,LKH,34.19826973514134
PointerNet:batch_greedy_mean,50,206,0.8844400310516357,1.298563677701051,22.02786092486718,4.693384804687037,78.18016052246094,58.04173157932996,LKH,34.69646475933662
PointerNet:batch_greedy_mean,50,207,0.9093753579328768,1.4994387208868942,28.704179240851026,5.357628135737961,75.19078063964844,58.43889428983788,LKH,28.665645634441088
PointerNet:batch_greedy_mean,50,208,0.8628351756930351,1.2969818916547664,18.37544675554343,4.286659160178639,73.14651489257812,53.82914176499741,LKH,35.88645944220107
PointerNet:batch_greedy_mean,50,209,1.0095944558270276,1.366478174648442,16.455412660248935,4.056527167448646,76.36617279052734,53.20814646472384,LKH,43.52345996708777
PointerNet:batch_greedy_mean,50,210,0.9307165537029505,1.252442260181855,16.06825095589185,4.0085222908064075,80.5201416015625,58.12721585578105,LKH,38.52399502728696
PointerNet:batch_greedy_mean,50,211,0.9727220864593983,1.1454417116788924,12.733190030745913,3.568359571392142,64.77002716064453,50.80365442494858,LKH,27.49088209063434
PointerNet:batch_greedy_mean,50,212,0.9247300174087286,1.382516513141431,67.15970572383245,8.195102545046794,66.36405181884766,53.718878563985946,LKH,23.539533201162634
PointerNet:batch_greedy_mean,50,213,0.9204266825318337,1.2493782337955635,22.14923826846403,4.7062977241632336,70.55862426757812,53.16901101006837,LKH,32.706294375527825
PointerNet:batch_greedy_mean,50,214,0.9281037393212318,1.394708978627131,16.71593521035593,4.088512591439083,78.85315704345703,57.70044818910389,LKH,36.65952261762085
PointerNet:batch_greedy_mean,50,215,0.9113954918086529,1.4726421542508248,12.279347316644087,3.504189965832915,68.5089111328125,58.14366115505238,LKH,17.826964748778014
PointerNet:batch_greedy_mean,50,216,0.9497615673206746,1.4060436564870367,45.39363840075818,6.737480122475923,81.08810424804688,57.63219185519303,LKH,40.6993238289276
PointerNet:batch_greedy_mean,50,217,0.9647371964529157,1.3409059197578101,22.36563434865195,4.729231898379688,75.64846801757812,59.47902304911149,LKH,27.185121980089715
PointerNet:batch_greedy_mean,50,218,0.9019669970870018,1.3549211939476171,16.740074831008016,4.091463653878403,73.48666381835938,56.82733030394986,LKH,29.315706765221012
PointerNet:batch_greedy_mean,50,219,0.927066064029932,1.390211410780595,48.83029834379305,6.9878679397791315,77.26580810546875,57.8964964441901,LKH,33.45506697447554
PointerNet:batch_greedy_mean,50,220,0.899907765313983,1.3262472174794275,43.104384805845584,6.565392966597322,74.95032501220703,56.16817205708637,LKH,33.43913869233891
PointerNet:batch_greedy_mean,50,221,0.8870199299929663,1.33172024539496,8.506149778587075,2.916530435052423,66.6467514038086,51.54576837238583,LKH,29.296261377515297
PointerNet:batch_greedy_mean,50,222,0.9442962646344677,1.4100799449073826,31.73942098844074,5.633775021106251,73.62129974365234,57.353965599724056,LKH,28.363050355504193
PointerNet:batch_greedy_mean,50,223,1.0320246209949255,1.219450714890249,14.519946047814155,3.81050469725654,70.71318054199219,53.64771324702253,LKH,31.810241783076933
PointerNet:batch_greedy_mean,50,224,0.8327736170589923,1.3353871018784154,25.24020837210792,5.023963412695988,71.828857421875,57.745065810086885,LKH,24.389601802701495
PointerNet:batch_greedy_mean,50,225,0.9423368725925684,1.3749805523553433,14.251401868624601,3.775102895104265,70.00164794921875,56.79590684570122,LKH,23.25121973911585
PointerNet:batch_greedy_mean,50,226,0.864363595917821,1.2809158773378413,12.845884175552934,3.5841155360218138,68.3599624633789,56.07529651405004,LKH,21.907447152331798
PointerNet:batch_greedy_mean,50,227,0.8159704386070371,1.4509998050839399,44.214269373567014,6.649381127110027,73.87715911865234,57.907672367254015,LKH,27.577497244439154
PointerNet:batch_greedy_mean,50,228,0.9671940257400274,1.2213698408900546,32.28286178438244,5.681800927908548,66.15968322753906,52.343055887143116,LKH,26.39629480209559
PointerNet:batch_greedy_mean,50,229,0.9653910982236266,1.3273838139084,58.58791218686908,7.654274112342011,73.98522186279297,54.90998414154331,LKH,34.7391062289852
PointerNet:batch_greedy_mean,50,230,0.9326349828019738,1.294435489684071,28.110158543443927,5.301901408310411,81.1640396118164,55.040756248669666,LKH,47.46170863845669
PointerNet:batch_greedy_mean,50,231,0.9952415638649836,1.436226933057778,29.287942079436895,5.411833522886388,80.08037567138672,57.76940160207015,LKH,38.62074636500487
PointerNet:batch_greedy_mean,50,232,0.9812545731943101,1.34465453727661,33.167584553393475,5.75913053797129,75.24408721923828,55.211366814785514,LKH,36.28368859560281
PointerNet:batch_greedy_mean,50,233,0.8213414581329562,1.5825778229405163,24.63555824524013,4.963422029733128,68.14163208007812,56.406616804262065,LKH,20.804323926283356
PointerNet:batch_greedy_mean,50,234,0.8498780401423573,1.3812608562741542,15.45260305226245,3.930979909928624,73.9227294921875,57.6971734945731,LKH,28.121925243253987
PointerNet:batch_greedy_mean,50,235,0.9714267725497484,1.5106663780982135,5.821628659726794,2.412805143339759,80.60035705566406,55.620567842247695,LKH,44.91106470589191
PointerNet:batch_greedy_mean,50,236,0.8080552872829139,1.734217270212381,15.389490501700836,3.922944111467921,76.81869506835938,57.15055972057277,LKH,34.414597939110934
PointerNet:batch_greedy_mean,50,237,0.8807269126176834,1.3552471072241585,13.466966302472155,3.669736544014046,78.52529907226562,59.67306570647088,LKH,31.592533654174954
PointerNet:batch_greedy_mean,50,238,0.8821798050962388,1.5846244879519824,22.905614151857744,4.78598100203686,73.26834869384766,58.550164186538204,LKH,25.13773396162985
PointerNet:batch_greedy_mean,50,239,0.8806328586861492,1.3252906638466861,10.068043651211099,3.173018066637992,74.57322692871094,57.38859720398986,LKH,29.94432790130361
PointerNet:batch_greedy_mean,50,240,1.053373721241951,0.9570020719128856,9.637344054674552,3.1044071985927606,82.26319122314453,54.62593590813053,LKH,50.59365090145847
PointerNet:batch_greedy_mean,50,241,0.9339050415530801,1.3392418006496463,38.31346310192347,6.189786999721676,85.76226806640625,56.824410806536626,LKH,50.92504585466083
PointerNet:batch_greedy_mean,50,242,0.9029405218886677,1.6252239786804108,19.101478471958217,4.370523821232212,72.7296142578125,57.43621222437392,LKH,26.626759393002935
PointerNet:batch_greedy_mean,50,243,0.7310046589560807,1.7993957891432442,41.41097584210434,6.43513603912958,71.64724731445312,59.51503160489987,LKH,20.385128567342328
PointerNet:batch_greedy_mean,50,244,0.9549560908204876,1.3301687169997853,33.30941098762052,5.7714305841464055,72.73612976074219,58.511924198454096,LKH,24.3099261511962
PointerNet:batch_greedy_mean,50,245,0.938208114206791,1.1693258133687277,27.724125715696342,5.2653704253068785,69.51959228515625,55.66074416990642,LKH,24.898783374051188
PointerNet:batch_greedy_mean,50,246,0.930883494913578,1.261386566569276,15.898632828715737,3.987308970811735,72.39372253417969,56.69818019029657,LKH,27.682621013944438
PointerNet:batch_greedy_mean,50,247,0.8535680322162807,1.325736395825697,31.82574540764632,5.641431148888225,74.23341369628906,59.24404452301203,LKH,25.301056492614627
PointerNet:batch_greedy_mean,50,248,1.0194718194007875,1.2002349846604268,11.836930328364273,3.440484025302875,75.69296264648438,56.0719983951118,LKH,34.99244687716192
PointerNet:batch_greedy_mean,50,249,0.8052220712602138,1.41311910470356,43.454220630995565,6.591981540553308,73.93406677246094,61.29297832338945,LKH,20.624040134541218
PointerNet:batch_greedy_mean,50,250,0.911282198652625,1.3050306375298009,26.102155710361526,5.109026884873628,80.42149353027344,57.08628074475974,LKH,40.87709425290553
PointerNet:batch_greedy_mean,50,251,0.8620433528721333,1.3494634700058552,37.13705616586373,6.094018064123516,78.05853271484375,58.46658252075589,LKH,33.509655172906044
PointerNet:batch_greedy_mean,50,252,0.9085681468248368,1.1875668287109618,16.09787980245698,4.0122163204963135,77.74797821044922,55.926383861059584,LKH,39.01842537075524
PointerNet:batch_greedy_mean,50,253,0.9708088526129722,1.294105787409452,27.455347932822715,5.239785103687241,78.31108856201172,56.18111708394466,LKH,39.39040842673332
PointerNet:batch_greedy_mean,50,254,0.9720177938044071,1.3577715048719723,17.26988737866775,4.155705400851671,73.02047729492188,54.24120564655367,LKH,34.621781401279364
PointerNet:batch_greedy_mean,50,255,0.992727130651474,1.2203829261479577,35.555539630261826,5.962846604622815,76.98875427246094,55.74303814592166,LKH,38.11366734429362
PointerNet:batch_greedy_mean,50,256,0.8698465094715356,1.3432661647908168,26.569645840368334,5.154575233748008,87.9927978515625,57.77338589013582,LKH,52.30680441491368
PointerNet:batch_greedy_mean,50,257,1.000873633250594,1.2288775363889206,22.819409512431825,4.776966559693696,68.36991882324219,52.852286575692524,LKH,29.36038013289368
PointerNet:batch_greedy_mean,50,258,0.8054696649312973,1.4887110179366447,70.9534157111527,8.423385050628559,70.53106689453125,60.79010974380075,LKH,16.023917692834672
PointerNet:batch_greedy_mean,50,259,0.962828060388565,1.2589107938899817,14.10564934145936,3.7557488389746405,69.8598861694336,55.31174990845695,LKH,26.30207195587621
PointerNet:batch_greedy_mean,50,260,0.801999325454235,1.489499938884695,56.746756044396314,7.533044274687114,68.33821105957031,59.555175001833035,LKH,14.747729408010212
PointerNet:batch_greedy_mean,50,261,0.8277346097677946,1.523357064866676,51.36541456160272,7.166966901109752,73.5428237915039,57.742106812431494,LKH,27.36428899347092
PointerNet:batch_greedy_mean,50,262,0.9429316434264183,1.4038104551712396,21.844976708903648,4.673861006587985,80.72575378417969,58.862452397494934,LKH,37.14303515430018
PointerNet:batch_greedy_mean,50,263,0.9660109668690712,1.340746143820256,26.086294184521698,5.107474344969507,83.04591369628906,56.30745178978262,LKH,47.48654228987561
PointerNet:batch_greedy_mean,50,264,0.9618274809722789,1.2708468248404592,24.720270302999676,4.971948340741251,85.30486297607422,61.945332382581185,LKH,37.709912426043665
PointerNet:batch_greedy_mean,50,265,0.9854291109740734,1.2761802893860963,52.84384712197097,7.269377354489927,77.9256591796875,59.77273374441955,LKH,30.369909987532957
PointerNet:batch_greedy_mean,50,266,0.8811252288520336,1.3122207249694307,11.787892471187561,3.433350036216459,70.24919128417969,54.80871010645025,LKH,28.171582851960427
PointerNet:batch_greedy_mean,50,267,0.9330616128817201,1.321887176987421,16.27248517093282,4.033916852258215,75.67029571533203,59.78499854113468,LKH,26.570707638752523
PointerNet:batch_greedy_mean,50,268,0.9480349397473037,1.2518162307581904,14.64985474466954,3.8275128666889597,71.91293334960938,55.23658399446106,LKH,30.190768778932036
PointerNet:batch_greedy_mean,50,269,0.9542877873778344,1.0313315024734715,51.16205073728948,7.152765251096214,79.82162475585938,58.02255248119649,LKH,37.569998806459544
PointerNet:batch_greedy_mean,50,270,0.865570377856493,1.2868810421269228,62.596017795462295,7.911764518453661,66.05868530273438,52.832247614060876,LKH,25.03478138066833
PointerNet:batch_greedy_mean,50,271,0.9649133352935314,1.1806137772567673,6.7533268730089215,2.598716389490958,78.98219299316406,58.033492116677174,LKH,36.09760521453581
PointerNet:batch_greedy_mean,50,272,0.9627567568048835,1.2430218344944757,26.822866823177858,5.179079727439794,82.19927215576172,59.13154784712768,LKH,39.01085824485915
PointerNet:batch_greedy_mean,50,273,0.9188281887210905,1.2983828326034967,11.5607126765499,3.4001048037597164,74.06681823730469,54.37241310027909,LKH,36.221318889605264
PointerNet:batch_greedy_mean,50,274,1.0228380901366472,1.1923617017625683,7.2901452982605885,2.7000269069512233,78.3559799194336,58.74463629935473,LKH,33.3840582826015
PointerNet:batch_greedy_mean,50,275,0.9879672650247813,1.1006828617186333,13.396560542348974,3.6601312192801196,76.20953369140625,56.84722809070652,LKH,34.06024576924817
PointerNet:batch_greedy_mean,50,276,0.9501558002457022,1.2019900783853388,58.142686840824425,7.6251352014783595,82.16681671142578,57.719287727533526,LKH,42.35590899752247
PointerNet:batch_greedy_mean,50,277,0.944468577504158,1.2280189697793333,25.236005051335496,5.023545068110318,74.27167510986328,56.8061673715018,LKH,30.745794948883454
PointerNet:batch_greedy_mean,50,278,0.9022985980287195,1.464542390127763,35.36608223110587,5.94693889586112,78.4546127319336,54.726889463566465,LKH,43.3566086085771
PointerNet:batch_greedy_mean,50,279,0.9827988773584366,1.1628263185755405,22.360705574815942,4.728710773013712,78.83099365234375,58.185191147187304,LKH,35.48291601024408
PointerNet:batch_greedy_mean,50,280,0.904008862376213,1.2381303326178703,11.144526660358697,3.338341902855173,76.50375366210938,56.79595731910906,LKH,34.69929423369295
PointerNet:batch_greedy_mean,50,281,0.907830685377121,1.1478873992355427,36.05968714897541,6.004971869124401,82.50785064697266,57.77817556928059,LKH,42.80106603234509
PointerNet:batch_greedy_mean,50,282,0.9214148337906226,1.3111306987035412,33.039671727275156,5.748014590036734,84.5793228149414,58.08335076006373,LKH,45.61715484413042
PointerNet:batch_greedy_mean,50,283,0.8642137087881565,1.4632875496785718,35.35615307104877,5.946104024573466,81.44132995605469,61.97139415966067,LKH,31.417617854832248
PointerNet:batch_greedy_mean,50,284,1.0128176968975457,1.2730552565507771,19.742334346030937,4.443234671501263,73.1360092163086,51.23497543616191,LKH,42.746256036435646
PointerNet:batch_greedy_mean,50,285,0.833319363296032,1.4415186789823344,7.4996656233416275,2.7385517382992104,74.78931427001953,61.12835334360407,LKH,22.347994309002313
PointerNet:batch_greedy_mean,50,286,0.911516227722168,1.22715035685573,23.34993866827159,4.832177425164725,78.62952423095703,58.569903745197166,LKH,34.24902416269514
PointerNet:batch_greedy_mean,50,287,0.929149993956089,1.2206238075281688,20.32596778296267,4.50843296312174,72.26582336425781,57.84016782146198,LKH,24.940549251731415
PointerNet:batch_greedy_mean,50,288,0.9376385197043419,1.3032549610741804,65.83091764091144,8.113625431390794,77.42716217041016,56.55510744321156,LKH,36.9056937044223
PointerNet:batch_greedy_mean,50,289,0.967173343487084,1.2828077197146477,21.822038750801102,4.671406506695933,81.96315002441406,57.667720785702755,LKH,42.13003203125506
PointerNet:batch_greedy_mean,50,290,0.8846923396294005,1.4936432430123825,41.63494103267542,6.452514318672638,63.648284912109375,55.58300561443989,LKH,14.510333164808575
PointerNet:batch_greedy_mean,50,291,0.979353458173573,1.2994323953009568,16.83826461857881,4.103445457000594,76.65193176269531,57.19618390160659,LKH,34.01581457699703
PointerNet:batch_greedy_mean,50,292,0.8005823579337448,1.923461794686986,33.36231388271843,5.776011935818556,76.48389434814453,62.98191637040774,LKH,21.437864637730748
PointerNet:batch_greedy_mean,50,293,0.9948794098198414,1.2188576152232822,35.30922989395807,5.942157006841713,74.65702819824219,56.727055848897926,LKH,31.607443892564714
PointerNet:batch_greedy_mean,50,294,0.9580200427770614,1.3478693716088532,10.55643297847818,3.249066478002286,70.26342010498047,55.01941113114791,LKH,27.70660147106251
PointerNet:batch_greedy_mean,50,295,0.9382894356548787,1.3767238573383473,33.751682194316565,5.809619797742066,78.73114776611328,59.70441993567721,LKH,31.86820649281007
PointerNet:batch_greedy_mean,50,296,0.9886174389068038,1.3294410454260983,43.87382675610796,6.62373208667953,79.42924499511719,57.68043003588502,LKH,37.705708757201485
PointerNet:batch_greedy_mean,50,297,0.933266835892573,1.3286156579577872,14.472481024634968,3.8042714183710613,79.62311553955078,60.07798553610231,LKH,32.53293170374917
PointerNet:batch_greedy_mean,50,298,0.8041604578867555,1.559771751681383,49.549414225359556,7.039134479846195,77.6531982421875,59.8591382700937,LKH,29.72655552073644
PointerNet:batch_greedy_mean,50,299,0.9328917760308832,1.276583846402687,38.89118277689193,6.236279562118101,80.23240661621094,56.93695234688918,LKH,40.91447348181525
PointerNet:batch_greedy_mean,100,0,1.474535287618637,0.6934647259560207,123.60984194326328,11.117996309734199,118.52943420410156,76.59239912488744,LKH,54.75352066049513
PointerNet:batch_greedy_mean,100,1,1.4003123556077481,0.8058558032874091,29.5738273350836,5.438182355813714,102.5010986328125,78.99238972649096,LKH,29.76072630252082
PointerNet:batch_greedy_mean,100,2,1.5130889916419983,0.7181011226334171,127.74467730502546,11.302419090841813,125.38774108886719,74.76462501574541,LKH,67.70998458490304
PointerNet:batch_greedy_mean,100,3,1.453815595805645,0.773982157978874,63.86060750665445,7.991283220275355,114.37001037597656,79.28698493430731,LKH,44.24815178775817
PointerNet:batch_greedy_mean,100,4,1.5020228120684624,0.7560939640356947,100.06030356511278,10.00301472382765,102.22998046875,76.5680976990176,LKH,33.515110784921134
PointerNet:batch_greedy_mean,100,5,1.5019631456583737,0.7236747622082198,48.88212660911724,6.99157540251961,120.00482177734375,77.097834824903,LKH,55.652648417282876
PointerNet:batch_greedy_mean,100,6,1.4552682077884673,0.7352371407713246,228.77993975501883,15.12547320763945,132.21389770507812,81.13496231545253,LKH,62.95551748829416
PointerNet:batch_greedy_mean,100,7,1.5421732532978059,0.6555585821185248,72.43706637516945,8.510996790926987,118.89303588867188,75.57086812995858,LKH,57.326545044067146
PointerNet:batch_greedy_mean,100,8,1.4701168750226499,0.752643115190638,67.20777061920907,8.198034558307807,112.59881591796875,76.68429753396177,LKH,46.83425360726717
PointerNet:batch_greedy_mean,100,9,1.5163849867880344,0.6817122486658939,45.78281924389679,6.7663002626174364,118.01685333251953,75.70099615048237,LKH,55.89867945452066
PointerNet:batch_greedy_mean,100,10,1.4079882253706455,0.778046243041408,121.43018941543293,11.01953671509982,132.4925537109375,78.05708256402565,LKH,69.73802934828063
PointerNet:batch_greedy_mean,100,11,1.517289648205042,0.6998789967935523,70.16448122585685,8.376424131206397,126.62716674804688,80.8364783457859,LKH,56.64607036242578
PointerNet:batch_greedy_mean,100,12,1.546837604045868,0.6532209340427344,30.89470359043727,5.55830042283046,114.03842163085938,75.09932077525991,LKH,51.850137196483445
PointerNet:batch_greedy_mean,100,13,1.4236384708061813,0.8229787897556011,43.18005238555554,6.571153048404484,110.90650939941406,76.78383604888586,LKH,44.43991744408728
PointerNet:batch_greedy_mean,100,14,1.387567298412323,0.7797454997005966,76.65879383221962,8.755500775639256,102.33226013183594,76.62572637569133,LKH,33.54817627451519
PointerNet:batch_greedy_mean,100,15,1.5371363839134573,0.7287100115293381,94.35187415308067,9.713489288256856,114.683349609375,73.17619636795662,LKH,56.72220653927579
PointerNet:batch_greedy_mean,100,16,1.4924974203109742,0.6888718993967515,25.84170957965619,5.083474164354157,114.72581481933594,75.58726945637119,LKH,51.779281940532904
PointerNet:batch_greedy_mean,100,17,1.458125893175602,0.7822355036747121,123.95728734508523,11.133610705655432,112.3941421508789,77.6541830914892,LKH,44.736751680795365
PointerNet:batch_greedy_mean,100,18,1.5077283704280853,0.6475327002413444,43.36045954791408,6.5848659476039515,123.02896881103516,76.79829998821816,LKH,60.19751586937389
PointerNet:batch_greedy_mean,100,19,1.4301977396011352,0.681011220346516,82.2165980574354,9.06733687790607,114.64010620117188,79.55772140867059,LKH,44.09676920269091
PointerNet:batch_greedy_mean,100,20,1.4972433684766293,0.7134608090860013,33.06989232369482,5.75064277482916,128.02096557617188,79.06734922404874,LKH,61.91382009457026
PointerNet:batch_greedy_mean,100,21,1.4727301965653896,0.7592480606717291,105.86750400816804,10.289193554801466,116.00857543945312,72.69850124486445,LKH,59.57492032567615
PointerNet:batch_greedy_mean,100,22,1.431902863830328,0.7468143368492984,62.14384368854332,7.88313666560103,110.47496032714844,78.19497036370306,LKH,41.28141466555151
PointerNet:batch_greedy_mean,100,23,1.499594482034445,0.7846340697090384,66.69610535397732,8.166768354372328,122.15303802490234,83.87111011694915,LKH,45.643759638537276
PointerNet:batch_greedy_mean,100,24,1.5192142696678639,0.6943307020117215,109.06169472779422,10.443260732539153,124.70703887939453,80.63595031945674,LKH,54.65439222250207
PointerNet:batch_greedy_mean,100,25,1.4872078463435172,0.7033780963244816,97.74657656163672,9.886686834407,118.24518585205078,75.99184344056522,LKH,55.60247060532591
PointerNet:batch_greedy_mean,100,26,1.4122809284925462,0.8559030678496014,194.541261630532,13.947804903658927,122.7353744506836,81.87441664411385,LKH,49.906868935850106
PointerNet:batch_greedy_mean,100,27,1.4526560267619788,0.7688199904375697,51.98685425685926,7.210191000026231,123.87109375,80.78642767269484,LKH,53.33156486614573
PointerNet:batch_greedy_mean,100,28,1.4543574985861778,0.6812423750050336,70.56785465796969,8.400467526154106,111.51885223388672,78.70986538928439,LKH,41.683449313926744
PointerNet:batch_greedy_mean,100,29,1.467254006266594,0.6381581806043812,24.818590894609095,4.981826060252314,110.14479064941406,77.81101293024078,LKH,41.55424341816653
PointerNet:batch_greedy_mean,100,30,1.4295081251859665,0.7684943234890591,83.17764953998552,9.120178152864423,108.52323150634766,75.2348800770487,LKH,44.24590216028532
PointerNet:batch_greedy_mean,100,31,1.4821958777308464,0.6931292562432404,68.605807688632,8.282862288401999,116.43708038330078,72.90244338052199,LKH,59.716293424549804
PointerNet:batch_greedy_mean,100,32,1.3318703350424768,0.9081537964761464,60.57494000838556,7.782990428388407,107.6933822631836,78.5695015541169,LKH,37.06766637561883
PointerNet:batch_greedy_mean,100,33,1.4030107582360507,0.7771118436036863,57.13130372802774,7.558525234993116,121.42382049560547,80.30541590133586,LKH,51.20252990755709
PointerNet:batch_greedy_mean,100,34,1.4540884944796562,0.7653178372162976,36.73080868618995,6.060594746903141,126.88853454589844,78.23617780622608,LKH,62.186520486946094
PointerNet:batch_greedy_mean,100,35,1.5030866399407388,0.6822362614051498,40.36792236844303,6.3535755577818565,126.26457977294922,79.66381406919976,LKH,58.496779558244384
PointerNet:batch_greedy_mean,100,36,1.5424768401682376,0.6608344653904868,75.87823859952735,8.71081159247101,125.29330444335938,76.33927004131117,LKH,64.12693542334978
PointerNet:batch_greedy_mean,100,37,1.4033364616334438,0.7085010146973655,97.07601451296968,9.85271609826294,121.25261688232422,82.39156991119732,LKH,47.166290207859646
PointerNet:batch_greedy_mean,100,38,1.4866257537901402,0.6678409327453272,48.56626185601757,6.968949838822028,110.00402069091797,78.93793674201187,LKH,39.35507467143145
PointerNet:batch_greedy_mean,100,39,1.408483267724514,0.758706693581651,84.57723582374024,9.196588270861115,115.6894302368164,81.46271667708756,LKH,42.01518799747512
PointerNet:batch_greedy_mean,100,40,1.2773178044706583,0.8574603977152325,48.515630032127724,6.9653162191050395,109.21822357177734,80.33575288627233,LKH,35.95220016969606
PointerNet:batch_greedy_mean,100,41,1.471826286315918,0.6547397713475307,33.862583180046165,5.8191565694734635,119.18047332763672,78.41373411669531,LKH,51.98928436474196
PointerNet:batch_greedy_mean,100,42,1.3904587459564208,0.764420598404929,74.1858104784355,8.613118510646158,103.33427429199219,75.4448371185575,LKH,36.96666099180244
PointerNet:batch_greedy_mean,100,43,1.3447872087493307,0.9679769384880246,137.42965510311157,11.723039499341098,118.48609924316406,77.86282998806172,LKH,52.17286510306764
PointerNet:batch_greedy_mean,100,44,1.5045374521613122,0.6208957814070992,39.75019112944159,6.304775263991698,115.5113296508789,75.91931464647134,LKH,52.15012172959306
PointerNet:batch_greedy_mean,100,45,1.4379893957078458,0.7375710318675598,102.11031529124516,10.104964883226717,117.79898834228516,81.38719251883089,LKH,44.73897513423813
PointerNet:batch_greedy_mean,100,46,1.4385215900093318,0.8223128007085169,138.93565912697136,11.78709714590371,119.92906188964844,80.25084790964146,LKH,49.44273489132813
PointerNet:batch_greedy_mean,100,47,1.5622509971261025,0.6230099002998333,15.11994007471966,3.8884367134774944,118.4522933959961,77.56348458243633,LKH,52.716570218170325
PointerNet:batch_greedy_mean,100,48,1.6019858919084071,0.6235091904490084,41.30098021961767,6.426583868558604,113.01872253417969,76.51637383338479,LKH,47.70527780142737
PointerNet:batch_greedy_mean,100,49,1.4926389843970538,0.7629993167002204,99.19900692700283,9.959869824802071,117.01731872558594,77.02810397564369,LKH,51.915096810103044
PointerNet:batch_greedy_mean,100,50,1.472776882648468,0.6099547247303714,67.64516277864585,8.224667943366823,108.00582122802734,76.96541524544944,LKH,40.330330036663014
PointerNet:batch_greedy_mean,100,51,1.4736624331772328,0.7221352080843786,142.19347910615687,11.924490727329065,119.64752197265625,82.22619043806658,LKH,45.51023382601643
PointerNet:batch_greedy_mean,100,52,1.4820764604210854,0.7045708963986121,17.209022831622107,4.148375926989032,119.81299591064453,74.33689698882338,LKH,61.175675558072484
PointerNet:batch_greedy_mean,100,53,1.5179624025523664,0.7264903650349381,140.8140348232051,11.866508956858588,114.22244262695312,73.06239675725135,LKH,56.33547172898717
PointerNet:batch_greedy_mean,100,54,1.5562293821573256,0.646802764403891,48.80077885179063,6.985755424561515,111.4837417602539,78.91050266171003,LKH,41.27871195826191
PointerNet:batch_greedy_mean,100,55,1.456168897598982,0.7371683573733185,107.14211626835971,10.350947602435234,116.80561828613281,76.98231264274774,LKH,51.730461551854525
PointerNet:batch_greedy_mean,100,56,1.5013009318709374,0.6800357543578056,34.83472435692429,5.902094912564884,118.06304931640625,77.52727780898259,LKH,52.28581817008805
PointerNet:batch_greedy_mean,100,57,1.5003400790691375,0.7146464096824241,66.0900218229006,8.12957697687282,121.56392669677734,75.08534690553861,LKH,61.900998938862564
PointerNet:batch_greedy_mean,100,58,1.4846604779362678,0.7342249735482308,131.2407437002016,11.456035252224114,119.05744934082031,78.04891203654134,LKH,52.542099863069694
PointerNet:batch_greedy_mean,100,59,1.557522696852684,0.7247556506547944,69.08956538023448,8.312013316894678,122.52029418945312,76.05518679475821,LKH,61.093936328215456
PointerNet:batch_greedy_mean,100,60,1.4619351158849896,0.7627674143987692,143.53010752992694,11.98040514882226,120.4927749633789,73.88003114878661,LKH,63.09247991614828
PointerNet:batch_greedy_mean,100,61,1.472185190618038,0.7262058961856728,42.06302643575397,6.4856014706235205,113.77040100097656,76.7759069208394,LKH,48.1850303875677
PointerNet:batch_greedy_mean,100,62,1.4744118970632554,0.7341252288878534,96.92494424855974,9.845046685951253,112.77769470214844,76.7740199097492,LKH,46.89564885976133
PointerNet:batch_greedy_mean,100,63,1.467425195425749,0.7518622316495274,48.27327287251687,6.947897010788004,121.45519256591797,80.42650966503108,LKH,51.013879716734614
PointerNet:batch_greedy_mean,100,64,1.5447454641759395,0.5996551698213995,128.64130482670046,11.342015024972435,123.47418212890625,80.42784189478304,LKH,53.52169002674111
PointerNet:batch_greedy_mean,100,65,1.5512671831995248,0.6502252303737619,54.57916022695236,7.38777099177772,114.28208923339844,77.89706924637908,LKH,46.709100020102056
PointerNet:batch_greedy_mean,100,66,1.4799201446771622,0.6530056908468371,43.47127708252776,6.593275140817935,116.16211700439453,80.9167961588677,LKH,43.55748437732021
PointerNet:batch_greedy_mean,100,67,1.480933417081833,0.6448926664159784,56.9380296976935,7.545729235646712,113.60353088378906,75.89507560431072,LKH,49.684982825600564
PointerNet:batch_greedy_mean,100,68,1.470256434381008,0.6771913528759981,32.70007070616968,5.718397564542857,117.08395385742188,77.55531558342642,LKH,50.968315938930594
PointerNet:batch_greedy_mean,100,69,1.511730642914772,0.6378664977627847,105.15588632547748,10.254554418670637,119.3040542602539,78.2076278024798,LKH,52.54784937546848
PointerNet:batch_greedy_mean,100,70,1.478552006110549,0.7207548291837744,53.584256343897906,7.320126798348366,129.0471649169922,79.27326100884538,LKH,62.78775879119315
PointerNet:batch_greedy_mean,100,71,1.52137766122818,0.6321058157292181,123.74724030576606,11.12417369092042,113.66633605957031,79.64948409577488,LKH,42.70818869698103
PointerNet:batch_greedy_mean,100,72,1.5066393759846688,0.6834814317741837,35.14283434269332,5.928139197310849,123.30989074707031,78.57237386313,LKH,56.93797283237404
PointerNet:batch_greedy_mean,100,73,1.5626437148451806,0.5977906355609459,29.62536207856996,5.442918525806716,120.2790756225586,74.71728222604246,LKH,60.97892219724733
PointerNet:batch_greedy_mean,100,74,1.4359778071939946,0.7243216358508886,93.91481776447972,9.690965780791908,110.14849853515625,74.84582649204464,LKH,47.16718846957209
PointerNet:batch_greedy_mean,100,75,1.435568315833807,0.8107085375685595,42.0719139860969,6.486286609925351,112.36721801757812,76.10950007382088,LKH,47.63888595850688
PointerNet:batch_greedy_mean,100,76,1.4761870792508125,0.6967272970310706,48.49119082896447,6.96356164824901,127.52100372314453,77.97862186023177,LKH,63.53328730496431
PointerNet:batch_greedy_mean,100,77,1.5451361280679703,0.751627046906985,73.2428546292281,8.558203937113682,111.84535217285156,74.05463432846258,LKH,51.030861453952625
PointerNet:batch_greedy_mean,100,78,1.4945547200739384,0.7116599104451004,49.72475796732857,7.051578402551344,115.80725860595703,79.71832384014448,LKH,45.270563939829
PointerNet:batch_greedy_mean,100,79,1.4995231305807828,0.7082258255773713,68.06980177040083,8.250442519671344,109.57417297363281,78.01270688718199,LKH,40.45682728596177
PointerNet:batch_greedy_mean,100,80,1.5742603696137667,0.6442009281885427,58.71349346669012,7.66247306466327,115.8832015991211,75.85447489271449,LKH,52.77042226318436
PointerNet:batch_greedy_mean,100,81,1.513347793519497,0.6401351426670676,64.46552173839594,8.029042392365103,113.47076416015625,75.16201964618703,LKH,50.96822130951429
PointerNet:batch_greedy_mean,100,82,1.5422470718622208,0.6668403341274955,77.4584685923409,8.801049289280279,117.73165130615234,78.02063326373863,LKH,50.898097568851774
PointerNet:batch_greedy_mean,100,83,1.4805806219577788,0.6627688373331081,63.73911544845229,7.983678065181003,121.46226501464844,78.68474206319887,LKH,54.365715423062646
PointerNet:batch_greedy_mean,100,84,1.4870652025938034,0.7448684213983011,119.66624206748939,10.939206647078635,109.94589233398438,80.38198254307093,LKH,36.77927422985899
PointerNet:batch_greedy_mean,100,85,1.4766770365834236,0.7126224067810383,142.76694843790875,11.948512394348878,113.3636703491211,76.50188340179528,LKH,48.184156138645825
PointerNet:batch_greedy_mean,100,86,1.441355114877224,0.7057497498051752,230.09978736632215,15.16904042338612,115.38424682617188,78.30341918959171,LKH,47.35531094344479
PointerNet:batch_greedy_mean,100,87,1.3966434642672538,0.7833902497238229,112.82956807537157,10.622126344351754,114.90587615966797,79.23024308011166,LKH,45.027797079309465
PointerNet:batch_greedy_mean,100,88,1.5012245631869883,0.7736763639193533,63.84213136114587,7.99012711795913,123.47544860839844,76.8559318336519,LKH,60.65831961500449
PointerNet:batch_greedy_mean,100,89,1.3324195483326913,0.7911210565561673,78.14022902439385,8.839696206566934,116.97573852539062,78.60130055030993,LKH,48.82163234756983
PointerNet:batch_greedy_mean,100,90,1.4243733905255795,0.8149085888417626,130.493670298708,11.423382611937148,115.55569458007812,76.83105512144755,LKH,50.40232676411666
PointerNet:batch_greedy_mean,100,91,1.4210599796799943,0.8740331228309337,80.44347967467583,8.969028914808773,111.96821594238281,75.68359175232969,LKH,47.94252406623687
PointerNet:batch_greedy_mean,100,92,1.439005495980382,0.7758293513047508,113.66381891236418,10.661323506599178,107.58389282226562,75.68059672255036,LKH,42.1551857164587
PointerNet:batch_greedy_mean,100,93,1.5424726152420043,0.6320656313410769,97.35378125433773,9.866801977051011,113.69306182861328,77.50408824096071,LKH,46.69298666560764
PointerNet:batch_greedy_mean,100,94,1.5140598336607218,0.7196435723697386,59.20167736966234,7.69426262676693,119.32898712158203,75.3825746307759,LKH,58.297839661295455
PointerNet:batch_greedy_mean,100,95,1.538398978188634,0.702868655860111,53.13104456224422,7.289104510311553,124.62745666503906,78.86670023353932,LKH,58.022912453536705
PointerNet:batch_greedy_mean,100,96,1.5160185614228248,0.6935116552810123,129.21102024993962,11.367102544181591,127.56309509277344,79.68762918245109,LKH,60.07891864960332
PointerNet:batch_greedy_mean,100,97,1.446828850209713,0.678917011059307,26.484471278116825,5.146306566666703,114.82682800292969,76.71317298994305,LKH,49.68332494600799
PointerNet:batch_greedy_mean,100,98,1.4259347282350063,0.8454714656322376,98.40074451030766,9.919714940980294,109.7274169921875,77.04647442383639,LKH,42.417181075115344
PointerNet:batch_greedy_mean,100,99,1.5069157874584198,0.6511497679822879,107.61145146716207,10.37359395133442,116.96987915039062,76.95761961395908,LKH,51.99258986588231
PointerNet:batch_greedy_mean,100,100,1.3720883441716432,0.8039019471746441,77.52565231636893,8.80486526395316,109.27159881591797,77.15542169639173,LKH,41.625301778407874
PointerNet:batch_greedy_mean,100,101,1.428308266699314,0.7191233675737422,64.3333158845185,8.020805189288573,119.15544128417969,79.7356187083171,LKH,49.4381597765802
PointerNet:batch_greedy_mean,100,102,1.4834019567072392,0.7444415523636824,36.786760657796904,6.065209036611756,131.93106079101562,79.50307118722809,LKH,65.94460920927283
PointerNet:batch_greedy_mean,100,103,1.494585053920746,0.7111742752051592,38.269762404421726,6.186255927814636,116.34751892089844,76.13933681155173,LKH,52.80868443714418
PointerNet:batch_greedy_mean,100,104,1.4907187733054161,0.8004938739806101,69.50902027896414,8.337206983094767,124.76390838623047,80.45044845018742,LKH,55.08168169314885
PointerNet:batch_greedy_mean,100,105,1.4379220309108496,0.8522905584517794,34.094858598844375,5.839080287069564,115.85835266113281,76.88980946344539,LKH,50.681024533184306
PointerNet:batch_greedy_mean,100,106,1.3873967564105987,0.7828418124117762,73.96413666536897,8.600240500437703,114.38797760009766,78.83003883323947,LKH,45.10709279501817
PointerNet:batch_greedy_mean,100,107,1.4953644993901252,0.6531735372321947,27.36957090380463,5.231593533886652,126.55724334716797,78.76293835892703,LKH,60.68121121946932
PointerNet:batch_greedy_mean,100,108,1.4750773245096207,0.756707553310812,88.7300651451166,9.41966374904734,113.44364929199219,74.94555990677566,LKH,51.368072282206015
PointerNet:batch_greedy_mean,100,109,1.498387221097946,0.7210664433521105,62.15933136931922,7.884118934244918,131.732421875,78.4190451708311,LKH,67.98524081494358
PointerNet:batch_greedy_mean,100,110,1.547612779736519,0.6823590003866938,21.935185726161926,4.683501438684729,119.24501037597656,76.69990608370172,LKH,55.46956504202999
PointerNet:batch_greedy_mean,100,111,1.5926821125578134,0.6801067830702884,79.08014804234143,8.892701953981222,126.5715103149414,75.3063898240877,LKH,68.07539255381474
PointerNet:batch_greedy_mean,100,112,1.5385227143764495,0.7337218759291556,88.8651048301928,9.426828991245827,121.60636901855469,77.61119776881615,LKH,56.68662836616548
PointerNet:batch_greedy_mean,100,113,1.4648314765095711,0.6703966073484918,38.92204233905725,6.238753268006136,118.62918090820312,76.89827455100615,LKH,54.26767583649372
PointerNet:batch_greedy_mean,100,114,1.4966086433827877,0.7217153643188141,42.306738304865405,6.5043630206858385,128.68923950195312,80.24049736426923,LKH,60.3794140479218
PointerNet:batch_greedy_mean,100,115,1.523131477534771,0.6962291524801186,15.682750503894999,3.9601452629789984,110.57390594482422,78.87970049473111,LKH,40.18043330705873
PointerNet:batch_greedy_mean,100,116,1.4263813566416501,0.9134196425143147,55.91817515607628,7.477845622642679,110.162841796875,78.3562892246503,LKH,40.59221395877257
PointerNet:batch_greedy_mean,100,117,1.493206327855587,0.6584798611095702,120.39322183108865,10.972384509808643,115.93177032470703,75.8970005112182,LKH,52.74881687527476
PointerNet:batch_greedy_mean,100,118,1.4803374993801117,0.7135631295273988,93.93697553316754,9.692108931144322,124.03556060791016,79.14297414007285,LKH,56.723400852213636
PointerNet:batch_greedy_mean,100,119,1.5042835548520088,0.6839683501919933,29.127775150799348,5.397015392862925,115.83670806884766,75.93942227289327,LKH,52.53830566761608
PointerNet:batch_greedy_mean,100,120,1.4925881800055505,0.7114699676399436,29.63042021159416,5.443383158624254,113.73920440673828,77.20347445717452,LKH,47.32394520641744
PointerNet:batch_greedy_mean,100,121,1.5984951446112245,0.6201994228549231,31.77642964948316,5.637058599081897,121.61479949951172,76.81937043417885,LKH,58.31267401978377
PointerNet:batch_greedy_mean,100,122,1.619933461099863,0.6698468493149222,46.33578529246996,6.807039392604538,129.0810546875,77.55052561646673,LKH,66.44768512064283
PointerNet:batch_greedy_mean,100,123,1.4552629144489766,0.7144420264330915,13.457914509808448,3.6685030339102145,116.90594482421875,79.0613987504257,LKH,47.86728627614786
PointerNet:batch_greedy_mean,100,124,1.4730886298418044,0.7507804778033986,69.36211384054806,8.328392032112085,115.30448150634766,77.43849737532365,LKH,48.898139058016234
PointerNet:batch_greedy_mean,100,125,1.4180498909950257,0.6846988280990064,43.01225369127327,6.558372792947445,118.07365417480469,76.21841010988953,LKH,54.91487424700864
PointerNet:batch_greedy_mean,100,126,1.3483432759344578,0.8444017099918262,66.41509016486339,8.149545396208515,112.94886779785156,77.03104911592658,LKH,46.627715829069224
PointerNet:batch_greedy_mean,100,127,1.4859868431091308,0.6846239689230507,69.77221065373872,8.352976155463317,118.66798400878906,79.27921069375446,LKH,49.68360932248485
PointerNet:batch_greedy_mean,100,128,1.4576360216736794,0.75776812222675,87.6943861159262,9.364528077587584,123.78142547607422,79.25751542901001,LKH,56.17626266236383
PointerNet:batch_greedy_mean,100,129,1.5003231447935104,0.676979033790485,93.39747884389291,9.664237106150331,120.9546890258789,80.51755573620956,LKH,50.22151122191152
PointerNet:batch_greedy_mean,100,130,1.488831762485206,0.7544026972607017,73.6714906107893,8.5832098081539,117.54785919189453,77.4354626437322,LKH,51.80106785532214
PointerNet:batch_greedy_mean,100,131,1.4442877602577209,0.6240140186815559,102.71108522618623,10.134647760341068,115.9530029296875,77.62742034253155,LKH,49.371191800582885
PointerNet:batch_greedy_mean,100,132,1.499514121338725,0.7418572679723677,31.02276681386113,5.569808507826919,114.84927368164062,72.29908657533194,LKH,58.85300786196458
PointerNet:batch_greedy_mean,100,133,1.5200511982291938,0.7480614272084043,62.7596040909915,7.922095940531868,122.72513580322266,77.44120176748955,LKH,58.47524702895775
PointerNet:batch_greedy_mean,100,134,1.5035533420741558,0.6926659170963927,66.20469799356191,8.136626942017307,119.00352478027344,80.01680575188156,LKH,48.723163418048735
PointerNet:batch_greedy_mean,100,135,1.4558925542235375,0.8416361373643018,111.83777732907551,10.575338166180574,113.12374877929688,75.6332267926277,LKH,49.568851649634425
PointerNet:batch_greedy_mean,100,136,1.4697210359573365,0.6928007038473432,84.83748092794744,9.210726406095636,125.39265441894531,77.12878964605872,LKH,62.575680228313914
PointerNet:batch_greedy_mean,100,137,1.4706044229865074,0.7026045349742254,41.34774231065041,6.430221015692261,113.06524658203125,75.04209835709045,LKH,50.66908982742768
PointerNet:batch_greedy_mean,100,138,1.524158511571586,0.8143156353120053,80.47301717594723,8.970675402440289,113.85943603515625,80.76816655801788,LKH,40.970682989774254
PointerNet:batch_greedy_mean,100,139,1.5616134548187255,0.5946698330964844,56.2150895841099,7.497672277721259,122.95022583007812,77.46781684097841,LKH,58.71136020583031
PointerNet:batch_greedy_mean,100,140,1.4626294046640396,0.7111510978704366,28.635061363045015,5.3511738303894605,121.36167907714844,79.6178236302206,LKH,52.43028953014874
PointerNet:batch_greedy_mean,100,141,1.4437361344695092,0.74117271197118,49.29637381157128,7.021137643685051,113.3230209350586,78.44807367241125,LKH,44.456091309877785
PointerNet:batch_greedy_mean,100,142,1.5608511114120482,0.7032347781772273,73.39368998190223,8.567011729996768,117.33741760253906,79.695201719452,LKH,47.2327255229211
PointerNet:batch_greedy_mean,100,143,1.5412627840042115,0.687256612027995,22.83652448770473,4.778757630148732,122.28947448730469,79.40790493083762,LKH,54.00163824220762
PointerNet:batch_greedy_mean,100,144,1.5005113622546196,0.6936002002384818,104.56534997859205,10.225720022501694,112.36433410644531,73.80191021418466,LKH,52.251254446323244
PointerNet:batch_greedy_mean,100,145,1.5213725331425667,0.7188772065912746,266.6289761072176,16.32877754478937,109.9642105102539,71.07725582261675,LKH,54.710827306958784
PointerNet:batch_greedy_mean,100,146,1.535492140352726,0.6477330160026732,68.88397315164494,8.299636928905079,116.41682434082031,78.90187171645958,LKH,47.546340547121396
PointerNet:batch_greedy_mean,100,147,1.6041617155075074,0.722337608160761,50.818754589703914,7.128727417267679,119.22627258300781,74.39406769903344,LKH,60.26314499342378
PointerNet:batch_greedy_mean,100,148,1.439143568277359,0.7591437227828236,119.91972382847827,10.950786447944196,114.97550964355469,78.57163172969592,LKH,46.33208845540626
PointerNet:batch_greedy_mean,100,149,1.4308056038618089,0.7749708570999454,119.80058002348676,10.945345130396152,127.19721984863281,80.63759220615482,LKH,57.73935749897582
PointerNet:batch_greedy_mean,100,150,1.4372352370619774,0.7661496724003767,43.28955118821339,6.5794795529899925,112.33966827392578,79.07580822715965,LKH,42.06578572198672
PointerNet:batch_greedy_mean,100,151,1.4737826936971397,0.8469107578234427,60.385096469566406,7.770784803967126,120.52922058105469,74.17843972409838,LKH,62.48551604665029
PointerNet:batch_greedy_mean,100,152,1.4939661827683448,0.6350656013886441,23.331061947083192,4.830223798861001,106.83914184570312,74.524564610448,LKH,43.36097420249105
PointerNet:batch_greedy_mean,100,153,1.5154454654455185,0.6311840551115823,39.55306731166989,6.289122936600134,111.7125015258789,74.94614839733708,LKH,49.05702816590395
PointerNet:batch_greedy_mean,100,154,1.602630029320717,0.6178171766164081,55.85288018297457,7.473478452700227,119.87545013427734,77.2127909303276,LKH,55.253357235132306
PointerNet:batch_greedy_mean,100,155,1.4962498797476291,0.7390869176020434,44.96653616431128,6.705709221574648,107.01364135742188,75.26217581001549,LKH,42.18781241131892
PointerNet:batch_greedy_mean,100,156,1.4121224749088288,0.7912229313523268,116.10313093163738,10.775116283903268,118.1688003540039,79.80109390169595,LKH,48.07917357570528
PointerNet:batch_greedy_mean,100,157,1.4636982327699661,0.6853112953164342,73.46759138424973,8.571323782488312,112.98605346679688,78.53119968918693,LKH,43.87409579119683
PointerNet:batch_greedy_mean,100,158,1.5383900073170662,0.7137217284254389,28.710856307087756,5.358251235905961,115.79598236083984,73.15206175654242,LKH,58.294899118798284
PointerNet:batch_greedy_mean,100,159,1.5213990752398967,0.6871161936292551,80.49990906627148,8.97217415492318,117.60017395019531,75.67941194821469,LKH,55.392557794537076
PointerNet:batch_greedy_mean,100,160,1.4928921633958816,0.7189614052323131,38.23079807531085,6.183105859946994,107.07474517822266,72.16419965502699,LKH,48.37654361869415
PointerNet:batch_greedy_mean,100,161,1.5256515823304653,0.7745692660760034,49.73413742336078,7.052243431941411,113.72207641601562,74.03989395807083,LKH,53.59567705542233
PointerNet:batch_greedy_mean,100,162,1.4450109478831292,0.7477291957587591,96.29663701060329,9.813084989472133,108.32769012451172,78.21827209370993,LKH,38.494097638374065
PointerNet:batch_greedy_mean,100,163,1.552738047093153,0.6848328710634674,105.97683949645057,10.29450530605772,115.03753662109375,77.43127165254337,LKH,48.56728317378103
PointerNet:batch_greedy_mean,100,164,1.4698221862316132,0.6920847189292779,77.5927617882813,8.808675370808105,126.01573944091797,76.12874533476445,LKH,65.52977313205825
PointerNet:batch_greedy_mean,100,165,1.4845137570798397,0.7222327488683127,107.02116624379,10.345103491207325,117.91422271728516,77.56663009188745,LKH,52.016688848801216
PointerNet:batch_greedy_mean,100,166,1.510753406137228,0.7338666513225186,63.1188472163704,7.94473707660426,125.19158935546875,76.33712499391544,LKH,63.99830274646487
PointerNet:batch_greedy_mean,100,167,1.3491208048909902,0.8387464869350726,54.26266491777305,7.366319631795314,121.70830535888672,78.66567202700543,LKH,54.7159036753732
PointerNet:batch_greedy_mean,100,168,1.4993947851657867,0.662097926101351,62.9839034247049,7.936239879483539,115.28169250488281,79.93106884137175,LKH,44.226386780422764
PointerNet:batch_greedy_mean,100,169,1.3683184946328402,0.8778260827890985,108.37576864391134,10.410368324123375,110.88764953613281,77.2535899641139,LKH,43.53721242940648
PointerNet:batch_greedy_mean,100,170,1.421329963505268,0.7145933551383201,88.38327714052649,9.401238064240607,115.99005889892578,75.90472255793064,LKH,52.810068978780514
PointerNet:batch_greedy_mean,100,171,1.4565521742403507,0.7549336539785392,47.100262459675086,6.862963096190675,107.2877426147461,74.31964756974311,LKH,44.35986461596852
PointerNet:batch_greedy_mean,100,172,1.425922842603177,0.8616586365453004,96.65104695261758,9.83112643355875,111.8491439819336,75.38955328527962,LKH,48.36159535086805
PointerNet:batch_greedy_mean,100,173,1.5548524905741214,0.6583706745920095,102.52207744140277,10.125318634067906,114.10261535644531,73.60335079915657,LKH,55.02366959868466
PointerNet:batch_greedy_mean,100,174,1.480624920874834,0.64746866178579,25.02660311761833,5.00265960441227,112.79141235351562,72.60818912615215,LKH,55.34254980185176
PointerNet:batch_greedy_mean,100,175,1.561601795554161,0.6247324842266804,53.452806515360756,7.311142627206828,124.13453674316406,77.80248499332689,LKH,59.55086364376546
PointerNet:batch_greedy_mean,100,176,1.4433894643187524,0.755348363438411,38.8104229587599,6.229801197370579,121.96719360351562,77.37483549173542,LKH,57.63160312831064
PointerNet:batch_greedy_mean,100,177,1.485384534969926,0.7123699084370716,127.24555226567249,11.280317028597755,116.58041381835938,77.79072432378213,LKH,49.86415775372654
PointerNet:batch_greedy_mean,100,178,1.5142515063285829,0.6884173395656513,67.0555586574413,8.18874585375815,127.24893188476562,77.52018659811125,LKH,64.1494138094167
PointerNet:batch_greedy_mean,100,179,1.4557246020436287,0.7098505743336707,74.47210406641487,8.629722131471839,119.65321350097656,78.03406556693508,LKH,53.33458872310315
PointerNet:batch_greedy_mean,100,180,1.5308685100078583,0.7063756686917084,139.16830634729178,11.796961742215315,109.9950180053711,76.25252159499479,LKH,44.25099092407084
PointerNet:batch_greedy_mean,100,181,1.5174929174780845,0.7893240844491828,19.483652310669545,4.414029033736587,109.98129272460938,74.76751493882799,LKH,47.09769719455301
PointerNet:batch_greedy_mean,100,182,1.4038049206882715,0.8251665678680691,97.91218892223772,9.89505881348048,109.16233825683594,79.68089440549895,LKH,36.99938871331546
PointerNet:batch_greedy_mean,100,183,1.5558752296119929,0.6432037635546536,20.234091841249732,4.498232079522991,123.69606018066406,76.45958108192754,LKH,61.779672907339055
PointerNet:batch_greedy_mean,100,184,1.50441299110651,0.7243171497229998,101.2198702510774,10.060808628091353,118.78915405273438,78.13182848576857,LKH,52.03682846661063
PointerNet:batch_greedy_mean,100,185,1.5235420405864715,0.680159288409847,44.43966477317539,6.666308181683126,103.05792999267578,78.7395224136706,LKH,30.884626720549
PointerNet:batch_greedy_mean,100,186,1.4598823059350252,0.9131265700355284,136.16253151140566,11.668870190014356,107.45946502685547,78.65367538306866,LKH,36.6235773515902
PointerNet:batch_greedy_mean,100,187,1.511580716073513,0.642990401366691,67.82700933972376,8.235715472241848,126.00454711914062,78.68180452801458,LKH,60.14445509352397
PointerNet:batch_greedy_mean,100,188,1.4459034904837609,0.7096750993980625,92.13186330014756,9.598534435013898,109.24679565429688,76.16814196304888,LKH,43.42846344774341
PointerNet:batch_greedy_mean,100,189,1.4631932266056538,0.671729202154628,61.36615768032815,7.83365544814987,122.05458068847656,80.08774761930262,LKH,52.40106547716066
PointerNet:batch_greedy_mean,100,190,1.4987432283163071,0.7271336254906537,16.425831336728084,4.052879388376625,123.1827163696289,78.29579982635995,LKH,57.32991634649195
PointerNet:batch_greedy_mean,100,191,1.5692024988308548,0.6798802495974605,73.11061072649349,8.550474298335356,114.82698822021484,76.20897291635542,LKH,50.67384302140556
PointerNet:batch_greedy_mean,100,192,1.445533221513033,0.8086964895570048,48.208007259961676,6.943198633192174,114.01427459716797,79.4650523045808,LKH,43.47725357326112
PointerNet:batch_greedy_mean,100,193,1.4443520519603044,0.7973927974544808,34.643875117792184,5.885904783276075,112.08355712890625,75.3160041075608,LKH,48.81771604456965
PointerNet:batch_greedy_mean,100,194,1.4479613119363786,0.7043164649771819,88.65448276110395,9.415650947284735,122.87423706054688,80.65007867710673,LKH,52.354764032518986
PointerNet:batch_greedy_mean,100,195,1.4901364530622958,0.6965651094339783,212.60227947900563,14.580887472270184,104.22686767578125,75.9597458694495,LKH,37.213291701783575
PointerNet:batch_greedy_mean,100,196,1.4901157483458518,0.6787807092299252,78.04859986618956,8.83451186349249,126.78968811035156,77.32679176978851,LKH,63.966052655876695
PointerNet:batch_greedy_mean,100,197,1.421901534050703,0.7583063852190804,70.33841555085637,8.386800078149971,107.07330322265625,75.58926802882739,LKH,41.65146192687278
PointerNet:batch_greedy_mean,100,198,1.4850082418322563,0.6508588883711443,77.39857307411454,8.797645882513944,112.30036926269531,76.59769534671403,LKH,46.61063724486182
PointerNet:batch_greedy_mean,100,199,1.4282114524394274,0.8145640369506185,77.197945559879,8.786236142961274,116.98133850097656,80.17074893648577,LKH,45.915237231541276
PointerNet:batch_greedy_mean,100,200,1.4683625936508178,0.7653251189603387,25.458408921782354,5.045632658228535,121.31543731689453,77.92865611037536,LKH,55.6750024600292
PointerNet:batch_greedy_mean,100,201,1.5012751851230859,0.7212262983225567,86.00320176918679,9.27379112171429,120.15150451660156,79.43072124885167,LKH,51.26578561483047
PointerNet:batch_greedy_mean,100,202,1.4463143730163575,0.7496268898464131,36.43770164024635,6.036364935973168,112.44223022460938,80.06108258669893,LKH,40.44555305987099
PointerNet:batch_greedy_mean,100,203,1.3755221552401782,0.858566316394954,55.5385309846618,7.452417794559145,105.68033599853516,77.87359837404209,LKH,35.707528873819186
PointerNet:batch_greedy_mean,100,204,1.4846849125623702,0.6618607308259798,77.00170738985392,8.775061674418813,117.7351303100586,80.3108274773902,LKH,46.599324161121864
PointerNet:batch_greedy_mean,100,205,1.5093694531917572,0.6600071433960685,191.23478262047826,13.828766489476864,117.73757934570312,76.81293848068506,LKH,53.27831700555075
PointerNet:batch_greedy_mean,100,206,1.4787985554337502,0.6758063652163111,32.249111000150265,5.678830073188514,122.72212219238281,78.05101124288579,LKH,57.23322508978859
PointerNet:batch_greedy_mean,100,207,1.5013776989281178,0.7849772414477649,98.81224213149201,9.940434705358314,114.65689086914062,80.31517078104677,LKH,42.75869646310707
PointerNet:batch_greedy_mean,100,208,1.5001883468031882,0.6570030354451195,52.396563693361564,7.238547070604816,115.37858581542969,75.37089563001358,LKH,53.081086341084394
PointerNet:batch_greedy_mean,100,209,1.5015688967704772,0.7254553070467196,79.85647913705552,8.93624524826034,116.42766571044922,79.27170994851573,LKH,46.871646626602356
PointerNet:batch_greedy_mean,100,210,1.4941641772910952,0.7778016764094774,86.34446205174666,9.292172084703697,115.7470932006836,78.57467268105886,LKH,47.30840008778743
PointerNet:batch_greedy_mean,100,211,1.5049974021315575,0.6957595135892024,33.6666055968495,5.802293132620025,118.48632049560547,77.27917930594857,LKH,53.32243634021741
PointerNet:batch_greedy_mean,100,212,1.5380064290761948,0.6593649463744222,47.147420528311535,6.8663979296507085,121.1428451538086,78.83368665643515,LKH,53.66888229109576
PointerNet:batch_greedy_mean,100,213,1.5889939698576927,0.6116767836530663,54.93087532212326,7.411536637035755,125.80316162109375,79.35823345026226,LKH,58.52565783226618
PointerNet:batch_greedy_mean,100,214,1.4866002430021763,0.7691159686507851,78.08278855734912,8.836446602415991,117.39251708984375,79.33484689903494,LKH,47.97093796530885
PointerNet:batch_greedy_mean,100,215,1.53823676019907,0.6911623281254671,43.09433561797532,6.5646276069534455,114.4256362915039,75.30650681939348,LKH,51.94654635346356
PointerNet:batch_greedy_mean,100,216,1.558211571574211,0.6745460235195918,71.9053334086018,8.479701257037409,113.47300720214844,75.88853197218447,LKH,49.52589574896489
PointerNet:batch_greedy_mean,100,217,1.5171329027414322,0.668287397242564,130.61513873513076,11.428698033246427,123.96051788330078,80.60240113974295,LKH,53.792586983093074
PointerNet:batch_greedy_mean,100,218,1.5458535094559194,0.674039190726343,89.71159666402585,9.471620593331737,114.83609008789062,74.89262733053188,LKH,53.33430563341284
PointerNet:batch_greedy_mean,100,219,1.4848347820341588,0.7020504905459818,57.90885467261233,7.609786769194806,110.34173583984375,76.07612192980777,LKH,45.041220610129706
PointerNet:batch_greedy_mean,100,220,1.5053923508524896,0.6723619122596969,23.681522511188696,4.866366458785106,116.20201110839844,74.07769505880466,LKH,56.865046916152664
PointerNet:batch_greedy_mean,100,221,1.433502304404974,0.7779091767690531,115.0325605809917,10.725323332235336,120.81063842773438,78.70311562114337,LKH,53.50172286607538
PointerNet:batch_greedy_mean,100,222,1.479778153002262,0.6175142081853191,153.44284592877565,12.387204928020513,129.52883911132812,78.5612531633124,LKH,64.87623847097345
PointerNet:batch_greedy_mean,100,223,1.4430094100534916,0.7305920346163454,122.19318540261057,11.054102650265673,112.70144653320312,79.31596549096275,LKH,42.09175395594763
PointerNet:batch_greedy_mean,100,224,1.4446456321328878,0.8444003361909843,49.12680149476682,7.009051397640541,111.7658920288086,78.6839558940155,LKH,42.04406827149526
PointerNet:batch_greedy_mean,100,225,1.3503813765011727,0.9081132652068327,85.44107765567654,9.243434299851788,99.93518829345703,73.96513252410303,LKH,35.111213734243144
PointerNet:batch_greedy_mean,100,226,1.5060646685957908,0.7101366860052606,48.55579128266934,6.96819856797073,122.26951599121094,80.513555036436,LKH,51.86202613445461
PointerNet:batch_greedy_mean,100,227,1.4977383142709733,0.6381133016060773,25.775883760737038,5.076995544683592,115.67923736572266,79.96691708082035,LKH,44.65886842781353
PointerNet:batch_greedy_mean,100,228,1.454613361855736,0.8657500245955138,16.080131274351604,4.010003899543192,100.90762329101562,76.27441404813517,LKH,32.29550767487372
PointerNet:batch_greedy_mean,100,229,1.3859507638216018,0.7989914129355346,121.3886133727449,11.017650083967311,120.94367218017578,81.40695956940567,LKH,48.56674763422657
PointerNet:batch_greedy_mean,100,230,1.4783863136172295,0.6948744440597038,90.08131339302736,9.491117605057234,113.41036987304688,78.7650876474088,LKH,43.985582014111834
PointerNet:batch_greedy_mean,100,231,1.5427201694250108,0.61686843295033,76.35596891478157,8.738190253981745,124.34416198730469,76.9312273410781,LKH,61.63028497650139
PointerNet:batch_greedy_mean,100,232,1.36628831371665,0.8297466020155718,117.28970628222267,10.830037224415374,121.5586166381836,75.80488476023827,LKH,60.35723426354236
PointerNet:batch_greedy_mean,100,233,1.4841063421964646,0.7221332127575698,81.21650069516032,9.012019789989385,116.34785461425781,79.59045414926793,LKH,46.18317718862769
PointerNet:batch_greedy_mean,100,234,1.441006708741188,0.7069900322881949,66.21868077319289,8.137486145806509,113.770263671875,78.64931433165557,LKH,44.65512463607529
PointerNet:batch_greedy_mean,100,235,1.4816577351093292,0.7568279182293182,72.41815840387004,8.509885921906946,114.46171569824219,74.78290853988527,LKH,53.05865729626487
PointerNet:batch_greedy_mean,100,236,1.4912446081638335,0.7727722682937077,21.073299206498113,4.590566327426074,110.83378601074219,76.22065909747529,LKH,45.41173918346949
PointerNet:batch_greedy_mean,100,237,1.564336922466755,0.6546241609461028,58.88911159307143,7.673924132611127,127.13020324707031,78.95863144551056,LKH,61.008620488569385
PointerNet:batch_greedy_mean,100,238,1.4857548406720162,0.7307698618724402,32.99709101341681,5.744309446175128,121.9333267211914,80.24263482935977,LKH,51.95578632293058
PointerNet:batch_greedy_mean,100,239,1.4575587649643422,0.6945397189269776,60.74167823426855,7.79369477425621,117.45193481445312,78.89877252674715,LKH,48.864083753186684
PointerNet:batch_greedy_mean,100,240,1.4449892338179051,0.7991762545009382,175.7227579010079,13.256046088521565,104.268310546875,76.55102398933772,LKH,36.20759738158151
PointerNet:batch_greedy_mean,100,241,1.5554076869785787,0.6742185180700584,72.14857014908726,8.494031442671217,115.85829162597656,77.50729818026188,LKH,49.48049325177122
PointerNet:batch_greedy_mean,100,242,1.4855685716867446,0.6682361624471456,49.85819086156788,7.061033271523926,112.40259552001953,78.11820062757084,LKH,43.887845107825534
PointerNet:batch_greedy_mean,100,243,1.4981960132718086,0.6895590342560403,58.79200096152397,7.667594209497786,109.91293334960938,74.1516227240463,LKH,48.22727987848362
PointerNet:batch_greedy_mean,100,244,1.483942847251892,0.6677164702022685,26.44979350695687,5.14293627288506,116.80084228515625,77.50883730947226,LKH,50.693580680099004
PointerNet:batch_greedy_mean,100,245,1.490720570385456,0.7437171008708487,33.54197485845362,5.7915433917440025,115.18745422363281,78.66626714055528,LKH,46.42547359953419
PointerNet:batch_greedy_mean,100,246,1.4542871533334256,0.7028752323129055,160.82087514018355,12.681517067771646,127.39472961425781,76.19584891933872,LKH,67.193792602952
PointerNet:batch_greedy_mean,100,247,1.5164544616639615,0.6801067067953397,85.22758928946158,9.231878968523231,122.47374725341797,78.79487315108545,LKH,55.433649875392696
PointerNet:batch_greedy_mean,100,248,1.4288394486904143,0.7145170921189723,130.58463198221946,11.427363299651388,116.4714126586914,82.18854930661848,LKH,41.71245707741454
PointerNet:batch_greedy_mean,100,249,1.5337459743022919,0.6354374162792622,29.209493559992755,5.404580794103531,110.01351165771484,80.10644656981218,LKH,37.33415520040435
PointerNet:batch_greedy_mean,100,250,1.5005249348282814,0.7549847553601429,167.16662980067014,12.929293476469244,129.8723602294922,82.3268681879866,LKH,57.75209611148985
PointerNet:batch_greedy_mean,100,251,1.4429644733667373,0.7273157197761843,58.20752566980593,7.629385667916253,117.78497314453125,77.5219327370775,LKH,51.93761170017446
PointerNet:batch_greedy_mean,100,252,1.46451417863369,0.6653211784534523,121.03161854173287,11.00143711256547,113.8169174194336,78.7808921710861,LKH,44.472744954780175
PointerNet:batch_greedy_mean,100,253,1.5010870072245597,0.746431794760841,70.07536350788061,8.37110288479843,116.6884994506836,79.42483288796676,LKH,46.91689640100264
PointerNet:batch_greedy_mean,100,254,1.51745190680027,0.6721578475460026,58.26089347000344,7.632882382822588,129.63099670410156,81.27147896592399,LKH,59.503676263174754
PointerNet:batch_greedy_mean,100,255,1.460249863564968,0.6632815207098388,44.55968248136776,6.675303924269498,118.993896484375,81.16456408816524,LKH,46.608187724777956
PointerNet:batch_greedy_mean,100,256,1.5596470408141614,0.6871965448040196,39.109947541968374,6.253794651407126,124.554443359375,76.05558393461183,LKH,63.76765112533968
PointerNet:batch_greedy_mean,100,257,1.4384662513434887,0.806617360758827,107.77371181330435,10.381411841040906,120.27953338623047,84.4020453034146,LKH,42.50784202425531
PointerNet:batch_greedy_mean,100,258,1.491799186244607,0.6961195775517721,83.72349522018928,9.150054383455284,117.891357421875,80.18128591708164,LKH,47.03101362553689
PointerNet:batch_greedy_mean,100,259,1.4490867294371128,0.8047269813995688,26.089656503432042,5.107803491074421,112.74297332763672,77.76153124145993,LKH,44.98553658563479
PointerNet:batch_greedy_mean,100,260,1.5783940518833697,0.741644201811023,49.337876438164685,7.024092570443864,124.60333251953125,74.82505579480608,LKH,66.52621397467838
PointerNet:batch_greedy_mean,100,261,1.4362904727458954,0.7015639268154793,57.637814164339424,7.59195720248339,114.52165222167969,80.57983014352881,LKH,42.12198265706654
PointerNet:batch_greedy_mean,100,262,1.5011059936881066,0.803061718929229,66.58095781881919,8.159715547665812,112.50348663330078,76.03188336422748,LKH,47.96882788547752
PointerNet:batch_greedy_mean,100,263,1.4861375990509986,0.6890460433015803,28.192551012173265,5.309665809839002,117.34143829345703,76.22237959022296,LKH,53.94617555144974
PointerNet:batch_greedy_mean,100,264,1.5033413667231799,0.6838848215095403,142.6523240453709,11.943714834395992,121.733642578125,77.0504630058157,LKH,57.992097424432934
PointerNet:batch_greedy_mean,100,265,1.5148099367320538,0.6313409306510784,51.197765598625544,7.1552613927532756,120.92166137695312,76.94202579783766,LKH,57.1594458594973
PointerNet:batch_greedy_mean,100,266,1.4670255221426487,0.6555378283037671,64.279548221921,8.017452726516135,124.95220184326172,78.80355112106555,LKH,58.56163848669483
PointerNet:batch_greedy_mean,100,267,1.4871191000938415,0.749841475872597,55.09151418883513,7.42236580807192,116.75497436523438,74.61716951912788,LKH,56.471995812310446
PointerNet:batch_greedy_mean,100,268,1.3276733674900607,0.9096094963173798,83.66694493893378,9.146963700536576,109.5980224609375,73.97103428119647,LKH,48.163431167269025
PointerNet:batch_greedy_mean,100,269,1.4906109631061555,0.6084577767073148,41.84426172578425,6.468714070492237,118.36978149414062,75.10213825454406,LKH,57.61173282836411
PointerNet:batch_greedy_mean,100,270,1.4761451551318168,0.6755590813975616,16.310747727965577,4.038656673693071,133.31436157226562,79.94309732361272,LKH,66.76156670863524
PointerNet:batch_greedy_mean,100,271,1.457584930062294,0.7176054929810353,71.7580120604344,8.471010096820473,114.26702117919922,77.80282720917374,LKH,46.8674407833421
PointerNet:batch_greedy_mean,100,272,1.4294576026871801,0.9034181744497641,236.2650451539211,15.370915560041345,108.13194274902344,79.36642606414394,LKH,36.243936021046494
PointerNet:batch_greedy_mean,100,273,1.3875727120414376,0.8324375181707996,119.38193115999043,10.926203876918573,119.7795181274414,82.61414277262921,LKH,44.98669853308145
PointerNet:batch_greedy_mean,100,274,1.4942437376827002,0.7340953997602121,220.1932709278322,14.838910705568392,114.67448425292969,79.92173778871926,LKH,43.483471988663005
PointerNet:batch_greedy_mean,100,275,1.4931027011573315,0.6578544509730829,51.866971949928576,7.201872808508115,115.41400146484375,79.88709593828158,LKH,44.47139442145853
PointerNet:batch_greedy_mean,100,276,1.479429204761982,0.7261556741604959,60.16258135072541,7.756454173830037,114.83258056640625,75.54326136939176,LKH,52.00903228799908
PointerNet:batch_greedy_mean,100,277,1.5024186888337134,0.5849419432082452,59.44135214793773,7.709821797417741,114.48163604736328,77.15276835450913,LKH,48.383056744421395
PointerNet:batch_greedy_mean,100,278,1.5723493076860904,0.6941877368235078,32.67544646217753,5.716244087001318,115.84864044189453,69.64803804012614,LKH,66.33439175293202
PointerNet:batch_greedy_mean,100,279,1.448783672749996,0.7748599073359784,29.128880595471077,5.397117804483341,116.76876831054688,76.7985481824044,LKH,52.04554132092329
PointerNet:batch_greedy_mean,100,280,1.4562235844135285,0.7353899172846426,57.262844824364734,7.567221737491557,119.14128875732422,77.43773122306474,LKH,53.85431220102445
PointerNet:batch_greedy_mean,100,281,1.4928970334492624,0.7614334997787708,76.23418689649345,8.731219095664331,121.13265991210938,77.90477003184075,LKH,55.488116918387384
PointerNet:batch_greedy_mean,100,282,1.4454751344770194,0.8586452511357634,43.579520039208894,6.601478625217906,105.61518096923828,74.54872526799753,LKH,41.67268533373172
PointerNet:batch_greedy_mean,100,283,1.529409030303359,0.6654827684329372,136.81803890763618,11.69692433538134,115.98236083984375,77.70659320711694,LKH,49.256782536724614
PointerNet:batch_greedy_mean,100,284,1.4843497815728188,0.6968251781507862,74.77918315304571,8.647495773519967,122.1438217163086,76.891570408561,LKH,58.8520315911109
PointerNet:batch_greedy_mean,100,285,1.4888304591178894,0.7156119805872199,35.7020155840532,5.97511636573324,123.06123352050781,75.53796198732368,LKH,62.913097312791145
PointerNet:batch_greedy_mean,100,286,1.4230537500232459,0.8308728540008755,33.40169452060018,5.7794199121192245,103.64933013916016,77.01211271852708,LKH,34.58834783300896
PointerNet:batch_greedy_mean,100,287,1.384361243993044,0.8174698073800079,107.91327897231425,10.388131640112876,110.9743881225586,75.170687288241,LKH,47.62987026715451
PointerNet:batch_greedy_mean,100,288,1.570825160536915,0.6985321144988048,48.964186546169785,6.997441428562999,121.90229797363281,78.34893738751241,LKH,55.58896143122693
PointerNet:batch_greedy_mean,100,289,1.5259975919127464,0.6958777883834447,50.93433402772145,7.136829410019652,116.45721435546875,79.37968141623256,LKH,46.70909769065174
PointerNet:batch_greedy_mean,100,290,1.4951954665780067,0.6563840164054837,80.5582678689449,8.975425776471269,116.4042739868164,76.01388243592322,LKH,53.13554610888443
PointerNet:batch_greedy_mean,100,291,1.4684906904399395,0.6737477596071532,85.3237641608589,9.237086345859224,120.45866394042969,76.01105861874626,LKH,58.475182597603656
PointerNet:batch_greedy_mean,100,292,1.5211675673723222,0.7392283937962485,69.35714585622824,8.328093770859466,118.56675720214844,75.17211919133909,LKH,57.72703826581629
PointerNet:batch_greedy_mean,100,293,1.4356953981518745,0.7060821582822443,131.68158769883854,11.475259809644335,131.14862060546875,80.76612888413563,LKH,62.38071877087257
PointerNet:batch_greedy_mean,100,294,1.4810590321570636,0.6712686283125519,12.150040993123723,3.485690891792289,113.69842529296875,78.83501994154803,LKH,44.223246695783274
PointerNet:batch_greedy_mean,100,295,1.427232575416565,0.8257270464077321,102.36171655368375,10.117396728095807,109.89280700683594,76.3739030798591,LKH,43.88790224840067
PointerNet:batch_greedy_mean,100,296,1.4584445372223853,0.7800858154840558,53.55051875692857,7.3178219954388455,121.6739730834961,80.88820142757697,LKH,50.4223989853904
PointerNet:batch_greedy_mean,100,297,1.5525114265084268,0.7314000926864784,46.035413123352,6.784940170948599,111.54942321777344,77.29534118208475,LKH,44.315842988513744
PointerNet:batch_greedy_mean,100,298,1.4528366616368293,0.7575262073360709,57.56764961804611,7.5873348165245815,111.28314971923828,79.38623621091848,LKH,40.17940014636041
PointerNet:batch_greedy_mean,100,299,1.4040786202996969,0.701073924674687,44.65953959068275,6.682779331287451,111.37396240234375,80.19525237152703,LKH,38.878498550478504
PointerNet:greedy_rollout,20,0,0.45758963357366156,2.6523466297470994,18.372052143345226,4.286263191096089,40.851993560791016,39.445846761063315,LKH,3.564752477606076
PointerNet:greedy_rollout,20,1,0.4637839466107835,3.075679019941623,1.9355642925721495,1.3912455903154373,45.55411911010742,41.63034232309461,LKH,9.425281100405654
PointerNet:greedy_rollout,20,2,0.4088592967164004,3.3983352990003555,3.502608205614763,1.8715256358422567,45.28172302246094,40.63032912192404,LKH,11.448083244856152
PointerNet:greedy_rollout,20,3,0.48828818686306474,3.1732461118045774,14.709236906923753,3.835262299624858,41.21094512939453,37.57168724294053,LKH,9.686171033316574
PointerNet:greedy_rollout,20,4,0.3817742541898042,3.179859055265341,13.681959810685928,3.6989133283554954,40.13663101196289,37.43443608278576,LKH,7.218473715488232
PointerNet:greedy_rollout,20,5,0.5203496941365302,2.786593547871828,8.264708710957084,2.8748406409672667,41.12458801269531,35.58554652250102,LKH,15.565424818449575
PointerNet:greedy_rollout,20,6,0.4162916657216556,3.2225891014543935,5.800533596756163,2.408429695207266,42.869258880615234,39.79916561500838,LKH,7.713963893879012
PointerNet:greedy_rollout,20,7,0.5075335218571126,2.530046248346508,3.4937685231044164,1.8691625191792223,45.094200134277344,36.296617418277854,LKH,24.23802365553022
PointerNet:greedy_rollout,20,8,0.479331164902942,2.896411370661356,14.678811371125352,3.831293694188081,37.37980270385742,33.889131932152694,LKH,10.300266110956107
PointerNet:greedy_rollout,20,9,0.42975184446549974,2.987042455004064,2.00933231508768,1.4175091940046385,46.61969757080078,39.11829524625137,LKH,19.176199467097828
PointerNet:greedy_rollout,20,10,0.5508820819326502,2.7352506426984577,3.9252681296098317,1.9812289442691453,43.17641067504883,38.227316912042994,LKH,12.946484772638305
PointerNet:greedy_rollout,20,11,0.4163979355012998,3.3585327440673525,3.4506979141089205,1.8576054247629985,47.85118865966797,41.48357994111619,LKH,15.34970879463699
PointerNet:greedy_rollout,20,12,0.3961814328620676,3.2626100521754386,2.263552427441777,1.504510693694723,41.513763427734375,38.57460052073992,LKH,7.619425392141628
PointerNet:greedy_rollout,20,13,0.6042006097384729,2.3441642038386816,3.6449447044761145,1.9091738277265677,39.75733947753906,33.03954977917388,LKH,20.332570338472546
PointerNet:greedy_rollout,20,14,0.34268097882159054,3.107104971167657,5.733105749165924,2.3943904755001686,42.89537048339844,37.824488532087486,LKH,13.40634638591132
PointerNet:greedy_rollout,20,15,0.5051628029083076,3.304920941473147,11.727774961911134,3.4245839107709326,42.18877029418945,38.1747226200707,LKH,10.514936058784428
PointerNet:greedy_rollout,20,16,0.4407678503821444,3.405529624258147,0.2816524025158782,0.5307093390132476,42.02491760253906,37.824809107959105,LKH,11.104110221923552
PointerNet:greedy_rollout,20,17,0.4504437462062924,3.870376775929705,3.3739616324115898,1.836834677485045,43.887996673583984,39.57330230235629,LKH,10.903043517221931
PointerNet:greedy_rollout,20,18,0.6031113048675707,2.312936549797473,11.093532220480304,3.3306954559791717,45.0614013671875,38.12759197781405,LKH,18.185804635677343
PointerNet:greedy_rollout,20,19,0.46064484829730645,3.1375998490313495,7.2337986379098655,2.689572203513017,40.13760757446289,39.64568542534513,LKH,1.2407961770369114
PointerNet:greedy_rollout,20,20,0.33733609069677184,3.4958643541996395,3.745782117428799,1.9354023141013341,37.295738220214844,36.39975113883352,LKH,2.4615197998577147
PointerNet:greedy_rollout,20,21,0.4936818754809792,3.0312431309691363,1.8154273413069382,1.3473779504307386,44.825927734375,40.7467469229792,LKH,10.011058843805124
PointerNet:greedy_rollout,20,22,0.40274276601849124,2.838052513258539,3.6572503537108156,1.912393880378939,45.603858947753906,39.06293381606297,LKH,16.744582376967436
PointerNet:greedy_rollout,20,23,0.3992313667957205,2.7995373837586888,1.5753638934416474,1.2551350100453924,43.63622283935547,39.761909650645954,LKH,9.743780474202083
PointerNet:greedy_rollout,20,24,0.484104101259436,3.0828963387875716,7.287276994317003,2.6994956925909332,43.50920486450195,39.427248971194764,LKH,10.353133936099457
PointerNet:greedy_rollout,20,25,0.488682184811114,3.258051886000318,6.252989718706642,2.500597872251083,48.64246368408203,41.47627281653101,LKH,17.27780820434479
PointerNet:greedy_rollout,20,26,0.5865466174611356,2.6647143739618064,9.563893648113508,3.0925545505477356,47.08922576904297,36.39886265585691,LKH,29.37004712004616
PointerNet:greedy_rollout,20,27,0.4459869342856109,2.4275952528211113,4.138362075732668,2.034296457189234,49.93464660644531,41.40348732924301,LKH,20.604929264440962
PointerNet:greedy_rollout,20,28,0.4618582560913637,2.888028811824765,10.678843619625082,3.267849999560121,39.825714111328125,35.7395420418846,LKH,11.433196498866101
PointerNet:greedy_rollout,20,29,0.5762100424420055,3.001545265441533,6.354485884695963,2.520810561048958,39.46251678466797,37.994626417421316,LKH,3.863415713369392
PointerNet:greedy_rollout,20,30,0.40333707848039924,3.2113326024914293,5.334478515956312,2.3096490027613097,38.51573181152344,38.13561102019929,LKH,0.9967607208989177
PointerNet:greedy_rollout,20,31,0.4077307070838231,3.6461992089508515,2.9803783066099396,1.7263772202534242,44.12571716308594,39.38070168416627,LKH,12.049088198008135
PointerNet:greedy_rollout,20,32,0.38141696723760105,3.0547222034132586,8.77572559193679,2.962385118774531,37.91092300415039,37.28925138783028,LKH,1.667160356356746
PointerNet:greedy_rollout,20,33,0.3738385436881799,3.3254747659507813,4.960349812632614,2.2271842790017655,39.90668487548828,38.79885379719711,LKH,2.855319087728312
PointerNet:greedy_rollout,20,34,0.42759963881057955,3.658569256186091,3.735508430790003,1.9327463441408972,45.330718994140625,42.40876617026756,LKH,6.8899736722866995
PointerNet:greedy_rollout,20,35,0.432188777060901,2.8602274588801477,2.327324357507437,1.5255570646512824,39.35004425048828,37.061919791701534,LKH,6.1737882755309315
PointerNet:greedy_rollout,20,36,0.44289637573529034,3.260263971079836,4.976410890595096,2.230787056308848,43.53202438354492,39.44644071758812,LKH,10.357293564727504
PointerNet:greedy_rollout,20,37,0.35929827775398737,3.098453842601331,12.412437803388048,3.523128979101964,43.67074966430664,41.34720363561077,LKH,5.619596549196113
PointerNet:greedy_rollout,20,38,0.4998680874239653,2.442410962440503,18.314769900848155,4.2795759019847,40.82190704345703,35.04989703628269,LKH,16.467979923590985
PointerNet:greedy_rollout,20,39,0.4434998077340424,3.19738043469301,5.028901436570847,2.242521223215256,44.888450622558594,40.09383910578751,LKH,11.958474478137433
PointerNet:greedy_rollout,20,40,0.4078864806564525,3.04080441947135,3.327425034608607,1.824123086474322,49.5761604309082,44.55709531162905,LKH,11.264345407114586
PointerNet:greedy_rollout,20,41,0.4899055449117441,2.5955049233087477,2.8214669667168737,1.6797222885694152,48.22496795654297,39.81330413046176,LKH,21.12777125585344
PointerNet:greedy_rollout,20,42,0.6937443875707686,2.0454231611053713,5.207231455868609,2.2819359009114626,37.08598709106445,32.71466491089337,LKH,13.361965320682579
PointerNet:greedy_rollout,20,43,0.5017597551457584,2.501139130213894,10.798075476947051,3.2860425251276117,45.95477294921875,39.28726386111449,LKH,16.97117190872533
PointerNet:greedy_rollout,20,44,0.5351068548192416,2.8144418327293383,8.323830826804038,2.885104994069373,44.41672897338867,42.83514693038665,LKH,3.692253106012041
PointerNet:greedy_rollout,20,45,0.4110329582501436,3.04981053654664,3.022787389478414,1.7386165159339808,47.59391784667969,45.35785699190635,LKH,4.929820328972634
PointerNet:greedy_rollout,20,46,0.3270646327058785,3.3828145716365854,9.154448320477295,3.0256318878008432,31.998823165893555,31.998824143702855,LKH,-3.0557663488017806e-06
PointerNet:greedy_rollout,20,47,0.45678442664793695,2.977588722938724,12.113011131636577,3.480375142371376,34.14020538330078,32.53938867850935,LKH,4.919627472438332
PointerNet:greedy_rollout,20,48,0.503865567972673,2.9398911980068805,4.685585669546733,2.1646213686339544,43.22304916381836,37.789206840708474,LKH,14.3793500245056
PointerNet:greedy_rollout,20,49,0.5543276300908474,2.478155151191886,21.413936956967298,4.6275195252929295,42.0931396484375,37.197020245434224,LKH,13.162665640144263
PointerNet:greedy_rollout,20,50,0.435471524411696,2.9812224676823855,1.4039990550161985,1.1849046607285325,40.32649612426758,36.11339837006568,LKH,11.66630099728893
PointerNet:greedy_rollout,20,51,0.3207306305412203,3.371395478422747,1.3431456155579464,1.1589415928155942,43.689964294433594,41.75648185699529,LKH,4.630376773742475
PointerNet:greedy_rollout,20,52,0.4219271623063833,2.63761186713807,5.575056704703513,2.361155798481649,40.855796813964844,36.88449425123274,LKH,10.766861911355551
PointerNet:greedy_rollout,20,53,0.33612667005363617,3.27861588702174,3.5833892218583863,1.892984210673292,41.060028076171875,39.80337466256497,LKH,3.1571529405741225
PointerNet:greedy_rollout,20,54,0.6300887761186231,2.807143588612219,12.871924307167072,3.5877464106548937,38.51845169067383,34.897386631108,LKH,10.376321579157917
PointerNet:greedy_rollout,20,55,0.5362612649019866,2.4734921502495504,6.620393065721307,2.57301244958537,38.57583236694336,35.261023813739,LKH,9.400772282490522
PointerNet:greedy_rollout,20,56,0.5128635706962086,2.8331531880302716,5.22907190764352,2.2867164029768796,35.97738265991211,32.88778726887316,LKH,9.394354706140762
PointerNet:greedy_rollout,20,57,0.46172216935074173,3.5292987826466216,5.669890314434623,2.3811531480429022,38.829734802246094,38.432919063873996,LKH,1.032489199461029
PointerNet:greedy_rollout,20,58,0.5342797412507935,2.7455693936326426,3.7989183574747267,1.9490814137625772,45.206939697265625,40.19463853546779,LKH,12.470073981073314
PointerNet:greedy_rollout,20,59,0.5042484326877457,2.846489094349425,5.504603512951391,2.34618914688296,39.508094787597656,35.943944259563054,LKH,9.915858154844383
PointerNet:greedy_rollout,20,60,0.6176816391875036,2.1764441176058993,15.64003474611154,3.9547483796205722,42.9818115234375,36.714333086918515,LKH,17.070930913224505
PointerNet:greedy_rollout,20,61,0.45090378868044356,2.861202478377198,3.7894269435244206,1.9466450481596331,47.67792892456055,43.21280101635838,LKH,10.332882394066235
PointerNet:greedy_rollout,20,62,0.29907299076439814,3.358535719034318,4.302499207962358,2.074246660347404,41.06386947631836,40.72537957599564,LKH,0.8311522295110374
PointerNet:greedy_rollout,20,63,0.5299252225498862,2.8442467206696573,7.0924249263976265,2.663160702323017,42.170108795166016,38.54876115359813,LKH,9.394199795782209
PointerNet:greedy_rollout,20,64,0.47111289005019896,3.6474291235663094,1.104343202841216,1.050877349095134,43.212303161621094,40.01914550615226,LKH,7.979075052909206
PointerNet:greedy_rollout,20,65,0.33296406792942435,2.785618814304601,12.131032873969298,3.482963231785443,37.471214294433594,37.47121031325554,LKH,1.0624631605461771e-05
PointerNet:greedy_rollout,20,66,0.558611328183224,2.850413327093733,4.827580191560506,2.1971755031313513,43.75896453857422,36.38524615801476,LKH,20.265682272800053
PointerNet:greedy_rollout,20,67,0.41808053414861207,3.1688294433553055,2.4790859448888836,1.5745113352684648,41.208534240722656,40.29937935632123,LKH,2.256002198849787
PointerNet:greedy_rollout,20,68,0.6362286669246922,3.4366806651858264,9.768603040428612,3.125476450147819,48.04422378540039,42.61593799853003,LKH,12.737689328949187
PointerNet:greedy_rollout,20,69,0.4593242168950383,2.3991823886900874,3.909050825588823,1.9771319696946947,37.91526794433594,36.100052671987285,LKH,5.028289816754791
PointerNet:greedy_rollout,20,70,0.4462343698146604,3.394336807450908,19.300697353533014,4.393255894383232,43.15935134887695,39.552651225419616,LKH,9.118731644313618
PointerNet:greedy_rollout,20,71,0.4968436875817133,3.478458238499968,1.3570052853004066,1.1649056980289891,48.273216247558594,44.46811510917667,LKH,8.556920231585623
PointerNet:greedy_rollout,20,72,0.6579914013651432,2.3944166749855076,3.305591434836967,1.8181285528908475,49.263702392578125,38.668897875462505,LKH,27.39877549972427
PointerNet:greedy_rollout,20,73,0.5030633779275376,3.3380693418343896,15.208256223708364,3.899776432528968,39.303428649902344,37.19206203814564,LKH,5.676928075650121
PointerNet:greedy_rollout,20,74,0.4398993838149181,2.863971481084935,15.39545892661783,3.9237047450869476,39.56941223144531,37.93383189002754,LKH,4.31166655179845
PointerNet:greedy_rollout,20,75,0.4521761733448564,3.6484206483416544,5.510803719256771,2.3475101105760485,46.53605651855469,39.51721991260082,LKH,17.761463537863335
PointerNet:greedy_rollout,20,76,0.5355775557472953,2.5736348967288167,7.541954356504213,2.7462618878221017,49.84717559814453,40.46657305231616,LKH,23.181114283388677
PointerNet:greedy_rollout,20,77,0.48767870640367617,2.786761701813986,16.945549032670485,4.116497179966298,50.96360397338867,39.09368507748879,LKH,30.362752634785256
PointerNet:greedy_rollout,20,78,0.4165876919796574,2.993822697480961,2.8899759090522106,1.6999929144123544,39.49545669555664,35.84249627553569,LKH,10.191702028617586
PointerNet:greedy_rollout,20,79,0.3644082426209934,2.953922517795544,6.054012377380905,2.460490271750918,42.312042236328125,40.47957360018665,LKH,4.526897082070618
PointerNet:greedy_rollout,20,80,0.4932681405764015,3.0301472451843856,4.073199472978208,2.0182169043435865,42.77146530151367,41.65765005594731,LKH,2.673735182062554
PointerNet:greedy_rollout,20,81,0.5161786253448554,3.349310290909751,5.214551948284874,2.283539346778346,39.810203552246094,37.06136007550772,LKH,7.417006475579849
PointerNet:greedy_rollout,20,82,0.5040539177287429,3.379702287234206,1.649713500272237,1.2844117331573381,47.96363067626953,43.62173606324271,LKH,9.953511723448957
PointerNet:greedy_rollout,20,83,0.39999198896694,3.575540134112142,7.6059338659802345,2.757885760139501,47.015403747558594,40.88483347494852,LKH,14.994729711609253
PointerNet:greedy_rollout,20,84,0.46746685251855524,2.9173819975690116,1.4687289088983813,1.2119112627987172,38.37324523925781,35.45047568355611,LKH,8.244655394165692
PointerNet:greedy_rollout,20,85,0.5152232884776708,2.775425794700881,6.767314300639853,2.6014062159993108,42.9981689453125,39.01301930761819,LKH,10.214922373147676
PointerNet:greedy_rollout,20,86,0.5549027287900798,2.506889550860481,2.2483908430898305,1.4994635184257836,41.38084411621094,34.58015803667168,LKH,19.66644013693413
PointerNet:greedy_rollout,20,87,0.5332455564088378,3.0544716569849926,8.57989821925432,2.9291463294370117,42.48744583129883,39.3568044438638,LKH,7.954511123738177
PointerNet:greedy_rollout,20,88,0.3319547412538668,3.490977641833801,2.212348562479435,1.487396572027593,42.16545867919922,41.32315028286846,LKH,2.038345069446357
PointerNet:greedy_rollout,20,89,0.4662790791489897,3.0748447419009044,2.9258364339905976,1.710507653882495,45.814754486083984,39.36987271933705,LKH,16.370085351028933
PointerNet:greedy_rollout,20,90,0.3404045319679426,3.6347053784204943,13.064098895824745,3.614429262805505,43.37070083618164,39.89134398752102,LKH,8.72208479551115
PointerNet:greedy_rollout,20,91,0.4691862024541479,2.9630218693053,6.724119188580745,2.593090663393925,47.10654067993164,41.80351813334048,LKH,12.685589116389995
PointerNet:greedy_rollout,20,92,0.3575547066517174,2.927945964728441,1.5563421602274958,1.2475344324817235,37.77436065673828,36.380008917402904,LKH,3.832741609550208
PointerNet:greedy_rollout,20,93,0.3893449026159942,2.7056670798310254,4.604287371983817,2.1457603249160466,35.94508361816406,35.0721588393028,LKH,2.4889393973747582
PointerNet:greedy_rollout,20,94,0.5356507227302245,3.203993396364754,11.79331847254954,3.4341401358345207,33.690975189208984,31.691288624691378,LKH,6.309893511113357
PointerNet:greedy_rollout,20,95,0.41201183036901057,2.9893435090783744,7.909519625199059,2.8123868199803277,40.95417022705078,39.039897015355,LKH,4.903376694213269
PointerNet:greedy_rollout,20,96,0.5499132102093427,2.6071103992944784,10.356921961386458,3.2182172023321325,36.61890411376953,32.657911579480405,LKH,12.128738007784595
PointerNet:greedy_rollout,20,97,0.46061755451373754,2.7220053456748636,1.5596984497456619,1.2488788771316703,47.2615852355957,42.40629479523784,LKH,11.449456887950285
PointerNet:greedy_rollout,20,98,0.42807003010530026,2.8733840543705282,11.114225045026188,3.3338003906992073,39.40807342529297,36.38062611082314,LKH,8.321592116770017
PointerNet:greedy_rollout,20,99,0.39925514396163636,3.147533319952727,12.126064637849225,3.4822499390263797,44.53068542480469,42.68761673465816,LKH,4.317572240218649
PointerNet:greedy_rollout,20,100,0.49209163471896317,2.842586662968263,6.116772809864704,2.4732110322139325,41.25920867919922,36.78744434022861,LKH,12.155680882894458
PointerNet:greedy_rollout,20,101,0.401225833944045,3.0339054318926717,8.167589717971437,2.857899529019772,43.378662109375,41.46670615086292,LKH,4.61082187612409
PointerNet:greedy_rollout,20,102,0.5876195215765619,2.0922166968539093,10.069267617526247,3.173210931773406,40.60893249511719,36.94061913753739,LKH,9.93029744282825
PointerNet:greedy_rollout,20,103,0.562011574756616,2.8873878841294505,12.810159270794694,3.5791282836459906,40.454734802246094,37.411838077025216,LKH,8.133513031238994
PointerNet:greedy_rollout,20,104,0.4579333490999261,3.4534903730974555,1.541646723236392,1.2416306710275773,48.756690979003906,43.00831557909788,LKH,13.36573014428806
PointerNet:greedy_rollout,20,105,0.5075621075928212,2.6762511284194015,4.228181391834456,2.056254213815611,34.210933685302734,30.02615030243613,LKH,13.93712927137076
PointerNet:greedy_rollout,20,106,0.538643302201308,2.845275099907871,10.62783783471941,3.2600364775136197,38.102943420410156,33.66815237510885,LKH,13.172065386575774
PointerNet:greedy_rollout,20,107,0.549543775555503,2.574742710064297,0.7617957125346758,0.8728090928345532,43.73594284057617,36.21853785621706,LKH,20.7556832200191
PointerNet:greedy_rollout,20,108,0.5130094512816357,3.110722291309592,8.266565209058186,2.875163509969161,39.98834991455078,36.31110246680636,LKH,10.127060865491377
PointerNet:greedy_rollout,20,109,0.6042360326740891,1.748264502532931,3.8364950701584855,1.958697289056807,44.72444152832031,34.764219025978974,LKH,28.650787451598315
PointerNet:greedy_rollout,20,110,0.5179585603240412,2.4935607781824776,6.373416010836996,2.52456253850781,42.77133560180664,38.378373072033455,LKH,11.446453244716524
PointerNet:greedy_rollout,20,111,0.46782916055526585,2.8195822284879113,10.307540427280932,3.210535847375159,43.63446044921875,38.39085954411031,LKH,13.658461851013382
PointerNet:greedy_rollout,20,112,0.4790181023301557,2.9039338367124756,9.455585182670712,3.074993525630698,42.2374267578125,39.153564087554,LKH,7.87632682266794
PointerNet:greedy_rollout,20,113,0.4804769200098235,2.804790863646379,5.958525852782813,2.4410091873614106,40.06928634643555,36.83633177991606,LKH,8.776537755809235
PointerNet:greedy_rollout,20,114,0.5248709484043502,2.881845424084762,5.371779576605171,2.317709985439328,48.588600158691406,39.123119592420736,LKH,24.19408437997977
PointerNet:greedy_rollout,20,115,0.5008635418969789,2.8896859280360476,1.4160488059068117,1.1899784896824024,44.6248664855957,40.77486574652258,LKH,9.442092986906928
PointerNet:greedy_rollout,20,116,0.4487982383929193,2.389723818574382,9.493174402695393,3.081099544431402,30.05548667907715,29.647538121431012,LKH,1.375994714890836
PointerNet:greedy_rollout,20,117,0.37452472532189207,3.7868788467007652,1.8767438620881527,1.369943014175463,45.48594284057617,44.437069356693556,LKH,2.360357015138363
PointerNet:greedy_rollout,20,118,0.5239563765295315,2.5335807944765882,3.6240130273708653,1.9036840671106288,41.87827682495117,38.011953609831686,LKH,10.171335193146906
PointerNet:greedy_rollout,20,119,0.47603937848471106,2.345941255162536,4.050652146659812,2.0126232003680697,34.60800552368164,31.416215065466723,LKH,10.159691266321232
PointerNet:greedy_rollout,20,120,0.48601357297102366,2.684264618886176,6.967072142204811,2.6395211956346953,48.39169692993164,37.733505794428744,LKH,28.245960482888794
PointerNet:greedy_rollout,20,121,0.5791579617201933,2.5072274457330606,7.683207987155892,2.771860023009079,35.26985168457031,29.566176472402645,LKH,19.291216831812978
PointerNet:greedy_rollout,20,122,0.4055424095124181,3.468453648755917,4.3715171881217225,2.090817349297093,43.95319366455078,41.897117855790064,LKH,4.9074397332955755
PointerNet:greedy_rollout,20,123,0.5967500556609593,2.3906230898020486,12.879426540179248,3.5887917939299916,42.893402099609375,34.0491351574673,LKH,25.975011997338342
PointerNet:greedy_rollout,20,124,0.6108289075119501,2.8541560690515375,3.9309727528142084,1.9826680894224853,48.377960205078125,40.79383644605434,LKH,18.59134717337264
PointerNet:greedy_rollout,20,125,0.47414621252391953,3.087491755142466,3.078700128061228,1.7546225030077631,45.323116302490234,37.2705047827086,LKH,21.605855801334865
PointerNet:greedy_rollout,20,126,0.5045459296026366,2.84861449426266,3.866788212450193,1.9664150661674136,38.19517517089844,36.782863690104854,LKH,3.8395908831141843
PointerNet:greedy_rollout,20,127,0.5094501928804676,2.6480301526690218,5.620895630443059,2.370842810150656,49.76587677001953,37.84461320696383,LKH,31.500555965154003
PointerNet:greedy_rollout,20,128,0.3002209696685895,3.0520100652379765,10.123285036525814,3.181711023415831,38.23374557495117,38.04211805982085,LKH,0.5037246212973439
PointerNet:greedy_rollout,20,129,0.433100382774137,2.7173459082975646,9.123393096323998,3.0204955050991216,46.76626968383789,40.665983219775036,LKH,15.000956526968737
PointerNet:greedy_rollout,20,130,0.5879137706477195,3.2398303234954304,1.7960993505233909,1.3401863118698798,44.7894287109375,35.40794505339771,LKH,26.495419723996527
PointerNet:greedy_rollout,20,131,0.48427530777426,2.924865385813367,7.286003678528674,2.6992598390167393,41.38148880004883,37.59160783997474,LKH,10.081720835691268
PointerNet:greedy_rollout,20,132,0.3766212857910432,2.8108586548434373,4.275461527516214,2.067718918885305,34.767948150634766,32.00955847252061,LKH,8.617393709076504
PointerNet:greedy_rollout,20,133,0.6020783439918886,2.756336217813773,3.266568207850216,1.8073649902137132,38.413551330566406,35.68667308224862,LKH,7.641166891721833
PointerNet:greedy_rollout,20,134,0.5072950977912114,2.882069988977915,6.270385121489279,2.5040737052829094,41.065059661865234,35.49813563018727,LKH,15.68229974011341
PointerNet:greedy_rollout,20,135,0.38551948878448455,3.924490526808719,5.377385999127719,2.3189191445860544,44.331607818603516,43.737012447790136,LKH,1.3594787058744855
PointerNet:greedy_rollout,20,136,0.49378083218562097,2.9345637969155773,5.311805237222643,2.304735394187941,34.844268798828125,31.756305981550522,LKH,9.723935835205829
PointerNet:greedy_rollout,20,137,0.45304173789836566,3.0811045533898573,4.428981986599653,2.1045146677083655,40.78562927246094,37.44538667259209,LKH,8.920304733596764
PointerNet:greedy_rollout,20,138,0.3667617178463843,3.2821802530015534,5.700022411531413,2.3874719708368124,40.718223571777344,38.434967795855734,LKH,5.940568984079656
PointerNet:greedy_rollout,20,139,0.42137041713431245,3.163951714868654,1.7619674051055898,1.3273912027377572,47.61038589477539,37.930891039772256,LKH,25.51876475786911
PointerNet:greedy_rollout,20,140,0.4660520661823284,3.5335166405655594,10.67778369634871,3.2676878211280695,42.13641357421875,38.41091178438265,LKH,9.699071479346761
PointerNet:greedy_rollout,20,141,0.3505407314747572,3.2123031812230556,2.0960355195508957,1.4477691527142356,42.431339263916016,41.840559221357694,LKH,1.411979317563126
PointerNet:greedy_rollout,20,142,0.5803581776097417,2.1486607404559677,4.940112481250826,2.2226363807988982,33.3863410949707,30.599368747651102,LKH,9.107940658199158
PointerNet:greedy_rollout,20,143,0.40795233638200445,2.980927782647997,4.835565943551832,2.1989920289877887,42.227882385253906,39.217053081852775,LKH,7.677347140584503
PointerNet:greedy_rollout,20,144,0.4071689820892061,3.3357566431957486,4.910879139494092,2.216050346786844,44.524131774902344,39.083429219982044,LKH,13.920739974727322
PointerNet:greedy_rollout,20,145,0.5325856835541345,2.7060095346074595,5.193676244798962,2.2789638533331242,48.75139617919922,41.36363036966405,LKH,17.86053531450501
PointerNet:greedy_rollout,20,146,0.3627020688611083,3.583189463251496,1.8257102270150696,1.351188449852599,39.23779296875,38.147035846182554,LKH,2.8593496149101187
PointerNet:greedy_rollout,20,147,0.5248298402600995,3.122509246119872,2.894377459594343,1.7012870009479126,43.00099563598633,37.49284260433942,LKH,14.691212106199151
PointerNet:greedy_rollout,20,148,0.4670072410724401,3.473615564676515,7.774908797840451,2.7883523446366048,41.78337478637695,38.32257698089964,LKH,9.030702207740909
PointerNet:greedy_rollout,20,149,0.49306184160523114,2.710248591015474,6.5777957258139645,2.5647213739145163,37.14989471435547,34.93545773296369,LKH,6.33865168825976
PointerNet:greedy_rollout,20,150,0.6800016560517179,2.68317759662804,9.099990346531461,3.016619025752417,43.68606948852539,37.954006392407024,LKH,15.102656190902438
PointerNet:greedy_rollout,20,151,0.5023264337454748,3.052933225733324,2.469848620516831,1.5715752035829629,37.51274108886719,34.63971678926489,LKH,8.29401786706487
PointerNet:greedy_rollout,20,152,0.5231313261171635,3.0592726780037536,0.9477245784424362,0.973511468059024,41.31193161010742,36.92408540340104,LKH,11.88342557105619
PointerNet:greedy_rollout,20,153,0.4555040493607521,2.391785577750503,3.192885290968316,1.7868646537911919,35.17938995361328,33.49980202855021,LKH,5.013724927782098
PointerNet:greedy_rollout,20,154,0.49724861136055554,2.642591640646873,5.267682596763798,2.295143262797292,38.71461486816406,36.77715843656227,LKH,5.268097139543166
PointerNet:greedy_rollout,20,155,0.5164149580865341,2.693830498024871,11.39648461960029,3.375867980179363,40.16585922241211,36.51708679437741,LKH,9.991959239740074
PointerNet:greedy_rollout,20,156,0.4442568101687357,3.1597165013825945,2.3672049431805258,1.5385723717721327,38.789581298828125,35.4785489672657,LKH,9.332490837258728
PointerNet:greedy_rollout,20,157,0.5891533824498765,2.434947307163424,8.995880912915034,2.9993134069174956,44.71684646606445,35.90752578307742,LKH,24.533354751885224
PointerNet:greedy_rollout,20,158,0.43940013963438107,3.193847527546267,3.1470884802738914,1.7740035175483422,38.45753479003906,33.708734461703145,LKH,14.087744331461275
PointerNet:greedy_rollout,20,159,0.5208070957596647,2.6990147494237253,3.8228434617007587,1.955209314037952,39.30103302001953,38.08393267125497,LKH,3.1958368356301734
PointerNet:greedy_rollout,20,160,0.3745785840670578,2.9383187341332198,2.9766375856969733,1.7252934781355238,45.7899169921875,44.22131767252096,LKH,3.547156444506546
PointerNet:greedy_rollout,20,161,0.4586994121753378,2.757297808201373,2.4724381263636537,1.57239884455683,40.73207092285156,34.496904348950764,LKH,18.074568404252897
PointerNet:greedy_rollout,20,162,0.47886418322596,2.962847839874935,2.419307732827161,1.5554123995992706,44.545597076416016,38.766745780047195,LKH,14.906722708056474
PointerNet:greedy_rollout,20,163,0.4138270081667542,3.4382330506119843,14.792737007450118,3.8461327339874942,39.44634246826172,37.8916634897603,LKH,4.102957841693996
PointerNet:greedy_rollout,20,164,0.4329792807577178,3.18964827236654,3.2308237760186542,1.7974492415694676,41.54454803466797,39.165361227704935,LKH,6.074721979788702
PointerNet:greedy_rollout,20,165,0.38292747036903163,2.9887405511196343,4.1139677918202695,2.0282918408898336,41.82740783691406,39.44948063463391,LKH,6.02777822173025
PointerNet:greedy_rollout,20,166,0.5751118405100897,2.767938314715345,2.390716569159259,1.5461942210341038,48.063697814941406,39.97937722531249,LKH,20.221226919238802
PointerNet:greedy_rollout,20,167,0.4310019274489605,3.420629363338441,3.1069862005649567,1.7626645173046847,47.01422119140625,39.690089756701234,LKH,18.45330025606308
PointerNet:greedy_rollout,20,168,0.4052973065379774,3.011969807140811,1.1900786547110247,1.0909072621955658,46.06415557861328,42.41197000310689,LKH,8.611214181371093
PointerNet:greedy_rollout,20,169,0.4738236655946821,3.0542746327488426,4.43071516156945,2.104926402886678,40.882720947265625,37.871399331696686,LKH,7.951440054259088
PointerNet:greedy_rollout,20,170,0.40655878698453307,2.6456521226074643,0.6151819642477404,0.784335364654521,37.878318786621094,33.929009923907095,LKH,11.63991779179867
PointerNet:greedy_rollout,20,171,0.7123282852200645,2.0182236692351503,14.784125981471021,3.8450131315082685,43.277931213378906,33.271908905742954,LKH,30.073484319707443
PointerNet:greedy_rollout,20,172,0.4983398183208919,2.424145390568032,4.59607745910511,2.143846416865049,34.85536575317383,31.426045819046614,LKH,10.91234943738541
PointerNet:greedy_rollout,20,173,0.41465115007631537,3.9844316762897294,3.419384123565798,1.8491576794761981,46.7203254699707,41.98837558920031,LKH,11.269666459751024
PointerNet:greedy_rollout,20,174,0.45694635761901736,2.5362132249860636,4.111991512666335,2.027804604163413,36.53872299194336,33.50165527428504,LKH,9.06542585073248
PointerNet:greedy_rollout,20,175,0.502589039204031,3.4321743641891986,4.239991959029762,2.0591240756762965,46.01948547363281,39.10824740337031,LKH,17.672073102582715
PointerNet:greedy_rollout,20,176,0.5497913478975534,2.3158640379235216,5.658492387907004,2.3787585812576704,39.24989318847656,36.17793924639409,LKH,8.491235283360313
PointerNet:greedy_rollout,20,177,0.38992982511408625,3.1639926005135037,2.58840355242018,1.608851625358964,39.98564529418945,36.9537253061702,LKH,8.204639621307711
PointerNet:greedy_rollout,20,178,0.5091264964496076,2.485532992882451,4.542481546292627,2.1313098194051063,39.502037048339844,36.43143499617516,LKH,8.428441131915488
PointerNet:greedy_rollout,20,179,0.4085563960717991,2.8103225311331292,2.288160829540996,1.51266679395728,42.04125213623047,39.663446148328035,LKH,5.9949556047405315
PointerNet:greedy_rollout,20,180,0.4572256024410308,2.9690074626270198,4.787952153461554,2.188138970326509,39.38492965698242,37.330421738529246,LKH,5.503575429293074
PointerNet:greedy_rollout,20,181,0.3617707779747434,3.3137945546685366,2.046534524679008,1.430571397966214,43.693050384521484,41.495221774466984,LKH,5.296582392064423
PointerNet:greedy_rollout,20,182,0.3888995110435644,3.2396524485051805,1.9981904634582561,1.4135736498174605,33.23093795776367,32.58944098317443,LKH,1.968419694343462
PointerNet:greedy_rollout,20,183,0.5188972917484534,3.2315791289912417,3.647710664208014,1.9098980769161515,43.356204986572266,38.11017819946556,LKH,13.765421824189412
PointerNet:greedy_rollout,20,184,0.3931411247631786,3.3672504451849243,6.4268670998212745,2.5351266437441096,47.750335693359375,45.84002011477938,LKH,4.167353272962653
PointerNet:greedy_rollout,20,185,0.46069450049835725,2.539978949605589,7.0084661518388724,2.6473507799003277,46.08369445800781,40.48403059562553,LKH,13.831784483898069
PointerNet:greedy_rollout,20,186,0.5175839570947118,2.952769273922736,6.063613100978439,2.462440476636631,43.8023681640625,40.5911491528734,LKH,7.911131067255786
PointerNet:greedy_rollout,20,187,0.5898652428426431,2.5312056523036053,5.4621932763157375,2.3371335597940774,40.65117645263672,34.6722062803785,LKH,17.244273767607943
PointerNet:greedy_rollout,20,188,0.43225662173023804,3.3250359584552323,8.082685364597946,2.843006395454985,40.80546188354492,37.45803547269553,LKH,8.936470822901137
PointerNet:greedy_rollout,20,189,0.3881452515772935,3.5797872147022303,7.978153379285743,2.8245625111308374,44.64860534667969,43.03782926909288,LKH,3.742698237672424
PointerNet:greedy_rollout,20,190,0.3718529431935167,3.064277834099609,3.7344104571209917,1.9324622783177403,35.91156005859375,35.79906761549655,LKH,0.31423288535176186
PointerNet:greedy_rollout,20,191,0.2976342995651066,2.903846825437612,4.55085789423976,2.1332739848035835,32.59419631958008,31.069459254475618,LKH,4.907510789344745
PointerNet:greedy_rollout,20,192,0.521795725173331,2.9023679731344196,8.205789196082014,2.8645748717884847,43.74761962890625,38.30922049513703,LKH,14.196057929342535
PointerNet:greedy_rollout,20,193,0.4339871391479392,3.253737567609072,4.204065819680182,2.050381871671758,34.79113006591797,33.89941023601128,LKH,2.63048773916255
PointerNet:greedy_rollout,20,194,0.4335293281338181,3.8187577416072997,1.6378076303701996,1.2797685846942015,44.83731460571289,40.610574430954166,LKH,10.407979286146272
PointerNet:greedy_rollout,20,195,0.7240226356090715,2.31605982465695,25.27095212657599,5.0270221927674035,34.9661865234375,30.52664438223979,LKH,14.543171157654678
PointerNet:greedy_rollout,20,196,0.4601876162341796,2.610730421240853,7.345855208483611,2.710323819856884,41.58294677734375,35.484333782424166,LKH,17.186776091989937
PointerNet:greedy_rollout,20,197,0.42446972366888075,3.252717563033213,1.7749212983061426,1.3322617229006253,44.04372024536133,41.50792804002255,LKH,6.109175584225095
PointerNet:greedy_rollout,20,198,0.45677589316474043,3.611786563495285,2.826905600937674,1.6813404179218656,44.24625778198242,37.70258898174451,LKH,17.356019777332364
PointerNet:greedy_rollout,20,199,0.43016469843078087,3.916109537393949,1.3290890376749473,1.1528612395578868,43.124874114990234,36.70830341069429,LKH,17.479889039019415
PointerNet:greedy_rollout,20,200,0.44972540700109676,2.964859252235726,3.2880471710887176,1.8132973201018958,43.32907485961914,38.230449226378,LKH,13.336556949802267
PointerNet:greedy_rollout,20,201,0.5429216756136157,2.408212318067886,8.626401142002335,2.937073567686437,47.08804702758789,38.25928306009134,LKH,23.07613541432491
PointerNet:greedy_rollout,20,202,0.4992149949888699,2.5649879393555746,0.6949656839427032,0.8336460183691297,46.91669845581055,40.59496373828393,LKH,15.572706896064481
PointerNet:greedy_rollout,20,203,0.38240088837628716,3.551477530406699,3.4535883446633306,1.8583832609726474,41.951934814453125,38.194684599790435,LKH,9.837102345605716
PointerNet:greedy_rollout,20,204,0.43382312393607664,3.209387954457489,6.479655408400082,2.545516727189213,48.312644958496094,40.956063036478724,LKH,17.96213155416089
PointerNet:greedy_rollout,20,205,0.49417887585989817,3.544429447752922,8.900326666771383,2.9833415270081605,39.145050048828125,35.401292063275804,LKH,10.575201545923175
PointerNet:greedy_rollout,20,206,0.6325472466487554,3.1773807342072997,9.963561280767534,3.156510934682079,43.85507583618164,38.98964156051194,LKH,12.478786880147496
PointerNet:greedy_rollout,20,207,0.4183796196244657,2.6490409404577213,4.14220706626593,2.035241279619183,39.19187927246094,35.80470134356253,LKH,9.460148533000973
PointerNet:greedy_rollout,20,208,0.5288871141150594,2.223324583550264,7.501875217304907,2.7389551324008408,51.550048828125,43.90992279845399,LKH,17.399543298536628
PointerNet:greedy_rollout,20,209,0.49745542180680785,2.732892487171824,4.268205077994009,2.0659634745062676,46.91215133666992,38.58604580962903,LKH,21.578022189988538
PointerNet:greedy_rollout,20,210,0.32192422119696856,3.1966342437278934,10.32062189931447,3.212572473783972,39.93308639526367,38.56464081790797,LKH,3.548446318525663
PointerNet:greedy_rollout,20,211,0.32087441080366264,3.7372823760682117,15.512118168772243,3.938542645290545,43.24815368652344,40.97334857437021,LKH,5.551914088799098
PointerNet:greedy_rollout,20,212,0.34722914459416643,3.654186288241668,2.988015359887327,1.728587677813112,43.5590934753418,42.78686191912543,LKH,1.804833356734644
PointerNet:greedy_rollout,20,213,0.4127300516003743,2.979760134405572,6.695649012208179,2.5875952179983983,39.2195930480957,38.2719890568544,LKH,2.4759726750381383
PointerNet:greedy_rollout,20,214,0.457990920378154,3.5497725347235787,15.506573700699468,3.937838709330217,46.59954833984375,41.92645353824371,LKH,11.145933908617904
PointerNet:greedy_rollout,20,215,0.4686517638944679,2.7121682756619445,3.9296294765353967,1.9823293057752531,46.585296630859375,40.18080059817251,LKH,15.939194683388545
PointerNet:greedy_rollout,20,216,0.5298771130431532,3.3168915141145687,14.572860357010367,3.8174415983758503,38.50597381591797,33.534825540596216,LKH,14.823838189657005
PointerNet:greedy_rollout,20,217,0.5189907253312412,2.7133281682104977,8.689153916650726,2.9477370840444244,45.224205017089844,40.74742859851678,LKH,10.986647679495592
PointerNet:greedy_rollout,20,218,0.5082433276693337,2.3180549379892357,6.218203083186156,2.493632507645454,36.26607894897461,31.846512296596902,LKH,13.877710096530663
PointerNet:greedy_rollout,20,219,0.29794000159645295,4.386303501239968,4.392414005211778,2.0958086757172705,42.83651351928711,41.384800149281375,LKH,3.5078419244968675
PointerNet:greedy_rollout,20,220,0.45537652615457774,2.66161332895624,3.3491107798696516,1.8300575892221675,41.980018615722656,36.43391454220614,LKH,15.222366696534198
PointerNet:greedy_rollout,20,221,0.40666534416013744,2.998467336544536,2.019989262432918,1.421263262887252,43.396026611328125,38.946700326294646,LKH,11.424141834242993
PointerNet:greedy_rollout,20,222,0.4041301088844193,2.8411934292865246,9.331297209692307,3.0547172061734793,49.298282623291016,43.597853366684454,LKH,13.075022773856515
PointerNet:greedy_rollout,20,223,0.29015728397607743,3.664104225288649,2.665929040457505,1.6327672952559729,38.16600799560547,38.07157957418847,LKH,0.24802864097874122
PointerNet:greedy_rollout,20,224,0.431080975709483,2.9638584140322655,34.1402511633559,5.842965956032595,49.39905548095703,45.51715941475592,LKH,8.52842338167232
PointerNet:greedy_rollout,20,225,0.39461246891542034,3.3070213595005713,2.839709283165067,1.6851436980759436,36.08781051635742,34.078018704381904,LKH,5.897619311175182
PointerNet:greedy_rollout,20,226,0.4672392988979482,2.8602818595393558,7.73425305749181,2.781052508941859,39.11301803588867,37.65437753083263,LKH,3.873760770209669
PointerNet:greedy_rollout,20,227,0.5603217388372286,2.859479430214716,7.942219375802798,2.8181943467054924,47.537635803222656,36.30714291969058,LKH,30.931910308594972
PointerNet:greedy_rollout,20,228,0.39414585948688907,2.9263063458047,1.1560244732286493,1.0751857854476357,37.37042999267578,34.003875621125886,LKH,9.900501957660165
PointerNet:greedy_rollout,20,229,0.6426807305729199,2.9745511907486284,3.398826906925049,1.8435907644933158,47.36427307128906,43.24801506893854,LKH,9.51779635617748
PointerNet:greedy_rollout,20,230,0.4256906004593475,2.789948235926688,4.04267921070351,2.010641492336093,46.01905059814453,41.62389355700632,LKH,10.559216511350126
PointerNet:greedy_rollout,20,231,0.49923329681842005,3.3817754548093135,6.220158643431183,2.494024587575508,39.54531478881836,37.00601592736951,LKH,6.861854208874166
PointerNet:greedy_rollout,20,232,0.5346916133323247,3.009284428043947,11.574691427470498,3.4021598180377266,38.02016830444336,35.71766005966957,LKH,6.446414017399915
PointerNet:greedy_rollout,20,233,0.41391706924737265,3.6781061766614753,2.2514888195263802,1.500496191106922,41.275238037109375,39.2396838800088,LKH,5.187488674284705
PointerNet:greedy_rollout,20,234,0.4240884916827781,3.353227201624243,3.2709640539066194,1.8085806738729184,43.08797073364258,37.942062894616384,LKH,13.562541007110998
PointerNet:greedy_rollout,20,235,0.4574665081796411,2.6215875452855384,3.9495381951273894,1.987344508415033,39.389793395996094,34.710395836570264,LKH,13.481256685916843
PointerNet:greedy_rollout,20,236,0.3829979930524132,3.054116905700726,14.550247834741354,3.814478710746903,43.277862548828125,41.88125317065564,LKH,3.3346886075296047
PointerNet:greedy_rollout,20,237,0.3270016477639729,3.6425915165457097,10.912007940497281,3.3033328534220225,41.114646911621094,40.6123147934582,LKH,1.2368960516473997
PointerNet:greedy_rollout,20,238,0.39896304717331077,3.48196594703157,1.4042887838794855,1.1850269127237092,40.46014404296875,35.146687105130454,LKH,15.117945318557997
PointerNet:greedy_rollout,20,239,0.5521901654510657,3.1429939675072935,11.865606873020097,3.444649020295115,44.6251335144043,37.57955225285309,LKH,18.748443872202593
PointerNet:greedy_rollout,20,240,0.40594224942005896,3.7357236598569528,4.626101803800566,2.150837465686463,36.794063568115234,34.79975831794019,LKH,5.7308020129178
PointerNet:greedy_rollout,20,241,0.42962361739678273,3.6338753770945305,8.153011195799088,2.8553478239610475,48.14033889770508,40.56922349571251,LKH,18.662214234375753
PointerNet:greedy_rollout,20,242,0.5587998919295842,2.623407700578944,8.523721802515727,2.919541368522756,47.130088806152344,39.68989638038912,LKH,18.74580965003335
PointerNet:greedy_rollout,20,243,0.5916880453837863,2.990384153293358,3.844908558757836,1.9608438384424793,42.23040008544922,35.83612981382046,LKH,17.843082678986054
PointerNet:greedy_rollout,20,244,0.27891612889361567,4.0532271175066,2.202635110664541,1.4841277272069748,41.09695053100586,40.533538730741554,LKH,1.3899891741675163
PointerNet:greedy_rollout,20,245,0.5011881386626555,2.7537524342566715,5.0327081269797755,2.2433698150282257,51.90596008300781,42.940305036811274,LKH,20.879346428747038
PointerNet:greedy_rollout,20,246,0.3841714251320809,3.1809915362660774,1.9461123758537802,1.395031317158787,42.691715240478516,41.485012169220234,LKH,2.9087687532452846
PointerNet:greedy_rollout,20,247,0.319040432348811,3.5449463688870937,4.23300899647006,2.0574277621510944,41.002986907958984,39.06951439939714,LKH,4.948800972534421
PointerNet:greedy_rollout,20,248,0.41577052960637956,2.9517482428893755,2.247553952157148,1.4991844290003642,40.54296112060547,36.82236019113445,LKH,10.10418916701274
PointerNet:greedy_rollout,20,249,0.37259969193764847,3.6304938538620846,1.269616249840501,1.126772492493716,40.23353576660156,38.81532209877446,LKH,3.6537470028411323
PointerNet:greedy_rollout,20,250,0.4509346831763651,3.180662332537259,9.852315665901594,3.1388398598688645,47.50146484375,40.44597342894067,LKH,17.44423688356788
PointerNet:greedy_rollout,20,251,0.3418570870824624,3.3710537085313086,4.901534781946195,2.2139410068803085,41.23326873779297,40.51707163364798,LKH,1.76764281145682
PointerNet:greedy_rollout,20,252,0.5518554777426743,2.6441119064643286,3.1985758531429624,1.7884562765533192,41.10315704345703,35.714933561138366,LKH,15.08675208115639
PointerNet:greedy_rollout,20,253,0.425277184621882,3.5011198508680517,15.9249801588518,3.9906115018693313,42.434688568115234,41.42233026130395,LKH,2.443991683773075
PointerNet:greedy_rollout,20,254,0.5993256169254891,2.691536053587886,8.13648632786675,2.8524526863502486,43.39439392089844,35.64610698724074,LKH,21.736698867091256
PointerNet:greedy_rollout,20,255,0.4791257573954681,3.4470684939873366,3.773537740362847,1.942559584765123,44.80766677856445,40.18636738090957,LKH,11.499669412394354
PointerNet:greedy_rollout,20,256,0.517346103509286,2.926455110960073,3.6858412005779466,1.9198544738021022,44.1721076965332,41.401515713863034,LKH,6.692006161847967
PointerNet:greedy_rollout,20,257,0.44210544365923854,2.676622430350983,9.541162213255573,3.088877176783754,41.63911437988281,39.106426965330336,LKH,6.476396876651047
PointerNet:greedy_rollout,20,258,0.5714428985473162,3.0204018977873477,5.178062262662737,2.2755355990761243,45.862945556640625,41.67504803498047,LKH,10.048932680641402
PointerNet:greedy_rollout,20,259,0.3329494368750602,2.8260214216604327,3.971230966146866,1.992794762675491,43.9422607421875,42.73885503596752,LKH,2.8157181684142873
PointerNet:greedy_rollout,20,260,0.4214446504996886,3.4752914440340548,3.596004656384033,1.896313438328177,43.65705871582031,40.18187543846902,LKH,8.648633841575863
PointerNet:greedy_rollout,20,261,0.513740473848884,2.7616222387440956,5.685804966314008,2.3844926014383034,43.625518798828125,38.79450939948586,LKH,12.452817355144305
PointerNet:greedy_rollout,20,262,0.43112187527287915,3.2832903023750974,5.4647335625054705,2.33767695854356,48.107460021972656,43.36732693806356,LKH,10.930194269706469
PointerNet:greedy_rollout,20,263,0.5289319890418482,2.8170373177405112,11.935793208871331,3.4548217332984534,49.37036895751953,43.99520623600648,LKH,12.217610011142346
PointerNet:greedy_rollout,20,264,0.5268685391987674,3.716326382991395,4.216397005970087,2.0533867161277946,51.14658737182617,39.64710607951803,LKH,29.004591833876248
PointerNet:greedy_rollout,20,265,0.6190224724821747,2.2378196664453442,4.366729119485119,2.0896720124184847,50.77690124511719,40.8844515430196,LKH,24.196116931368184
PointerNet:greedy_rollout,20,266,0.4376204369100378,3.334417491381539,2.975485372908789,1.7249595279045793,46.88151168823242,42.00309486455363,LKH,11.614422316760477
PointerNet:greedy_rollout,20,267,0.31600220592408734,3.3028007648591475,3.4966265755608137,1.8699268904320334,46.305686950683594,41.53989596241858,LKH,11.472804343507871
PointerNet:greedy_rollout,20,268,0.35275964139148075,3.3739414976171,3.7635788673138104,1.9399945534237488,40.4771614074707,38.47393410188707,LKH,5.206712940451238
PointerNet:greedy_rollout,20,269,0.49689566324907447,3.0297950061794023,9.36285531236455,3.059878316594395,46.8812370300293,38.03642176885169,LKH,23.253541868180392
PointerNet:greedy_rollout,20,270,0.41567847794649426,3.2939421707325716,1.0543062153631688,1.0267941445894444,45.179466247558594,42.23988893370967,LKH,6.959244893996355
PointerNet:greedy_rollout,20,271,0.5645601326154065,3.030335826814117,4.7639339869543,2.1826438067065137,38.97759246826172,35.2878668188514,LKH,10.456074515218937
PointerNet:greedy_rollout,20,272,0.5590680278048239,2.9124306950789594,6.0452793498782205,2.458714979390295,46.6106071472168,41.17214099954996,LKH,13.209092399946565
PointerNet:greedy_rollout,20,273,0.4322751546103973,2.908737931585891,16.287846346867802,4.035820405675629,43.391090393066406,38.6277754090584,LKH,12.331321008175337
PointerNet:greedy_rollout,20,274,0.3111099215573631,3.584640793692757,4.5634311937504135,2.1362189011780637,39.414947509765625,39.14831722436958,LKH,0.6810772577220043
PointerNet:greedy_rollout,20,275,0.38708259141058077,3.416032090618395,5.112007651594475,2.2609749338713323,38.52351379394531,34.844750147227906,LKH,10.557583656572934
PointerNet:greedy_rollout,20,276,0.4582275080727413,3.251992967220681,6.620467586827904,2.573026930839999,40.02511215209961,37.72775663076481,LKH,6.089297977132942
PointerNet:greedy_rollout,20,277,0.5125191030856513,2.8361679519689704,5.954255064285988,2.4401342307926397,37.43317413330078,33.76127852546314,LKH,10.87605614541006
PointerNet:greedy_rollout,20,278,0.5214770155984297,2.8236210191918687,1.549717406377942,1.244876462295734,40.97536849975586,37.305632858756084,LKH,9.836947827406831
PointerNet:greedy_rollout,20,279,0.4686541862669401,2.8088323972894615,4.9832810717177045,2.2323263810916414,42.34329605102539,38.418418902716425,LKH,10.216133980546118
PointerNet:greedy_rollout,20,280,0.4463590471423231,2.6102866749518716,1.4298769681665715,1.1957746310097783,46.07912826538086,40.97253777008697,LKH,12.463446916441873
PointerNet:greedy_rollout,20,281,0.41709748925641177,3.042092247299395,6.010415420933536,2.4516148598288305,37.55176544189453,37.35612641908941,LKH,0.5237133545654536
PointerNet:greedy_rollout,20,282,0.6040982130689372,2.6805403447839105,4.567612647885673,2.137197381592461,51.47233200073242,37.72091643679415,LKH,36.45567728180834
PointerNet:greedy_rollout,20,283,0.5871931273123892,3.2326468781612854,11.654118044904411,3.413812830971319,44.30717086791992,41.385169974522675,LKH,7.060502337422013
PointerNet:greedy_rollout,20,284,0.5358725440091803,2.8730645474148155,2.490059633814681,1.577992279390074,41.230995178222656,34.97322872624273,LKH,17.893018974494364
PointerNet:greedy_rollout,20,285,0.4106089413304289,3.133914936810367,5.069906736451283,2.2516453398462386,39.06790542602539,34.181598910023084,LKH,14.29513735991295
PointerNet:greedy_rollout,20,286,0.4152435516854894,3.3745503270638872,0.28430925704703375,0.5332065800860242,42.0938835144043,40.87155186536299,LKH,2.9906661069974825
PointerNet:greedy_rollout,20,287,0.358666471862125,3.418276317600823,10.985187456896563,3.3143909631931723,40.25283432006836,40.11779218262185,LKH,0.33661408093391715
PointerNet:greedy_rollout,20,288,0.4599859175315942,2.838308062664216,9.508804162021919,3.0836348944098293,37.8081169128418,33.588109802201856,LKH,12.563991053653456
PointerNet:greedy_rollout,20,289,0.43227236861130225,3.1492379143816365,4.342618133259147,2.0838949429515745,40.975440979003906,36.636572245716046,LKH,11.842998586733804
PointerNet:greedy_rollout,20,290,0.48037999617896643,2.8388172390358277,17.62712124086066,4.19846653444572,33.1900520324707,31.655325171040452,LKH,4.848242288265229
PointerNet:greedy_rollout,20,291,0.46475026471743386,3.3457215367655713,8.324290435062546,2.885184644881943,46.482444763183594,44.13300966541787,LKH,5.323532466009703
PointerNet:greedy_rollout,20,292,0.3291339699346281,3.588519669435768,4.126678879444242,2.031422870660917,45.83104705810547,41.7924402730056,LKH,9.663486407393314
PointerNet:greedy_rollout,20,293,0.42372598986839877,2.9829837639335284,3.851223129715779,1.962453344595937,44.865570068359375,38.62155054576711,LKH,16.16719016807213
PointerNet:greedy_rollout,20,294,0.44564559175341856,3.039039360003896,5.097255801616659,2.257710300640155,41.945438385009766,36.386669173229805,LKH,15.276938884721075
PointerNet:greedy_rollout,20,295,0.36577952197403646,3.580360831284461,10.278769868045014,3.2060520688293592,40.475826263427734,38.57926042554618,LKH,4.916024353400245
PointerNet:greedy_rollout,20,296,0.4121875340337283,3.6974660983135195,2.2767951527832637,1.5089052829065395,38.16991424560547,34.37853813585727,LKH,11.028322655156021
PointerNet:greedy_rollout,20,297,0.3628584814665373,3.281798970114026,4.954356369685913,2.225838352101498,49.66670227050781,42.02689178971316,LKH,18.178385684626413
PointerNet:greedy_rollout,20,298,0.40269227508938454,3.058357724670412,5.450976796779285,2.3347327034971874,46.675323486328125,43.83676201052254,LKH,6.4752991453251445
PointerNet:greedy_rollout,20,299,0.5350815492191032,2.5918870655656674,12.904491421943074,3.592282202436645,44.742958068847656,40.677864531846225,LKH,9.993379897853085
PointerNet:greedy_rollout,30,0,0.6938048398491143,2.3753987175661635,7.8626448707938925,2.80404081118551,59.594207763671875,50.22272903377622,LKH,18.65983571620146
PointerNet:greedy_rollout,30,1,0.567321523926997,2.149148774180661,7.845240231824676,2.8009355993711593,48.83782958984375,41.90747677735964,LKH,16.537270543160467
PointerNet:greedy_rollout,30,2,0.6537726380124999,2.2139497127980565,13.236533733653362,3.6382047404803046,56.378273010253906,50.06862746546075,LKH,12.60199423110967
PointerNet:greedy_rollout,30,3,0.44194072888543207,2.498886986515173,19.847802841223285,4.455087298945251,55.435855865478516,49.71156190999154,LKH,11.515015291314858
PointerNet:greedy_rollout,30,4,0.6056529119346579,2.402984557070941,6.141240292559339,2.478152596705727,44.28138732910156,41.690533861185514,LKH,6.214488585208955
PointerNet:greedy_rollout,30,5,0.6345015953391946,2.366504567337727,9.53228047583936,3.087439145285192,57.868614196777344,46.14831086470868,LKH,25.39703645151532
PointerNet:greedy_rollout,30,6,0.5679161175619811,2.2668305093432415,6.270656700306556,2.5041279320966323,46.31341552734375,42.39754915020962,LKH,9.236067781325442
PointerNet:greedy_rollout,30,7,0.5907453267136589,1.889109834851505,15.983837913445067,3.997979228741073,51.770263671875,45.63344323005209,LKH,13.448076689907731
PointerNet:greedy_rollout,30,8,0.5519303090249499,2.2470568823413117,6.053337657163192,2.460353157000676,50.84382629394531,44.263577144275885,LKH,14.866058222590755
PointerNet:greedy_rollout,30,9,0.620715550146997,2.14097111448519,4.340442430418299,2.08337284959229,49.42939376831055,43.332358070424505,LKH,14.070399049082521
PointerNet:greedy_rollout,30,10,0.5976302593868846,2.4037995837201667,7.8417284787754875,2.8003086399137307,50.98923110961914,45.59894322509593,LKH,11.821080716529854
PointerNet:greedy_rollout,30,11,0.5932252359945172,2.2786173600340476,6.871633836236121,2.6213801395898537,51.99150848388672,45.40714009174129,LKH,14.500733538474936
PointerNet:greedy_rollout,30,12,0.6112346772104502,1.7824438161207872,21.78354431377173,4.667284468914631,55.651695251464844,46.74407977999655,LKH,19.056136121178245
PointerNet:greedy_rollout,30,13,0.6322468031197787,2.0540836811577807,8.402790646524341,2.898756741522879,56.24153137207031,46.87857790589573,LKH,19.972776232610588
PointerNet:greedy_rollout,30,14,0.5579212569083514,2.2542300430627638,17.049782715442507,4.129138253369885,50.88182830810547,45.29877838501758,LKH,12.324945886254776
PointerNet:greedy_rollout,30,15,0.586032446132352,2.304509335041522,34.2170216696471,5.8495317478963305,51.12538528442383,43.180529962285156,LKH,18.399161217052885
PointerNet:greedy_rollout,30,16,0.5108946084073978,2.48697226421986,16.297733795831213,4.0370451812967385,59.987083435058594,49.05719665829143,LKH,22.279884545583467
PointerNet:greedy_rollout,30,17,0.5976634143541256,2.2706134239878133,5.046663772945378,2.2464780820086756,53.206180572509766,46.725972034057015,LKH,13.868536611136822
PointerNet:greedy_rollout,30,18,0.5158956412225961,2.0586367318482783,21.52323957892416,4.639314559169723,48.218170166015625,45.35142342381236,LKH,6.321183605227346
PointerNet:greedy_rollout,30,19,0.5848896084353328,2.1691739930046046,30.66272286236377,5.5373931468122946,50.73178482055664,44.34191638213609,LKH,14.410447179037167
PointerNet:greedy_rollout,30,20,0.666831087123137,2.3776326087308486,6.414269566262659,2.532640828515299,53.14060592651367,46.319207521393714,LKH,14.726932454466798
PointerNet:greedy_rollout,30,21,0.7326086619577836,1.9015883815637322,2.0763004005518626,1.4409373340127816,52.535430908203125,40.34363096433178,LKH,30.21988763145846
PointerNet:greedy_rollout,30,22,0.6722446011340556,2.0407704272599774,9.493721698591864,3.081188358181282,60.929718017578125,44.477167297792555,LKH,36.99100396756186
PointerNet:greedy_rollout,30,23,0.5692484533724685,1.9575997014965543,19.933070202528565,4.4646467052308365,48.38185119628906,46.210082562226646,LKH,4.699772243726045
PointerNet:greedy_rollout,30,24,0.5760696888076685,2.4760662620366043,14.935385024598054,3.8646325859773594,54.97723388671875,47.35948573493557,LKH,16.08494694055306
PointerNet:greedy_rollout,30,25,0.6258354583444695,2.044519506931663,9.745727730091886,3.121814813548665,50.9249382019043,45.89222726148336,LKH,10.966368905448201
PointerNet:greedy_rollout,30,26,0.6559462695382535,2.1301396954750933,10.763419094399572,3.2807650166385844,47.2325553894043,43.839580328763645,LKH,7.739524500909701
PointerNet:greedy_rollout,30,27,0.5883132992933194,1.8228003545585774,9.603335805518485,3.098924943511618,51.092498779296875,43.782821643848344,LKH,16.69530848173548
PointerNet:greedy_rollout,30,28,0.5951429684956868,1.7704647986643054,3.770991909042675,1.9419041966695152,50.771671295166016,43.427913848426854,LKH,16.910223853649796
PointerNet:greedy_rollout,30,29,0.6650105235166848,1.9333744872814895,5.120639012348747,2.2628828985055205,56.268096923828125,48.46777063408312,LKH,16.093841717282796
PointerNet:greedy_rollout,30,30,0.5607967951179792,2.082346867270886,6.5358344847152745,2.5565278180992426,53.130619049072266,47.72324005066024,LKH,11.330703851355999
PointerNet:greedy_rollout,30,31,0.774944123874108,1.9437242159847126,10.767004513484315,3.281311401480255,50.65141296386719,44.497209196286995,LKH,13.830538765774373
PointerNet:greedy_rollout,30,32,0.6712185683369171,1.9030192510949688,17.07708196317459,4.132442614625711,56.56443786621094,47.06892954562927,LKH,20.173622838345185
PointerNet:greedy_rollout,30,33,0.5455655358576527,2.523641935181617,11.376759154301483,3.3729451751105417,51.43626403808594,44.864153177048,LKH,14.648913209399778
PointerNet:greedy_rollout,30,34,0.6425371541641652,1.8779270865474622,9.525521471326543,3.0863443539771356,48.0990104675293,43.71839056425864,LKH,10.020085018527581
PointerNet:greedy_rollout,30,35,0.7323372711058861,1.7525209239986321,8.073412282749356,2.841375069002569,51.8011474609375,42.92591162134454,LKH,20.675707292794744
PointerNet:greedy_rollout,30,36,0.6053236518210421,1.9319234833717365,11.92479055798522,3.4532290045673513,58.035072326660156,49.50058584590104,LKH,17.241182775750566
PointerNet:greedy_rollout,30,37,0.7092242878184967,2.2144153199598735,39.39995659337746,6.2769384729641455,49.50318908691406,43.59941519940281,LKH,13.540947419845473
PointerNet:greedy_rollout,30,38,0.5988454655938161,2.1475024592550103,4.503474795871564,2.122139202755456,48.9404182434082,46.41916470114798,LKH,5.431492700250751
PointerNet:greedy_rollout,30,39,0.5536513681678722,2.743104408835328,7.041894331949526,2.6536567848818593,55.50481033325195,48.90122178403302,LKH,13.50393366117307
PointerNet:greedy_rollout,30,40,0.6727460730820894,2.3763829501229896,1.8943846139002338,1.3763664533474484,43.80242919921875,41.1646728888619,LKH,6.407815549702954
PointerNet:greedy_rollout,30,41,0.5883312336421417,2.266573589227277,27.04788095677832,5.200757729098552,51.62481689453125,47.29976726144455,LKH,9.143913138473678
PointerNet:greedy_rollout,30,42,0.5525016163592227,2.365970045921858,13.714449250494784,3.70330247893617,46.349327087402344,45.40374216289377,LKH,2.0826145147158215
PointerNet:greedy_rollout,30,43,0.675143297513326,1.687884942497149,7.09161903470509,2.6630093944079674,57.4664306640625,47.8369677561898,LKH,20.129751862515803
PointerNet:greedy_rollout,30,44,0.6543982708981881,2.138973435131057,8.242305248037791,2.870941526405195,57.82355499267578,48.30073885845354,LKH,19.715673837058844
PointerNet:greedy_rollout,30,45,0.6219122460194436,2.2873789510646576,3.4354322425845356,1.8534919051845185,45.73203659057617,42.89115109200542,LKH,6.623476932285616
PointerNet:greedy_rollout,30,46,0.537998869564035,2.4112274764571735,19.073920394186416,4.3673699630540135,55.46855545043945,45.07018197612628,LKH,23.071514288141113
PointerNet:greedy_rollout,30,47,0.5913730046401421,2.133480439584384,5.536728005378165,2.3530252878747744,57.86524200439453,48.34620723018732,LKH,19.689310329732628
PointerNet:greedy_rollout,30,48,0.7547907097730786,1.6509456272373118,33.59883433280514,5.796450149255589,51.272605895996094,43.633282863735566,LKH,17.508018033201235
PointerNet:greedy_rollout,30,49,0.6505820723405729,2.210697386698208,3.0799671900778582,1.754983529859428,52.7205810546875,45.50529679081748,LKH,15.855921777717075
PointerNet:greedy_rollout,30,50,0.6663935816536347,1.6830407614761145,17.536762370553923,4.187691771197341,56.73664093017578,46.684641696287486,LKH,21.531704793372473
PointerNet:greedy_rollout,30,51,0.5900679890840063,2.5693508078146112,7.448252414060302,2.72914866104071,53.207149505615234,48.760261000062485,LKH,9.119902999590284
PointerNet:greedy_rollout,30,52,0.5596192555502058,2.064100222586717,13.33040074486163,3.6510821334039623,49.182376861572266,44.23963071268173,LKH,11.172665931575345
PointerNet:greedy_rollout,30,53,0.4615374354868739,2.7058623661324432,12.222806294837698,3.4961130266107956,57.279354095458984,51.59192247720359,LKH,11.023879989679479
PointerNet:greedy_rollout,30,54,0.6361605781751375,1.9344515222941305,8.766091130512141,2.960758539717844,51.81488037109375,45.57397764914247,LKH,13.694004877076402
PointerNet:greedy_rollout,30,55,0.5830757714807987,2.044447765449561,4.97432117016533,2.2303186252563396,50.81110382080078,47.00491808926458,LKH,8.097420198261117
PointerNet:greedy_rollout,30,56,0.6661599487687151,1.8982219014379174,15.313162866847318,3.9132036577269163,52.83213424682617,44.60655465823454,LKH,18.440293476181207
PointerNet:greedy_rollout,30,57,0.5418781429257554,2.6198152202302385,7.7902784006780905,2.791107020642184,48.819725036621094,47.13465136607723,LKH,3.5750209701489615
PointerNet:greedy_rollout,30,58,0.5901330435997807,2.409422134378269,20.337746501354957,4.509739072424807,48.41896057128906,45.69872232252997,LKH,5.952547709234287
PointerNet:greedy_rollout,30,59,0.5219515711689989,2.201268995469759,9.344414136774585,3.056863447518483,48.91938018798828,45.49976709535487,LKH,7.515671641718194
PointerNet:greedy_rollout,30,60,0.5718306724406148,2.5782747104691444,9.509324906346592,3.0837193300212316,49.26976013183594,46.60111384362761,LKH,5.726571895176383
PointerNet:greedy_rollout,30,61,0.5718276250797013,2.3240388054384606,8.153984822276135,2.855518310618255,53.855430603027344,46.50545732732542,LKH,15.804539290882886
PointerNet:greedy_rollout,30,62,0.6359555487307564,1.9495624380189154,16.929582307948653,4.114557364765821,56.5460319519043,46.6339449701626,LKH,21.255090016689905
PointerNet:greedy_rollout,30,63,0.6903863959328495,2.24487354343588,5.611812249027969,2.368926391644107,57.2637939453125,51.18223022706647,LKH,11.88217803574715
PointerNet:greedy_rollout,30,64,0.5136671091119448,2.323536094580265,1.8170099114699372,1.347965100241819,42.455963134765625,40.71378497386011,LKH,4.279086707423704
PointerNet:greedy_rollout,30,65,0.7186189921262364,2.245134112302255,9.043436903419247,3.0072307698976557,52.13520050048828,45.56385214927527,LKH,14.42228442337164
PointerNet:greedy_rollout,30,66,0.6375640536483843,2.363681322200638,10.586488403175862,3.253688430562438,59.976558685302734,48.00138690839042,LKH,24.947553702493348
PointerNet:greedy_rollout,30,67,0.7316908333916217,1.8536227066515174,6.907694478434886,2.6282493181650186,58.53120040893555,48.6251457418995,LKH,20.37228786853827
PointerNet:greedy_rollout,30,68,0.5786849654900531,2.2198877307216662,3.8840669949756816,1.9708036419125274,55.59702682495117,50.39256715618574,LKH,10.327831984893386
PointerNet:greedy_rollout,30,69,0.58364117173478,2.187007343113953,6.800380303862572,2.607753880998468,50.989097595214844,46.81830768368744,LKH,8.908459356766963
PointerNet:greedy_rollout,30,70,0.708500726466688,1.7975017935307853,3.8853499249382355,1.971129099003471,53.69188690185547,42.258072777657844,LKH,27.05711210342457
PointerNet:greedy_rollout,30,71,0.5399650503105173,2.5446599007807107,7.578026796657824,2.7528216063991184,50.950130462646484,45.95107820394203,LKH,10.879074994752997
PointerNet:greedy_rollout,30,72,0.6068082675648232,2.0232629988251065,10.067136740192066,3.172875153577913,46.52925109863281,41.311908595981286,LKH,12.629149027404305
PointerNet:greedy_rollout,30,73,0.6937513651093468,1.837942692260409,15.617141291594342,3.9518528934658415,56.242462158203125,47.123993616645144,LKH,19.34994859675296
PointerNet:greedy_rollout,30,74,0.6444118600338697,1.6716320006894063,15.389544788125407,3.9229510305540916,50.966365814208984,47.20488051754783,LKH,7.968424568436035
PointerNet:greedy_rollout,30,75,0.7140779829273621,1.7929622853996006,10.15960049588877,3.187412821692347,51.04310607910156,42.29224263072856,LKH,20.691415030365
PointerNet:greedy_rollout,30,76,0.6327626755771537,2.150143711381324,9.587882467891708,3.096430601174796,52.51611328125,47.86996753625246,LKH,9.70576330865268
PointerNet:greedy_rollout,30,77,0.6413520315390391,1.8208834456119192,11.012333419835683,3.318483602465994,58.256019592285156,50.002098338751395,LKH,16.507149755227392
PointerNet:greedy_rollout,30,78,0.5767075610657533,2.2992644641352484,20.026091196904456,4.475052088736449,54.579986572265625,43.1059121161049,LKH,26.61833120537047
PointerNet:greedy_rollout,30,79,0.6837860810880859,1.8036088225159523,7.336998227732273,2.708689392996597,53.71581268310547,45.650782305723595,LKH,17.666795550994745
PointerNet:greedy_rollout,30,80,0.7286898770370499,2.2050897830264105,3.6201207399939617,1.9026614885454431,56.2562255859375,47.27036523696132,LKH,19.0095005696085
PointerNet:greedy_rollout,30,81,0.6894822310035428,2.07005744724098,12.080483838119372,3.475699043087501,52.29833221435547,45.47822779835558,LKH,14.996416408834842
PointerNet:greedy_rollout,30,82,0.7454951893072576,1.8486656969253885,11.084434542409255,3.3293294433578144,55.7462158203125,42.23049919909794,LKH,32.00463380149496
PointerNet:greedy_rollout,30,83,0.5620823755123031,2.3511358740379107,9.160751601364053,3.0266733555777128,52.17448806762695,46.365008606612875,LKH,12.52987896606471
PointerNet:greedy_rollout,30,84,0.5841520971929034,1.9037887146021073,11.647249844961905,3.4128067400545707,53.803016662597656,47.44085888644139,LKH,13.41071372966768
PointerNet:greedy_rollout,30,85,0.6885699838589062,1.9484194522184901,6.077907172510815,2.4653411878502367,52.26961898803711,41.16137740513448,LKH,26.98705019894933
PointerNet:greedy_rollout,30,86,0.6964391864913826,2.2240839027183954,34.81201650263206,5.900170887578771,55.773189544677734,47.479001231059506,LKH,17.469171841366347
PointerNet:greedy_rollout,30,87,0.6660601679856578,1.8770193788674017,11.619409813918192,3.4087255410076933,50.828060150146484,46.01052705552826,LKH,10.470501867549006
PointerNet:greedy_rollout,30,88,0.6839745545449356,1.6863098762505124,16.638813363754938,4.079070159209687,59.77289962768555,45.45156207717136,LKH,31.509010683061355
PointerNet:greedy_rollout,30,89,0.6285951275572491,2.5821365433169037,6.861185008265958,2.6193863801024007,56.26062774658203,44.73844479088357,LKH,25.754545133509776
PointerNet:greedy_rollout,30,90,0.7457353809169338,1.9124593433208064,5.507938148495698,2.346899688630875,55.50015640258789,39.06302226494938,LKH,42.07850080352662
PointerNet:greedy_rollout,30,91,0.5437848602421582,1.950358200220784,19.444694163191336,4.409613833794444,51.610107421875,43.60708054968191,LKH,18.352585798710315
PointerNet:greedy_rollout,30,92,0.6929247250159581,1.4571388671562215,4.65005027394753,2.1563975222457312,52.83489990234375,43.654155241200094,LKH,21.030631815958305
PointerNet:greedy_rollout,30,93,0.6109325596577643,2.102244369510326,5.6957475667362445,2.38657653695335,52.105587005615234,46.52281874180316,LKH,12.000064516287944
PointerNet:greedy_rollout,30,94,0.615440104022855,2.0660101308845147,39.839158640290584,6.311826886115507,50.628990173339844,48.00019395112768,LKH,5.4766366671116495
PointerNet:greedy_rollout,30,95,0.6396129934136601,2.080290607760006,23.834521805239877,4.882061225060566,54.094871520996094,47.033648049240696,LKH,15.013131586907372
PointerNet:greedy_rollout,30,96,0.5441302850842475,2.0490312658259024,8.932070260063504,2.9886569324804584,51.822044372558594,46.63635526307092,LKH,11.119413342307162
PointerNet:greedy_rollout,30,97,0.5407702078965182,2.2189066812300178,11.337968188624261,3.367189954342383,57.71610641479492,45.92574342282749,LKH,25.672666598810046
PointerNet:greedy_rollout,30,98,0.5005963107415785,2.44007506965375,8.132810200740495,2.851808233514395,48.54945373535156,44.33100299496179,LKH,9.515802610803089
PointerNet:greedy_rollout,30,99,0.6322359854192958,2.495113285881033,14.179443591931037,3.765560196296301,62.711090087890625,50.25614036561243,LKH,24.782941212096034
PointerNet:greedy_rollout,30,100,0.6530476777115837,1.934712412822265,7.076126682188481,2.660098998569129,52.32062911987305,44.58286325902965,LKH,17.355919506305412
PointerNet:greedy_rollout,30,101,0.6335328665251533,2.0651824410533153,4.452340820819247,2.1100570657731623,48.44394302368164,39.403794114225164,LKH,22.942331094438675
PointerNet:greedy_rollout,30,102,0.676001226878725,2.0430088501760237,12.336048933419749,3.5122711930344654,46.869327545166016,44.703028480178936,LKH,4.84597831206806
PointerNet:greedy_rollout,30,103,0.5983070708052158,2.33811736211165,6.2445188901894975,2.498903537591937,53.30637741088867,47.963544583566545,LKH,11.139361933547983
PointerNet:greedy_rollout,30,104,0.5497099795378745,1.870370428095527,10.855707304237967,3.294800040099242,47.612083435058594,44.14322956920839,LKH,7.858178705324874
PointerNet:greedy_rollout,30,105,0.6022042557325524,2.4555208412843297,8.813686507929543,2.9687853590196687,51.873172760009766,44.473685109491846,LKH,16.637900889707645
PointerNet:greedy_rollout,30,106,0.5682765823866551,2.137470803110424,9.563828690841218,3.092544048326752,55.843528747558594,49.96355176431184,LKH,11.768532811645967
PointerNet:greedy_rollout,30,107,0.7413224451399097,1.7795674098285679,14.652655996024635,3.827878785440395,55.6815299987793,46.13670833617108,LKH,20.68812883888618
PointerNet:greedy_rollout,30,108,0.6267297111254077,2.150455033746907,13.795879115754165,3.714280430413698,53.07695007324219,47.782540945817686,LKH,11.080216795979977
PointerNet:greedy_rollout,30,109,0.5752468086701508,2.436820889642157,13.807633726205312,3.7158624471588437,49.21482849121094,45.64542162982799,LKH,7.819857356844826
PointerNet:greedy_rollout,30,110,0.5814389833520788,2.093982855911825,6.219814642644459,2.4939556216269083,49.37566375732422,43.80111144965849,LKH,12.726965419753498
PointerNet:greedy_rollout,30,111,0.6283070935879815,2.322983178348768,4.9831771475193785,2.232303103863671,50.666934967041016,43.321693434172445,LKH,16.955111747950724
PointerNet:greedy_rollout,30,112,0.7003589571807728,2.215435119280925,6.349362794157083,2.519794196786135,52.62512969970703,43.746266317029026,LKH,20.296276985864157
PointerNet:greedy_rollout,30,113,0.8819114110859422,1.9787249962113136,26.479187772437374,5.145793211200521,55.324913024902344,47.37620665013488,LKH,16.777844696320425
PointerNet:greedy_rollout,30,114,0.6297014825046062,1.7246843583908087,10.090334560252334,3.1765286965888304,60.19917297363281,44.925632600254396,LKH,33.99738521053553
PointerNet:greedy_rollout,30,115,0.7895041620239283,2.1282948561842523,5.2966922077801515,2.301454367955218,51.60197448730469,43.092137175946405,LKH,19.74800478475314
PointerNet:greedy_rollout,30,116,0.6295432779579035,2.1610194250919816,24.824757244454844,4.982444906314052,53.03459930419922,44.740544107541176,LKH,18.538118751354325
PointerNet:greedy_rollout,30,117,0.607434367078046,2.0869220249732288,8.452358315600884,2.90729398506599,53.406246185302734,46.36333415454875,LKH,15.190693592650076
PointerNet:greedy_rollout,30,118,0.591693269321695,2.053230454312449,17.293387935385596,4.158531944735497,48.49140930175781,43.5870617243214,LKH,11.25184259598716
PointerNet:greedy_rollout,30,119,0.5730077726921687,2.1281673538183052,13.213018009852286,3.6349715280662496,55.75861740112305,45.06044180694978,LKH,23.74183466732734
PointerNet:greedy_rollout,30,120,0.5820367451291532,2.1651863029242118,2.032176282639212,1.425544205782203,49.66340637207031,43.899376636954926,LKH,13.130094722719068
PointerNet:greedy_rollout,30,121,0.6414492086580139,2.346150837865038,4.420042006393012,2.102389594340928,50.22134780883789,43.14937609886612,LKH,16.3895109254143
PointerNet:greedy_rollout,30,122,0.6005557852758405,2.2236076290004987,10.424264099638103,3.2286628965623065,51.111961364746094,46.093152794774575,LKH,10.888403733884926
PointerNet:greedy_rollout,30,123,0.6516227084095589,2.3972786972845705,24.35930275079165,4.935514436286419,51.14643096923828,45.006139399761636,LKH,13.64323101552044
PointerNet:greedy_rollout,30,124,0.737581462894256,1.8595758473228678,12.301036470514598,3.507283346197538,55.68334197998047,47.94502623441437,LKH,16.13997603783065
PointerNet:greedy_rollout,30,125,0.6656141168127457,1.7753059071642425,10.575786125121407,3.2520433768818964,52.558387756347656,42.38914363973417,LKH,23.990208915381753
PointerNet:greedy_rollout,30,126,0.5972037117307385,2.0346620690193316,9.004772574502242,3.0007953236604195,60.32588195800781,52.184176476907986,LKH,15.601866371701032
PointerNet:greedy_rollout,30,127,0.5210682928872605,2.329268269599479,10.327284202832955,3.2136092175049775,49.807838439941406,46.28501859557513,LKH,7.61114492606698
PointerNet:greedy_rollout,30,128,0.546160334290471,2.7076984907245154,6.976065985041459,2.6412243344785122,48.12136459350586,44.60225332984045,LKH,7.889985372804026
PointerNet:greedy_rollout,30,129,0.6832057412655559,2.279136143053284,8.825379719336313,2.9707540657779656,60.62008285522461,51.010229616191786,LKH,18.83907073412279
PointerNet:greedy_rollout,30,130,0.6205422109769037,1.8652665448695167,2.245663792945991,1.4985539005808204,54.94654083251953,43.95892415275901,LKH,24.995190149736413
PointerNet:greedy_rollout,30,131,0.6971073688978019,1.9907549927727815,7.291751095554998,2.700324257483719,56.493560791015625,49.17231183239845,LKH,14.888966342626544
PointerNet:greedy_rollout,30,132,0.5707673370062063,2.321997767929027,13.296194406370066,3.646394713462884,52.62201690673828,49.23544006250629,LKH,6.878331624400226
PointerNet:greedy_rollout,30,133,0.8255370412332316,1.5078796349023391,10.466377163952009,3.235178072989493,52.88519287109375,43.52012039014138,LKH,21.518948929823832
PointerNet:greedy_rollout,30,134,0.5131786149771264,1.9961635931758213,9.612401893798035,3.1003873780219844,50.65072250366211,45.55145038149908,LKH,11.194532950007055
PointerNet:greedy_rollout,30,135,0.5724423124484019,2.108681949104235,12.809119361704699,3.578983006624186,53.95652389526367,48.98983980493852,LKH,10.138192143719719
PointerNet:greedy_rollout,30,136,0.5945936333077649,2.046354608033744,17.67566255248849,4.204243398340359,48.90985870361328,45.52225959776859,LKH,7.441632150462817
PointerNet:greedy_rollout,30,137,0.7484760408377042,1.9495446238676828,4.712840295816636,2.170907712413551,55.46018600463867,49.67016145504448,LKH,11.656947309975294
PointerNet:greedy_rollout,30,138,0.6526624508735647,2.3701455190737355,13.989564843312014,3.740262670363141,56.62368392944336,48.132221491627675,LKH,17.641949975844614
PointerNet:greedy_rollout,30,139,0.6004819087684155,1.8224252518673838,9.924202113892761,3.15027016522278,50.69014358520508,43.103683411774,LKH,17.600491588982848
PointerNet:greedy_rollout,30,140,0.492984307028064,2.7305634095654554,9.543387137908704,3.0892373068297463,52.789329528808594,49.171267462284504,LKH,7.358081768584116
PointerNet:greedy_rollout,30,141,0.6156763025093823,2.0202360886194883,9.698144637386179,3.1141844257182614,62.2796516418457,51.25011624773198,LKH,21.520995856476368
PointerNet:greedy_rollout,30,142,0.5737330126265685,2.3035998092621086,5.519817643826316,2.349429216602687,55.299659729003906,46.583623057878086,LKH,18.71051691341511
PointerNet:greedy_rollout,30,143,0.573828133335337,2.2988322361435545,5.405229489256941,2.324914942370353,63.263187408447266,52.07130332271852,LKH,21.493381904358376
PointerNet:greedy_rollout,30,144,0.5560620876732476,2.3407777194032087,2.929634430544319,1.7116174895531766,55.21308898925781,47.86808079327929,LKH,15.344271327063035
PointerNet:greedy_rollout,30,145,0.7612856072451298,1.8762437698302183,15.771620070706831,3.9713499053479073,65.63174438476562,49.44604288680058,LKH,32.73406839657486
PointerNet:greedy_rollout,30,146,0.7468923350679688,2.0302610313326643,6.440996443109394,2.537911827292153,57.411922454833984,48.91857574979266,LKH,17.36221174648022
PointerNet:greedy_rollout,30,147,0.6650510189589113,2.075253654088013,13.779838374431709,3.712120468739088,57.68492126464844,45.716349405434684,LKH,26.18006908878632
PointerNet:greedy_rollout,30,148,0.6403952034190297,2.186971633690249,3.864692272740816,1.965882059723018,55.39268493652344,47.678955004317906,LKH,16.178479439213717
PointerNet:greedy_rollout,30,149,0.5454642999451608,2.2164062609313846,9.52591297878397,3.086407779082986,54.55824279785156,43.79219425338267,LKH,24.58440077739947
PointerNet:greedy_rollout,30,150,0.654426506953314,1.7992549847194088,5.661763051025039,2.3794459546341957,52.001182556152344,48.121877426559735,LKH,8.061416837929764
PointerNet:greedy_rollout,30,151,0.669206053422143,1.8585603786409564,14.728456636474268,3.8377671420337984,55.181182861328125,43.58462579882855,LKH,26.606990079541454
PointerNet:greedy_rollout,30,152,0.675779121896873,2.112049318360952,16.78318674069232,4.096728785347197,53.21102523803711,45.89367473253641,LKH,15.944137287208882
PointerNet:greedy_rollout,30,153,0.5664269181899726,2.1505340105084714,10.815507213630804,3.2886938461387376,57.094383239746094,45.60147722858254,LKH,25.202924794637838
PointerNet:greedy_rollout,30,154,0.6191378504988279,2.2565214148902064,15.140242719381261,3.8910464812671233,59.04258728027344,45.51613964058466,LKH,29.717914890189544
PointerNet:greedy_rollout,30,155,0.6580173461697996,1.7915028203674788,7.005452311231664,2.6467815004702717,55.524906158447266,45.406952270250585,LKH,22.282829792180728
PointerNet:greedy_rollout,30,156,0.5272700405369203,2.0130813199020388,8.91309614229265,2.985480889621076,45.87639236450195,41.73975170204269,LKH,9.910554073221338
PointerNet:greedy_rollout,30,157,0.585492797754705,1.7301709697688523,15.561731549668853,3.9448360611904842,61.284576416015625,51.70341165154122,LKH,18.531010736868474
PointerNet:greedy_rollout,30,158,0.628529161321876,2.365765366004187,12.007292847092979,3.4651540870635147,50.43649673461914,41.73060598781134,LKH,20.86212395130475
PointerNet:greedy_rollout,30,159,0.7089801475871355,1.6884005572061922,7.066127740503679,2.658218903796991,47.30439376831055,39.46567530433694,LKH,19.862116645732904
PointerNet:greedy_rollout,30,160,0.5653764864099988,1.9012919281876683,21.633182856395827,4.6511485523895955,62.599308013916016,51.0280686864143,LKH,22.676224331771426
PointerNet:greedy_rollout,30,161,0.5268425099163626,2.501348245683356,6.247343459507375,2.499468635431814,51.9421501159668,48.811421149052315,LKH,6.4139270957802585
PointerNet:greedy_rollout,30,162,0.6573699401553312,2.136569481542468,20.46591848153661,4.523927329382802,50.4307746887207,43.43087574448836,LKH,16.117333174246827
PointerNet:greedy_rollout,30,163,0.7411010368785356,1.9460944821886759,12.878383092797673,3.588646415126137,51.610103607177734,41.20389495919412,LKH,25.2554003894275
PointerNet:greedy_rollout,30,164,0.734125825681258,2.039656597950354,13.77066675937147,3.71088490246888,47.25056838989258,39.7491937333426,LKH,18.87176556805891
PointerNet:greedy_rollout,30,165,0.594633101078216,2.166073788173078,3.161704456261336,1.7781182346124613,63.3169059753418,51.75331206546929,LKH,22.343678980862638
PointerNet:greedy_rollout,30,166,0.5675345289425119,2.3521803723862784,2.7235753339642383,1.6503258266064427,51.8093376159668,48.31428912667009,LKH,7.233985126291337
PointerNet:greedy_rollout,30,167,0.5202510898001492,2.276565317324556,15.043426688029395,3.87858565562621,55.80529022216797,47.1554853342533,LKH,18.343157379469346
PointerNet:greedy_rollout,30,168,0.6726543537573889,1.9160770045466982,6.11264832747526,2.4723770601336805,60.114166259765625,48.89525279068033,LKH,22.94479081049699
PointerNet:greedy_rollout,30,169,0.7454812085789551,2.319844785969471,15.829753660197893,3.9786622953196082,56.00138473510742,45.72059954622292,LKH,22.486111929680106
PointerNet:greedy_rollout,30,170,0.6065194400648276,1.7441348787754487,12.121082536644012,3.481534508897479,58.07693099975586,48.8845437070656,LKH,18.80428167188072
PointerNet:greedy_rollout,30,171,0.6332040450009421,1.96189971598715,10.102159152305745,3.178389395952885,60.05265808105469,48.86925426173929,LKH,22.88433492235854
PointerNet:greedy_rollout,30,172,0.6485605297920605,2.2105559662119094,19.142307438821923,4.375192274497421,55.65399932861328,48.25193254217534,LKH,15.34045663345826
PointerNet:greedy_rollout,30,173,0.6709466479951516,1.959550686480994,18.019165986841017,4.244898819387927,51.64312744140625,46.6299616219361,LKH,10.750954204328174
PointerNet:greedy_rollout,30,174,0.7531404015918572,1.4161904174048978,5.963297272552028,2.441986337503146,53.88005828857422,43.16447926479165,LKH,24.82499315710044
PointerNet:greedy_rollout,30,175,0.6672466146318281,2.1551793044405767,15.915476264412392,3.9894205424362563,49.22026062011719,41.466955035830054,LKH,18.69755224994888
PointerNet:greedy_rollout,30,176,0.6535351950908079,2.167700554184677,22.671532727039864,4.761463296827968,51.03849792480469,43.97795131247652,LKH,16.05474198231943
PointerNet:greedy_rollout,30,177,0.6618052952503073,2.190126825573269,9.718144977382106,3.117393940037432,59.05522155761719,48.67725138971805,LKH,21.31995926559494
PointerNet:greedy_rollout,30,178,0.5707266024207153,2.328472957841385,5.933491943083807,2.435876011434861,52.601036071777344,44.4143203147886,LKH,18.432603941622908
PointerNet:greedy_rollout,30,179,0.5414142067340435,2.6248611761413354,2.0214535608356567,1.421778309313958,55.57891845703125,48.17049061662776,LKH,15.379598060074995
PointerNet:greedy_rollout,30,180,0.6482727515317189,2.0267365618807767,10.285876649709706,3.207160215784317,58.445980072021484,47.95620916890471,LKH,21.87364490418991
PointerNet:greedy_rollout,30,181,0.6094083229623114,2.1653454162730434,7.328505080941019,2.7071211795819226,45.65434646606445,39.228534417452956,LKH,16.38045403437918
PointerNet:greedy_rollout,30,182,0.585099040499578,2.047925758036226,21.65840806781465,4.653859480884082,55.083160400390625,48.907981076275256,LKH,12.62611784053152
PointerNet:greedy_rollout,30,183,0.5449921617083722,2.1537081625517094,17.649708051484737,4.201155561447914,49.504581451416016,47.78560789179121,LKH,3.5972620951424554
PointerNet:greedy_rollout,30,184,0.634714665915817,2.051794111062809,0.9757616668073175,0.9878064925922068,54.66073226928711,47.21933690140485,LKH,15.759211916550367
PointerNet:greedy_rollout,30,185,0.6102099855740865,1.8514560171717236,5.732893516648031,2.3943461563959443,48.354122161865234,41.98922335047285,LKH,15.158410428948098
PointerNet:greedy_rollout,30,186,0.542988864518702,2.0357724338673324,23.066009620343447,4.802708571248463,45.59318161010742,43.082891314846115,LKH,5.826652340754751
PointerNet:greedy_rollout,30,187,0.6042878527349482,1.8598712044401384,5.176444370405901,2.2751800742811326,54.140953063964844,47.523631330490566,LKH,13.924276298365875
PointerNet:greedy_rollout,30,188,0.7365354131286342,1.5626562267826831,19.63065814833924,4.430649856210626,53.56095886230469,42.717895475233846,LKH,25.382953131099878
PointerNet:greedy_rollout,30,189,0.6188980543636717,2.043884632341559,5.892638856362983,2.42747581993374,55.30863952636719,44.01300841507183,LKH,25.66430134647937
PointerNet:greedy_rollout,30,190,0.7077539048468073,1.6037870405809365,14.30786743476567,3.782574180999716,57.60929870605469,47.35396634571704,LKH,21.656754759393447
PointerNet:greedy_rollout,30,191,0.6145553003065288,1.8432361907077457,2.383513617251604,1.5438632119626414,52.627906799316406,43.562677795105564,LKH,20.80962296865358
PointerNet:greedy_rollout,30,192,0.5716201205759717,2.0669904146124147,11.645586768494843,3.4125630790499453,51.29273986816406,50.124415197546895,LKH,2.3308494792660355
PointerNet:greedy_rollout,30,193,0.7078679257072509,1.887560681211221,13.651230514876934,3.694757165887487,55.98389434814453,45.2400776769723,LKH,23.74844877121189
PointerNet:greedy_rollout,30,194,0.7652413928898265,1.9867190597216549,10.144334009089931,3.185017112840986,55.940460205078125,44.79366257566109,LKH,24.884764916440922
PointerNet:greedy_rollout,30,195,0.6314899597472201,1.9963025218755377,14.105437726739401,3.755720666761494,50.074501037597656,43.69214577256088,LKH,14.607557381731901
PointerNet:greedy_rollout,30,196,0.6616219552267769,2.014775413085629,16.764914469487785,4.094498072961787,48.70882797241211,43.699702910169066,LKH,11.462606673871468
PointerNet:greedy_rollout,30,197,0.5949422972276807,1.7832613676998297,30.201025183625863,5.495545940452674,54.21213150024414,47.036700285205825,LKH,15.25496297897232
PointerNet:greedy_rollout,30,198,0.7745107349629203,1.8452473597824681,33.60510094155805,5.796990679788786,53.081214904785156,43.93354956430153,LKH,20.821594046470164
PointerNet:greedy_rollout,30,199,0.721034832095999,2.4026032957131664,6.1636158646774035,2.4826630590310486,46.50918197631836,42.19662965267567,LKH,10.220134544250822
PointerNet:greedy_rollout,30,200,0.6260592523321975,2.1907934478323168,24.44423738377019,4.9441113846443825,47.20045471191406,43.388783921937595,LKH,8.784921920914375
PointerNet:greedy_rollout,30,201,0.5535975302841204,2.4234205746757,15.501099831782492,3.9371436133042557,49.03596496582031,44.6988641306408,LKH,9.702932992891101
PointerNet:greedy_rollout,30,202,0.570511524619845,2.4410517224659993,6.796631130546751,2.607034930825966,53.51824188232422,45.83042112641881,LKH,16.774492939306167
PointerNet:greedy_rollout,30,203,0.5749328738233696,2.038640663367953,15.050714826369157,3.879525077424962,46.48390197753906,42.065353919509235,LKH,10.504007802916822
PointerNet:greedy_rollout,30,204,0.6747171141124757,2.272271741691275,14.183736425845874,3.7661301658128963,51.63486862182617,45.510834670856696,LKH,13.456211021528597
PointerNet:greedy_rollout,30,205,0.7902117659648259,1.7006040594623786,20.048574820364667,4.477563491494528,55.93811798095703,49.18668151448278,LKH,13.72614752326059
PointerNet:greedy_rollout,30,206,0.722509309554395,1.7049851464922132,8.926006928880296,2.987642369642039,44.90741729736328,36.43671396390385,LKH,23.24771476882071
PointerNet:greedy_rollout,30,207,0.5870962909325802,2.4895000131422247,4.6452903654359075,2.155293568272292,58.73358154296875,49.91434206847382,LKH,17.668748317660807
PointerNet:greedy_rollout,30,208,0.7409157596722555,1.8502102181176996,19.78029337038685,4.447504173172505,56.17000961303711,42.775989576625335,LKH,31.312005096735042
PointerNet:greedy_rollout,30,209,0.5988507296424359,2.089866320961248,15.477130940374963,3.934098491443111,64.33045196533203,50.09774276834064,LKH,28.409881185277236
PointerNet:greedy_rollout,30,210,0.6363435721645753,1.7621455368816326,11.846859273771548,3.4419266804758566,50.80496597290039,41.26125786903278,LKH,23.129949489567817
PointerNet:greedy_rollout,30,211,0.6681279455622037,1.7699105202540117,12.457835434152035,3.529565898825525,46.50197219848633,43.83348161029934,LKH,6.087790634362909
PointerNet:greedy_rollout,30,212,0.5995489365110794,2.1870667381459574,12.419066493889122,3.5240695926569217,53.19829177856445,49.25278000015279,LKH,8.010739248422981
PointerNet:greedy_rollout,30,213,0.6835210796678439,1.954437460047767,10.964795524756287,3.311313262854526,47.43878173828125,39.32315027393413,LKH,20.6383044283374
PointerNet:greedy_rollout,30,214,0.6066946012588839,2.0520941084290034,12.883689193032334,3.589385628910933,49.669490814208984,40.73541206990353,LKH,21.931970956803458
PointerNet:greedy_rollout,30,215,0.703298872578307,2.1861750689204524,16.540020526027973,4.066942405054192,48.2838249206543,43.58519735663566,LKH,10.780328756050224
PointerNet:greedy_rollout,30,216,0.6506006899445007,1.838283673735261,17.171796514924445,4.143886643590102,49.02042007446289,44.56746362069532,LKH,9.991496244134023
PointerNet:greedy_rollout,30,217,0.6512189246636505,2.1516583509357536,15.288465175315205,3.9100466973317856,44.93513107299805,39.58369935957066,LKH,13.519281421415464
PointerNet:greedy_rollout,30,218,0.630288778617978,1.8488989923834172,1.8697050659507681,1.3673715902967885,54.991661071777344,46.3788278173805,LKH,18.570614350820616
PointerNet:greedy_rollout,30,219,0.6216792623202007,1.707706360215227,8.209872008883204,2.8652874216879543,60.22856903076172,47.730425949186355,LKH,26.184855536132957
PointerNet:greedy_rollout,30,220,0.6630915044186015,1.9200206625107132,9.675266416977083,3.110509028595976,45.774024963378906,40.98591286612055,LKH,11.682336106307071
PointerNet:greedy_rollout,30,221,0.5717663194984197,1.9795196843422362,4.096519912672777,2.0239861443875493,57.3594970703125,46.69602981489191,LKH,22.835918380409908
PointerNet:greedy_rollout,30,222,0.6551449027222892,1.8730639973463654,9.244202073520736,3.04042794249769,53.791770935058594,43.278070065041,LKH,24.293368105871966
PointerNet:greedy_rollout,30,223,0.654899962618947,2.178860528470346,16.695943972399572,4.086067054320031,48.560546875,44.255759660579315,LKH,9.727066595255309
PointerNet:greedy_rollout,30,224,0.5935638155788183,2.0683242703171576,6.968767344020703,2.639842295293547,53.682003021240234,48.216398154239165,LKH,11.335572701878677
PointerNet:greedy_rollout,30,225,0.6442248176783323,2.110632188309825,19.951838982817925,4.466748144099679,51.70380401611328,45.1837881575083,LKH,14.429989437531326
PointerNet:greedy_rollout,30,226,0.6385361788639178,1.9863633411367867,4.300637019584685,2.0737977287056433,50.252220153808594,43.63386592799606,LKH,15.167929966906984
PointerNet:greedy_rollout,30,227,0.6705783868829409,1.648782378248771,12.129775178043454,3.4827826774065955,54.38994598388672,45.469171939814935,LKH,19.61938971723463
PointerNet:greedy_rollout,30,228,0.6012210956464211,2.423558708049756,17.514587647192236,4.1850433267998834,58.20802688598633,50.21614974708101,LKH,15.91495401212012
PointerNet:greedy_rollout,30,229,0.5808784762086968,2.24795802687573,2.8561732067215195,1.6900216586545629,55.23704147338867,46.99167282932128,LKH,17.54644631191454
PointerNet:greedy_rollout,30,230,0.7933297690372759,1.581652510120024,3.0409361996048383,1.7438280303988802,58.41749572753906,45.432537876698774,LKH,28.580745117256484
PointerNet:greedy_rollout,30,231,0.5376404644766202,2.5306003825321275,4.4217622560205525,2.102798672250996,57.725563049316406,49.134396203940945,LKH,17.48503596078868
PointerNet:greedy_rollout,30,232,0.5845430814350645,2.068849485076988,5.204505781192258,2.2813385941574427,56.58110046386719,49.58969408519364,LKH,14.098506771714531
PointerNet:greedy_rollout,30,233,0.654805212902526,2.082037570990535,11.955781880234033,3.4577133889658977,50.14358901977539,44.12686449205519,LKH,13.635060177011852
PointerNet:greedy_rollout,30,234,0.6379690266962522,2.116205365606596,3.9845687795994627,1.9961384670406666,52.81340026855469,48.65557452154203,LKH,8.545425242428903
PointerNet:greedy_rollout,30,235,0.7279055788375748,2.0670010384692907,11.00588976245991,3.317512586631724,53.342918395996094,47.58039180718486,LKH,12.111137319262397
PointerNet:greedy_rollout,30,236,0.6064289175579082,2.5259515140050053,11.489502867393083,3.389616920448841,52.292869567871094,47.96308114753753,LKH,9.027335852371236
PointerNet:greedy_rollout,30,237,0.6055452016526639,2.292731771541564,9.918150091480632,3.1493094626410776,47.79043197631836,42.907938030975025,LKH,11.378999246756361
PointerNet:greedy_rollout,30,238,0.5803140920897325,2.099394154659391,4.155840845146558,2.0385879537431193,49.58626937866211,47.847775688344164,LKH,3.633384551962457
PointerNet:greedy_rollout,30,239,0.6066675016423687,2.0159879526054967,7.505224914229962,2.7395665559044122,56.58708572387695,46.08358230553516,LKH,22.792289342228944
PointerNet:greedy_rollout,30,240,0.6160806275904178,1.7870787775541646,11.464156292622675,3.3858760007747883,55.503231048583984,49.419501073449936,LKH,12.310383235338778
PointerNet:greedy_rollout,30,241,0.6401460969781814,2.2857823683235443,8.344342109840932,2.888657492649645,56.8771858215332,46.39924867354375,LKH,22.58212675319425
PointerNet:greedy_rollout,30,242,0.4991880336155494,2.3700757056436843,8.977870511662145,2.9963094819564526,49.0911865234375,43.13611334597368,LKH,13.805307700536403
PointerNet:greedy_rollout,30,243,0.6619120729968321,2.191926681653132,10.543917163519264,3.2471398435422003,55.22697067260742,45.690850141409015,LKH,20.870963227177832
PointerNet:greedy_rollout,30,244,0.6897846013239662,2.259762335850564,9.019192493439713,3.003197045390081,49.441078186035156,40.50364994085931,LKH,22.065735454028644
PointerNet:greedy_rollout,30,245,0.7427116589254487,1.9125880497530496,6.549406398409421,2.5591808061192984,56.19562911987305,46.57519074314754,LKH,20.6557143904793
PointerNet:greedy_rollout,30,246,0.5716413324698806,2.1033007949542224,9.116016771048221,3.0192742126292904,55.88673782348633,48.80840917188951,LKH,14.502272808500956
PointerNet:greedy_rollout,30,247,0.6234590736062576,2.264599956437731,16.818423277867275,4.101027100357577,52.98638916015625,45.61719298661298,LKH,16.154427072498454
PointerNet:greedy_rollout,30,248,0.5734827510934944,2.3622179704387034,4.269262503954416,2.0662193745956445,51.258358001708984,47.78521244830027,LKH,7.2682434072389555
PointerNet:greedy_rollout,30,249,0.6275646650484608,2.1107717023283286,17.27677558379408,4.156534083078602,51.849609375,45.93186428737721,LKH,12.88374678327411
PointerNet:greedy_rollout,30,250,0.6970278565351085,1.833152803230442,12.92490131656358,3.5951218778455316,57.0150146484375,45.951087990805334,LKH,24.077616312036014
PointerNet:greedy_rollout,30,251,0.5717313562481043,2.2346600029011907,11.664357099031204,3.4153121525024916,53.736366271972656,45.28995759442368,LKH,18.64962814314698
PointerNet:greedy_rollout,30,252,0.7062701734481379,1.870529532372119,14.39823379091598,3.7945004665852893,53.807308197021484,41.505431914677445,LKH,29.639195919302708
PointerNet:greedy_rollout,30,253,0.6861748640688954,2.55744414425586,7.45614067415809,2.7305934655598385,60.20655059814453,48.238922064358384,LKH,24.80907122638319
PointerNet:greedy_rollout,30,254,0.6893522992065603,2.121902643929893,8.177250060842074,2.859589141964641,54.84703063964844,46.32181332512022,LKH,18.40432552735368
PointerNet:greedy_rollout,30,255,0.5771999848114017,2.0618840550012343,7.92655111208824,2.815413133465183,48.669090270996094,44.46467038151362,LKH,9.455641644046638
PointerNet:greedy_rollout,30,256,0.5712284334624808,2.184271037398395,9.524504689856744,3.0861796269589923,45.34619903564453,41.87596243907404,LKH,8.286941706998121
PointerNet:greedy_rollout,30,257,0.6106186750238218,2.2420828523529623,4.318845851550399,2.0781833055701315,58.437164306640625,51.222814016688396,LKH,14.084252160769209
PointerNet:greedy_rollout,30,258,0.7120242946763937,2.3542100530753385,11.723220220638721,3.423918839668768,50.25347137451172,46.08513166776835,LKH,9.044868824056497
PointerNet:greedy_rollout,30,259,0.501041425143679,2.2621281558035333,12.400549317963932,3.5214413693775923,50.29850387573242,44.03291451822494,LKH,14.229331458207684
PointerNet:greedy_rollout,30,260,0.5702462152616742,2.1573567623329195,2.7542078470401656,1.6595806238445199,46.81557846069336,44.98318656842431,LKH,4.07350397349415
PointerNet:greedy_rollout,30,261,0.7450656322056602,2.1845522558224544,2.1565989113749082,1.468536315987762,55.486289978027344,47.48332552811395,LKH,16.85426275624902
PointerNet:greedy_rollout,30,262,0.6000375451005918,2.2218404683475783,26.0526010089406,5.104174860733182,50.76227569580078,43.153456743116784,LKH,17.63200338266678
PointerNet:greedy_rollout,30,263,0.6072621444395433,2.2473854860418196,9.177901504838328,3.0295051584109123,52.66278076171875,46.41213158845516,LKH,13.467705445397845
PointerNet:greedy_rollout,30,264,0.675714469414379,2.021269365140786,14.464569533509536,3.803231459365777,55.267738342285156,46.550109854738864,LKH,18.72740690569783
PointerNet:greedy_rollout,30,265,0.8377349056778863,2.059719774557444,2.931368472507864,1.7121239652863527,51.776885986328125,42.3608009559953,LKH,22.228297902379886
PointerNet:greedy_rollout,30,266,0.6125074130793412,2.0219058399152265,18.585753357477966,4.3111197336049445,54.30198287963867,45.18864505138223,LKH,20.167318178923097
PointerNet:greedy_rollout,30,267,0.7912910025256376,1.6282843403332288,9.88545028057836,3.144113592187528,56.035804748535156,44.60877594551382,LKH,25.61610033186871
PointerNet:greedy_rollout,30,268,0.5995366276979136,2.000116290942395,5.427668419213167,2.329735697286962,47.44284439086914,44.291274057761804,LKH,7.115555829342961
PointerNet:greedy_rollout,30,269,0.6006002235437335,2.6829245959984767,12.140387956686359,3.4843059504995195,48.58225631713867,44.05247464414035,LKH,10.282695148434428
PointerNet:greedy_rollout,30,270,0.5527230720346172,1.9906038430987882,18.996334728081155,4.358478487738715,53.86037826538086,45.736361933716424,LKH,17.76270780662046
PointerNet:greedy_rollout,30,271,0.6519975056561331,2.1948144227674473,7.3731750668567555,2.7153591045857555,56.62733459472656,45.50809476047278,LKH,24.43354285161523
PointerNet:greedy_rollout,30,272,0.6869450594541073,1.844126333684542,15.948072812762973,3.993503826561704,63.315467834472656,50.32444719515692,LKH,25.814532227123905
PointerNet:greedy_rollout,30,273,0.5234303800389171,2.2230063515049725,9.7522501818199,3.122859295872918,58.48210906982422,51.95607723231645,LKH,12.560670830338596
PointerNet:greedy_rollout,30,274,0.6257249102927744,1.7654670088882076,6.9350133033191375,2.6334413422970213,49.503448486328125,42.95033854825326,LKH,15.257411605062602
PointerNet:greedy_rollout,30,275,0.5322990532343587,2.2999871281585924,13.205166379031121,3.63389135487443,56.6536979675293,49.72469204100074,LKH,13.934738742705951
PointerNet:greedy_rollout,30,276,0.6969638210550329,2.3993065215373917,18.62659003344368,4.31585333780513,55.28741455078125,42.37861331450789,LKH,30.460650376812037
PointerNet:greedy_rollout,30,277,0.6982627116231015,1.8645667956577021,3.332941131498482,1.8256344462948988,55.45804214477539,46.409830966156036,LKH,19.496324356832247
PointerNet:greedy_rollout,30,278,0.579954719542972,2.5537571367144576,7.569955224970363,2.7513551615468264,54.21556091308594,46.315843590751214,LKH,17.05618792596539
PointerNet:greedy_rollout,30,279,0.6241343090931575,2.0825865904012932,11.96894382337779,3.459616138154317,49.05695343017578,42.40017035827933,LKH,15.699896994863375
PointerNet:greedy_rollout,30,280,0.7408544743064946,1.9453828018735344,7.311558681232448,2.703989401094695,44.66624069213867,38.33494990842743,LKH,16.515714247273316
PointerNet:greedy_rollout,30,281,0.5155447371304035,2.213993237084868,19.531114619971913,4.4194020658876365,45.38981246948242,40.80689008660532,LKH,11.230756308923977
PointerNet:greedy_rollout,30,282,0.6052655816102439,2.485457463219895,22.57099363912368,4.750893983149243,59.19772720336914,49.85098630316232,LKH,18.749360029440183
PointerNet:greedy_rollout,30,283,0.813333666883409,1.5722417301052667,24.73673253253745,4.973603576134456,52.76840591430664,41.70592291591285,LKH,26.524968697366752
PointerNet:greedy_rollout,30,284,0.638973637825499,1.7411217352880282,44.65763481566936,6.6826368160831064,52.10048294067383,43.75592132636909,LKH,19.070702573176
PointerNet:greedy_rollout,30,285,0.5203458349453285,2.3414333219570675,21.62239440284787,4.64998864545365,51.32146453857422,44.2941316012559,LKH,15.865155683781529
PointerNet:greedy_rollout,30,286,0.582555684649075,2.201595309787758,7.289101220703549,2.6998335542591416,52.329097747802734,46.24095846549891,LKH,13.166118273362079
PointerNet:greedy_rollout,30,287,0.7458949009266992,1.8710563948692858,20.338294145622122,4.509799789970961,53.46791458129883,46.26780852622308,LKH,15.561804815101555
PointerNet:greedy_rollout,30,288,0.6817136762202911,2.343299534239438,11.577793768566604,3.4026157244929385,51.56648635864258,47.13836734704498,LKH,9.393874376251992
PointerNet:greedy_rollout,30,289,0.5601825781787435,2.0599965074209945,6.048265128754823,2.4593220872335575,51.86601257324219,45.93567525415453,LKH,12.910090656719586
PointerNet:greedy_rollout,30,290,0.6164053257554769,1.969865883131379,10.881870610626297,3.298768044380553,44.7543830871582,40.917092378583675,LKH,9.378209656419761
PointerNet:greedy_rollout,30,291,0.6260797566811864,2.335043295434856,8.300752642202069,2.8811026781775877,46.08189392089844,41.384169654314654,LKH,11.351500599925666
PointerNet:greedy_rollout,30,292,0.7468027946849664,1.5778926044328905,14.634444554330003,3.8254992555652136,45.53056335449219,38.771351434504396,LKH,17.43352158205262
PointerNet:greedy_rollout,30,293,0.7894096074876871,2.1001942085280243,7.2041246272068475,2.684050041859661,52.393646240234375,43.03534151821432,LKH,21.745626714869314
PointerNet:greedy_rollout,30,294,0.7182690115095587,2.1311931533362722,7.389377898947998,2.7183410196198707,59.278663635253906,47.7797201507696,LKH,24.06657772000176
PointerNet:greedy_rollout,30,295,0.6755976407478254,1.7049321691058614,10.783095698670266,3.283762430303122,53.93756866455078,44.93472646820806,LKH,20.03537776670868
PointerNet:greedy_rollout,30,296,0.5786079171812162,2.3616395985425624,10.766027293753153,3.281162491214532,45.20884704589844,43.48906021591936,LKH,3.9545274637816688
PointerNet:greedy_rollout,30,297,0.6459166122658644,2.191611071659518,17.688933345572288,4.205821363963558,47.985939025878906,44.122611745660066,LKH,8.75588984280569
PointerNet:greedy_rollout,30,298,0.6700445477850735,1.914366218121681,15.710365382192483,3.963630328649795,59.36383056640625,47.845729689919736,LKH,24.07341459965899
PointerNet:greedy_rollout,30,299,0.6427741206299591,2.059432231730638,19.236013751362496,4.385888023121714,59.70684051513672,49.53683968260713,LKH,20.530176930322778
PointerNet:greedy_rollout,50,0,0.9913421980291605,1.0955060581650349,24.641313066193156,4.96400171899579,71.9223403930664,58.14382500904144,LKH,23.69729783323059
PointerNet:greedy_rollout,50,1,1.062187969412189,1.2547622071244378,39.64193738853724,6.296184351536828,79.15237426757812,56.31608141295014,LKH,40.550216353257625
PointerNet:greedy_rollout,50,2,0.9593180710077286,1.2538913746657123,11.530556959750283,3.395667380611694,68.38259887695312,55.07114164024258,LKH,24.17138421365748
PointerNet:greedy_rollout,50,3,0.9548036048561335,1.3278773223062772,48.61780131059536,6.972646650347008,72.94813537597656,56.877956483607534,LKH,28.253790898765015
PointerNet:greedy_rollout,50,4,0.9815510390140116,1.1283561296730245,13.190631922816886,3.6318909569006728,70.89698791503906,55.048795040104096,LKH,28.789354723185596
PointerNet:greedy_rollout,50,5,0.9166940841078758,1.2646465447536968,65.20232056704202,8.0747953885558,75.6072998046875,56.076120709793,LKH,34.829761487911945
PointerNet:greedy_rollout,50,6,1.090085253252182,1.267070194194812,34.458471483725845,5.870133855690673,75.92891693115234,55.92005754492178,LKH,35.7811852574669
PointerNet:greedy_rollout,50,7,0.9385355833172798,1.2081668658610856,21.471241631690354,4.633707115441195,66.2616195678711,56.04968626621724,LKH,18.219429905727903
PointerNet:greedy_rollout,50,8,0.9406103562563658,1.2256693991518752,7.6969243255729305,2.7743331316864115,75.51170349121094,56.81149216337253,LKH,32.91624742765479
PointerNet:greedy_rollout,50,9,0.901887643262744,1.3503020200114233,42.13289302284435,6.49098552015365,69.49064636230469,57.557306132150366,LKH,20.73297211435786
PointerNet:greedy_rollout,50,10,0.925363445840776,1.3637244745195825,29.825785303458563,5.461298865971223,76.89905548095703,58.14827149700995,LKH,32.24650277852415
PointerNet:greedy_rollout,50,11,1.0102035844884814,1.1463033067450534,11.611204864350563,3.407521806878213,70.7850570678711,55.34747351456702,LKH,27.8921196813817
PointerNet:greedy_rollout,50,12,1.0140244524739683,1.387232974856001,28.349982576321555,5.3244701686009615,70.91767120361328,54.56659146424027,LKH,29.965367637244753
PointerNet:greedy_rollout,50,13,0.9846756619215011,1.3284860742531783,22.91446294762709,4.786905362301106,73.58394622802734,55.97624859467017,LKH,31.45565856128792
PointerNet:greedy_rollout,50,14,0.948822658881545,1.208920828642347,22.715425856091716,4.766070273935511,70.54637908935547,52.23573249564541,LKH,35.05387159113067
PointerNet:greedy_rollout,50,15,0.9454529336094857,1.2605803270250409,16.164780670693368,4.020544822619612,68.24378204345703,57.102167174717756,LKH,19.511719817303668
PointerNet:greedy_rollout,50,16,0.9622376241348684,1.287071500507126,21.11344397929131,4.594936776419378,63.9715461730957,53.57401025451704,LKH,19.407798425360557
PointerNet:greedy_rollout,50,17,0.9538324589864351,1.467835027564668,30.182864916213305,5.4938934205364145,73.49481201171875,60.51312148838519,LKH,21.45268696116635
PointerNet:greedy_rollout,50,18,0.9729338575899601,1.2385344512635368,17.21718162349141,4.149359182270367,77.76205444335938,56.960979845994345,LKH,36.5181123175988
PointerNet:greedy_rollout,50,19,0.965283346939832,1.377014686128003,26.02997662218885,5.101958116467524,71.78423309326172,59.75126400017282,LKH,20.13843438199751
PointerNet:greedy_rollout,50,20,1.0312053672969341,1.2309678443716001,8.157714582733615,2.8561713153684627,77.19882202148438,57.53050992881431,LKH,34.18761995505821
PointerNet:greedy_rollout,50,21,0.9475613026320935,1.0244799641657303,37.015667315886354,6.084050239428201,73.3141098022461,57.63108957783351,LKH,27.21277758115596
PointerNet:greedy_rollout,50,22,1.0180132953822614,1.3213752025314573,18.285546137708945,4.2761602095465205,77.41166687011719,57.005143697052446,LKH,35.79768745345676
PointerNet:greedy_rollout,50,23,1.0222060197219252,1.1142068487139352,15.203948483350171,3.8992240873474007,70.9659194946289,57.10970370446462,LKH,24.26245434903396
PointerNet:greedy_rollout,50,24,1.0069636998139322,1.3083784625564243,30.37822200433146,5.511644219679955,70.10542297363281,54.56357155252195,LKH,28.4839334722628
PointerNet:greedy_rollout,50,25,0.9030117295496166,1.3828495011437532,32.181865450480025,5.6729062613866645,76.16946411132812,59.14069195100727,LKH,28.79366405524585
PointerNet:greedy_rollout,50,26,1.1059478802606464,1.2026044197300643,1.8594407020046049,1.363613105688195,73.09053802490234,56.38794082896597,LKH,29.620867423760235
PointerNet:greedy_rollout,50,27,0.8666661816835404,1.141243596332771,34.808827607113656,5.899900643834068,75.83200073242188,59.61381599134529,LKH,27.205412824824254
PointerNet:greedy_rollout,50,28,1.0259455803968012,1.1999317750197864,17.732592591308833,4.211008500503037,73.65360260009766,59.02560818372638,LKH,24.78245437275185
PointerNet:greedy_rollout,50,29,0.9878507214784622,1.0708301848443587,34.35892257569504,5.861648452073447,71.23882293701172,54.72041935093224,LKH,30.186909716725452
PointerNet:greedy_rollout,50,30,0.9065553550422192,1.2767686196783006,15.920287101295035,3.9900234462086854,68.50721740722656,57.927114415174266,LKH,18.264508941741436
PointerNet:greedy_rollout,50,31,0.952278987634927,1.2463916358132148,37.79356852048469,6.147647397215026,74.54857635498047,59.265782672756444,LKH,25.78687565236405
PointerNet:greedy_rollout,50,32,0.976446866095066,1.0983861310900078,14.470452464363476,3.804004792894388,78.13101959228516,58.173840269199886,LKH,34.30610602761185
PointerNet:greedy_rollout,50,33,1.021019785180688,1.0151563651118902,16.435155615813013,4.054029552903261,74.47552490234375,53.8670180388795,LKH,38.25811714431581
PointerNet:greedy_rollout,50,34,0.9367611193383345,1.5283633923991238,17.223324923447006,4.150099387177011,74.59819030761719,59.93279201618743,LKH,24.469739850378968
PointerNet:greedy_rollout,50,35,1.0238120640767738,1.1774053440663501,41.71308299707989,6.458566636420181,74.46299743652344,55.72654942549199,LKH,33.62212124058143
PointerNet:greedy_rollout,50,36,0.936157710403204,1.1627356066843948,4.361252948175605,2.0883613069044364,78.43522644042969,59.93040126831981,LKH,30.877192177072622
PointerNet:greedy_rollout,50,37,0.9692207135632634,1.4271161485912303,35.71020701978319,5.975801788863415,69.39430236816406,55.446058009496426,LKH,25.15642204226435
PointerNet:greedy_rollout,50,38,0.9382976513728499,1.1620796820936155,34.31902181435851,5.858243918987883,71.51118469238281,56.222625908392295,LKH,27.192893496118987
PointerNet:greedy_rollout,50,39,0.9816918713715859,1.4151067233931403,64.06674529231323,8.004170493705967,76.00379180908203,57.99594796717784,LKH,31.05017587107211
PointerNet:greedy_rollout,50,40,0.9724705360829831,1.1464546549064543,4.122903008312973,2.0304932918660366,75.52764129638672,55.450805325642406,LKH,36.20657238941862
PointerNet:greedy_rollout,50,41,1.008237124684383,1.4626880220075522,19.106376110520603,4.371084088703923,66.0033187866211,52.44999934216031,LKH,25.840456843564468
PointerNet:greedy_rollout,50,42,1.054073382243514,1.2282514676129987,8.547139512743454,2.9235491295244986,72.92400360107422,55.806084530534584,LKH,30.6739295805164
PointerNet:greedy_rollout,50,43,0.9838658981211483,1.31622930646766,43.06513704112615,6.562403297659033,73.25106811523438,55.24701513996153,LKH,32.58828179162582
PointerNet:greedy_rollout,50,44,0.857744908258319,1.4444786897408315,14.3069538870065,3.7824534216572316,74.71014404296875,61.36766660817368,LKH,21.741868596675566
PointerNet:greedy_rollout,50,45,1.0060235776007176,1.2206588635575586,20.55727742882727,4.534013390896334,77.74484252929688,59.93979233696607,LKH,29.704891355371068
PointerNet:greedy_rollout,50,46,0.839297484792769,1.534345370042527,28.554884972553136,5.343677102197805,69.30035400390625,58.68508737223702,LKH,18.088524882543062
PointerNet:greedy_rollout,50,47,0.9587863583117724,1.2100638683303715,17.17498219245905,4.14427100856822,68.6253433227539,55.393746578080766,LKH,23.886444882406398
PointerNet:greedy_rollout,50,48,1.0700451753288507,1.151139221405336,43.32077724467803,6.581852113552691,68.32967376708984,57.68399104509374,LKH,18.45517712821565
PointerNet:greedy_rollout,50,49,0.8336693877261132,1.3635500277359591,28.426233856730853,5.3316258173966835,79.52056121826172,64.12810808870051,LKH,24.002662152874866
PointerNet:greedy_rollout,50,50,0.9603050192818046,1.4621878907913541,28.50114009284037,5.338645904425613,67.80390930175781,53.383324305428836,LKH,27.01327649402769
PointerNet:greedy_rollout,50,51,0.883583134864748,1.62654711799925,18.0674358075275,4.250580643574181,73.18059539794922,63.35700634637942,LKH,15.505134503772483
PointerNet:greedy_rollout,50,52,0.9835064063759638,1.3975429136309918,13.934185476020476,3.7328521904865823,76.66041564941406,58.059475663728485,LKH,32.03773332955907
PointerNet:greedy_rollout,50,53,1.0138876604370308,1.4229002917497733,30.515472872909722,5.524081179065865,66.3383560180664,56.59368166489136,LKH,17.21866128250193
PointerNet:greedy_rollout,50,54,0.9941194026730955,1.3361972281068495,35.88901032830846,5.99074372080032,71.62480163574219,57.64212073542922,LKH,24.257748885562137
PointerNet:greedy_rollout,50,55,0.9094105644896626,1.3779459740385243,34.265841353149646,5.853703217037028,73.55870056152344,56.67425870563926,LKH,29.7920824047834
PointerNet:greedy_rollout,50,56,0.9616138531267643,1.2410435565800808,26.143572251496572,5.113078549318069,68.01454162597656,57.52831859896079,LKH,18.227932403373252
PointerNet:greedy_rollout,50,57,0.9407822950556874,1.3353456097705876,24.293305089569838,4.928823905311472,77.78072357177734,60.138847627444726,LKH,29.33524109677426
PointerNet:greedy_rollout,50,58,0.9389327776432037,1.3186987502872523,20.51078505825267,4.528883422903781,75.76376342773438,56.77675437249376,LKH,33.44151891929757
PointerNet:greedy_rollout,50,59,0.9782690210919828,1.4984398593266703,16.472688378159237,4.058655981745587,66.88752746582031,52.6106322883112,LKH,27.136900958099847
PointerNet:greedy_rollout,50,60,0.9069323173165321,1.1241027774045804,23.35527045223836,4.832729089472982,69.42771911621094,55.74985997226483,LKH,24.534338114482708
PointerNet:greedy_rollout,50,61,0.88117756228894,1.2451094323816125,8.102609801628205,2.846508352636297,72.7446517944336,60.440586374258025,LKH,20.35728995742493
PointerNet:greedy_rollout,50,62,1.079833862700034,1.258156239677542,15.603213562744912,3.9500903233653926,79.70833587646484,58.36476222168827,LKH,36.569280576706156
PointerNet:greedy_rollout,50,63,0.9865319498628378,1.258755629953234,23.801126269350565,4.8786397970490265,71.72581481933594,55.55024152868372,LKH,29.118817210362362
PointerNet:greedy_rollout,50,64,1.0119663874059917,1.229064082068038,31.803885593595144,5.639493380933711,79.49181365966797,60.75561169310693,LKH,30.83863604435863
PointerNet:greedy_rollout,50,65,0.9588629941456019,1.329273511245289,43.70184273428661,6.610736928231724,63.208919525146484,52.69416759598646,LKH,19.95429932545495
PointerNet:greedy_rollout,50,66,0.9364532142132521,1.3234589820533904,27.48716683371682,5.242820503671361,63.698448181152344,52.71972047170666,LKH,20.824707739749286
PointerNet:greedy_rollout,50,67,1.085583752542734,1.0756973322376924,18.933288545873317,4.3512398860409105,65.10275268554688,52.72222906912673,LKH,23.482549647488202
PointerNet:greedy_rollout,50,68,0.9305677049607038,1.338880310985253,13.272736555953433,3.643176712150185,70.41677856445312,56.94516910796279,LKH,23.657159452717412
PointerNet:greedy_rollout,50,69,0.9079090678691863,1.318456691122423,35.52785548323721,5.960524765759908,63.95275115966797,52.61801610488453,LKH,21.541547731844705
PointerNet:greedy_rollout,50,70,0.992648489177227,1.070023352187718,24.313014943224765,4.930822947868314,77.96819305419922,60.48839017645216,LKH,28.89778158545186
PointerNet:greedy_rollout,50,71,0.9029022606275976,1.525421187273117,24.60644150295005,4.960488030723393,74.50741577148438,60.50449120030016,LKH,23.143611810282852
PointerNet:greedy_rollout,50,72,0.9963533485494555,1.2683689881082567,17.412778989790898,4.172862205943409,70.27244567871094,54.99290407471203,LKH,27.78456941142896
PointerNet:greedy_rollout,50,73,1.0164697523368522,1.2157127443034974,19.757594080132954,4.444951527309714,69.21726989746094,53.120668203116686,LKH,30.301956354908643
PointerNet:greedy_rollout,50,74,0.9306897920370102,1.1187395087003171,20.420020371153043,4.518851665097345,69.15874481201172,59.27544332753038,LKH,16.673517614824913
PointerNet:greedy_rollout,50,75,0.9761020110547542,1.094916084982042,25.056247537895583,5.005621593558145,71.77352142333984,56.723622245009324,LKH,26.531978358724515
PointerNet:greedy_rollout,50,76,1.0060503793484532,1.4006810705204666,7.871810364033812,2.8056746718095833,77.22087860107422,56.781213277442234,LKH,35.99723243629976
PointerNet:greedy_rollout,50,77,1.061999307051301,1.0891008508686035,10.771004853555754,3.2819209090951222,72.37388610839844,53.58304232997995,LKH,35.06863918382798
PointerNet:greedy_rollout,50,78,0.9956701547279954,1.1504564721107322,28.786298980933477,5.365286477060985,74.7994384765625,60.15834470248487,LKH,24.33759413841198
PointerNet:greedy_rollout,50,79,1.0421971838735045,1.2399363821065301,56.78601350761763,7.53564950801307,76.46133422851562,56.43547805858427,LKH,35.48451587340681
PointerNet:greedy_rollout,50,80,1.022169450186193,1.4222157992712008,28.900562379494836,5.375924327917464,75.66659545898438,55.42015764550097,LKH,36.53262400116434
PointerNet:greedy_rollout,50,81,0.942806591859553,1.3945383937586258,14.379254680550856,3.791998771169481,75.14310455322266,58.76058190534827,LKH,27.880123233400596
PointerNet:greedy_rollout,50,82,1.085907791724312,1.3236637912643368,8.406359957958038,2.899372338620557,66.6531982421875,57.271017910369125,LKH,16.38207364587403
PointerNet:greedy_rollout,50,83,0.925475102737546,1.2880382710503753,25.110630105482365,5.011050798533414,70.28752899169922,56.90476492456345,LKH,23.517826819734346
PointerNet:greedy_rollout,50,84,0.8467130607739091,1.4280720593658982,22.615453881100215,4.755570825999778,67.43792724609375,56.44908724586229,LKH,19.46681609282698
PointerNet:greedy_rollout,50,85,1.0067448414117097,0.9027825455300373,25.130255898058657,5.013008667263469,76.26164245605469,56.96860116870882,LKH,33.866096220637
PointerNet:greedy_rollout,50,86,1.0106982652004808,1.436450775378838,28.260164594192418,5.316029024957672,73.82035827636719,57.909129036974605,LKH,27.476201946040952
PointerNet:greedy_rollout,50,87,0.8954833225905895,1.29903497245699,20.21624255665614,4.496247608468215,72.86182403564453,59.58139409375487,LKH,22.289558920008012
PointerNet:greedy_rollout,50,88,0.8999888619780541,1.3516752287265263,11.322309142335756,3.3648639114139156,71.38092803955078,59.280500465158426,LKH,20.412154889792593
PointerNet:greedy_rollout,50,89,1.0560106493203056,1.2735447341625827,14.566779713576981,3.816645086142669,76.56583404541016,55.43025853182777,LKH,38.13003235668917
PointerNet:greedy_rollout,50,90,1.067503894108231,1.31493329777221,11.764984052733807,3.430012252563219,71.7140884399414,55.613223961233444,LKH,28.951503494800917
PointerNet:greedy_rollout,50,91,1.041371687669307,1.3403927314736208,13.887116631304469,3.7265421816081017,75.21602630615234,55.507164329948225,LKH,35.506879542701554
PointerNet:greedy_rollout,50,92,1.0577191029489041,1.0954001479215913,26.048407128005913,5.103764015705067,76.89545440673828,57.68057227922273,LKH,33.31257192542972
PointerNet:greedy_rollout,50,93,1.0476421384543937,1.4068218300902877,16.719035087755294,4.088891669848358,70.33277893066406,52.87110008450638,LKH,33.026887691475785
PointerNet:greedy_rollout,50,94,0.9072644840180873,1.3025002181910792,26.259006766247317,5.12435427797955,69.50040435791016,56.03462197507525,LKH,24.031182701338867
PointerNet:greedy_rollout,50,95,1.017277298574336,1.3025674432571972,16.62574257087774,4.077467666441727,70.69678497314453,56.519596693024994,LKH,25.08366851433872
PointerNet:greedy_rollout,50,96,0.9846997241675853,1.1777662638425368,5.099504235371831,2.258208191325997,73.14989471435547,57.3288780452522,LKH,27.59694103313001
PointerNet:greedy_rollout,50,97,0.8577021673321724,1.2793105617859433,13.678137167226973,3.6983965670580776,69.25785064697266,59.328662968637616,LKH,16.735903324812526
PointerNet:greedy_rollout,50,98,0.9750452183000743,1.2691991147512618,37.876913222319274,6.154422249270786,73.77991485595703,57.095764226690726,LKH,29.221345672901798
PointerNet:greedy_rollout,50,99,1.1574189276993274,1.302656143234976,17.55566127717275,4.189947646113582,73.96049499511719,55.542603471108634,LKH,33.15993556835864
PointerNet:greedy_rollout,50,100,1.0584218844771385,1.0210030848887315,7.131546989752775,2.6704956449604587,69.3857421875,54.32612295718093,LKH,27.72076932894484
PointerNet:greedy_rollout,50,101,0.9705555403232574,1.208268961284625,15.406119956049567,3.925063051219632,77.78590393066406,57.66368469700368,LKH,34.89582627158401
PointerNet:greedy_rollout,50,102,1.0375696944445372,1.085773209606415,5.365277889165758,2.3163069505498957,75.19879150390625,60.06504369744918,LKH,25.195599428324012
PointerNet:greedy_rollout,50,103,0.8811250599473714,1.3078599905482868,20.73412816506768,4.553474296080706,74.66926574707031,58.74087220307943,LKH,27.116372206601074
PointerNet:greedy_rollout,50,104,1.1029613567888736,1.083457903334162,24.47545709426677,4.94726763923954,67.12654876708984,53.37755645658402,LKH,25.758002469987396
PointerNet:greedy_rollout,50,105,0.9513945170491934,1.2322171977005962,21.79032725004314,4.668011059331708,69.0334701538086,57.289311312068904,LKH,20.499738210791858
PointerNet:greedy_rollout,50,106,0.9257657743990422,1.3595372489725177,28.40894236673384,5.330003974363794,69.59675598144531,58.934215362025746,LKH,18.09227552097007
PointerNet:greedy_rollout,50,107,0.9542431891709566,1.303122184609746,28.264243644936478,5.316412666915208,68.62486267089844,53.68610331236547,LKH,27.82611967870676
PointerNet:greedy_rollout,50,108,0.9801703112572432,1.1921258908489798,19.72220022844245,4.440968388588512,74.64708709716797,59.27609882793899,LKH,25.9311739017212
PointerNet:greedy_rollout,50,109,1.0557867793296465,1.41022413080574,26.835019120253467,5.180252804666338,65.06082916259766,54.03137125378986,LKH,20.413063101807126
PointerNet:greedy_rollout,50,110,1.0153393681021408,1.2581973086674818,8.351118612118913,2.8898302047211897,65.07176208496094,56.35483783964668,LKH,15.467925344967885
PointerNet:greedy_rollout,50,111,0.9356166679691523,1.3781458875250903,32.0511275762573,5.661371527841756,71.46810150146484,59.862563573351444,LKH,19.386971147489827
PointerNet:greedy_rollout,50,112,0.8918139530718326,1.3459547496453448,24.350186659737403,4.934590830022019,65.24604034423828,58.07753467963967,LKH,12.342992353481709
PointerNet:greedy_rollout,50,113,0.9932310084998608,1.1691968746496704,34.01240147347761,5.832015215470345,67.43067932128906,55.26829148415047,LKH,22.006086149101346
PointerNet:greedy_rollout,50,114,0.9145969053823501,1.2343059759635495,27.33490393591804,5.228279251906696,68.48896026611328,53.01539058215486,LKH,29.186938951208774
PointerNet:greedy_rollout,50,115,0.9891461237333715,1.3489572922029085,30.833174393326885,5.552762771209201,73.03328704833984,55.66651396973515,LKH,31.197881527208054
PointerNet:greedy_rollout,50,116,1.0340075204335153,1.1846448622701635,7.811342125771266,2.7948778373609224,67.07142639160156,51.594845441539654,LKH,29.996370407966218
PointerNet:greedy_rollout,50,117,0.9323410372436046,1.366753074964317,18.646297310252532,4.318135860559801,67.7025146484375,55.21234891924073,LKH,22.62205099708069
PointerNet:greedy_rollout,50,118,0.9368758058920502,1.312017154739371,17.42543606647456,4.174378524579984,68.59371948242188,55.01587330914097,LKH,24.679870293043088
PointerNet:greedy_rollout,50,119,1.07578571498394,0.9335379249750728,22.836103619753526,4.778713594656362,70.30418395996094,55.21207940475546,LKH,27.334787455778358
PointerNet:greedy_rollout,50,120,0.9165084406733512,1.5734411831052533,24.994917039016894,4.99949167806257,69.17308807373047,55.45625255659087,LKH,24.734515739486945
PointerNet:greedy_rollout,50,121,1.164983199746348,0.9665573018335631,14.072410076326126,3.751321110798984,77.8657455444336,55.70125560262964,LKH,39.79172408594247
PointerNet:greedy_rollout,50,122,1.0292170976102353,1.1917593231431487,21.481009449792584,4.634760991657777,67.52120971679688,53.32258080668784,LKH,26.627797633396266
PointerNet:greedy_rollout,50,123,0.9567761822044849,1.2126469959187482,32.960670057140575,5.741138393832758,67.78666687011719,54.92878788786378,LKH,23.408270010440717
PointerNet:greedy_rollout,50,124,0.9881417382354266,1.428158951813804,36.17910259897377,6.014906699107956,77.17704010009766,60.60074871523662,LKH,27.35327819587371
PointerNet:greedy_rollout,50,125,0.9592337319254876,1.2872189766856854,26.954891355940305,5.191810026950168,73.27716827392578,58.55668358452376,LKH,25.13886338551552
PointerNet:greedy_rollout,50,126,0.9589830864965916,1.2069773493117355,31.876980643119886,5.6459703012963045,71.96478271484375,54.39347722136985,LKH,32.304067309325404
PointerNet:greedy_rollout,50,127,1.0106551450490953,0.9962517407324075,18.890680598888633,4.346341058739942,74.0208511352539,58.60699970116214,LKH,26.30035919376047
PointerNet:greedy_rollout,50,128,1.0390384699963033,1.175533824079865,10.183386342624532,3.191141855609765,72.88282775878906,58.25258962258595,LKH,25.115172099629046
PointerNet:greedy_rollout,50,129,1.0201795925199986,1.4381072448761345,24.065722630179387,4.90568268747372,73.66364288330078,57.414780656174514,LKH,28.300834804946394
PointerNet:greedy_rollout,50,130,0.9827363418415189,1.3273132970100923,26.362893810916034,5.13448087063493,70.5886001586914,58.112271181201535,LKH,21.46935358727776
PointerNet:greedy_rollout,50,131,1.0596896447241306,1.1247257188390245,5.7583954618706,2.3996656979401525,73.46656799316406,59.116442065186064,LKH,24.274339636601457
PointerNet:greedy_rollout,50,132,0.9060242894664406,1.4479058411709884,13.594597134710439,3.6870851813743655,72.17338562011719,56.530343171781745,LKH,27.671939653364745
PointerNet:greedy_rollout,50,133,0.9663754199445248,1.0824525101889502,15.484510344475412,3.9350362570725332,77.46602630615234,59.004526792990774,LKH,31.288276538393724
PointerNet:greedy_rollout,50,134,0.9305244904011488,1.1605155282614619,22.086961814383468,4.699676777650083,75.10063171386719,60.97963462819627,LKH,23.156906681663735
PointerNet:greedy_rollout,50,135,0.9492914916668087,1.4769788903917418,42.831049283329044,6.544543474019333,74.76126861572266,58.37189904640841,LKH,28.07749933968043
PointerNet:greedy_rollout,50,136,0.9400219508446753,1.3385637194783913,20.001823075957248,4.472339776443338,65.47037506103516,58.13446795734854,LKH,12.618859966291845
PointerNet:greedy_rollout,50,137,0.9563905581086874,1.26953045102565,8.786745943707158,2.9642445823020673,64.87920379638672,55.02224238004755,LKH,17.914503280792403
PointerNet:greedy_rollout,50,138,0.9750535675883293,1.1037393763720602,5.81327336826054,2.4110730740192303,68.88407897949219,56.20847652783101,LKH,22.55105143329226
PointerNet:greedy_rollout,50,139,1.0378726191818715,1.0703071791591396,19.862147605828703,4.456696938970464,70.70894622802734,56.1078436805332,LKH,26.023282289424436
PointerNet:greedy_rollout,50,140,1.0605180431902408,1.1464966348357777,28.19499640947119,5.309896082737514,70.06121826171875,55.067862795282466,LKH,27.227051687433075
PointerNet:greedy_rollout,50,141,0.9776044009253383,1.28139748543381,29.833964815373413,5.462047676043611,78.86858367919922,60.97298346861439,LKH,29.350048484664566
PointerNet:greedy_rollout,50,142,0.9995654061436653,1.069357719890695,20.470137083991126,4.524393559803471,73.0271987915039,57.66460572499975,LKH,26.641286926971734
PointerNet:greedy_rollout,50,143,0.9229350706934929,1.128671686421585,14.530260802367858,3.8118579200132654,68.85871887207031,55.174063087669225,LKH,24.80269717069188
PointerNet:greedy_rollout,50,144,1.0031035915017128,1.1026231249331224,28.80699431278784,5.367214763058009,70.5232162475586,54.76052500203703,LKH,28.78477013311179
PointerNet:greedy_rollout,50,145,0.9294640859961509,1.2649791969465418,72.29790017980045,8.502817190778622,65.54356384277344,56.13916170992646,LKH,16.751946139559294
PointerNet:greedy_rollout,50,146,0.9675920071452856,1.173320329228272,36.684638383130945,6.056784492049469,66.72178649902344,55.873676719867525,LKH,19.415421386254593
PointerNet:greedy_rollout,50,147,1.0406012555584312,1.0846439132016088,24.80273990818476,4.980234924999499,72.00321197509766,55.85852945742552,LKH,28.9028062043369
PointerNet:greedy_rollout,50,148,0.8997078123688698,1.1817158661847122,22.124028211000773,4.703618629417225,69.38404083251953,58.65862399394891,LKH,18.284467156401476
PointerNet:greedy_rollout,50,149,1.0272579161822797,1.2423125782236615,28.0687109988125,5.2979912229837165,75.98365783691406,57.03584711552346,LKH,33.220880691072566
PointerNet:greedy_rollout,50,150,0.9320664318650961,1.1587718533040436,16.335919021318837,4.041771767593866,68.637451171875,56.08308311520451,LKH,22.385302945777095
PointerNet:greedy_rollout,50,151,0.8544977866113186,1.390504121569632,8.90440606104958,2.984025144171808,68.10653686523438,57.457918245370266,LKH,18.532900155536236
PointerNet:greedy_rollout,50,152,1.0917886797722895,1.1584125248220782,17.193278131802455,4.146477798300921,74.64896392822266,55.99637868724485,LKH,33.31034198685886
PointerNet:greedy_rollout,50,153,1.0004045912995934,1.2902895708651727,26.94310901124626,5.1906751980109735,68.30068969726562,53.65366578095636,LKH,27.29920444971353
PointerNet:greedy_rollout,50,154,0.9208600509003736,1.4086157176119014,14.624846773180698,3.824244601641048,80.03028106689453,58.555702659521735,LKH,36.67376093535925
PointerNet:greedy_rollout,50,155,1.1219328473508359,1.1313413778817631,22.383364445926667,4.731106048898784,62.2542724609375,53.99257120827428,LKH,15.301551801995178
PointerNet:greedy_rollout,50,156,0.8904387192428111,1.3417668745417115,30.961413940360924,5.5642981534386635,75.25531768798828,59.487522683712164,LKH,26.50605419914953
PointerNet:greedy_rollout,50,157,1.023578954609111,1.187012603585562,14.329521257466286,3.785435411873552,64.63053131103516,55.81141707647312,LKH,15.80163109364888
PointerNet:greedy_rollout,50,158,1.0563592248782516,1.2109445883405712,15.777375578104715,3.9720744678448208,77.65311431884766,58.32993461391815,LKH,33.127381048561624
PointerNet:greedy_rollout,50,159,0.9638765557482839,1.3766185383534388,26.158847950198727,5.114572117997627,66.32108306884766,55.53389336717026,LKH,19.424515458256014
PointerNet:greedy_rollout,50,160,0.93032703820616,1.4523625827209694,41.2209614357667,6.420355242178325,72.964111328125,59.140007414040106,LKH,23.37521505078978
PointerNet:greedy_rollout,50,161,0.9402513110684231,1.309437320694355,38.836383815098266,6.231884451359658,72.96673583984375,56.20495888784794,LKH,29.822594453707314
PointerNet:greedy_rollout,50,162,0.9721397192031145,1.2456050587441756,16.77586997507518,4.095835687021048,65.13919067382812,54.41867993225915,LKH,19.7000565888661
PointerNet:greedy_rollout,50,163,0.9911273221162265,1.3865563615607328,43.13636137263472,6.567827751443754,79.50200653076172,59.269482157458754,LKH,34.136495944999254
PointerNet:greedy_rollout,50,164,0.9473202092945576,1.4047546285435737,22.814415653663087,4.776443829216783,72.49541473388672,58.129175832357,LKH,24.714334404054807
PointerNet:greedy_rollout,50,165,0.9191130361706018,1.3461554060898362,12.96444243372167,3.6006169518183504,71.55131530761719,56.57116855769797,LKH,26.480179094481116
PointerNet:greedy_rollout,50,166,1.0477168024331331,1.1550163451160822,45.43370488408594,6.740452869361667,74.10433959960938,59.424843150113674,LKH,24.70262548680807
PointerNet:greedy_rollout,50,167,1.0447430789540522,1.2495861689359702,17.98885778684261,4.2413273614332825,85.08622741699219,62.76698637674409,LKH,35.55888585486978
PointerNet:greedy_rollout,50,168,0.907414887137711,1.3918238153004259,2.91675167797192,1.7078500162402785,74.21558380126953,60.11040178995442,LKH,23.465459539936646
PointerNet:greedy_rollout,50,169,0.9787448083609342,1.1682584182115718,21.76653062131021,4.66546145856015,69.9299087524414,54.95007584032212,LKH,27.26080479970357
PointerNet:greedy_rollout,50,170,0.982809489518404,1.3036718170697146,12.631332537232264,3.5540586007031827,75.4556655883789,59.95539117617142,LKH,25.853011894563195
PointerNet:greedy_rollout,50,171,0.9861990357935428,1.1541592411025596,19.32484780711093,4.396003617731783,74.94310760498047,61.473028034985155,LKH,21.912178398515366
PointerNet:greedy_rollout,50,172,0.9395989626646042,1.1372153416320687,16.32778470338496,4.0407653610900205,78.46668243408203,54.76020642672381,LKH,43.291429222569725
PointerNet:greedy_rollout,50,173,0.9830957627482713,1.3033142430981615,30.450904410974108,5.518233812640971,72.01587677001953,55.17187154068031,LKH,30.53005953752992
PointerNet:greedy_rollout,50,174,0.9739439990371466,1.1394988389797773,34.10344297784898,5.839815320525896,75.92630004882812,57.2929853403509,LKH,32.522855281122794
PointerNet:greedy_rollout,50,175,1.0207893079519272,1.2804175414493697,23.865622742417685,4.885245412711391,67.34508514404297,55.21387773579083,LKH,21.97130124839688
PointerNet:greedy_rollout,50,176,1.0108487765060272,1.2881643878428486,17.089521684316416,4.133947469951259,70.8790512084961,55.55209078041443,LKH,27.590249462735557
PointerNet:greedy_rollout,50,177,1.001390651911497,1.0801251155565916,3.027448782809159,1.7399565462416464,69.31707763671875,53.96384771552596,LKH,28.45095479871705
PointerNet:greedy_rollout,50,178,0.9666339604649693,1.3453952198685029,12.905252194431101,3.5923880907317214,75.2403335571289,58.84644497912074,LKH,27.858757795521665
PointerNet:greedy_rollout,50,179,1.0246471207775176,1.26892149963412,61.87280273639468,7.86592669279308,71.55731964111328,59.76640883524449,LKH,19.728324046325575
PointerNet:greedy_rollout,50,180,0.9245912528038025,1.1790012117286717,10.605938735411362,3.2566760255529505,64.9186782836914,55.12696299837471,LKH,17.762116308865743
PointerNet:greedy_rollout,50,181,0.9694078835844994,1.2789541415663412,37.72436544514004,6.142016398963783,70.19212341308594,59.929423990579686,LKH,17.124642185981042
PointerNet:greedy_rollout,50,182,0.9617801836878062,1.2587430305574365,14.083221354824882,3.75276183028245,70.77751922607422,55.1657885110453,LKH,28.299660235805636
PointerNet:greedy_rollout,50,183,0.9884620220586657,1.2130049818439694,36.478328021546034,6.039729134782952,70.41213989257812,55.92790836785966,LKH,25.89803900666199
PointerNet:greedy_rollout,50,184,0.9866814938932658,1.0302247450060795,13.681678565642981,3.6988753109077606,79.95372009277344,58.064110363811125,LKH,37.69903575859344
PointerNet:greedy_rollout,50,185,0.9323933271685383,1.3784897054238203,27.230325659316538,5.21826845412504,73.61909484863281,59.40079625135663,LKH,23.936208762439705
PointerNet:greedy_rollout,50,186,1.002544794380665,1.0895889274530433,22.039857432406855,4.694662653738483,77.90980529785156,55.98003708193761,LKH,39.174265254264654
PointerNet:greedy_rollout,50,187,1.0876250752806664,1.2016205418907893,25.210424989380645,5.020998405634147,73.93173217773438,52.527001650357626,LKH,40.749956888565364
PointerNet:greedy_rollout,50,188,1.0598580483347178,0.9121596592680583,33.44663867947958,5.783306898261546,73.24040222167969,55.49324674346103,LKH,31.980748144475562
PointerNet:greedy_rollout,50,189,0.945483868047595,1.146297043931925,18.54840271276854,4.306785659023274,73.88661193847656,57.23882562211165,LKH,29.084779667341376
PointerNet:greedy_rollout,50,190,1.018752985484898,1.1884270327778774,16.86773857181864,4.107035253296305,67.32791137695312,54.399331137764264,LKH,23.76606470849378
PointerNet:greedy_rollout,50,191,1.020301720444113,1.5031691804712213,21.915396824631834,4.681388343710852,72.570556640625,54.85914952334043,LKH,32.28523823496217
PointerNet:greedy_rollout,50,192,0.9162429542071187,1.5237715638232476,38.57279331600491,6.210699905486089,71.98127746582031,57.774451102001535,LKH,24.59015376664755
PointerNet:greedy_rollout,50,193,0.89531578078866,1.2861341982042034,17.784822504447067,4.217205532630236,64.1271743774414,55.2780193142065,LKH,16.008451773453217
PointerNet:greedy_rollout,50,194,0.9704727206379176,1.081154244593888,19.00924544609375,4.359959339958774,75.12517547607422,59.60089529871534,LKH,26.0470586885521
PointerNet:greedy_rollout,50,195,0.9242328782193363,1.343825390330098,24.47197593192542,4.946915799963187,66.87621307373047,56.480101158894584,LKH,18.40668076282064
PointerNet:greedy_rollout,50,196,1.0071872293949127,1.0584752296480149,33.44623465025293,5.783271967515701,71.35070037841797,56.39702361700611,LKH,26.515010549072105
PointerNet:greedy_rollout,50,197,0.9757647897303104,1.1599600836509132,20.77623173923337,4.558095187601217,70.9477310180664,55.628497431941305,LKH,27.538463725121137
PointerNet:greedy_rollout,50,198,0.9716947422921658,1.3351944181570348,31.08283697682895,5.575198380042539,70.14497375488281,59.385415920576285,LKH,18.118182162261288
PointerNet:greedy_rollout,50,199,1.025867692530155,1.1313489914416146,23.63067514988482,4.861139285176348,71.27519226074219,55.596679395993945,LKH,28.200448363248775
PointerNet:greedy_rollout,50,200,0.957650668118149,1.1993161059172635,18.631159864020642,4.316382729093962,77.36820220947266,60.57104281739065,LKH,27.73133598297461
PointerNet:greedy_rollout,50,201,1.026733341999352,1.3493530965414544,30.976897790354663,5.565689336493249,71.89604187011719,57.292685463207896,LKH,25.48904155712381
PointerNet:greedy_rollout,50,202,1.0423928681015968,1.2611798131712035,16.001308356500395,4.000163541219333,70.88353729248047,56.42649111975658,LKH,25.621026375786908
PointerNet:greedy_rollout,50,203,1.0348443808365846,1.4147240488686879,11.129676296642524,3.3361169488857136,80.421630859375,60.3839075896367,LKH,33.18387972820965
PointerNet:greedy_rollout,50,204,0.9865056391991675,1.3131389172536285,30.551215002437527,5.527315352179349,63.76774978637695,52.38384154318202,LKH,21.73171708648121
PointerNet:greedy_rollout,50,205,0.9031333886086941,1.4463470971719976,13.14789438551914,3.6260025352334133,73.11647033691406,59.46226506347087,LKH,22.962807183460797
PointerNet:greedy_rollout,50,206,0.9358398138865596,1.409153871699443,12.442591955262552,3.5274058393191097,81.96067810058594,62.521800782755335,LKH,31.091358653239887
PointerNet:greedy_rollout,50,207,0.9947887794673442,1.1497206522347316,21.526229354003384,4.639636769619297,64.40120697021484,55.8629419721523,LKH,15.284309591712647
PointerNet:greedy_rollout,50,208,0.9443268611631356,1.279905725600766,10.041662030961628,3.1688581588581126,73.75291442871094,59.39400270364813,LKH,24.17569295120238
PointerNet:greedy_rollout,50,209,1.013314354363829,1.4672135491433635,19.18937083495265,4.380567410159631,69.75383758544922,58.19004044235217,LKH,19.872467960480446
PointerNet:greedy_rollout,50,210,0.9332738778251223,1.6116928983648344,14.097035911345893,3.7546019644358966,71.12918853759766,56.14224934501581,LKH,26.6945827205485
PointerNet:greedy_rollout,50,211,0.9850588870048523,1.0367600486652835,28.671754149392733,5.354601212918917,64.43694305419922,53.83653430793684,LKH,19.689990974585488
PointerNet:greedy_rollout,50,212,0.951496627703309,1.3199310759838294,19.547471895839898,4.4212522995006625,67.95574951171875,56.889905959072365,LKH,19.451330365368076
PointerNet:greedy_rollout,50,213,0.956651459261775,1.270015091805919,24.76847742617638,4.976793890264734,79.28682708740234,59.77413646649282,LKH,32.644035990126966
PointerNet:greedy_rollout,50,214,0.9427117666602135,1.1914591650285178,43.80722690946363,6.618702811689284,71.15062713623047,56.7721915376998,LKH,25.326546693168634
PointerNet:greedy_rollout,50,215,1.0407995730399853,1.3252981510101702,26.889952910240854,5.185552324510944,76.48713684082031,59.47206376085334,LKH,28.61019444085092
PointerNet:greedy_rollout,50,216,0.9996413471922279,1.2620731515526697,17.634083917123615,4.199295645358114,75.4512710571289,54.38296356989811,LKH,38.74063880345878
PointerNet:greedy_rollout,50,217,0.9403560565412045,1.2922401242915809,42.60704797016346,6.527407446311549,72.01468658447266,60.336725570713284,LKH,19.354648273169985
PointerNet:greedy_rollout,50,218,0.9479763132194057,1.362239314662863,24.956623489342217,4.995660465778496,76.01106262207031,54.74915044355024,LKH,38.83514539726496
PointerNet:greedy_rollout,50,219,1.0176138818264007,1.1467166390686363,43.04641653517327,6.560976797335384,70.76249694824219,57.00753937767471,LKH,24.128313063015998
PointerNet:greedy_rollout,50,220,0.9623029081523419,1.1591287642964647,13.498263343395474,3.67399827754389,73.89653015136719,58.65974321022028,LKH,25.974861305721177
PointerNet:greedy_rollout,50,221,1.0088012410886587,1.1790989474298383,47.197765850789814,6.870063016507913,74.26303100585938,53.206118899608086,LKH,39.57610993198452
PointerNet:greedy_rollout,50,222,1.246868872269988,0.9906958187246733,8.963389548513275,2.9938920402234404,64.93865203857422,55.45894100849962,LKH,17.09320599652586
PointerNet:greedy_rollout,50,223,1.065122253894806,0.9380573353212298,13.249585690862983,3.6399980344586704,71.01570892333984,56.05074850057225,LKH,26.69894840497056
PointerNet:greedy_rollout,50,224,0.8986583605408669,1.3694129314959318,31.307166320030728,5.5952807186083815,69.46621704101562,57.17352159864833,LKH,21.50067915819605
PointerNet:greedy_rollout,50,225,0.9886239096522331,1.1647251649885837,32.739329027960586,5.721829168016168,59.606605529785156,51.28144604196732,LKH,16.23425260084272
PointerNet:greedy_rollout,50,226,0.9954678959399462,1.2403987421181937,8.055876131793394,2.8382875350805095,71.59645080566406,58.24449502503597,LKH,22.92397895266987
PointerNet:greedy_rollout,50,227,0.9748295024643449,1.3991028381512605,6.198256448375047,2.489629781388198,70.114990234375,56.25567027846362,LKH,24.636307570967027
PointerNet:greedy_rollout,50,228,0.9313035806268454,1.314683980630692,24.588734432186875,4.958702898156622,72.72880554199219,54.81985390646139,LKH,32.668732875663395
PointerNet:greedy_rollout,50,229,0.9561709302663803,1.1492872972340082,30.127760946346516,5.48887610958259,70.6666488647461,56.158081251072694,LKH,25.835226721525974
PointerNet:greedy_rollout,50,230,1.0047068902524188,1.2817461023958858,49.62573588972208,7.044553633107074,76.53218841552734,57.84785614042024,LKH,32.29909200049288
PointerNet:greedy_rollout,50,231,0.9680590626969934,1.1875133647137495,15.270102685354573,3.9076978753934615,68.0162353515625,57.582459367667134,LKH,18.119712319467183
PointerNet:greedy_rollout,50,232,0.9833133034594357,1.2974827770661679,9.367011484789856,3.0605573813914773,71.2608413696289,56.855599037850084,LKH,25.33654130033688
PointerNet:greedy_rollout,50,233,1.0362478941679,1.1362538678646164,20.517112308756243,4.529581913240586,78.74983215332031,60.636471306780905,LKH,29.872056299083837
PointerNet:greedy_rollout,50,234,0.9850368490815162,1.1147112418478418,47.720548620762486,6.9080061248353335,73.20934295654297,56.73805476174061,LKH,29.030406953446033
PointerNet:greedy_rollout,50,235,0.8951228661776987,1.410247163514891,29.583104169925406,5.439035224185021,73.95674133300781,57.4156950317265,LKH,28.80927643937975
PointerNet:greedy_rollout,50,236,1.0536342880129814,0.9480457657329651,23.078544336860208,4.804013357273292,71.6507568359375,55.99797393124732,LKH,27.952409356646022
PointerNet:greedy_rollout,50,237,0.9512036876264028,1.3857564062107999,25.18668554453445,5.018633832482148,77.03387451171875,59.683142968193884,LKH,29.071410587025138
PointerNet:greedy_rollout,50,238,1.07264021364972,1.1171855714437091,48.440084160037465,6.9598911025990535,74.65473937988281,57.094002737479364,LKH,30.757585386241804
PointerNet:greedy_rollout,50,239,0.8461205230653286,1.4052781792967322,21.483420629244392,4.635021103430317,66.73458862304688,58.24216603466574,LKH,14.581227256085292
PointerNet:greedy_rollout,50,240,0.9324569720170984,1.5123093580527014,43.247890507332286,6.576312835269646,71.69388580322266,58.148304121627646,LKH,23.294886903772788
PointerNet:greedy_rollout,50,241,0.8837400375306607,1.3055133878316356,32.644295060966236,5.713518623489928,68.9201431274414,62.214743363484494,LKH,10.777830786476397
PointerNet:greedy_rollout,50,242,0.9854781857132912,1.0735846267974922,26.784874256921366,5.175410539939935,63.34038162231445,54.55612399618332,LKH,16.101322789620596
PointerNet:greedy_rollout,50,243,1.057273141015321,1.113874279583252,48.374513200248465,6.955178876222269,74.71356964111328,55.746651628103535,LKH,34.02342106489489
PointerNet:greedy_rollout,50,244,1.031035262942314,1.1855222023890284,16.52813644489777,4.065481084065915,71.87981414794922,61.764670432910755,LKH,16.376908747575378
PointerNet:greedy_rollout,50,245,0.9367832242976875,1.4429451103350777,19.85110599461597,4.455458000544497,78.4506607055664,60.68904858655372,LKH,29.26658521212665
PointerNet:greedy_rollout,50,246,0.956462390976958,1.288891944442373,31.387452591379457,5.602450588035512,82.28762817382812,61.57485878140929,LKH,33.638354682954535
PointerNet:greedy_rollout,50,247,0.9676517701148987,1.092312932455825,6.667932528175283,2.5822340188633723,79.65541076660156,59.80752497962101,LKH,33.18626843987204
PointerNet:greedy_rollout,50,248,0.8403778246045113,1.4155430891121419,12.73862840370912,3.5691215170835973,71.69860076904297,57.07685408851131,LKH,25.617646441860902
PointerNet:greedy_rollout,50,249,1.1182634982233868,1.2905341473186513,26.8684059963961,5.1834743171348014,72.9612045288086,54.10550993293605,LKH,34.84986024389057
PointerNet:greedy_rollout,50,250,0.9843687151372432,1.2391187190303021,16.334410352774817,4.041585128730412,67.9061050415039,54.7853128279433,LKH,23.949470280049827
PointerNet:greedy_rollout,50,251,0.978669308423996,1.1207891760609916,19.786282290132256,4.448177412169197,76.50386047363281,60.487864357489826,LKH,26.478032058607187
PointerNet:greedy_rollout,50,252,0.9925502749159932,1.311245784857216,15.398537600653043,3.924097042716075,70.69436645507812,53.725089611075916,LKH,31.585385835268738
PointerNet:greedy_rollout,50,253,0.9285860750824213,1.1152743470034876,25.863986500645986,5.085664804196791,68.00835418701172,51.270174270036655,LKH,32.64701194268653
PointerNet:greedy_rollout,50,254,0.8936820423789322,1.4101220092470204,12.212246706567317,3.4946025105249547,73.14553833007812,57.27070607482919,LKH,27.71893930294324
PointerNet:greedy_rollout,50,255,1.0434749442338944,1.0850120415139328,25.003649594238443,5.000364946105278,70.1869888305664,51.385628783006915,LKH,36.58875154949364
PointerNet:greedy_rollout,50,256,0.9484196690283716,1.3578798935807337,34.40714836535656,5.8657606808798946,67.66053771972656,57.38934801574923,LKH,17.897380017557676
PointerNet:greedy_rollout,50,257,1.0194621290266515,1.2862854131182966,19.010309179918213,4.360081327213773,72.42556762695312,59.579624142085805,LKH,21.560967645972802
PointerNet:greedy_rollout,50,258,0.9261084093898535,1.1325355369533958,14.913395543868706,3.861786574096076,75.491455078125,61.828567884928496,LKH,22.09801659748132
PointerNet:greedy_rollout,50,259,0.9588880866765976,1.1521327068780853,11.043327214026329,3.3231501943225994,66.99565124511719,54.07224946528799,LKH,23.900248108090004
PointerNet:greedy_rollout,50,260,0.9842673504352569,1.225224358293803,18.69572587119432,4.323855440598624,76.6595687866211,56.12235255858325,LKH,36.593648148658936
PointerNet:greedy_rollout,50,261,1.0639841282367706,1.1829326899655128,11.953586888236796,3.4573959692573246,66.17412567138672,55.09525892078677,LKH,20.10856644948088
PointerNet:greedy_rollout,50,262,0.9966813960613217,1.247819502936183,61.020264246241254,7.811546853616206,69.80293273925781,57.30919822120321,LKH,21.80057461252735
PointerNet:greedy_rollout,50,263,0.9555588582158089,1.1413997097516944,33.293945554550795,5.770090601936056,73.80738067626953,54.51230099395508,LKH,35.39582686934111
PointerNet:greedy_rollout,50,264,0.968723753541708,1.1760903630301147,15.427035503894247,3.927726505740216,73.87974548339844,57.8147559224159,LKH,27.78700576465434
PointerNet:greedy_rollout,50,265,0.9990999123640358,1.3423429156697724,13.084222838943472,3.617212025710336,69.74311065673828,54.767800912986836,LKH,27.343273774208487
PointerNet:greedy_rollout,50,266,1.0014465799927712,1.1284717958231802,16.788866193173618,4.097421895921094,78.25483703613281,60.64931390643946,LKH,29.02839619398247
PointerNet:greedy_rollout,50,267,0.9099277153611183,1.2407365652536984,14.020674950394225,3.7444191739700066,77.96488189697266,60.618246689360696,LKH,28.616194223671805
PointerNet:greedy_rollout,50,268,0.8062699081003666,1.5574282933592114,14.602019818402908,3.821258931085789,67.17420196533203,57.72790642663573,LKH,16.363481933475718
PointerNet:greedy_rollout,50,269,1.0577694642543793,0.968814470075598,42.36599091387701,6.508916262625984,73.04906463623047,52.99551693822143,LKH,37.84008319304839
PointerNet:greedy_rollout,50,270,0.9599646891653538,1.2077491836324057,40.91606868369417,6.396566945142853,70.44483947753906,55.20805088544597,LKH,27.59885260884991
PointerNet:greedy_rollout,50,271,0.9149956064461731,1.5412709320479852,50.261008852053614,7.089499901407264,69.95531463623047,57.09096190475734,LKH,22.533081073207754
PointerNet:greedy_rollout,50,272,0.9518664104331401,1.5585947624835554,13.028137919578466,3.609451193682838,72.31401062011719,58.35866444038076,LKH,23.913066403349962
PointerNet:greedy_rollout,50,273,0.9460849542170763,1.456208157720311,31.07842884889693,5.574803032296023,76.2892074584961,59.81501209548048,LKH,27.54190760125312
PointerNet:greedy_rollout,50,274,1.0173692639172076,1.170935841734846,36.33977164309349,6.028247808699763,74.02162170410156,56.527929568326016,LKH,30.94698898290747
PointerNet:greedy_rollout,50,275,0.978141945824027,1.2652489287456907,20.84529095012086,4.5656643492618745,69.12621307373047,56.48184484761523,LKH,22.38660628070669
PointerNet:greedy_rollout,50,276,0.9463545644981787,1.2845363107518226,69.67450867943413,8.347125773548289,68.41126251220703,58.33550762902506,LKH,17.272078863626348
PointerNet:greedy_rollout,50,277,0.919231667550921,1.4500376262466361,22.42640813671761,4.73565287333411,76.62830352783203,60.06434628626112,LKH,27.577020754756276
PointerNet:greedy_rollout,50,278,0.9293398400768638,1.3815463393076153,14.042510411606015,3.747333773712453,75.63308715820312,58.166247702074564,LKH,30.029166649348067
PointerNet:greedy_rollout,50,279,1.0713152150809764,1.1868031546822464,57.01065097287524,7.550539780232619,71.09396362304688,54.48480238337497,LKH,30.484025844131324
PointerNet:greedy_rollout,50,280,0.9428874936932697,1.4676630493875078,11.239512137897389,3.352538163525866,70.73968505859375,57.64243967828066,LKH,22.721532005606726
PointerNet:greedy_rollout,50,281,0.9823911683890038,1.5675445282343083,11.698341974279908,3.420283902584683,72.07220458984375,58.39217532949646,LKH,23.427846596146427
PointerNet:greedy_rollout,50,282,0.9909824005328118,1.3199639810528259,24.230446135886815,4.922443106414417,75.41044616699219,57.28687553317456,LKH,31.63651441126747
PointerNet:greedy_rollout,50,283,1.0507776177302004,1.109189754590119,19.561166326855723,4.422800733342587,68.10076141357422,54.27429360728222,LKH,25.475168606223637
PointerNet:greedy_rollout,50,284,1.0183085133880376,1.3030142195472139,25.851099398489193,5.0843976436239915,75.2131576538086,55.71660528949551,LKH,34.99235508518831
PointerNet:greedy_rollout,50,285,1.00471889346838,1.0683913095992619,36.14263007012225,6.011874089676384,66.12709045410156,53.34618856223476,LKH,23.95841621741419
PointerNet:greedy_rollout,50,286,0.9906937602162361,1.2370461144550131,25.602011596014183,5.059843040649994,74.0699691772461,56.51436499367511,LKH,31.063967870002163
PointerNet:greedy_rollout,50,287,0.9385372995305806,1.3806165211747008,14.611999881812542,3.822564568691096,69.03227233886719,56.55203847645784,LKH,22.068583553543824
PointerNet:greedy_rollout,50,288,0.980872189514339,1.2536095999396608,26.034794761122047,5.102430279888403,74.77197265625,59.71639974685822,LKH,25.21178934633258
PointerNet:greedy_rollout,50,289,0.9600817196816206,1.2709310414645067,37.2738770737203,6.1052335806028175,75.32070922851562,58.26409843402102,LKH,29.274649832280026
PointerNet:greedy_rollout,50,290,0.8907553921639919,1.438217948567849,7.902961505515464,2.8112206433354645,67.95486450195312,56.80166872999406,LKH,19.635331181863023
PointerNet:greedy_rollout,50,291,0.9898304803110659,1.2059824585335994,24.540893757484746,4.953876639308326,66.34648132324219,56.82940687035704,LKH,16.746742535244334
PointerNet:greedy_rollout,50,292,0.9179240080714226,1.3422969380260072,14.181424748408748,3.7658232497567843,65.92851257324219,53.98998950071029,LKH,22.112475262427747
PointerNet:greedy_rollout,50,293,0.9336053991944072,1.5483864748808849,11.727036830705737,3.424476139602339,74.1951904296875,60.68085279688147,LKH,22.271172882231753
PointerNet:greedy_rollout,50,294,0.9364822373376228,1.4349975180748138,24.49469556243997,4.949211610190048,73.34012603759766,55.007044929925854,LKH,33.32860569228276
PointerNet:greedy_rollout,50,295,0.9271102484036237,1.4347307951750934,17.746359181374338,4.212642778752352,73.0731430053711,55.34050395963135,LKH,32.04278562167592
PointerNet:greedy_rollout,50,296,1.0249397668242455,1.0173556619663293,25.614621690390923,5.0610889826588625,76.82827758789062,57.32761444980863,LKH,34.01617758777523
PointerNet:greedy_rollout,50,297,1.0770194607321173,1.1613660986859784,5.79357275834964,2.406984162463401,78.24580383300781,57.10782599773569,LKH,37.0141525543456
PointerNet:greedy_rollout,50,298,1.1799036432667345,1.1032355359948247,15.530444195100804,3.9408684569648864,67.54871368408203,52.75248161582617,LKH,28.048409506135673
PointerNet:greedy_rollout,50,299,1.0388308733596932,1.2469366128220578,37.92894241198793,6.158647774632669,66.01177215576172,53.78360579110863,LKH,22.735861950473062
PointerNet:greedy_rollout,100,0,1.4968297845497727,0.7827977780769514,77.15704605079897,8.783908358515529,106.97917938232422,79.61951521054229,LKH,34.36301276066961
PointerNet:greedy_rollout,100,1,1.499164591729641,0.6658150516624414,55.03918286317079,7.418839724860673,104.80078125,78.38191152758552,LKH,33.705314411880224
PointerNet:greedy_rollout,100,2,1.5156187115213833,0.737234331980299,67.03653970939338,8.187584485633927,111.33949279785156,77.0740527053681,LKH,44.457815425212374
PointerNet:greedy_rollout,100,3,1.4644676715135574,0.7174340849023618,106.77889640413014,10.333387460273139,104.27046966552734,78.5705155029204,LKH,32.70941268248609
PointerNet:greedy_rollout,100,4,1.494737695157528,0.6544825473443902,46.66538267305835,6.831206531284086,100.0626220703125,77.22541509932265,LKH,29.5721388374773
PointerNet:greedy_rollout,100,5,1.5927068113535643,0.7651940507013748,40.873375747415366,6.3932288984061385,111.9753189086914,74.52622853158094,LKH,50.24954450934168
PointerNet:greedy_rollout,100,6,1.5984654554573354,0.6581364624472462,39.92750908425717,6.318821811402595,108.04718017578125,72.21458638367196,LKH,49.61960676716027
PointerNet:greedy_rollout,100,7,1.4752307729423046,0.7631386285614127,87.92664167847396,9.376920692768707,106.35266876220703,79.22691682843968,LKH,34.23805067727962
PointerNet:greedy_rollout,100,8,1.4929135938733815,0.7077585981762491,76.73038557986168,8.759588208349847,108.04443359375,79.69424551775465,LKH,35.57369530486284
PointerNet:greedy_rollout,100,9,1.5275071336328983,0.6837279994003442,18.046244439245577,4.2480871506179785,115.45358276367188,78.79709997010403,LKH,46.52009123111825
PointerNet:greedy_rollout,100,10,1.4762651139963419,0.763131256101225,72.12483100556848,8.49263392626625,108.33868408203125,81.01480315711125,LKH,33.727022544177586
PointerNet:greedy_rollout,100,11,1.4910174091759836,0.8526376205247582,29.25167754797843,5.408482000337843,112.26596069335938,77.2440854663285,LKH,45.33923214392547
PointerNet:greedy_rollout,100,12,1.5639299158751965,0.6962258984682825,149.57755161762876,12.230190170951094,116.2386245727539,76.92569644935732,LKH,51.10506623658269
PointerNet:greedy_rollout,100,13,1.4894671106338502,0.7122621958991272,74.32842145201141,8.621393243090782,101.49364471435547,75.99049701553244,LKH,33.56096972705704
PointerNet:greedy_rollout,100,14,1.5473804108798503,0.6783945229364983,50.03162308703328,7.073303548345234,107.71652221679688,72.2450112006141,LKH,49.09890721406831
PointerNet:greedy_rollout,100,15,1.6327841052330678,0.7310002532466129,57.533629713382766,7.585092597548349,115.01598358154297,78.11497271568739,LKH,47.239357043832086
PointerNet:greedy_rollout,100,16,1.5029728260450066,0.6500465061054611,49.69235158619298,7.0492802175961895,115.35633850097656,80.24625285584987,LKH,43.75292851143665
PointerNet:greedy_rollout,100,17,1.4809575006365776,0.6826694990330737,31.288086091907214,5.593575430072184,102.54422760009766,77.0719139576558,LKH,33.05005978758572
PointerNet:greedy_rollout,100,18,1.5285809153853915,0.6845587480471588,27.927006496242253,5.284600883344195,111.30997467041016,76.66180615922018,LKH,45.19612861615682
PointerNet:greedy_rollout,100,19,1.4202476440370082,0.8222385228538828,52.64029344044639,7.255363081228009,104.62850189208984,76.06679071598194,LKH,37.548200610633856
PointerNet:greedy_rollout,100,20,1.559631455093622,0.6248261176287488,66.87527611555115,8.177730499078038,110.83184814453125,76.10361245556489,LKH,45.632834721536206
PointerNet:greedy_rollout,100,21,1.5141481851111167,0.7590950736503396,106.87052884023444,10.337820313791221,104.94361114501953,76.35843099915705,LKH,37.43552581139081
PointerNet:greedy_rollout,100,22,1.4714495340734721,0.7140351050799629,58.799554903937235,7.668086782499089,120.60081481933594,79.77265756315265,LKH,51.1806407149735
PointerNet:greedy_rollout,100,23,1.5765869688359089,0.8147518657474276,103.98904236381883,10.197501770719082,114.0011978149414,79.92576131404158,LKH,42.633859147130025
PointerNet:greedy_rollout,100,24,1.4064142215251922,0.7778339584562682,39.53014161265748,6.287300025659463,116.1446533203125,78.20918014754558,LKH,48.50514108599492
PointerNet:greedy_rollout,100,25,1.4654781572520732,0.7463698414997562,67.11825455168564,8.192573133740439,111.54902648925781,78.70551023598273,LKH,41.7296275124834
PointerNet:greedy_rollout,100,26,1.46928019490093,0.7712755622704698,50.58878543911923,7.112579380162954,117.06712341308594,76.19441731214937,LKH,53.642651972114145
PointerNet:greedy_rollout,100,27,1.6660722073912622,0.632294324099394,49.26696091939284,7.019042735259049,111.53207397460938,78.57982737000822,LKH,41.934740387554136
PointerNet:greedy_rollout,100,28,1.5855257841385901,0.7577636725704303,65.3295886356954,8.082672122243695,109.14749145507812,77.87802589116197,LKH,40.15184669372158
PointerNet:greedy_rollout,100,29,1.5071375937759877,0.664566738717033,62.58569182695294,7.911111921023045,108.4147720336914,80.86636865658306,LKH,34.06657654444549
PointerNet:greedy_rollout,100,30,1.5485676762461662,0.662087390115729,51.67716446857555,7.18868308305322,107.7245101928711,76.79207511796994,LKH,40.280764684874
PointerNet:greedy_rollout,100,31,1.490824251845479,0.6496080911159354,69.33404592556833,8.326706787534214,107.73812103271484,81.7407262888795,LKH,31.8047024098588
PointerNet:greedy_rollout,100,32,1.453555429019034,0.7555738984952393,50.2432116528574,7.088244610117331,105.3624267578125,77.46017476190586,LKH,36.02141627187328
PointerNet:greedy_rollout,100,33,1.530658655166626,0.6771078037009899,31.2090020620653,5.586501773208821,108.31658935546875,75.53217663329931,LKH,43.404565025756206
PointerNet:greedy_rollout,100,34,1.522472976371646,0.719634275480379,53.75518371107841,7.331792666945677,114.53572845458984,80.80413843641804,LKH,41.74487924862167
PointerNet:greedy_rollout,100,35,1.607582713291049,0.6414572083961741,42.68818626469352,6.533619690852347,115.26636505126953,79.3093369969295,LKH,45.337698455015605
PointerNet:greedy_rollout,100,36,1.509902721438557,0.7377134048072014,79.90341325388057,8.93887091605425,108.47176361083984,77.81931974477122,LKH,39.389246740528336
PointerNet:greedy_rollout,100,37,1.521157865921632,0.7611304856204629,52.499030599754704,7.245621477813667,110.15625,78.59414979663646,LKH,40.15833275763011
PointerNet:greedy_rollout,100,38,1.5035702899843455,0.7097864657733146,29.618798061340406,5.442315505493999,111.19229125976562,76.65278569849288,LKH,45.0596873245167
PointerNet:greedy_rollout,100,39,1.5668176114700691,0.7291600917622122,41.807881610701486,6.465901453834684,112.5136947631836,76.59289227605514,LKH,46.89834972893196
PointerNet:greedy_rollout,100,40,1.4831733438372612,0.6817177914523416,62.45872815214697,7.903083458508266,113.90232849121094,80.96056343304005,LKH,40.68865588542499
PointerNet:greedy_rollout,100,41,1.4908681677281856,0.6860860776272254,50.34702208921077,7.095563549797209,108.0369873046875,77.95236620197362,LKH,38.59359576688795
PointerNet:greedy_rollout,100,42,1.4252722650952636,0.7905177509822054,44.956352632933125,6.704949860583085,114.9080810546875,78.751058134226,LKH,45.91306298238461
PointerNet:greedy_rollout,100,43,1.5202437336742878,0.6923435684752991,27.48093299695625,5.2422259582124315,107.45782470703125,75.18910210514315,LKH,42.91675482008559
PointerNet:greedy_rollout,100,44,1.5269189663231373,0.6469961812460098,38.45098143833731,6.200885536625983,115.56822967529297,78.43848259471156,LKH,47.336136361063105
PointerNet:greedy_rollout,100,45,1.5099634790420533,0.5948293581254522,74.79079361023742,8.648167066508222,103.8027572631836,76.76711632125155,LKH,35.21773675696573
PointerNet:greedy_rollout,100,46,1.5953621943295002,0.6631593544094936,21.932665684258016,4.683232396994411,106.02922821044922,77.75780798925302,LKH,36.35830401122369
PointerNet:greedy_rollout,100,47,1.4879379278421403,0.7173197045502537,21.796009173169494,4.668619621812158,111.42971801757812,78.18413648943668,LKH,42.52215733383868
PointerNet:greedy_rollout,100,48,1.4923248854279518,0.674651173429337,20.770247428475557,4.557438691685886,106.51231384277344,76.10387206418572,LKH,39.95649755237335
PointerNet:greedy_rollout,100,49,1.6457308250665665,0.6010765719593579,76.66481305419964,8.755844508338395,104.12391662597656,74.58399065607688,LKH,39.606255591920196
PointerNet:greedy_rollout,100,50,1.4187613989412784,0.6875986552447364,66.15060161955071,8.13330201207054,109.2671127319336,77.23977370941586,LKH,41.46482761978039
PointerNet:greedy_rollout,100,51,1.480951257822244,0.8285015097499989,67.34610203771699,8.206467086250758,114.61176300048828,77.15997246379845,LKH,48.53784849944222
PointerNet:greedy_rollout,100,52,1.562921033538878,0.6965288984827719,38.857812181677005,6.233603466830162,107.87432098388672,77.85607367534973,LKH,38.55607647735923
PointerNet:greedy_rollout,100,53,1.4673915027081967,0.7177488634544394,25.9110469533805,5.090289476383489,106.13758850097656,75.67022542772347,LKH,40.263343872754874
PointerNet:greedy_rollout,100,54,1.4813633644580841,0.7525438700559812,81.2174586362363,9.012072937800509,101.82962036132812,81.42167137838894,LKH,25.064517391319356
PointerNet:greedy_rollout,100,55,1.5655461940169335,0.6071308885916945,66.54879985240945,8.15774477735173,102.40838623046875,74.81076890139673,LKH,36.889899321108
PointerNet:greedy_rollout,100,56,1.5152936857938766,0.7205601258556333,25.443355477094673,5.044140707503575,108.00608825683594,76.316651761729,LKH,41.52362002731157
PointerNet:greedy_rollout,100,57,1.5124066933244467,0.7762250157199513,38.704276973523534,6.221276153131569,110.03779602050781,82.7374165686822,LKH,32.99641272840921
PointerNet:greedy_rollout,100,58,1.5387897834181785,0.5611845370211554,87.7184791679321,9.365814388932343,116.244384765625,80.45230669223612,LKH,44.48856663651499
PointerNet:greedy_rollout,100,59,1.5044245454668999,0.7169130539718799,39.46785863105738,6.282344994590585,108.00607299804688,77.6043717943854,LKH,39.17524296725382
PointerNet:greedy_rollout,100,60,1.5237379457056521,0.6550892200190708,32.98954506968704,5.743652589571121,112.25442504882812,80.40905121682121,LKH,39.60421538383356
PointerNet:greedy_rollout,100,61,1.4955913107655943,0.742317219627478,59.62878564548593,7.721967731445524,105.08516693115234,80.8338809977839,LKH,30.001387579093613
PointerNet:greedy_rollout,100,62,1.4715072679519654,0.7095220928472201,32.90420478516881,5.736218683520426,104.1895751953125,79.71220606159126,LKH,30.707178163916705
PointerNet:greedy_rollout,100,63,1.5272289678454398,0.7153436403778778,83.96448166494534,9.163213501002,107.98863220214844,75.38427860787434,LKH,43.2508663561959
PointerNet:greedy_rollout,100,64,1.4857448896765708,0.7379659352404616,73.3860825539313,8.566567723069216,103.27102661132812,77.80598897572152,LKH,32.728891401345315
PointerNet:greedy_rollout,100,65,1.4516147839277982,0.7819946240597114,47.19189332552936,6.869635603547641,114.80230712890625,78.22521285179992,LKH,46.7587021417286
PointerNet:greedy_rollout,100,66,1.5561992911994458,0.6956331452987715,35.01006347746405,5.916930241051017,100.56011199951172,74.41233646328399,LKH,35.13903309450493
PointerNet:greedy_rollout,100,67,1.5287270584516228,0.7188888021811861,56.42875596175308,7.511907611369637,111.58074188232422,78.16348069524679,LKH,42.75303618753709
PointerNet:greedy_rollout,100,68,1.5062201300635933,0.7595885563198389,47.50645488053913,6.892492646389921,107.53058624267578,77.4371086801032,LKH,38.861830039252034
PointerNet:greedy_rollout,100,69,1.4949528267979622,0.6499169052964082,34.41257943697768,5.866223609527485,116.45028686523438,80.68322441886248,LKH,44.33023432565012
PointerNet:greedy_rollout,100,70,1.538347910810262,0.6390181928298014,30.69520440423273,5.540325297690807,103.2612075805664,77.4778677240272,LKH,33.27832917185891
PointerNet:greedy_rollout,100,71,1.4742117101699115,0.7086564298417748,47.60775265284873,6.899837146835332,101.05022430419922,77.6524498174879,LKH,30.131405437568
PointerNet:greedy_rollout,100,72,1.545636639893055,0.6752222432234026,60.78626462605587,7.7965546638278544,98.2532958984375,73.17579227262887,LKH,34.270218124018555
PointerNet:greedy_rollout,100,73,1.4557475839555263,0.7335904444992595,59.598107202149734,7.71998103638537,107.09205627441406,81.32924699058721,LKH,31.677176707179598
PointerNet:greedy_rollout,100,74,1.3731510475277902,0.7635359205150054,73.28048330012624,8.56040205248131,102.34114074707031,80.19333526149326,LKH,27.618012660725245
PointerNet:greedy_rollout,100,75,1.4595661962777375,0.6843032146124366,24.5065478954614,4.95040886144381,118.59085083007812,79.28752841339723,LKH,49.570623783046074
PointerNet:greedy_rollout,100,76,1.5879841023819676,0.8029901491663445,46.16131848735462,6.794212131465621,118.65208435058594,78.17503187429102,LKH,51.77746846510257
PointerNet:greedy_rollout,100,77,1.4925789839029313,0.6174791148931336,13.397415889099687,3.6602480638748633,107.96968078613281,80.32843833234614,LKH,34.410282370267716
PointerNet:greedy_rollout,100,78,1.489623181410134,0.722200090500531,156.7112487936542,12.518436355777594,112.02853393554688,79.90636106188904,LKH,40.1997693885454
PointerNet:greedy_rollout,100,79,1.4849022397837326,0.7961737085769103,76.72758466995785,8.759428330088548,108.25224304199219,75.22052540957397,LKH,43.913170577526955
PointerNet:greedy_rollout,100,80,1.5181590474024416,0.656737912486782,44.6244687578842,6.680154845352329,110.10885620117188,78.2272716644407,LKH,40.75507666110179
PointerNet:greedy_rollout,100,81,1.5551899082120508,0.7877068578191988,71.81891127325537,8.474603900670248,109.94828033447266,76.31097892169512,LKH,44.079242447267944
PointerNet:greedy_rollout,100,82,1.5840944608440624,0.7741429753337176,24.13783006118329,4.913026568336802,115.93316650390625,76.43630356926523,LKH,51.67291076399273
PointerNet:greedy_rollout,100,83,1.4751733100414277,0.6794731517147135,101.68072977015223,10.083686318512305,114.28971862792969,77.20038112743508,LKH,48.04294610835022
PointerNet:greedy_rollout,100,84,1.4414884266257286,0.70865087708494,34.53786892913666,5.87689279544358,101.70121765136719,76.73975132880551,LKH,32.52742664699252
PointerNet:greedy_rollout,100,85,1.5339861990138888,0.7605840439419582,76.21677770878166,8.73022208817059,107.30238342285156,77.66096964623985,LKH,38.167710127279975
PointerNet:greedy_rollout,100,86,1.5049598851334303,0.7385279542726133,28.160379458353436,5.306635417885182,110.36123657226562,80.41866422285065,LKH,37.23336197980134
PointerNet:greedy_rollout,100,87,1.5477974151447416,0.7004877222743602,52.70364539285604,7.259727639027241,107.9608154296875,76.62561142165984,LKH,40.893904044164145
PointerNet:greedy_rollout,100,88,1.561429353170097,0.6925080201562431,52.646480817847596,7.255789468958398,113.07708740234375,78.67094304077,LKH,43.734246764708665
PointerNet:greedy_rollout,100,89,1.473583808466792,0.7345310424115837,58.19902787787411,7.628828735649668,119.48876953125,76.7786550595735,LKH,55.62758873353174
PointerNet:greedy_rollout,100,90,1.4873356701433658,0.7196559239683349,70.17715383211653,8.377180541931548,101.2896728515625,78.60627522088845,LKH,28.856980650631662
PointerNet:greedy_rollout,100,91,1.6853031104803085,0.6586500089935285,52.829998151451704,7.268424736588507,104.50289916992188,77.03696780841112,LKH,35.65292371036434
PointerNet:greedy_rollout,100,92,1.4703665168583393,0.7192092895191904,82.85479395652028,9.102460873660501,108.32756042480469,78.3860022304476,LKH,38.19758291324983
PointerNet:greedy_rollout,100,93,1.582370560914278,0.6814478351462334,55.09752982601501,7.422771034190332,119.31623077392578,76.8688299403698,LKH,55.220563219817585
PointerNet:greedy_rollout,100,94,1.5507808763906359,0.7369866916221849,43.69308595288926,6.610074579979356,113.97550201416016,78.51396932863321,LKH,45.16588957195226
PointerNet:greedy_rollout,100,95,1.496768607031554,0.7058191091386021,75.15845023245922,8.669397339634354,108.09365844726562,79.3790146087829,LKH,36.17409964082068
PointerNet:greedy_rollout,100,96,1.5988999101519585,0.5795723122667384,26.19328475801253,5.117937549248968,104.21581268310547,77.60930912232828,LKH,34.28261874982014
PointerNet:greedy_rollout,100,97,1.481262240409851,0.7243868898061671,51.190763650224866,7.154772089327854,109.8097152709961,79.70611921801725,LKH,37.7682370542186
PointerNet:greedy_rollout,100,98,1.4862728084623813,0.7308657600197488,44.29122719369604,6.655165452015152,109.34182739257812,76.26441470719203,LKH,43.37201408072534
PointerNet:greedy_rollout,100,99,1.5301511391997338,0.6876483695156853,49.34331772994955,7.024479890351281,116.66415405273438,76.4184953858505,LKH,52.66481427523064
PointerNet:greedy_rollout,100,100,1.623454484655522,0.6172334697128187,43.57308023361784,6.6009908524113134,115.87773132324219,76.93029262385988,LKH,50.62692129589376
PointerNet:greedy_rollout,100,101,1.5563932938221843,0.7756970290268955,63.16511379668678,7.947648318634059,96.54161834716797,71.86534335076111,LKH,34.336821958766194
PointerNet:greedy_rollout,100,102,1.5154144693352283,0.7681658099756138,26.393064689542797,5.137418095652991,114.75694274902344,76.8291936092598,LKH,49.366324645625866
PointerNet:greedy_rollout,100,103,1.51969387575984,0.6897873682706447,55.34184562449184,7.439210013468624,111.69378662109375,78.92596347128259,LKH,41.51716584585479
PointerNet:greedy_rollout,100,104,1.5760626539587974,0.6204582594825169,52.749621967022335,7.262893498256899,100.98667907714844,72.8271278515944,LKH,38.666293805979805
PointerNet:greedy_rollout,100,105,1.533638443350792,0.6721890796994178,35.71596538144654,5.976283576056824,113.04814147949219,75.54069381983032,LKH,49.6519766539604
PointerNet:greedy_rollout,100,106,1.407161172926426,0.7634209834118525,47.21727070654486,6.871482424233133,107.83467864990234,76.83878551313833,LKH,40.33886393410546
PointerNet:greedy_rollout,100,107,1.5665811449289322,0.620856235663544,45.74601115735571,6.763579759074015,120.00285339355469,78.15384796669709,LKH,53.546954520640234
PointerNet:greedy_rollout,100,108,1.5128899627923966,0.6649898078600956,24.218867501889854,4.921266859446849,108.59942626953125,76.18129720412948,LKH,42.55392104775622
PointerNet:greedy_rollout,100,109,1.557505969554186,0.6061134643898926,89.52881777745786,9.461966908495182,113.42262268066406,79.76958075920709,LKH,42.1878134511478
PointerNet:greedy_rollout,100,110,1.5214117551757953,0.7839421461171081,50.68432245274348,7.119292271900591,112.15385437011719,78.23864806216864,LKH,43.34840535715729
PointerNet:greedy_rollout,100,111,1.4851504665240645,0.7858533376769437,31.679425476394563,5.6284478745382875,107.03181457519531,78.71455049837856,LKH,35.97462463741067
PointerNet:greedy_rollout,100,112,1.5174323458969594,0.7034599051131656,17.279502274260675,4.156862070632206,110.79130554199219,76.15777876721208,LKH,45.47602009328921
PointerNet:greedy_rollout,100,113,1.4785410625115036,0.7858064948509456,102.32743022190935,10.115702161585688,105.07245635986328,80.27995837823902,LKH,30.882549620684173
PointerNet:greedy_rollout,100,114,1.5421516107581557,0.6887215198379282,45.02628890894042,6.710163105986354,107.10773468017578,77.94528922595796,LKH,37.41399351239549
PointerNet:greedy_rollout,100,115,1.5603616723418237,0.6208826451594028,49.88515564641166,7.06294242128673,102.28109741210938,76.85033343346419,LKH,33.09128645572208
PointerNet:greedy_rollout,100,116,1.4582963466644288,0.7089919519439308,44.04961654254422,6.6369885145707626,113.43871307373047,77.94889805222519,LKH,45.52959170471835
PointerNet:greedy_rollout,100,117,1.51509343753336,0.7697456362041525,43.22757972441251,6.574768416029002,107.90980529785156,78.54670186691814,LKH,37.38298710579013
PointerNet:greedy_rollout,100,118,1.4656505966186524,0.7174450726119875,91.00889491893781,9.539858223209494,100.69384765625,78.45075912881478,LKH,28.3529296267388
PointerNet:greedy_rollout,100,119,1.4591607172787189,0.6423476160052115,81.4077545858863,9.0226245951988,109.88030242919922,80.16207207485829,LKH,37.07268236104097
PointerNet:greedy_rollout,100,120,1.484710787087679,0.6795070512437585,69.01309060449842,8.307411787343783,106.41510009765625,81.64297047415796,LKH,30.342023911708704
PointerNet:greedy_rollout,100,121,1.456607494354248,0.7534171448554333,60.40065816421167,7.77178603438178,110.68553161621094,77.44268194354936,LKH,42.92574693744909
PointerNet:greedy_rollout,100,122,1.5384015874937176,0.6821257296735915,53.36257635919584,7.304969292145987,108.12643432617188,79.18565716701808,LKH,36.548004013039915
PointerNet:greedy_rollout,100,123,1.4850591994076967,0.6822993307876374,49.48821333580729,7.0347859481157835,110.00814056396484,80.69700197479338,LKH,36.32246288198802
PointerNet:greedy_rollout,100,124,1.478048231676221,0.7442116434986664,12.317999156081681,3.509700721725669,110.87751007080078,80.85756256684238,LKH,37.12695083918943
PointerNet:greedy_rollout,100,125,1.497000425606966,0.7408050825530137,43.29541952734361,6.579925495576953,97.83169555664062,74.72533600479635,LKH,30.921720513054858
PointerNet:greedy_rollout,100,126,1.4353254614025355,0.7097861530939246,44.30969746287982,6.656552971537132,103.40528869628906,76.52421327044091,LKH,35.127542351659216
PointerNet:greedy_rollout,100,127,1.5469367003068328,0.6788396443412384,25.75363372873273,5.074803811846595,119.56947326660156,79.32750810091713,LKH,50.72889106070279
PointerNet:greedy_rollout,100,128,1.5214518778026105,0.6482981365450319,31.68249479986999,5.628720529558204,106.97486877441406,75.4855139023007,LKH,41.71575875189692
PointerNet:greedy_rollout,100,129,1.5384177456982433,0.7539242584921566,27.054416079399875,5.201385976775794,110.1472396850586,80.30020902848206,LKH,37.16930630403459
PointerNet:greedy_rollout,100,130,1.534064474105835,0.6334077967598088,71.39544229656491,8.449582374091923,116.88809204101562,78.52448479441547,LKH,48.855598794490284
PointerNet:greedy_rollout,100,131,1.475346038043499,0.7145190659083498,53.90122012339008,7.341745032578432,107.76167297363281,79.2050328810102,LKH,36.05407264399888
PointerNet:greedy_rollout,100,132,1.4898546989262105,0.6414486338491397,40.001620044556994,6.324683394807758,102.11457061767578,76.64258109043169,LKH,33.234775192643006
PointerNet:greedy_rollout,100,133,1.4225189560651779,0.7776153733138641,84.24897581235226,9.178724084117153,109.76406860351562,77.09457833216456,LKH,42.37585959753678
PointerNet:greedy_rollout,100,134,1.5819164793845266,0.689310821422975,40.78526971123089,6.386334606895484,105.77845764160156,73.41827597624108,LKH,44.07646629543927
PointerNet:greedy_rollout,100,135,1.5636482798866929,0.7089800170319623,18.59779458632167,4.312516038963991,101.27561950683594,74.50795769748777,LKH,35.925909978674284
PointerNet:greedy_rollout,100,136,1.4519753333926202,0.7789504821972573,13.349297164322838,3.653669000377954,113.10062408447266,80.7353736920748,LKH,40.08806662100694
PointerNet:greedy_rollout,100,137,1.4868483658134937,0.7065174659330374,37.378116184229334,6.113764485505582,104.88783264160156,80.97683246032909,LKH,29.52819893638909
PointerNet:greedy_rollout,100,138,1.46939339697361,0.7483441441198212,9.6788346600906,3.111082554367627,108.29130554199219,77.60492200463929,LKH,39.541800628983864
PointerNet:greedy_rollout,100,139,1.5296958619356156,0.6468656102445387,39.53349825614162,6.287566958382361,107.30728912353516,76.29254624175742,LKH,40.65238926945441
PointerNet:greedy_rollout,100,140,1.5479926618933677,0.7394371520264122,42.98485244407003,6.556283432255658,108.6799545288086,77.35795781930541,LKH,40.489689221974885
PointerNet:greedy_rollout,100,141,1.5450673303753137,0.6622182893997646,62.95726892868259,7.934561672120432,101.36897277832031,72.52771793720758,LKH,39.76583802910035
PointerNet:greedy_rollout,100,142,1.505069363154471,0.7631193977757831,54.952899523052274,7.4130222934409336,107.1297607421875,80.09281317334114,LKH,33.757020758318916
PointerNet:greedy_rollout,100,143,1.4758521845936776,0.7909001344759455,34.83845843334085,5.902411238920992,107.36207580566406,80.20720282162615,LKH,33.8559032465301
PointerNet:greedy_rollout,100,144,1.4830319973360746,0.7792429831770056,21.189955215608496,4.603254850169442,110.53995513916016,77.61637177356369,LKH,42.41834887831013
PointerNet:greedy_rollout,100,145,1.5151916544139385,0.7233915314006454,111.46808386692251,10.557844660105703,106.18470764160156,75.20768417009253,LKH,41.18864157743539
PointerNet:greedy_rollout,100,146,1.4588221716880798,0.7062783366243185,21.47745971743472,4.63437802918954,102.79801940917969,78.33964063923008,LKH,31.220948386252363
PointerNet:greedy_rollout,100,147,1.4972491717338563,0.6983514937804476,39.61971821158971,6.2944196087955335,103.391845703125,71.66503946464677,LKH,44.27096737193517
PointerNet:greedy_rollout,100,148,1.50241794526577,0.6536492648409616,64.57978975400509,8.036155159901101,107.15129089355469,76.56375478752703,LKH,39.950412817280814
PointerNet:greedy_rollout,100,149,1.5298158068954946,0.7311432427316056,80.3447971971204,8.963525935541236,113.66803741455078,77.56484037958383,LKH,46.54582779811899
PointerNet:greedy_rollout,100,150,1.6087268435955047,0.6224061400735033,103.5275745259283,10.174850098450015,112.1629867553711,77.92170424045436,LKH,43.94318996059611
PointerNet:greedy_rollout,100,151,1.5377365874685347,0.7904509753418129,66.03557620402275,8.126227673651702,111.69888305664062,78.66102261787186,LKH,42.00029358792308
PointerNet:greedy_rollout,100,152,1.6110686915181578,0.6881790348945804,35.70942355088391,5.975736235049529,107.09862518310547,78.66737936026901,LKH,36.141086755453394
PointerNet:greedy_rollout,100,153,1.5260711254552006,0.6945084814025555,33.51203466460329,5.788957994717468,109.70891571044922,81.40412867260017,LKH,34.77070205086068
PointerNet:greedy_rollout,100,154,1.4873483708500863,0.6778900027046757,32.33105891619176,5.686040706519059,112.1040267944336,79.76227142437585,LKH,40.547686008066584
PointerNet:greedy_rollout,100,155,1.5679945009946823,0.622212683138652,29.262369840062515,5.409470384433444,108.6087875366211,74.9230355921354,LKH,44.960474009440226
PointerNet:greedy_rollout,100,156,1.484262036178261,0.7692220078748516,18.534882567777686,4.305215739980714,117.06101989746094,79.2589608713625,LKH,47.694366177032364
PointerNet:greedy_rollout,100,157,1.494434436261654,0.716958326045947,97.19187037348783,9.858593732043522,101.58902740478516,78.11015242107666,LKH,30.058672600123014
PointerNet:greedy_rollout,100,158,1.566600454680738,0.749234498610486,12.19348922900858,3.4919177007782674,105.43010711669922,78.07079063855235,LKH,35.04424158429937
PointerNet:greedy_rollout,100,159,1.538287557286676,0.6803373998030754,22.604479266061826,4.754416816609775,113.53753662109375,76.62407558091371,LKH,48.174755467294425
PointerNet:greedy_rollout,100,160,1.5221480723749847,0.7895774046864239,42.57738265776285,6.525134685028566,111.04987335205078,78.89654886291623,LKH,40.75377814687606
PointerNet:greedy_rollout,100,161,1.5951270899176597,0.6129395127904192,29.28779610087619,5.411820035891455,112.99749755859375,78.98853951782961,LKH,43.05556001967539
PointerNet:greedy_rollout,100,162,1.6144081331789493,0.7369375940174381,69.21565352838618,8.31959455312494,104.13785552978516,74.43846808831395,LKH,39.89790252834836
PointerNet:greedy_rollout,100,163,1.4427960266172886,0.6670770219001766,32.49775543295022,5.700680260543493,115.6474838256836,80.9692939194949,LKH,42.82881599618255
PointerNet:greedy_rollout,100,164,1.6085097511298954,0.6481112920048604,29.96141589844993,5.4737022113419656,107.50431823730469,79.78715205662058,LKH,34.73888397597491
PointerNet:greedy_rollout,100,165,1.6024812972074143,0.7699085884337684,74.7691408277326,8.646915104690956,111.20933532714844,77.30767057646669,LKH,43.85291200457124
PointerNet:greedy_rollout,100,166,1.5013734278082849,0.6990154288216432,126.56368338756569,11.250052594879977,107.82212829589844,77.60959065009311,LKH,38.92887128089637
PointerNet:greedy_rollout,100,167,1.462644141241908,0.7235470715391137,42.45117122611298,6.515456332914295,115.89153289794922,77.30886547261709,LKH,49.90717065819336
PointerNet:greedy_rollout,100,168,1.516406094878912,0.6723608645758281,117.01080888857095,10.817153455903773,107.76961517333984,79.20581054005854,LKH,36.06276413121875
PointerNet:greedy_rollout,100,169,1.4340249407291412,0.6871237690590364,44.68320369035377,6.684549625094705,100.27632141113281,75.4567605264317,LKH,32.892428341138626
PointerNet:greedy_rollout,100,170,1.473521211463958,0.6720101769692951,21.564186384415716,4.643725485471306,105.28108978271484,77.70844629196438,LKH,35.48217060878449
PointerNet:greedy_rollout,100,171,1.610888206847012,0.7114193254008806,20.869278959266033,4.568290594879668,108.36299896240234,77.69079357293343,LKH,39.479845653365494
PointerNet:greedy_rollout,100,172,1.4615560099482536,0.7047513442569211,54.72680270537554,7.397756599495251,111.4732666015625,76.09202924144647,LKH,46.49795479609088
PointerNet:greedy_rollout,100,173,1.5034634631872177,0.7271102919101753,63.07382680907968,7.94190322335142,117.23371124267578,80.02145614420034,LKH,46.50284672578086
PointerNet:greedy_rollout,100,174,1.545586177110672,0.6744434815711677,42.56596220637679,6.5242595140273805,110.6077651977539,76.0230586476687,LKH,45.49239028959507
PointerNet:greedy_rollout,100,175,1.559905448704958,0.701809694610463,33.5407085359195,5.791434065576461,100.97004699707031,74.56986855400164,LKH,35.40327877063417
PointerNet:greedy_rollout,100,176,1.6013574751868145,0.6932080299698897,33.362362256363305,5.776016123277644,106.26639556884766,75.1963768837898,LKH,41.31850492354729
PointerNet:greedy_rollout,100,177,1.4979096129536629,0.6492686763568761,18.750082670996086,4.33013656493604,105.96098327636719,74.30304197184726,LKH,42.606521165734804
PointerNet:greedy_rollout,100,178,1.5093423262238503,0.651695319926656,52.58294700320129,7.251410001041266,114.30245208740234,78.63015551235803,LKH,45.367195756643035
PointerNet:greedy_rollout,100,179,1.481377505660057,0.651094178316971,85.89667418751976,9.268045866714287,105.33578491210938,78.47179644226743,LKH,34.23394096706589
PointerNet:greedy_rollout,100,180,1.5392616496235132,0.6626035820176917,48.647580854643884,6.974781778281231,109.18842315673828,77.4870940195854,LKH,40.911753806563134
PointerNet:greedy_rollout,100,181,1.4499884420633316,0.7132178723051469,78.46409798248825,8.85799627356482,100.41691589355469,77.11161600042097,LKH,30.222813503229517
PointerNet:greedy_rollout,100,182,1.4710803160071373,0.685297374636893,61.0248392530148,7.811839684287869,101.47358703613281,75.02957404867715,LKH,35.24478623629065
PointerNet:greedy_rollout,100,183,1.4621919548511506,0.7452935310287695,63.39642012201656,7.9621868931856,103.84037017822266,78.26471657586261,LKH,32.678395477953806
PointerNet:greedy_rollout,100,184,1.523313532695174,0.6809869277620966,49.00495684514327,7.000354051413633,109.64905548095703,79.95734598277838,LKH,37.1344360336495
PointerNet:greedy_rollout,100,185,1.4500318014621734,0.7829713649574701,59.58863258998921,7.719367369803643,104.51087951660156,79.69655373218583,LKH,31.136008550385213
PointerNet:greedy_rollout,100,186,1.5034441755712031,0.7379250759092513,131.7824472472446,11.479653620525516,112.87257385253906,76.29367295721595,LKH,47.94486813583595
PointerNet:greedy_rollout,100,187,1.4700784186273814,0.7814765855347977,19.717457108776873,4.440434337852197,112.23500061035156,77.61955922721916,LKH,44.59628697684445
PointerNet:greedy_rollout,100,188,1.602123738527298,0.6039328278152678,65.26958783875466,8.07895957650208,111.16529083251953,78.70146355957239,LKH,41.24933108565882
PointerNet:greedy_rollout,100,189,1.4086990523338319,0.7146665288807915,86.77811021121832,9.315476918076621,111.3631591796875,80.61075395710169,LKH,38.149258892865824
PointerNet:greedy_rollout,100,190,1.476625165194273,0.6394552399918241,28.134466596911086,5.304193303124528,109.08356475830078,76.83400304490004,LKH,41.97303333857905
PointerNet:greedy_rollout,100,191,1.5556817597150803,0.657727208543399,41.2341782495891,6.4213844496019,107.89002990722656,77.27433732621834,LKH,39.61948253501315
PointerNet:greedy_rollout,100,192,1.530012555271387,0.7217245208882368,34.77927685206185,5.8973957686475345,112.59922790527344,79.9067718219838,LKH,40.91324844923263
PointerNet:greedy_rollout,100,193,1.4503803063184022,0.7019668059975741,36.39360312104954,6.032711092125126,115.6365966796875,76.53285949478287,LKH,51.09404959260705
PointerNet:greedy_rollout,100,194,1.6103425949066876,0.6630696328357333,58.2540450791074,7.632433758579723,108.3962631225586,77.58980718111373,LKH,39.70425634585611
PointerNet:greedy_rollout,100,195,1.5099537331983448,0.74559236053535,7.654903405910095,2.766749610266548,105.05244445800781,78.20771257468631,LKH,34.324916302449694
PointerNet:greedy_rollout,100,196,1.485841286033392,0.6989408901130111,28.575701362571085,5.3456245063202,120.91926574707031,81.61180011139746,LKH,48.16394881869955
PointerNet:greedy_rollout,100,197,1.4655036013573408,0.7215164077649322,38.23647797189641,6.183565150614685,102.02288818359375,74.64988057568127,LKH,36.668521633013576
PointerNet:greedy_rollout,100,198,1.5727539378404618,0.6702446334369538,49.08342253379574,7.005956218375601,108.93946838378906,77.31315850690936,LKH,40.90676217044387
PointerNet:greedy_rollout,100,199,1.5727752561867236,0.6690126398455198,54.82925686058316,7.404678038955047,113.75822448730469,76.54607218853911,LKH,48.61405848115767
PointerNet:greedy_rollout,100,200,1.4383674730360507,0.7760285583122501,73.54944656410704,8.576097397074443,110.05193328857422,75.29952344573361,LKH,46.15223078786914
PointerNet:greedy_rollout,100,201,1.5653128159791232,0.6914214927150779,18.706150581314713,4.325060760418831,111.5617904663086,76.32041891071017,LKH,46.1755478528341
PointerNet:greedy_rollout,100,202,1.5543560357019306,0.7100264707831775,42.556411019797046,6.523527498201954,110.4051513671875,78.71101861489623,LKH,40.26644974239106
PointerNet:greedy_rollout,100,203,1.6084401142597198,0.6481250553230464,75.18842635835229,8.671126014443123,110.08187866210938,77.05458421355803,LKH,42.862205780016495
PointerNet:greedy_rollout,100,204,1.4352106226980685,0.7440538570325209,51.73893651857681,7.1929782787505205,101.55272674560547,77.6156629543885,LKH,30.84050677410794
PointerNet:greedy_rollout,100,205,1.5572977696359158,0.7055794442186644,58.25343902287354,7.632394055790984,106.53424835205078,76.96815423810074,LKH,38.41341189303751
PointerNet:greedy_rollout,100,206,1.5432121299952268,0.694066247406559,41.74386563882807,6.460949283102915,111.05707550048828,77.44719643819447,LKH,43.39715394231947
PointerNet:greedy_rollout,100,207,1.4721508165448904,0.6729675159835068,57.18692431115114,7.562203667658729,106.186279296875,77.65073843859122,LKH,36.74857629441687
PointerNet:greedy_rollout,100,208,1.4456953564286232,0.8015019967732588,39.10712030120402,6.253568605300818,106.3730697631836,78.05264650059495,LKH,36.28374505196666
PointerNet:greedy_rollout,100,209,1.527791817188263,0.7138556339596102,35.12323315936638,5.926485734342602,107.85726928710938,79.0003713370717,LKH,36.52754722748537
PointerNet:greedy_rollout,100,210,1.4589776815846562,0.6924020811112405,44.157984290668914,6.645147424299096,112.46906280517578,76.5904992371402,LKH,46.844666016535626
PointerNet:greedy_rollout,100,211,1.4978289553523063,0.6664344937585208,112.5772247426092,10.610241502558234,101.08209991455078,80.13739854519501,LKH,26.135988626513257
PointerNet:greedy_rollout,100,212,1.584963800739497,0.6585754781355125,46.93217031971273,6.850705826388456,108.78782653808594,75.95739708632267,LKH,43.222162305604996
PointerNet:greedy_rollout,100,213,1.5329755389690398,0.6403178022993056,87.66834149633232,9.36313737463743,103.82978820800781,75.23286440579959,LKH,38.01121229142477
PointerNet:greedy_rollout,100,214,1.5315975326497573,0.705216768764975,47.27755832308962,6.8758678232707195,108.1378173828125,76.26852741023923,LKH,41.78563695238561
PointerNet:greedy_rollout,100,215,1.4079035522043706,0.7955984973666479,13.485396380799756,3.6722467755857253,98.11201477050781,76.58758523692272,LKH,28.10433240191546
PointerNet:greedy_rollout,100,216,1.4871459478512405,0.827290728885107,14.114466167400135,3.756922432976243,111.01728820800781,80.48354588361822,LKH,37.937869149729515
PointerNet:greedy_rollout,100,217,1.5463341175392271,0.7064320413450033,50.8360819398684,7.129942632298552,109.54322052001953,78.4160734909194,LKH,39.694855459327044
PointerNet:greedy_rollout,100,218,1.5542250360548495,0.6537189010880298,31.864626326682487,5.644876112607121,111.82475280761719,77.59431363411684,LKH,44.11462331493558
PointerNet:greedy_rollout,100,219,1.5059242029488087,0.6822529567859017,58.38487930217504,7.640999888900342,104.53913879394531,75.50141898236343,LKH,38.459833209710766
PointerNet:greedy_rollout,100,220,1.5417337363027037,0.7489422843553802,21.903833773485154,4.6801531784211035,108.938232421875,78.95159441663561,LKH,37.98104170891957
PointerNet:greedy_rollout,100,221,1.4970141810551285,0.7434035853745141,91.45022054198292,9.562960866906385,109.11000061035156,75.6552723399153,LKH,44.21995617189224
PointerNet:greedy_rollout,100,222,1.5656268863379956,0.6717019500045549,53.989897922766474,7.3477818369060515,107.94808197021484,77.52089766500849,LKH,39.25029923762173
PointerNet:greedy_rollout,100,223,1.587731761932373,0.7064376987273411,38.88514039630046,6.2357950893451,110.60844421386719,78.71167197132233,LKH,40.52356079307535
PointerNet:greedy_rollout,100,224,1.5558731266856194,0.6607365941693173,34.54248519661243,5.877285529614197,114.76701354980469,79.9262516649403,LKH,43.59113702832047
PointerNet:greedy_rollout,100,225,1.5674730319902301,0.6975046649073988,81.04321574409069,9.002400554523815,103.4828109741211,76.10246990949025,LKH,35.978255498401914
PointerNet:greedy_rollout,100,226,1.5365227713435887,0.6708555578213141,8.741838594791844,2.95666004044967,107.01725006103516,77.48158819394229,LKH,38.11958757629344
PointerNet:greedy_rollout,100,227,1.4951792868971825,0.7079522171855114,29.605602114726462,5.441103023719222,111.71308898925781,78.45640951541871,LKH,42.38873494115647
PointerNet:greedy_rollout,100,228,1.523512328788638,0.7135315529939404,54.21943376025221,7.36338466741024,105.2878189086914,79.43521369955184,LKH,32.545522325806274
PointerNet:greedy_rollout,100,229,1.4459871051460504,0.7662251744539706,21.50148615594373,4.636969501295402,114.17758178710938,76.34319714387834,LKH,49.558292105487
PointerNet:greedy_rollout,100,230,1.5007002327404917,0.7464067705982717,152.6127145859489,12.353651872460585,107.73279571533203,74.4867670013611,LKH,44.63346987977532
PointerNet:greedy_rollout,100,231,1.4611649984307586,0.7609361818264649,50.38062903886919,7.097931321087095,110.67002868652344,79.24779446530574,LKH,39.65061038383116
PointerNet:greedy_rollout,100,232,1.4677508510649204,0.7555526115152524,33.233794316744635,5.764875915121213,108.99686431884766,74.51079194097969,LKH,46.28332551502678
PointerNet:greedy_rollout,100,233,1.4682050018757582,0.7865174157793736,24.458778022719827,4.945581666772861,108.014404296875,78.96051140317118,LKH,36.79547203709849
PointerNet:greedy_rollout,100,234,1.5535152865108102,0.7257584775131114,67.61730580624219,8.222974267638334,111.75067138671875,77.6792112885631,LKH,43.8617482502324
PointerNet:greedy_rollout,100,235,1.5100964017771183,0.724766634233484,79.75009977581625,8.930291136117358,112.86163330078125,77.33656023806695,LKH,45.935677709684306
PointerNet:greedy_rollout,100,236,1.5195327369868756,0.6558190214050122,72.18623217342333,8.496248123343817,103.07379150390625,76.11573213359061,LKH,35.41719775223549
PointerNet:greedy_rollout,100,237,1.5139849132858216,0.6822138293314375,82.63904016102012,9.090601749115407,106.65235137939453,79.41896670554813,LKH,34.29078191714109
PointerNet:greedy_rollout,100,238,1.5604576491564512,0.6561165665590926,70.34041395362858,8.386919217068243,108.27763366699219,76.51652119100976,LKH,41.508829703191175
PointerNet:greedy_rollout,100,239,1.5304240791499615,0.7100056853206094,48.68224278898286,6.97726614004245,101.69312286376953,74.74334489768772,LKH,36.05642482681496
PointerNet:greedy_rollout,100,240,1.5694225219637155,0.6944700470629068,76.64943964375868,8.754966570110858,115.83607482910156,76.53820849914442,LKH,51.34411570450651
PointerNet:greedy_rollout,100,241,1.474204549640417,0.7126692007359384,91.98197970993397,9.590723628065506,107.03606414794922,77.01551718356008,LKH,38.97986803469444
PointerNet:greedy_rollout,100,242,1.4837524306029082,0.7495710365993169,30.4002480185149,5.513641992232984,109.82255554199219,77.15476818383243,LKH,42.34059427192369
PointerNet:greedy_rollout,100,243,1.4737567578628659,0.7519959001190244,37.77151103709449,6.145853157788143,106.50827026367188,74.33924427956389,LKH,43.2732755032208
PointerNet:greedy_rollout,100,244,1.5291899752616882,0.6976310260343166,99.5385573533804,9.976901189917658,112.61572265625,76.70887879518939,LKH,46.8092408923495
PointerNet:greedy_rollout,100,245,1.6115252929925918,0.6099687963731016,113.62724277118939,10.659608002698288,108.79957580566406,78.11561378914345,LKH,39.280190640689916
PointerNet:greedy_rollout,100,246,1.4979480361938478,0.6416034211833225,19.416931381739904,4.406464726029236,108.652099609375,78.5706682069141,LKH,38.285828654584066
PointerNet:greedy_rollout,100,247,1.5014171407558023,0.741750946633629,27.434231686766207,5.237769724488297,110.48759460449219,78.078444290244,LKH,41.50844782943218
PointerNet:greedy_rollout,100,248,1.556899165660143,0.6616370857277465,59.99651700182151,7.745741862586276,103.4420166015625,72.06471408387448,LKH,43.5404523789114
PointerNet:greedy_rollout,100,249,1.544621139615774,0.6817344623361385,19.889615882167384,4.459777559718352,101.31964874267578,73.69289714469544,LKH,37.48902902234313
PointerNet:greedy_rollout,100,250,1.603318836260587,0.7518202414428022,90.20125645253124,9.497434203643174,110.24240112304688,75.56481825141526,LKH,45.89117485369209
PointerNet:greedy_rollout,100,251,1.5558427670507542,0.7995594892774577,42.60019638617515,6.526882593258067,105.99505615234375,78.58453404616837,LKH,34.880301116338885
PointerNet:greedy_rollout,100,252,1.486989598572254,0.6571579227838659,85.77736810369879,9.261607209534358,106.54570007324219,76.8900360268879,LKH,38.56892983634956
PointerNet:greedy_rollout,100,253,1.504789842814207,0.6822600115308888,47.19929434792849,6.870174258920111,105.81278991699219,75.79273744073568,LKH,39.60808580074044
PointerNet:greedy_rollout,100,254,1.5456772645656018,0.7359122574913393,83.4282259778843,9.133905297181721,104.46379089355469,73.73833032155106,LKH,41.668234740356844
PointerNet:greedy_rollout,100,255,1.489454645961523,0.7065577097886233,44.86877787973932,6.698416072456183,104.13264465332031,76.75080917879554,LKH,35.67628246203526
PointerNet:greedy_rollout,100,256,1.568089053099975,0.741583717220862,54.87516129292866,7.407777081751898,110.99101257324219,79.88336252505115,LKH,38.94133780164271
PointerNet:greedy_rollout,100,257,1.5429866557195782,0.7720779640157994,34.963797910396124,5.913019356504435,108.69757080078125,78.47144836105595,LKH,38.518624379980245
PointerNet:greedy_rollout,100,258,1.579163978882134,0.6429226279519478,39.86814356671457,6.31412254923157,107.19032287597656,75.96074676836659,LKH,41.112781846182884
PointerNet:greedy_rollout,100,259,1.5107029990106822,0.7086091140030902,60.84784481009467,7.80050285623271,112.57646179199219,77.93393208139658,LKH,44.45115084712253
PointerNet:greedy_rollout,100,260,1.5318575997184962,0.8093212632206003,85.91414043024841,9.268988101742735,106.74234771728516,80.62285155619861,LKH,32.397137606674455
PointerNet:greedy_rollout,100,261,1.4538427793979645,0.6900135323354861,53.1077134377332,7.2875039236856125,103.33140563964844,77.14394841186615,LKH,33.946223607805614
PointerNet:greedy_rollout,100,262,1.5073598948121072,0.6849022010925573,37.038781137479546,6.085949485288187,104.954833984375,76.52934819687424,LKH,37.143248253435104
PointerNet:greedy_rollout,100,263,1.4956386212259531,0.8138049488061762,47.68689700515386,6.905569998570274,100.91083526611328,74.21024054107143,LKH,35.97966335962015
PointerNet:greedy_rollout,100,264,1.6139379052910954,0.7397767370792063,99.91207898627661,9.99560298262574,115.21460723876953,81.0728284625635,LKH,42.1124801288652
PointerNet:greedy_rollout,100,265,1.628492748317631,0.8550098337244526,94.69926078327327,9.73135451945274,116.15849304199219,77.94495788273089,LKH,49.02630804773032
PointerNet:greedy_rollout,100,266,1.5137324708141386,0.6191876198187907,31.80696992960634,5.639766832911299,109.29972839355469,76.44248023846208,LKH,42.982969747442155
PointerNet:greedy_rollout,100,267,1.564052270911634,0.6653071059793413,12.645145126506511,3.5560012832543397,107.72725677490234,77.34968627024807,LKH,39.273036478156676
PointerNet:greedy_rollout,100,268,1.5113996694982053,0.6469468780319658,74.6007422023943,8.637172118372673,111.2479019165039,78.21280364513474,LKH,42.23745567446377
PointerNet:greedy_rollout,100,269,1.5433838450908661,0.6816853596992748,79.16839665689407,8.89766242655306,112.56520080566406,76.52359184886282,LKH,47.09868954921101
PointerNet:greedy_rollout,100,270,1.490639121234417,0.6857089769418052,57.81361529588249,7.603526503924511,104.84537506103516,73.44420711548801,LKH,42.75513233626458
PointerNet:greedy_rollout,100,271,1.499241400361061,0.6342164868947304,58.72596784761676,7.663287013261135,109.27474975585938,80.39868259247173,LKH,35.91609493125141
PointerNet:greedy_rollout,100,272,1.5301902969181538,0.6986652751760191,88.13023977362651,9.387770756341812,108.32681274414062,76.67665970868845,LKH,41.27742804094244
PointerNet:greedy_rollout,100,273,1.465694099664688,0.6939673787189026,10.221427568024973,3.197096740485807,109.2398681640625,79.20875596211938,LKH,37.91387939018399
PointerNet:greedy_rollout,100,274,1.5365717352367938,0.7757417083817423,54.508469788257976,7.382985154275875,121.3497085571289,81.03719188772313,LKH,49.745697907768935
PointerNet:greedy_rollout,100,275,1.484642969071865,0.7463895298384889,16.234133005573703,4.029160335054154,113.48729705810547,82.00679642629146,LKH,38.38767273406297
PointerNet:greedy_rollout,100,276,1.5348295266926288,0.7500533244262334,36.423787410940136,6.035212292118657,112.24969482421875,74.96541558462928,LKH,49.735306539451955
PointerNet:greedy_rollout,100,277,1.4799519574642181,0.6485205888912152,89.46486355818479,9.458586763263568,105.87179565429688,77.06021256526398,LKH,37.388403340610736
PointerNet:greedy_rollout,100,278,1.4404275068640708,0.6694381429340521,52.59112816987391,7.251974087782851,105.16691589355469,78.4002808586641,LKH,34.140993809887064
PointerNet:greedy_rollout,100,279,1.504455746859312,0.7599246978325951,50.62313574956972,7.114993728006351,108.25944519042969,79.09535036294392,LKH,36.87207237045013
PointerNet:greedy_rollout,100,280,1.5220247085392475,0.7553702963084551,53.07435741688166,7.285214987691281,105.08384704589844,78.28534815494316,LKH,34.231819264462374
PointerNet:greedy_rollout,100,281,1.6567649030964822,0.6887311611930454,28.34921456431555,5.324398047133173,102.31962585449219,74.62466422689056,LKH,37.11234337135136
PointerNet:greedy_rollout,100,282,1.6077966579794885,0.6087172315990692,89.31574790162772,9.450700921181863,105.43737030029297,77.07207114111277,LKH,36.80360309410345
PointerNet:greedy_rollout,100,283,1.5367804393172264,0.6487291163535253,72.74369982628507,8.528991723895919,106.85698699951172,77.525829698749,LKH,37.834045007629264
PointerNet:greedy_rollout,100,284,1.4689035662449896,0.6913648345759366,32.845802387893485,5.73112575223171,105.78665924072266,75.33216127384554,LKH,40.42695370994296
PointerNet:greedy_rollout,100,285,1.5777321511507034,0.6286100677187931,19.53771002611874,4.420148190515646,103.82057189941406,78.1019092158816,LKH,32.92962098076689
PointerNet:greedy_rollout,100,286,1.5408452858775854,0.755631942814528,52.5402717226299,7.248466853247651,102.52845764160156,76.60915293458498,LKH,33.833169685544696
PointerNet:greedy_rollout,100,287,1.5085099543631078,0.691712095313986,63.82254530910516,7.9889013831130224,103.70314025878906,76.06410644149766,LKH,36.33649971100247
PointerNet:greedy_rollout,100,288,1.5246137419342995,0.6391074499090564,36.03004975356886,6.002503623786399,101.89506530761719,72.94682010811732,LKH,39.68403990276004
PointerNet:greedy_rollout,100,289,1.5466355675458907,0.7249072890679682,72.94019491516315,8.54050320034851,107.49517822265625,80.7675604963154,LKH,33.09202056134921
PointerNet:greedy_rollout,100,290,1.544407439623028,0.7236446041674194,43.9976826444369,6.6330749011628765,115.46780395507812,77.50282223478848,LKH,48.985289342467844
PointerNet:greedy_rollout,100,291,1.5210732266306877,0.6670829093757733,34.22643327732742,5.850336167890476,112.9581298828125,79.11848905444951,LKH,42.77083805919812
PointerNet:greedy_rollout,100,292,1.5018351024389267,0.6358401124079321,43.04477207517415,6.560851474860115,108.1847915649414,74.59934073459016,LKH,45.02110943559368
PointerNet:greedy_rollout,100,293,1.5957552418857812,0.6739898887354867,78.88801912263102,8.881892766895524,95.8763198852539,75.97248982166361,LKH,26.19873339719702
PointerNet:greedy_rollout,100,294,1.5094699631631374,0.7231529820232072,31.430727251687074,5.606311376626086,109.86650085449219,81.05526982483084,LKH,35.54516701002354
PointerNet:greedy_rollout,100,295,1.5506278157234192,0.6340077431950595,73.0680599166964,8.547985722770973,107.55757904052734,74.22222407091184,LKH,44.91290228350871
PointerNet:greedy_rollout,100,296,1.47764870762825,0.6109255538501843,22.55219222304038,4.748914846892959,110.64240264892578,81.30928380976293,LKH,36.07597738505818
PointerNet:greedy_rollout,100,297,1.5589914952451362,0.7262662733416684,40.97668722364715,6.4013035565927625,101.41622161865234,74.95053420220236,LKH,35.31087229485325
PointerNet:greedy_rollout,100,298,1.508484023064375,0.6814212435240509,27.213721750502447,5.2166772710703935,103.74468994140625,77.46340003757571,LKH,33.92736426632719
PointerNet:greedy_rollout,100,299,1.471605738401413,0.6439412341770248,36.27017247108413,6.022472288942817,108.00643920898438,78.53537398226648,LKH,37.525848203603836
POMO,20,0,0.3648481978682532,3.114387564462835,0.27513413828180605,0.5245323043262503,43.06324163936065,42.09102438077352,LKH,2.3097970954378146
POMO,20,1,0.27240943808091717,4.370004837762849,0.49258081242613366,0.7018410164888724,36.43753180306578,35.93509538856628,LKH,1.3981774893503212
POMO,20,2,0.35239477437923933,3.5339643914111614,0.04180126585586347,0.20445357873087833,32.637854355780966,32.25321437453521,LKH,1.1925632489809714
POMO,20,3,0.33173326628687055,4.975638681339119,1.6684557785847394,1.2916871829451353,35.7614811024717,35.7614811024717,LKH,0.0
POMO,20,4,0.2755849110169373,4.2090986860400355,0.12653647303750684,0.3557196551183345,35.88795043981178,35.887950439811775,LKH,1.9798922118769702e-14
POMO,20,5,0.34463531623355503,3.847713343682879,0.13887388008192497,0.3726578592783533,38.13562723745796,38.13562723745796,LKH,0.0
POMO,20,6,0.4045372753600149,3.5461109212842903,0.1335527082350286,0.36544863966777685,43.14384210949277,41.716991657424366,LKH,3.4203100352622653
POMO,20,7,0.27368015050026434,4.225025927628756,0.9154094909640687,0.9567703438987167,43.68835811589058,40.72065355887101,LKH,7.287959051858238
POMO,20,8,0.38385167724347985,3.8267475481950313,0.03472304474284849,0.186341205166352,39.08801233787568,39.088012337875675,LKH,1.8178021681383767e-14
POMO,20,9,0.5154447857578481,3.080351170741935,1.3016044046624893,1.1408787861392153,32.84879770468338,32.22059653495854,LKH,1.9496882034547585
POMO,20,10,0.22248104498715437,4.476588364422183,0.02439671863240753,0.15619448976326766,36.745880416508506,36.21605961531777,LKH,1.4629443589899749
POMO,20,11,0.3272644509706759,4.016815403415637,0.3820348944534319,0.6180897139197771,40.26864220190145,39.35209276727199,LKH,2.329099598463356
POMO,20,12,0.4194371102678959,4.147399714122346,0.16506918695400744,0.4062870745593655,37.43364168009582,37.18896793563833,LKH,0.6579202329059922
POMO,20,13,0.30684146394962325,4.500852267059709,0.167775102314039,0.4096035916761949,43.15295562930967,40.399191843365,LKH,6.816383349007357
POMO,20,14,0.25739905983361444,4.731704234753712,0.045390459510151825,0.21305036848161477,42.24731153482179,40.723182909457115,LKH,3.74265594306168
POMO,20,15,0.33246775966663816,4.458095664010701,0.18732654723107936,0.43281236954490954,41.644027597253455,40.68840666444039,LKH,2.34863198427533
POMO,20,16,0.2928731245154172,4.123715171401824,0.28559640222876437,0.5344122025447813,34.20827757477855,33.2908087208742,LKH,2.755922397670889
POMO,20,17,0.35453958587956885,4.133751414362135,0.1651234220158267,0.4063538138320184,37.67611244567208,36.4603414128999,LKH,3.3345026010700876
POMO,20,18,0.21951983630424365,4.2638960821564,0.5548662816519342,0.7448934700022106,43.74715178577424,43.31741693419759,LKH,0.9920601965473931
POMO,20,19,0.4500556491446595,4.548187108022762,1.3115015605446447,1.145208086133103,40.10636983224698,37.29832803263852,LKH,7.528599665784581
POMO,20,20,0.32543265139563454,4.739810559742318,0.1814374851896254,0.4259547924247659,38.10124774638709,36.626183066015386,LKH,4.027350263916475
POMO,20,21,0.4731869229848311,3.862790792849863,0.24419505993438334,0.49416096561179673,35.147270957519574,34.67353480499846,LKH,1.3662759080819762
POMO,20,22,0.2697694516268951,4.039415281016107,0.20990786608426054,0.458157032123551,39.63914814385629,39.639148143856296,LKH,-1.7925277636679682e-14
POMO,20,23,0.22172188887921757,4.409558992949066,0.3255952028698447,0.5706095012088782,36.76782045929995,36.76782045929995,LKH,0.0
POMO,20,24,0.38421116312230497,2.8364577336042283,0.3191092203421932,0.5648975308338612,47.339150259804654,44.04415354129599,LKH,7.481121678088922
POMO,20,25,0.31342583141093583,4.234429645435181,0.31666115340517875,0.5627265351884331,39.38961161287653,38.812290481613694,LKH,1.4874698815735328
POMO,20,26,0.4089349466452596,3.230996678301076,0.2745904023628925,0.5240137425324765,44.421853124383276,42.239106131842696,LKH,5.1675975001163135
POMO,20,27,0.40896269748306,3.5589440328215916,0.029392483498715476,0.17144236203084545,40.941589535870506,40.92131739006271,LKH,0.04953932840079445
POMO,20,28,0.34888578835824247,3.9331519645075184,0.7138313440945316,0.844885402936121,37.79816539417502,35.58017062468856,LKH,6.233794640510872
POMO,20,29,0.4674228538366917,2.8203089914523827,0.3015074779708885,0.5490969659093815,37.68408121554103,35.55937271071246,LKH,5.9751011979704804
POMO,20,30,0.3685882661150237,4.8188524178376975,0.6180953107572401,0.7861903781891764,39.86798949421859,39.15410518756809,LKH,1.8232680921467361
POMO,20,31,0.31169373448406795,4.255838838170315,0.2805569579480019,0.5296762765576744,38.009206892433696,37.63389929350279,LKH,0.9972594017003613
POMO,20,32,0.45986460593006706,3.1756879155881443,0.07907441859162087,0.2812017400223919,41.46456807415395,40.73919289378297,LKH,1.7805339989484132
POMO,20,33,0.30745756754875303,3.204178833853998,0.5497737724967773,0.7414673104707835,34.506060061070364,34.33018498610554,LKH,0.5123044779281073
POMO,20,34,0.31308689348914315,3.6221874531644738,0.20791188067846436,0.4559735526085525,42.071159010605385,41.14701666070467,LKH,2.245952258267285
POMO,20,35,0.31722925989846007,4.201445575174537,0.15785627725698265,0.39731131025555094,39.41505060122693,39.41505060122692,LKH,1.8027193290929892e-14
POMO,20,36,0.48211735298881603,3.3555568627281036,0.07549294180464847,0.2747597892790145,32.55391640460657,31.341912452358848,LKH,3.8670389182217964
POMO,20,37,0.3286465155699836,3.6560504686037003,0.5488560462441432,0.7408481937915103,40.73440468431075,40.48506445106811,LKH,0.6158820212426833
POMO,20,38,0.23262065988321984,4.498536386627009,0.3617578913563732,0.6014631255167462,33.72636621481654,33.72636621481654,LKH,0.0
POMO,20,39,0.3089883002586296,4.665403963484046,0.14506644295276422,0.38087588917226595,41.44892059567336,40.51062090077972,LKH,2.3161819642107164
POMO,20,40,0.3606040591154229,4.726954978864765,0.052696880561740676,0.22955801132119236,39.34326432978681,39.34326432978682,LKH,-1.806008596043587e-14
POMO,20,41,0.34990543500871835,3.8373903846891855,0.180701007110137,0.42508941072454043,39.07898690800698,39.078986908006975,LKH,1.8182219959609945e-14
POMO,20,42,0.18790137235880952,5.096427464557892,0.33069341802466173,0.5750594908569563,42.68067612210022,42.09171965270559,LKH,1.399221686008673
POMO,20,43,0.29944873028953706,4.087211338371827,0.29654488673551993,0.544559350976108,40.8653036898053,40.48683437846449,LKH,0.9347960075192276
POMO,20,44,0.5484295354077691,2.9424952420052826,1.0748583858438168,1.036753773006791,31.505945133489423,31.462925217704328,LKH,0.13673209177920784
POMO,20,45,0.25798696357755463,4.4011925154724345,0.6763669539279995,0.8224153171773976,41.7907734921405,41.7907734921405,LKH,0.0
POMO,20,46,0.30097357188586965,4.205763989397584,0.4345787539490397,0.6592258747569302,32.350151216595485,32.35015121659548,LKH,2.1964124093354933e-14
POMO,20,47,0.29981616877059997,3.849763304043884,0.15122355417820144,0.38887472813002577,38.34915410835984,38.34915410835984,LKH,0.0
POMO,20,48,0.3406971322333926,4.5957352161370935,0.6220060785302061,0.7886736197757638,42.82214894341816,39.21379436525494,LKH,9.201748100562222
POMO,20,49,0.4256908480825874,4.041186847156626,0.5141619343460014,0.7170508589674803,36.21960688923333,36.20671536479891,LKH,0.035605340900258055
POMO,20,50,0.3516722728504407,3.4273379299988123,0.729084721664662,0.8538645804017532,41.194014339256604,39.73138411071724,LKH,3.681296942647499
POMO,20,51,0.3965742243978495,3.918766823383135,0.5699017323758581,0.754918361398011,36.52799075608842,34.7245591094572,LKH,5.193533605269173
POMO,20,52,0.3211050782114111,5.4411915055169535,0.04862199451384356,0.22050395577822082,41.439073746649534,40.09968206653678,LKH,3.3401553605595247
POMO,20,53,0.2596706669558587,4.267931490931632,0.1065643743457172,0.3264419923136685,34.940482829930524,34.9107499653182,LKH,0.08516822079691318
POMO,20,54,0.2606853602490829,3.85939333127504,0.2546381259263076,0.504616810982658,41.04417149121654,41.04417149121654,LKH,0.0
POMO,20,55,0.43724941661041256,3.16846615652643,0.016925854185840385,0.13009940117402688,41.01479025801918,40.56609161263031,LKH,1.106092866114739
POMO,20,56,0.429317808862738,3.7818183206390623,0.12116489791407217,0.34808748600613637,39.12853249460019,37.93037865973402,LKH,3.1588238166947176
POMO,20,57,0.3449742876691744,3.553748232601747,0.11097157773472446,0.3331239675176862,41.82781413859871,41.593937738646574,LKH,0.5622848248263683
POMO,20,58,0.3401538245724575,3.8017177861997213,0.06739162552134718,0.2595989705706615,35.73551105377896,35.33001062008854,LKH,1.1477506702470508
POMO,20,59,0.3505080501352878,3.5437701380094384,0.2276692901472503,0.47714703200088154,35.23550722842876,33.86590935127928,LKH,4.044178654537574
POMO,20,60,0.5617101205187666,4.149315253475937,0.8587197237930757,0.9266713137855708,37.61103929364942,37.61103929364942,LKH,0.0
POMO,20,61,0.42709192341274166,3.769858057868141,0.3226396664220284,0.5680137906970467,37.580895281814314,37.14122212325999,LKH,1.1837875369183717
POMO,20,62,0.41186916967400355,4.148317265189437,0.5116454111195246,0.7152939333725155,37.534049507243125,36.35831563202445,LKH,3.233741318266921
POMO,20,63,0.24536662633650658,5.226257999031492,0.751712950963266,0.8670138124408779,38.37206281619277,38.034206073946294,LKH,0.8882970807636078
POMO,20,64,0.37547834878368075,4.04651312693223,0.10224598514479892,0.3197592612338209,38.67440274171595,38.44242088048627,LKH,0.6034527896952514
POMO,20,65,0.2840686824921776,3.8270820920703783,0.1818662099336587,0.4264577469499865,42.99560208232715,42.525662952329775,LKH,1.1050718492599834
POMO,20,66,0.2495129239243014,4.172985534350969,0.003242490299307842,0.05694286873092927,37.550308934159,37.550308934159,LKH,0.0
POMO,20,67,0.3627906089210515,4.038321806504057,0.2619657804204025,0.5118259278508686,41.1537189847707,41.10548560627137,LKH,0.11734049066182786
POMO,20,68,0.2520000415786758,3.675620797657896,0.13628106870042048,0.36916265886519517,35.983443953037174,35.983443953037174,LKH,0.0
POMO,20,69,0.34947704435408494,4.614700122108986,0.06679902988108918,0.258455082908209,39.72684085561382,38.01112063791281,LKH,4.513732268102954
POMO,20,70,0.3002614298764839,4.8998542789648445,0.32040383325684346,0.5660422539500417,37.761406021844834,37.70060196719696,LKH,0.16128138935494968
POMO,20,71,0.2267686510749627,5.160896710381059,0.515909361057548,0.7182683071509894,38.6384606904688,38.6384606904688,LKH,0.0
POMO,20,72,0.26347253272136806,4.050585566716405,0.5171962138568402,0.719163551535282,42.6500073526091,42.5848660253447,LKH,0.15296825690523458
POMO,20,73,0.4155850420257162,2.710396001206031,0.17394563220554732,0.41706789879532485,32.88830595387466,31.939541431225237,LKH,2.9705013914879608
POMO,20,74,0.264796015549157,3.5517032960909236,0.2565657171040578,0.5065231654170003,35.23931796762051,35.2393179676205,LKH,2.0163350959657602e-14
POMO,20,75,0.43584737013675057,3.8742782185737497,0.014561673560601729,0.12067175958194083,37.49266005479765,37.492660054797646,LKH,1.8951515702582897e-14
POMO,20,76,0.2664149583985196,3.6538866070711173,1.3585283338234269,1.1655592365141407,38.417385927491814,37.50721181880327,LKH,2.426664272155393
POMO,20,77,0.3126699977165117,3.8858685383316773,0.4813574198767494,0.6937992648286314,38.804409143072185,37.99574472623551,LKH,2.128302584047804
POMO,20,78,0.39180599238902925,3.4903225962267537,0.30022502913715393,0.5479279415554147,35.51833098857703,35.51833098857703,LKH,0.0
POMO,20,79,0.21179151272987215,4.301603084653196,0.1029984193453046,0.32093366813923496,40.40197404531123,40.19698797939312,LKH,0.5099537956007848
POMO,20,80,0.24605522351529735,5.149469017729711,2.0610184591578298,1.4356247626583452,40.45864140639172,40.45864140639172,LKH,0.0
POMO,20,81,0.4150342700614649,3.306426890637964,0.26465434521206616,0.5144456678912421,37.69892036873266,37.63609342315916,LKH,0.1669326964068959
POMO,20,82,0.27246396976964826,3.790703469983827,0.17652919221897687,0.4201537721108509,38.02412836424163,38.00749431248731,LKH,0.0437651890902427
POMO,20,83,0.2725989539888743,4.21040498907087,1.3739266921880025,1.1721461906212904,42.74784587607428,40.43892113419479,LKH,5.709659598032848
POMO,20,84,0.4445617127071034,4.223499903855032,0.07359488457542322,0.27128377130861187,38.072210285685486,37.498724324146515,LKH,1.529347922829702
POMO,20,85,0.3668442932384527,3.6562300876644946,0.49804999050759097,0.7057265692232304,35.80253548858728,35.033152096180935,LKH,2.196158057071375
POMO,20,86,0.30078058190778584,4.073013051246381,0.14170450058834635,0.3764365824257073,43.3125515807047,42.484194188809866,LKH,1.9498013501525204
POMO,20,87,0.49143965461380984,3.468854238522014,0.36626466022409027,0.6051980338898089,42.42670972524213,42.42670972524213,LKH,0.0
POMO,20,88,0.3022798937599873,3.865562020802951,0.13280429560472812,0.3644232369165393,33.03678465452341,32.9957487913352,LKH,0.12436712210326421
POMO,20,89,0.2467516184413781,4.4915052791667645,0.04095252333577176,0.202367298088826,34.67007865563867,34.26793737344414,LKH,1.1735205355726082
POMO,20,90,0.30921825522397595,4.838991725090184,0.5034752672780926,0.7095599109857409,36.52320159719791,35.30314918264767,LKH,3.4559308242957623
POMO,20,91,0.3249312503398151,3.4892220599442103,0.03175220388050646,0.17819148094257048,34.92178201274156,34.714932864310526,LKH,0.595850636495653
POMO,20,92,0.3717702880685465,4.5347957188473265,0.16706492721212687,0.40873576698415676,35.73141316264843,34.706020119388114,LKH,2.954510599985193
POMO,20,93,0.4372653457453692,3.5949295815428397,0.7618591680895851,0.8728454434145745,36.334173837785116,35.14114226134036,LKH,3.3949709647236945
POMO,20,94,0.35114164177584345,3.817334595475354,0.1681401437517307,0.41004895287237436,37.55779370931408,37.499984602358516,LKH,0.15415768184590403
POMO,20,95,0.38073503604008646,4.391130928041394,0.33670709311473584,0.5802646750533207,37.9163607559195,37.729270919060596,LKH,0.49587450884025913
POMO,20,96,0.26291582439195116,4.265095466570171,0.3756043014439996,0.6128656471397296,33.27435994774423,33.27435994774422,LKH,2.135406171226053e-14
POMO,20,97,0.32449199233355774,4.127720633468814,0.32350809210506737,0.5687777176587242,36.60788777583216,36.59658874682669,LKH,0.030874541568989344
POMO,20,98,0.393814861024638,4.177988219203835,0.6478571717497633,0.8048957521007073,39.88778209624268,39.50283477478136,LKH,0.9744802459267279
POMO,20,99,0.37923764374557467,3.3337688263610223,0.40044548821348946,0.6328076233844607,41.93627786084755,41.86415308497754,LKH,0.17228289731218735
POMO,20,100,0.39985151581200434,4.398607374882579,0.19791560388611312,0.4448770660374764,40.775001203634524,40.414619845526914,LKH,0.8917103748224334
POMO,20,101,0.30038082961676227,3.995406666578436,0.2858245756212427,0.534625640632062,39.50004873608071,39.5000487360807,LKH,1.798840149559274e-14
POMO,20,102,0.4503127365044891,2.398573332712577,1.1607300756945125,1.077371837247713,38.57949156700023,37.35404453243656,LKH,3.280627439150663
POMO,20,103,0.25472843580906845,4.683095320595422,0.25032146713158293,0.5003213638568544,41.31249147031912,40.8457408784795,LKH,1.14271545037767
POMO,20,104,0.28509571971249226,3.9232558060331884,0.8346737857522879,0.9136048301931683,37.63390883092427,37.25466580611364,LKH,1.0179745720558626
POMO,20,105,0.33823785710984866,3.350778747262545,0.30276654504754374,0.5502422603249806,31.75143727415392,31.751437274153922,LKH,-1.1189142866589083e-14
POMO,20,106,0.39158040736641087,3.553893736843746,0.7749419037786021,0.8803078460280824,35.69453199152124,35.11091621952254,LKH,1.662206045407031
POMO,20,107,0.26050363011745503,4.472856447193977,0.23507704845997196,0.48484744864748125,40.02845197769146,39.110578093410645,LKH,2.346868619759572
POMO,20,108,0.22793571011923058,3.8714482367027507,0.06050530627017142,0.24597826381648322,39.16389677768899,38.69750329411687,LKH,1.2052288749156188
POMO,20,109,0.3141805928041178,3.5059120311839336,0.14129553496161815,0.3758929833897118,42.45052063492311,41.91192604127743,LKH,1.2850628556541055
POMO,20,110,0.334841306899953,3.9480544663703356,0.5959834037477142,0.7719996138261431,37.1284309091711,36.71546737243203,LKH,1.1247672065565097
POMO,20,111,0.3538859365733898,4.609830355863759,0.47285285754352113,0.6876429724381113,37.15300526871803,37.15300526871804,LKH,-1.9124771485400145e-14
POMO,20,112,0.375312172019652,4.186588447972169,0.2549262655019908,0.5049022336076469,33.164930182235004,32.92235060287594,LKH,0.7368233887220557
POMO,20,113,0.25221868174374223,4.329242930347522,0.07457544658964035,0.27308505376464737,36.737345364707764,36.737345364707764,LKH,0.0
POMO,20,114,0.2912763790441922,4.42193611774838,0.2542146467802962,0.5041970317051621,39.152633158050904,38.75492368117674,LKH,1.026216643196048
POMO,20,115,0.40006335240678037,3.658573748001157,0.33004876833841434,0.5744987104758499,34.489323190076426,33.81816908113959,LKH,1.984596230879757
POMO,20,116,0.26526424426609946,4.285346058351019,0.10022425780980297,0.316582150175595,35.78171437679956,35.78171437679956,LKH,0.0
POMO,20,117,0.30374705856957007,4.583485676869525,0.3613803471688681,0.6011491887783498,42.69226347194802,42.69226347194801,LKH,1.664336059920973e-14
POMO,20,118,0.30057063891217695,4.230025326116795,0.5489742956164883,0.7409279962428793,41.65619967114179,40.56471055089453,LKH,2.6907356306112993
POMO,20,119,0.36319379814047253,3.538860190283547,0.8367079519583288,0.9147174164507467,36.54989634748227,35.809559536535595,LKH,2.0674278615220762
POMO,20,120,0.21908068709155104,4.179969387358147,0.0035254719683327695,0.0593756849925352,38.03078928135648,38.03078928135648,LKH,0.0
POMO,20,121,0.26481096308902796,4.498320851032768,0.1540193866319816,0.3924530374859922,38.21557091799939,37.84475731389625,LKH,0.9798281992601958
POMO,20,122,0.34670093647774164,3.727781281500407,0.042518718897154015,0.20620067627715,34.05637881767735,34.05637881767734,LKH,2.0863719527082694e-14
POMO,20,123,0.3444937204233276,3.5667169739465594,0.1006186466786689,0.31720442411585137,39.24657476176228,38.69082842840598,LKH,1.4363774463621628
POMO,20,124,0.22074774540976105,3.952519705973527,0.22281068795021935,0.4720282702870871,37.10962932961103,37.02284377499377,LKH,0.23441082793289425
POMO,20,125,0.2149302059272151,4.326921676196243,0.09016377521421637,0.30027283462580556,36.94873968496425,36.94873968496425,LKH,0.0
POMO,20,126,0.2732600037253226,4.867814856339817,0.06458476375791375,0.2541353256788866,36.69972562641674,35.255950272746595,LKH,4.0951253405477175
POMO,20,127,0.2581354018823875,4.335800983883314,0.084987977082828,0.2915269748802467,42.61767782514585,42.37842114419434,LKH,0.5645719554709817
POMO,20,128,0.28763240692818437,3.332376458112294,0.1265695702788727,0.3557661736012471,37.64115987995782,37.64115987995781,LKH,1.8876749229463345e-14
POMO,20,129,0.3962461626406127,4.545091237591194,0.4628903802726862,0.6803604781824751,38.414361204852966,36.69569997792282,LKH,4.683549374897169
POMO,20,130,0.26791570881821253,3.983395589857952,0.24958629780280364,0.49958612651153916,38.04966565714652,37.30253842417799,LKH,2.0028857673778924
POMO,20,131,0.269162291946582,4.5808061997656155,0.25521173306007733,0.5051848503865465,43.10194946544584,42.30476740419688,LKH,1.8843787832051186
POMO,20,132,0.2820473423282812,4.65754085489395,0.5780356275459603,0.7602865430519997,37.45574354062967,37.455743540629676,LKH,-1.8970194383922652e-14
POMO,20,133,0.26258442089467854,5.3017930605302075,0.16077747319950061,0.4009706637641969,43.18546356704295,42.97412949091256,LKH,0.49177046430941906
POMO,20,134,0.43316096108360636,4.013442825515885,0.3094046757410502,0.5562415623998715,40.435942665345614,38.70303803138998,LKH,4.477438263503157
POMO,20,135,0.3013287479560332,3.643983442951052,0.2885825655882462,0.537198813837341,39.1618255094293,38.60257269479814,LKH,1.44874492965211
POMO,20,136,0.34225373423070876,5.331871106383643,0.38074711610200573,0.6170470939093755,40.93673426810244,40.93673426810245,LKH,-1.735709378053024e-14
POMO,20,137,0.43183650348060165,4.142664228373884,0.16603943444814356,0.40747936689867326,37.81003246446196,37.364783598799704,LKH,1.191627042305581
POMO,20,138,0.22954942704343825,4.011876802693038,0.2460490825612465,0.4960333482350219,37.346415311922485,37.25713683070255,LKH,0.23962786412068932
POMO,20,139,0.2834370407198022,4.090788240137345,0.2059257946052119,0.45379047434384506,36.182603926703436,36.18260392670343,LKH,1.9637689349265062e-14
POMO,20,140,0.28217410537993265,4.346972684091579,1.2587110212446966,1.1219229123450045,37.69625789888838,36.011044596264234,LKH,4.679712353578802
POMO,20,141,0.2894178412881095,4.421877802582132,0.1547299578729248,0.39335729035181843,44.40975331571568,42.706077025774256,LKH,3.9893064607952935
POMO,20,142,0.36595235794084147,3.4145427627484146,0.35177002279083414,0.5931020340471226,41.13277045657462,40.85619772431715,LKH,0.6769419272044924
POMO,20,143,0.2923542677385022,3.7625255437853604,0.4852399855626577,0.6965916921430069,35.397157609569724,34.62177256762611,LKH,2.2395879368367653
POMO,20,144,0.27866001597948,4.564930223141709,0.1333745278502903,0.3652047752293093,38.68245553776343,38.03940508712513,LKH,1.6904850356241414
POMO,20,145,0.2525467509694504,4.785865195388213,0.24151584844015256,0.49144261968224995,38.092036686253216,38.092036686253216,LKH,0.0
POMO,20,146,0.4153684715078941,4.592089651702403,0.10720012002935511,0.32741429417384194,36.53784496832548,35.830959248800234,LKH,1.9728350408283184
POMO,20,147,0.3876764137507723,3.1846533151566034,0.6612364612798957,0.813164473695141,34.78418475091765,34.27675628446194,LKH,1.480386481861288
POMO,20,148,0.31390180585989774,3.952027999767543,0.23316896777074334,0.4828757270465594,40.01046993127614,39.424993934633164,LKH,1.4850376327608292
POMO,20,149,0.3783330319370419,3.9269213139752432,0.1823846783390644,0.42706519214174365,35.1102662105496,35.11026621054959,LKH,2.0237463638102616e-14
POMO,20,150,0.3298173067418439,4.197554162438278,0.7059285321440768,0.8401955320900467,38.95030503980211,38.31799188717714,LKH,1.6501729905020572
POMO,20,151,0.3838492059256073,3.308651472669614,0.7289276138056087,0.8537725773328684,40.04350673289121,38.629301889527994,LKH,3.6609640200269626
POMO,20,152,0.424424109026069,3.6517301404434477,0.15457613480445395,0.3931617158427992,42.36254690576568,40.887942294815176,LKH,3.6064534632683034
POMO,20,153,0.30887894091689594,3.66674647059001,0.44726862988482136,0.6687814515107467,40.68418518154327,39.61139584528728,LKH,2.7082846068996274
POMO,20,154,0.2453908645333477,4.828164326535371,0.7671115824785076,0.8758490637538568,41.34865206462065,40.893087061340374,LKH,1.1140391592273815
POMO,20,155,0.22731017177054463,4.148326822034295,0.12999913059604953,0.3605539218980284,38.19083043306278,37.48657681039729,LKH,1.8786821379490652
POMO,20,156,0.16082698566491385,4.59465651270908,0.03100709537144471,0.17608831696465474,37.30259463477003,37.30259463477003,LKH,0.0
POMO,20,157,0.4071041929848051,4.242110160334868,0.4232063235719341,0.6505430989349853,35.86621678718169,34.45065019454724,LKH,4.108969162092934
POMO,20,158,0.3176551639947942,4.127827155927837,0.3249003338025006,0.5700002928091359,34.60570506536988,34.60570506536989,LKH,-2.0532531685682775e-14
POMO,20,159,0.37600236754951766,3.363864710862637,0.12517695379787777,0.35380355255123963,34.86008619106667,34.86008619106667,LKH,0.0
POMO,20,160,0.44544616698203754,3.7737287466076506,0.3971904557695187,0.6302304782930755,40.47686323366414,39.25225851353989,LKH,3.119832505183939
POMO,20,161,0.20140769287000262,4.230229151941788,1.0172862707951162,1.0086061028940467,40.79306705997619,39.56313175836361,LKH,3.1087915616098076
POMO,20,162,0.29436779525200873,4.437934963676368,0.4476354764843579,0.6690556602289214,36.225251605064045,36.225251605064045,LKH,0.0
POMO,20,163,0.3012334208408567,4.075184487646257,0.5246231591123737,0.7243087457102625,41.18246673240644,41.06694058963097,LKH,0.2813117829494259
POMO,20,164,0.23481298376129034,4.199574523552007,0.6291241200579074,0.7931734489113383,40.22889495529425,40.22889495529425,LKH,0.0
POMO,20,165,0.24216197238341633,4.323644003085702,1.4424885124041358e-29,3.79801067982192e-15,40.02531332628875,39.89091288969013,LKH,0.33691993204136755
POMO,20,166,0.43870709354431664,3.115002489769437,0.11869515210109395,0.34452162791484364,42.8172596651943,42.511116550590394,LKH,0.720148373989612
POMO,20,167,0.3599109078809067,4.1362759825428865,0.3133718841419837,0.5597962880744957,44.52084783538126,43.4163030255635,LKH,2.5440784517451998
POMO,20,168,0.32863845206271725,3.648164354986884,0.2148538813867246,0.4635233342418962,42.150647468086426,41.97572460913489,LKH,0.4167238578496517
POMO,20,169,0.3278156801526692,3.7731490692005956,0.12390643964564528,0.352003465388688,42.51643030810032,41.65117652198901,LKH,2.0773813811826294
POMO,20,170,0.5332883133730655,3.774913993623199,1.104832199149034,1.0511099843256337,37.692828797399045,35.57115265400548,LKH,5.9645976728129835
POMO,20,171,0.295147302562423,4.319790656435661,0.2136866003138141,0.46226247988974195,38.97585441941668,38.97585441941668,LKH,0.0
POMO,20,172,0.2727401850491955,5.340494194661723,0.03501979811097662,0.18713577453543356,43.09453844655769,41.546117838694045,LKH,3.7269922881254707
POMO,20,173,0.292816476664149,4.34732077549746,0.12366571616091059,0.3516613657496521,42.21260172936364,41.67410894553295,LKH,1.2921518838818793
POMO,20,174,0.3363084625785919,4.073164480938822,0.04982793343857927,0.2232217136359706,41.29167640703652,40.40504600135763,LKH,2.19435563976117
POMO,20,175,0.2410746135680567,3.9362736886895093,0.723732511840077,0.8507246980310829,38.6640333908377,38.664033390837695,LKH,1.8377356769210714e-14
POMO,20,176,0.40791923042974976,3.0458070231755663,0.31063480661323134,0.5573462179052006,34.705308596916375,33.63818757299222,LKH,3.172349941888465
POMO,20,177,0.43630100828560997,3.403729989289387,0.34741779335832257,0.5894215752399318,32.62812765290167,31.64181843785883,LKH,3.1171066131355367
POMO,20,178,0.3153513454950052,3.70746643822891,0.2539997274862439,0.5039838563746302,42.99587300225326,41.488035689314955,LKH,3.6343907053826676
POMO,20,179,0.34571428941782006,3.3026523698432757,0.06456035356682518,0.25408729517003636,38.811142370696864,38.81114237069687,LKH,-1.8307699602693815e-14
POMO,20,180,0.26204863088174823,4.004989935962541,0.37054775979886184,0.6087263422909032,38.571689243141364,37.6046394403651,LKH,2.5716236538043438
POMO,20,181,0.3710829617515341,3.76775466714407,0.298927164932543,0.5467423204147847,34.98146196708406,34.98146196708406,LKH,0.0
POMO,20,182,0.4972626476564983,3.4487739737726706,0.6586696847524243,0.8115846750354668,37.86732158472929,37.86732158472929,LKH,0.0
POMO,20,183,0.46992493042661837,3.854869080210905,0.0395810344591772,0.19894982900012054,36.29389113855836,35.810572510405514,LKH,1.349653452237899
POMO,20,184,0.27510608627447874,4.385329698297564,0.3802311577165004,0.6166288654583894,37.794470490994286,37.794470490994286,LKH,0.0
POMO,20,185,0.25143321549924286,4.11900447678511,0.006309518231520793,0.07943247592465436,38.50896722019323,38.50896722019323,LKH,0.0
POMO,20,186,0.3668376591120513,4.309939221315864,0.4950514779116873,0.7035989467812521,35.094003952839685,35.094003952839685,LKH,0.0
POMO,20,187,0.27216654037865257,3.757346057118768,0.7369291236647895,0.8584457604675961,40.85118245308474,39.33619974744538,LKH,3.851370278181867
POMO,20,188,0.3243445322065638,4.275407927730446,0.10970588770000131,0.33121879128455456,41.39578550462553,41.395785504625536,LKH,-1.7164615361162906e-14
POMO,20,189,0.3620161047981942,3.928263100970367,0.9319038314025544,0.965351662039567,40.148858447915686,39.09042867434218,LKH,2.7076443248836264
POMO,20,190,0.19934819213928054,5.1752355477361345,0.3566052821477272,0.5971643677813733,35.16332644665919,34.99594173656305,LKH,0.4782974876234398
POMO,20,191,0.3841964488278073,4.349424524356597,0.12525460351688075,0.3539132711793678,41.251697161792805,41.052845332538226,LKH,0.48438013892540216
POMO,20,192,0.2932038493469774,5.035145924474423,0.8687197775398116,0.932051381383994,39.78338857697505,39.689013805122904,LKH,0.23778563084367574
POMO,20,193,0.3740345602373772,4.195215262103599,0.41264454373687937,0.642374146223896,38.73701322667577,38.56869413088692,LKH,0.43641377957377603
POMO,20,194,0.3975699490857599,3.792529998244233,0.37449373362750615,0.6119589313242402,35.57225483654796,35.542657486908794,LKH,0.08327275373280561
POMO,20,195,0.3856106965211343,3.0465006577369604,0.23797920846130213,0.4878311269909928,35.764652991129836,35.433974181706134,LKH,0.9332252931268011
POMO,20,196,0.5482150791002297,2.9115826723066016,0.15969538621582496,0.3996190513674554,36.17785299331881,34.988247548169234,LKH,3.400014372002523
POMO,20,197,0.20173466476071075,5.019360646201194,0.2692753065239716,0.5189174370976288,44.46674767925703,44.46674767925703,LKH,0.0
POMO,20,198,0.24912649697905995,4.542981849210816,0.0262344554026966,0.16197053868743105,37.045411970724516,37.04541197072452,LKH,-1.9180316750738612e-14
POMO,20,199,0.2711004456646869,4.074143486904438,0.23084119724520188,0.48045936065936096,36.65034405497722,36.394703105034765,LKH,0.7024125164716302
POMO,20,200,0.33500787408478283,3.4869217709763323,0.2959262430945894,0.5439910321821394,38.68573740689295,38.68573740689294,LKH,1.8367046446256888e-14
POMO,20,201,0.37055372437986844,3.3842747493936742,0.5697520825771705,0.7548192383459569,37.712780287591244,37.712780287591244,LKH,0.0
POMO,20,202,0.23892755425549694,5.10909493960316,0.10883386763215887,0.3298997842256931,40.18022715054896,40.09402848462758,LKH,0.21499128219163405
POMO,20,203,0.2768818039483832,3.8997965362800926,0.024841647296722835,0.15761233231166538,35.14956419483395,34.81417142745975,LKH,0.9633800076875026
POMO,20,204,0.30724183102383423,4.040447633320299,0.15200416700554958,0.3898771178275914,35.37573712550695,35.37573712550696,LKH,-2.0085595198743654e-14
POMO,20,205,0.3197712530904698,4.373153611876536,0.12029828963896587,0.346840438298313,41.670499360000946,40.94721649919889,LKH,1.7663785786665351
POMO,20,206,0.2368928302935513,5.038715501781844,0.2245800707010853,0.47389879795277523,38.58101325357987,37.53967110169094,LKH,2.773977824867038
POMO,20,207,0.39784746944725297,3.394923393536588,1.2357915793144814,1.1116616298651678,42.135656538902204,40.19310703986092,LKH,4.833041389695974
POMO,20,208,0.47147819548038233,3.3123777630740605,0.0977526214880251,0.31265415635814775,38.79869822627827,37.80678452027362,LKH,2.6236394303058113
POMO,20,209,0.29146720189103353,3.949322640232367,0.7193793210867597,0.8481623200111873,38.02902839087291,38.0290283908729,LKH,1.86842200767515e-14
POMO,20,210,0.40733936250877667,3.971191976911081,0.3671929521306657,0.6059644809150663,40.9030049485923,40.77025603462048,LKH,0.32560235545023725
POMO,20,211,0.20415372416640534,4.598729114056198,0.3895155390797966,0.6241118001446508,37.985802418111106,37.985802418111106,LKH,0.0
POMO,20,212,0.29623082036553233,4.190319260774388,0.5968087621671855,0.772533987710046,41.753365369101715,41.41244000332789,LKH,0.8232438507521675
POMO,20,213,0.31208101796992677,4.272068010064852,0.052028299406152737,0.2280971271326159,35.51237284378998,35.33126661860899,LKH,0.5125947709035751
POMO,20,214,0.19837104802230132,6.2942778165765985,0.6998382204833217,0.8365633391939439,38.93061629576447,38.93061629576447,LKH,0.0
POMO,20,215,0.38350356064802327,4.272885184196904,0.8691299537363415,0.9322713948933227,43.329593581877404,40.90503077281633,LKH,5.927297359894249
POMO,20,216,0.22328299569734986,5.210831815966574,0.2771468123111889,0.5264473499897107,41.1442665559864,41.144266555986384,LKH,3.453908868654838e-14
POMO,20,217,0.24597282779225343,4.362943060500449,0.578690294443879,0.760716960796773,37.026069666098664,37.02606966609867,LKH,-1.9190336489067812e-14
POMO,20,218,0.3005168686310131,4.021540397083437,0.04122362660074419,0.20303602291402428,34.31244988066686,34.31244988066685,LKH,4.1416030521356125e-14
POMO,20,219,0.3635972626828956,3.4674911913274653,0.33698152598310965,0.5805010990369525,37.34478674990082,37.34478674990081,LKH,1.9026557589379925e-14
POMO,20,220,0.312430508354354,3.754206176584056,0.12843515907441425,0.35837851368966617,38.167118513476254,38.167118513476254,LKH,0.0
POMO,20,221,0.24991174933721164,4.466096929999874,0.07789481795939945,0.2790964312910494,37.919605685494744,37.91960568549474,LKH,1.8738136194066537e-14
POMO,20,222,0.29797899935357763,3.8484617762710074,0.06098566629952808,0.246952761271317,33.30683100806479,33.28742903964819,LKH,0.058286172817650875
POMO,20,223,0.2975404399706014,4.09521306178699,0.25463025161209024,0.5046090086513421,39.88047462006415,39.880474620064156,LKH,-1.7816807410878228e-14
POMO,20,224,0.3181057212911439,3.9421136992137424,0.46338819527669173,0.6807262263764279,35.95117011690688,35.95117011690688,LKH,0.0
POMO,20,225,0.3232941391914593,3.8506533339120343,0.22353994132330704,0.4728001071523853,39.60095520789544,38.57441501542924,LKH,2.661194452477369
POMO,20,226,0.4857128366517205,3.4535839973612865,0.47976674587354007,0.6926519659060675,40.46077085112387,38.25820548841895,LKH,5.757105788382181
POMO,20,227,0.337727197229948,3.3457610446526713,0.23377050687036288,0.48349819738067573,41.18236468029601,40.21649942178174,LKH,2.4016641736628777
POMO,20,228,0.23481879459543625,4.295877825587909,0.524873991059842,0.7244818776614375,39.244763789838444,35.70390818583296,LKH,9.917277362399423
POMO,20,229,0.309046192510945,4.3033004055978825,0.06334751898337973,0.2516893302930812,41.30747038466035,40.91975309036205,LKH,0.9475064364198674
POMO,20,230,0.30979480820315075,3.9509945532565958,0.12920422925016137,0.3594498981084309,38.699233750674765,37.42798457724624,LKH,3.396520512091261
POMO,20,231,0.4848552111713951,2.7684050389450525,0.6557376135070397,0.8097762737367894,35.374942419322,34.732427469516765,LKH,1.8498993494455325
POMO,20,232,0.2828284699314975,4.726817876522949,0.027332983587224368,0.16532689916412383,35.75094445394853,35.44431142631092,LKH,0.8651121020508535
POMO,20,233,0.2843977339903894,4.490697940378024,0.9225387439947114,0.9604888047211749,39.5512606709306,39.03355352504015,LKH,1.3263131309793361
POMO,20,234,0.31096658603765764,4.487506129902809,0.19694565181138163,0.44378559216290653,41.4738138451352,41.0643899132742,LKH,0.9970291357686815
POMO,20,235,0.45373462963126304,3.152738669179564,0.4789357804817714,0.692051862566507,30.877335106606665,30.130029353899605,LKH,2.4802689168649596
POMO,20,236,0.13844091857256563,4.7638484647452914,0.0327380259794009,0.18093652472455884,36.663004674410416,36.663004674410416,LKH,0.0
POMO,20,237,0.17140630876134597,5.318641053180487,0.7347863421164121,0.8571967931090341,35.96525283561667,34.75160288601225,LKH,3.4923567513857576
POMO,20,238,0.3929840149414399,3.4684101456442202,0.3156491147549795,0.5618265877964298,37.46666112961634,37.03249290151997,LKH,1.1723980593230547
POMO,20,239,0.28907601357250795,3.90913328091272,0.15839613155691912,0.39799011489849734,33.69326961653877,33.23891571471063,LKH,1.3669335838986396
POMO,20,240,0.2965449408769162,5.0263514951973045,0.1643970398762475,0.4054590483344126,42.39920504532528,42.07741740158039,LKH,0.7647514120788333
POMO,20,241,0.3524139742719279,3.613493040327284,0.24065779635158407,0.49056884975667187,40.51833881456436,39.43299129545728,LKH,2.75238444624949
POMO,20,242,0.3080702258134567,4.208117770946314,0.7430358334748656,0.8619952630234493,41.83330556147261,41.74479887178259,LKH,0.21201848393584527
POMO,20,243,0.37903439768806974,4.241571292662921,0.6050348658827138,0.7778398716205758,41.68805788346538,40.97067488786211,LKH,1.750966996679383
POMO,20,244,0.35970383944081014,4.341742336531601,0.6417674383526206,0.8011038873658152,34.54159899544755,34.39545615699691,LKH,0.42488995576502686
POMO,20,245,0.27605904741856074,4.442220215151797,0.34037242479780755,0.5834144537100598,41.26023953383377,40.470396025965265,LKH,1.9516574717028987
POMO,20,246,0.30328080259316365,4.56899495388329,0.7314500225635499,0.8552485150899415,40.450498847891794,40.450498847891794,LKH,0.0
POMO,20,247,0.21296759161372106,4.993055624924229,0.10232398342837226,0.3198812020553447,40.45706082682005,39.817798324633976,LKH,1.6054692350746576
POMO,20,248,0.21513874872815855,4.362401607051343,0.12553179501894643,0.35430466412248435,37.83698399872708,37.83698399872708,LKH,0.0
POMO,20,249,0.2692058831104843,4.274398265756496,0.0955518478492688,0.3091146192745804,42.2058230369041,42.10449412464529,LKH,0.24066056216905407
POMO,20,250,0.3400726800586869,4.088541557441849,0.2360551003344486,0.4858550198716162,38.90296931367721,38.54419568223974,LKH,0.9308110471294302
POMO,20,251,0.2379916202981971,5.06095523268119,0.05811097748321427,0.24106218592557038,35.63276297876859,35.63276297876859,LKH,0.0
POMO,20,252,0.3997661158244132,3.50449809348098,0.0257724387903441,0.16053796681889335,35.64344977349843,35.643449773498425,LKH,1.9934735281667434e-14
POMO,20,253,0.31286755845021136,4.123312359194834,0.21290378394366613,0.461414980189922,39.09036678345382,38.58648056654121,LKH,1.305862077894532
POMO,20,254,0.4031116226284499,3.598858379091196,0.18298487099797958,0.42776730940778956,38.75206889098173,38.48873559888998,LKH,0.6841827563162287
POMO,20,255,0.26896190276812904,4.3375245084298815,0.17989289231040492,0.4241378223059162,41.34318170343629,39.37365345680261,LKH,5.002147562441663
POMO,20,256,0.5649377728519827,3.2402657416792073,1.603746598855686,1.266391171343075,36.540711663613955,35.698547222763565,LKH,2.359100037307328
POMO,20,257,0.37378101736052677,3.5489516821807996,0.47902870595929276,0.6921189969646063,36.094093154894104,34.65253757695718,LKH,4.160028900439061
POMO,20,258,0.30618880236962515,3.248155034486567,1.5378572113055988,1.2401037098991354,39.62343482232916,38.137795372270496,LKH,3.895451836051469
POMO,20,259,0.282692108669787,4.50048614953456,0.18499611052544168,0.4301117419060327,35.55449676970513,35.55449676970514,LKH,-1.9984609551991497e-14
POMO,20,260,0.2239322307814291,4.507016760114626,1.2348127278786822,1.1112212776394639,37.13727739126176,35.221848687315415,LKH,5.4381833303263205
POMO,20,261,0.3749468469755022,4.698696746143576,0.41804456782954863,0.6465636610802904,42.549061400479374,42.28949689436619,LKH,0.6137800758461267
POMO,20,262,0.35768628924300794,3.3719365498600733,0.49810800403706273,0.7057676700140513,40.65190298997442,40.0207620653037,LKH,1.5770337497343399
POMO,20,263,0.32966938517194266,3.9799485557486767,0.2532965872652696,0.5032857908438004,35.893656046874334,35.5260862652994,LKH,1.0346475511825934
POMO,20,264,0.21855745386902095,4.600110682946024,0.12257481164562774,0.3501068574672992,36.35149040914973,35.98790389163116,LKH,1.01030201318038
POMO,20,265,0.1616687946753748,5.632229394072959,0.48187759936573077,0.694174041120619,36.307902622721855,36.299886763970065,LKH,0.022082324399276786
POMO,20,266,0.3218329355892676,3.8964793276497964,0.33933881184440307,0.5825279494105009,37.05512352019946,35.92769542798514,LKH,3.1380473442115893
POMO,20,267,0.26372151815494843,4.636006631154515,0.5072572614737243,0.7122199530157269,42.843530855226255,42.843530855226255,LKH,0.0
POMO,20,268,0.28328481279803736,3.955179311565151,0.2674198674041906,0.5171265487326971,42.66596499636631,40.843388090627336,LKH,4.462354841118625
POMO,20,269,0.2600936111293298,5.107424957831132,0.24031108526050218,0.4902153458027423,43.25394710995293,42.56809156031956,LKH,1.611196378539797
POMO,20,270,0.23681443366206767,4.158197113094319,0.0754580153470792,0.2746962237583167,37.458189800783146,37.458189800783146,LKH,0.0
POMO,20,271,0.2503735029137093,4.4814459731597704,0.1709262276424331,0.41343225278445933,37.1482144284681,36.39093967388223,LKH,2.080943117633667
POMO,20,272,0.3261280623816052,3.756167740753811,0.13545003590579882,0.368035373171926,36.38560708179343,35.756815335673004,LKH,1.758522788502111
POMO,20,273,0.30786656436056975,3.859224869411483,0.1308451074178825,0.3617251821727131,39.465099037621655,39.465099037621655,LKH,0.0
POMO,20,274,0.3286777184602167,3.9377875725529305,0.17675089558920762,0.4204175253116925,43.546669104962625,42.97322883567997,LKH,1.334412807274417
POMO,20,275,0.25836334316294307,4.133852627435462,0.30978706720543536,0.5565851841411478,41.40896957235276,41.09021597742883,LKH,0.7757408603036478
POMO,20,276,0.4675643212118111,3.175661944652189,0.4038025780847873,0.6354546231516357,39.318881342703115,38.66769091483634,LKH,1.6840685659275263
POMO,20,277,0.28384362390333034,4.176813652734246,0.21078974649529078,0.4591184449521613,36.81246705304991,36.81246705304991,LKH,0.0
POMO,20,278,0.5141716276779406,3.7018355936493044,0.532310250013986,0.7295959498338693,34.05424632525754,34.054246325257544,LKH,-2.0865026022704865e-14
POMO,20,279,0.3263054310901728,3.3028360885251913,0.2055460932099517,0.4533719148888159,36.230887170294075,34.67560422671301,LKH,4.485236748615675
POMO,20,280,0.2142421220809123,4.1445440841982295,0.5668571651549563,0.7528991732994241,37.47010424897368,37.46798310276664,LKH,0.005661223346950782
POMO,20,281,0.35304547708303863,3.7537005500575917,0.24125450589343211,0.49117665446703807,33.66814029502213,33.544212115405514,LKH,0.36944728106968194
POMO,20,282,0.7174818115423824,3.6968258373160072,2.586302573973307,1.608198549300834,43.17935404882243,42.29725664212451,LKH,2.0854719117159677
POMO,20,283,0.3073573270628817,4.565671524868972,0.834203096356333,0.9133471937638682,48.21940736281146,46.446940280281424,LKH,3.8161116143155676
POMO,20,284,0.26825815574135814,5.480087832339556,0.30772619629922787,0.5547307421616616,41.610395663232254,41.49471409289737,LKH,0.2787862812499451
POMO,20,285,0.3404777265892143,3.518023238835232,0.026125764459667643,0.16163466354612072,38.89200803093946,38.44099037887515,LKH,1.1732727164910939
POMO,20,286,0.2678808809453729,4.216377606537527,0.24538994904160255,0.4953684982329847,40.00733692374721,40.007336923747204,LKH,1.776031074286133e-14
POMO,20,287,0.3361366865011453,4.0087613475096955,0.15502529469682885,0.3937325166871906,37.67991184412509,37.67991184412509,LKH,0.0
POMO,20,288,0.23094971542932877,4.479896534960555,0.06258316896862069,0.25016628263741036,40.03706438256095,39.94970858145165,LKH,0.21866442637795708
POMO,20,289,0.28566153291926877,4.46731486926704,0.2293905596190678,0.47894734535131084,36.8884804639223,36.603012813172874,LKH,0.7799020594465633
POMO,20,290,0.28271083577266454,4.162070874009188,0.19666238425796992,0.44346632821215404,42.088831864991164,40.86072630242245,LKH,3.00558916520264
POMO,20,291,0.3340475208533462,4.086459191816196,0.006903325998340912,0.08308625637457083,35.354503274519864,35.331261398419045,LKH,0.0657827521036627
POMO,20,292,0.3791082671636296,3.3183503910544956,0.2502643223871908,0.5002642525577765,42.09992166653458,39.829142215638925,LKH,5.701301420455975
POMO,20,293,0.4339195738847545,3.8101864259107323,0.46100934697224133,0.6789766910375064,34.170229982975926,33.63209754143251,LKH,1.600056139467586
POMO,20,294,0.2784357686767563,3.757740434885311,0.3750065915898157,0.6123778176826915,39.603537800787414,39.09267249601222,LKH,1.3068057826624846
POMO,20,295,0.3776092763590369,4.306628380706161,0.2249024026563047,0.47423876123352116,37.038912713404535,35.46178483063249,LKH,4.447401309055648
POMO,20,296,0.16991247964018075,4.7143084841876055,0.05356831880184811,0.23144830697554933,38.04363978714597,37.00702035402011,LKH,2.8011426567425546
POMO,20,297,0.36907492814842907,4.593340750452645,0.4570276566060482,0.6760382064691671,41.44903197269017,41.201734389277334,LKH,0.6002115859404122
POMO,20,298,0.2561535162952312,3.811540274996281,0.025287196572698376,0.1590194848837663,38.642857678030275,38.4929864681778,LKH,0.3893467969194243
POMO,20,299,0.37454465840566725,4.197962644039071,0.3458320718243266,0.5880748862384166,37.454042524815954,37.39700226787273,LKH,0.15252628147745204
POMO,30,0,0.6050200040999071,2.328986949047025,1.515145595222538,1.2309125051044603,47.40001568356559,45.77157853145292,LKH,3.5577474152298656
POMO,30,1,0.5272766577915624,2.6765611924252566,0.722130880582475,0.8497828431914091,39.58764925959008,39.332338355950874,LKH,0.6491119376851847
POMO,30,2,0.5016612926189956,2.2596244589479935,2.7295007481608464,1.65212007679855,45.898617136532714,44.55201874434191,LKH,3.0225305836715286
POMO,30,3,0.4813680683989238,2.813532648634995,1.2413234134413276,1.1141469442767986,50.84665295801372,47.29493029718941,LKH,7.509732308529014
POMO,30,4,0.462227260559428,2.8656180560746995,0.6990261662233268,0.8360778469875438,47.87316857487927,47.23125653098869,LKH,1.3590831390848621
POMO,30,5,0.585236981623517,2.373833627683682,0.5861301854344345,0.7655913958727818,52.9771016179955,50.68884991824404,LKH,4.514309761302891
POMO,30,6,0.5267975433761704,2.658591333052885,2.0759727296434347,1.440823628916265,50.753289808108725,46.34513727103193,LKH,9.511575100743341
POMO,30,7,0.5591376671172525,2.189881146516863,1.8706546343304578,1.3677187701901505,53.76233845789858,48.11813799997655,LKH,11.729881272473145
POMO,30,8,0.557119914620326,2.861217050723247,0.5363383065555045,0.7323512180337414,44.36215762774155,43.25983667586581,LKH,2.5481394211798136
POMO,30,9,0.41983429833158753,2.998043265401015,0.7924775690896934,0.8902120921947159,51.87733055688823,48.87527298330166,LKH,6.1422829793957945
POMO,30,10,0.5220984503890765,2.525171891180515,1.61376577216572,1.270340809454581,46.82426604466016,43.66440286659876,LKH,7.236703059275198
POMO,30,11,0.4637375934499091,2.2391921796693874,1.9225794981991207,1.386571129873661,43.547261686514844,41.389320389474285,LKH,5.213763542706887
POMO,30,12,0.3634846393017205,3.200713722825531,0.35741822277804236,0.5978446476954046,46.4632465913663,46.103319901067316,LKH,0.7806958177227741
POMO,30,13,0.5823130145927907,2.773884800141516,2.118245926160604,1.4554195017796774,46.92496277277931,46.28032434056597,LKH,1.3928995559097628
POMO,30,14,0.6235995940093336,1.7614524345738753,0.7286924357756565,0.8536348374894598,46.23104310093042,44.53364698643262,LKH,3.811491376430317
POMO,30,15,0.4475276806684821,3.141126782785935,1.5425074157021383,1.241977220283101,46.007185344137085,44.820425261380464,LKH,2.647810849262943
POMO,30,16,0.4785698854471336,2.6821133612154844,1.2091232086931125,1.0996013862728222,51.08945537334251,49.04772862080855,LKH,4.162734564771989
POMO,30,17,0.40834881191517525,3.1094441422007453,0.5183096854319712,0.7199372788180726,47.52968616169249,46.275425983781716,LKH,2.71042383996715
POMO,30,18,0.5867932189239895,2.4262058556930275,0.8211128873071709,0.9061527946804396,50.51259875546699,47.80730882501422,LKH,5.658737119788015
POMO,30,19,0.5055138626424917,2.005597092811197,1.1490848470659516,1.0719537522980884,42.20482140992842,41.55193345334292,LKH,1.5712577065002404
POMO,30,20,0.4834251739158735,3.3534414019625447,1.8395356632457782,1.356294829027147,48.23739178355022,45.24759538003853,LKH,6.607636004521626
POMO,30,21,0.4279513654644312,2.8161938078403885,0.5562321004315215,0.7458096945143053,48.146707543578486,47.1585885051953,LKH,2.0953108854696354
POMO,30,22,0.5018675069140014,2.2904533273759284,2.105765303983707,1.4511255300571715,45.54448771279956,43.19410692950929,LKH,5.441438544211548
POMO,30,23,0.5849030208427676,2.0249883298846902,0.973608171938344,0.9867158516707554,44.578311924871905,42.74270500005075,LKH,4.294550204108461
POMO,30,24,0.37512602919145893,3.031070227018659,0.7115168657286853,0.8435145912956606,42.26830106505606,42.05827920619682,LKH,0.49935913409479465
POMO,30,25,0.5714301070341928,2.408726247336307,0.9366009668017804,0.9677814664487951,44.5250037633455,43.04105478470173,LKH,3.447752351950307
POMO,30,26,0.41986613426838476,2.861394080958321,1.553276563251138,1.2463051645769339,49.21118407168968,47.15510160075467,LKH,4.36025456660686
POMO,30,27,0.49704309748405395,2.6366980028805163,0.7155393995471726,0.8458956197706503,50.060034037442946,48.040084823240754,LKH,4.204716169079253
POMO,30,28,0.645019810349838,2.485058756817738,0.6696606353148882,0.818327950955415,47.73363950403991,45.8303368496921,LKH,4.1529318464099205
POMO,30,29,0.5077969793157284,2.4078184094841135,0.30325034960634956,0.5506817135209318,45.002568368765786,43.283060409567405,LKH,3.972704200967953
POMO,30,30,0.46660186161597234,2.6525957645151492,0.9502848749131323,0.9748255612739811,44.95040033376952,41.99140007360397,LKH,7.0466815942762455
POMO,30,31,0.46135887074267196,3.139169717038904,1.5724418653467591,1.2539704403799792,50.67143921648269,47.809629909287914,LKH,5.985842836735316
POMO,30,32,0.4268348888860546,3.274528203403904,0.6432878673115143,0.8020522846495198,45.80012804278583,44.668636212942076,LKH,2.5330789694356515
POMO,30,33,0.5223569007718871,2.2637091571625554,1.112591840140862,1.0547946909900818,49.42442163047331,48.77551650325685,LKH,1.3303910931894076
POMO,30,34,0.48669752930311067,2.697049678629781,1.0739426651202209,1.0363120500699685,46.53475750576442,44.946883804218885,LKH,3.5327781753726137
POMO,30,35,0.46721802010393604,2.5794161546764647,2.228699216340835,1.4928828541921282,49.89378066412735,48.18025828140916,LKH,3.556482351567984
POMO,30,36,0.6027426153646204,2.0830282672417546,1.5713085893064467,1.2535184838311906,48.30119261039003,45.29900144619705,LKH,6.627499654178402
POMO,30,37,0.5377299360056268,2.6703205212439527,1.3960313960667425,1.1815377251982868,44.08552587428602,43.700631014299034,LKH,0.8807535521879455
POMO,30,38,0.5911205410853843,2.4203394629399857,2.012983524101608,1.4187965055291079,48.48885439561204,45.735334767591176,LKH,6.020552034905079
POMO,30,39,0.48814544775588475,3.093095375739886,0.5937692539759312,0.7705642438991905,45.72824636319851,44.92149067018613,LKH,1.7959236903681193
POMO,30,40,0.4738216462664523,2.7908755157047476,1.1285653594531668,1.0623395688070585,49.152125708064574,46.43200876325334,LKH,5.858279702436551
POMO,30,41,0.6916504067465776,2.349623404109672,2.5013547653466923,1.5815671864788712,43.41120900193,42.312906038577964,LKH,2.59566894873795
POMO,30,42,0.5505786404427109,2.66567523411996,0.6168468464071905,0.7853959806410971,49.320366357789254,47.145664368602844,LKH,4.6127295442986185
POMO,30,43,0.47389666392901464,2.4864644529723265,3.487750897914124,1.867552113841572,49.170002626055926,47.4321651735123,LKH,3.663837495476781
POMO,30,44,0.5601750522819829,2.0438387387586383,1.464419870594538,1.210132170712992,48.16863417346288,45.20063122785426,LKH,6.5662864986266545
POMO,30,45,0.48883013244906987,2.954706294810025,1.1447582594648325,1.0699337640549682,46.39906759687168,43.61848128489756,LKH,6.37478937841164
POMO,30,46,0.6059847123255293,2.5206152915564037,2.859596900126655,1.6910342693531242,46.78800052182576,44.8529281011118,LKH,4.314261080908097
POMO,30,47,0.4823294152191575,2.5972022989838006,0.9606575181035721,0.9801313779813255,49.77118668679607,47.60487229619611,LKH,4.550614855389619
POMO,30,48,0.6225142211267918,2.3751726444460237,1.1729859484344733,1.0830447582784717,46.21467674370199,45.34822790588604,LKH,1.9106564419984529
POMO,30,49,0.4933079862549393,2.7709812752268626,0.36141480337893755,0.6011778467133811,46.445132145337354,43.48519435051764,LKH,6.806771451820547
POMO,30,50,0.5886559489389865,2.4797859065520016,0.6119572202429583,0.7822769459999178,47.80324005413629,45.68153109023637,LKH,4.644566224605808
POMO,30,51,0.48638456754718484,2.880347895481059,3.519741018774376,1.8760972839312935,47.33561158594432,44.01485139590289,LKH,7.544635696192639
POMO,30,52,0.43057160419115903,3.1379592392440228,0.5351538225379067,0.7315420852814325,48.064636801980924,46.567972333574204,LKH,3.21393522931568
POMO,30,53,0.47501089403823277,2.7108637785799425,1.729907501099715,1.3152594805207507,45.607134716957106,44.10251148723743,LKH,3.411649765467644
POMO,30,54,0.5318038431716308,2.7394373477013265,0.37449786465062473,0.6119623065603181,52.359924609648075,49.05278995947048,LKH,6.74199093040394
POMO,30,55,0.46364185142587744,2.4783235389021563,1.7811973752341461,1.3346150663146832,49.5271834995206,47.27206527304721,LKH,4.770509207599986
POMO,30,56,0.4416223729621034,3.4584680095371065,2.012187296205934,1.4185158780239064,50.66291896299392,49.48659936341922,LKH,2.3770467453947672
POMO,30,57,0.4103933329501286,2.7049807727004267,1.451455679690181,1.2047637443458286,48.729742269777496,47.469123055495096,LKH,2.6556614766374302
POMO,30,58,0.40850344242664566,3.1170912035781737,1.5332297170656919,1.2382365351844904,50.31333812626303,47.79574278077579,LKH,5.267405000973965
POMO,30,59,0.4808083588908756,2.691830904739386,0.5193904694195408,0.7206874977544295,44.38233030362836,42.892982651337114,LKH,3.4722408194311383
POMO,30,60,0.5352826955385008,2.886465210467613,1.1602369782645583,1.0771429702061646,51.5784298981375,49.86828710703668,LKH,3.4293192935024863
POMO,30,61,0.5292114416523842,2.961061757180641,3.1299508598260033,1.7691667134066262,45.872238266828205,44.96678996479233,LKH,2.0135933713409626
POMO,30,62,0.5073126451722507,2.0215048058850815,1.7223801041658306,1.312394797370757,51.14027264036866,45.78114297247089,LKH,11.705976128905998
POMO,30,63,0.539772160878156,2.635799747420453,0.9763948577504282,0.9881269441475767,49.03460900764454,47.4034038730368,LKH,3.441113931346972
POMO,30,64,0.49914474117344826,2.130262672972126,1.8877564662939552,1.3739565008740107,48.293921425174446,46.0558491641023,LKH,4.8594745329689575
POMO,30,65,0.4857274609681114,2.3723464915486456,2.5481877086537676,1.5963043909774124,48.55308339567969,45.196422545181676,LKH,7.426828632603501
POMO,30,66,0.5404670056244679,2.5029280546249204,1.185828385804627,1.0889574765823626,48.72598996946206,46.605971392124516,LKH,4.548813197134193
POMO,30,67,0.5618455423030135,2.5357436169493663,3.7354243564759133,1.9327245940578066,46.701454735112414,45.76565278163417,LKH,2.044769158965839
POMO,30,68,0.5898330857784584,1.8067292604118097,0.9750560638273947,0.9874492715210208,46.54760906587483,44.140108735236375,LKH,5.45422383320181
POMO,30,69,0.5092818445127705,2.8472553988725533,0.6381699643752011,0.7988554089290509,43.598267025693204,41.61975189500375,LKH,4.753788863712479
POMO,30,70,0.5951484819825995,2.4443672064690714,4.233254309190828,2.0574873776504266,49.24233294879003,46.93404053102068,LKH,4.918162578062513
POMO,30,71,0.42629912793224856,3.1400623677379835,0.8055708557435229,0.8975359913360148,44.735390879828074,44.7305695105381,LKH,0.010778689703100962
POMO,30,72,0.4962659028262414,2.1069404965149072,3.00952410572173,1.7347980014173783,48.527193706975766,44.276683444996024,LKH,9.599884027583185
POMO,30,73,0.5193556172307581,2.2210535388110104,1.4657111820300646,1.2106655946338214,51.446045188215045,48.42602664081559,LKH,6.236354202254635
POMO,30,74,0.4800436805676797,2.239187643510729,1.9253429311005088,1.3875672708378894,45.48091239075394,42.62814832336834,LKH,6.692207331515129
POMO,30,75,0.44677167545586566,2.6281956214113498,1.1896705333086075,1.0907201901993964,45.02181651862524,44.732331995307035,LKH,0.6471482938751743
POMO,30,76,0.5589618578589328,2.460216982403498,0.7496270040116249,0.865810027668671,47.83935034176108,44.65024197822216,LKH,7.142421232777162
POMO,30,77,0.5413743990866351,2.489982900941895,1.142248223161919,1.068760133594961,47.51483688874999,46.11852663899133,LKH,3.027655806718986
POMO,30,78,0.43647618174506125,3.0147520195503446,1.5663131366609144,1.251524325237394,47.224321102218866,44.5829576137491,LKH,5.924603547735883
POMO,30,79,0.5163304489934168,2.71650806806731,0.799517302077119,0.8941573139426412,51.84315597642792,49.236210103562726,LKH,5.294773637901424
POMO,30,80,0.5600559019869,2.2784612156559763,0.8801073913492551,0.9381403899999483,50.796175109852236,43.95013018735405,LKH,15.576847880346048
POMO,30,81,0.5226073098240485,2.7950012411001297,1.0440652597118756,1.0217951163084875,48.86654565577303,46.02177694869826,LKH,6.18135347152265
POMO,30,82,0.5168659290888925,3.1129575241479146,0.48104862817218785,0.6935766923507363,52.377252062776066,50.33375924956579,LKH,4.0598851420538535
POMO,30,83,0.6143083326067325,2.610743185811608,1.994448434225213,1.4122494235173944,49.970311882355084,47.334838975781125,LKH,5.567723401198004
POMO,30,84,0.5181635800941751,2.158705422821081,1.0654579914387046,1.0322102457535987,46.581037415498685,45.644569422915914,LKH,2.051652593994271
POMO,30,85,0.49547124316048774,2.3202569377795905,0.9471400107510463,0.9732111850729246,42.34955824393019,42.127316975769354,LKH,0.5275466944373981
POMO,30,86,0.4837022394560085,2.3955648521841484,1.1926076877435874,1.0920657891096064,47.3397648737631,42.38756742330989,LKH,11.683136710812724
POMO,30,87,0.4580808126870109,3.2382208776883203,1.1313233854663474,1.063636867293696,45.827316274531086,45.283118578619614,LKH,1.2017672655796583
POMO,30,88,0.5192902424909146,2.7567286606199066,1.4198595816496127,1.191578609093673,48.927224529119705,47.438275617366045,LKH,3.138707915446637
POMO,30,89,0.679637214841305,2.569137538014752,2.1445726649905845,1.464435954554034,45.487697061717874,44.29190135783838,LKH,2.699806662664023
POMO,30,90,0.40532121225009304,3.6637010103685403,1.5532845541467195,1.2463083704070672,52.03149950798113,51.731805808668035,LKH,0.5793219367240415
POMO,30,91,0.4343644543711481,2.2040513532991666,1.0805779579811305,1.0395085175125458,44.271779357168896,41.24088811066965,LKH,7.349238547835991
POMO,30,92,0.5295222033104249,2.6637949474526343,0.4114634492672772,0.6414541677059065,45.558262129887304,43.913687636166706,LKH,3.7450156938451884
POMO,30,93,0.4191594506264664,3.151592871268682,0.8873402060798028,0.9419873704460175,46.810848628128845,44.61922452745882,LKH,4.911838168144974
POMO,30,94,0.5070238293567811,2.8967643516793915,1.3772084130830389,1.1735452326531939,46.56765717038432,43.76788191701528,LKH,6.396871703038927
POMO,30,95,0.60285738099666,2.724011334262226,0.9682102852993137,0.9839767707112367,45.86499117982257,43.02849182629809,LKH,6.592142167044009
POMO,30,96,0.5720589838255646,2.5282604614283866,1.0993447524118232,1.0484964246061228,49.65934634267893,48.56970396791441,LKH,2.2434610173542557
POMO,30,97,0.4412518740784184,2.795237435052429,0.5241602394433996,0.7239891155558899,50.595064338846605,48.085598754853926,LKH,5.2187466704662056
POMO,30,98,0.5951311815545617,2.5461716747019323,1.22562174803482,1.107078022559756,33.03079438873455,33.03079438873455,LKH,0.0
POMO,30,99,0.40129132883740914,3.2482677634397343,0.940455781572037,0.9697709943961188,50.60345312892317,47.97102049032821,LKH,5.487547714615968
POMO,30,100,0.47434089309912264,2.637353757049008,1.939835206450633,1.3927796690254468,48.12785180552362,46.990322538367124,LKH,2.4207734820881766
POMO,30,101,0.4062384900407151,3.2583142423777343,1.1513822040815918,1.0730247919230906,49.0582083401391,49.05820834013909,LKH,2.896733328839239e-14
POMO,30,102,0.37118349888172314,2.7762597616331797,1.278990954352577,1.1309248225910409,46.4073245015966,44.92087248301249,LKH,3.309045297698157
POMO,30,103,0.5779976785957717,2.3735383222058597,0.9611680635522771,0.9803917908429656,47.78922358285878,44.02162830958637,LKH,8.558509573467918
POMO,30,104,0.43577036141567954,3.120878069224034,1.6698918852639135,1.2922429668076796,49.14501909390555,48.00108232641761,LKH,2.3831478626021996
POMO,30,105,0.5639102217422172,2.563674246991861,5.146011096460787,2.268482112880943,45.691268271956446,44.607251804678484,LKH,2.430135064192116
POMO,30,106,0.4543296854219456,3.0929946216830873,0.19570010084622091,0.4423800411933397,51.747150013270115,49.211322037193106,LKH,5.152936094991458
POMO,30,107,0.4669916706126091,2.880300908479736,1.0179091690708943,1.0089148472843952,48.675425047299605,46.28889343324008,LKH,5.155732697523849
POMO,30,108,0.43746612785817607,3.227072710786723,1.0570509022056913,1.0281298080523156,49.46359905791405,47.84740731814724,LKH,3.3778042120870233
POMO,30,109,0.6086891902478186,2.2209043243326465,1.3489911247235502,1.1614607719262628,49.85941304855378,44.42702093171949,LKH,12.227675866863576
POMO,30,110,0.43071579484064293,2.868521589403203,0.48761564923752043,0.698294815416469,48.90796927280942,46.35958662846547,LKH,5.496991732836549
POMO,30,111,0.4774662195729967,2.7839611612099917,1.3784998271731046,1.174095322864845,50.48563831618551,47.857868970850596,LKH,5.490778009642345
POMO,30,112,0.6829744253211237,1.944500316885421,0.44754541302953577,0.6689883504438143,45.025515611988226,43.99322889615572,LKH,2.346467267199635
POMO,30,113,0.4785971095743348,2.7927418235015815,1.9048468031703707,1.3801618757125451,48.69175898976854,46.25111929399377,LKH,5.276931094923178
POMO,30,114,0.5202336068941804,2.8607668078693744,1.1552652138147361,1.0748326445613456,42.85367064901497,42.737599218548,LKH,0.27159090025955224
POMO,30,115,0.5730029105224872,2.3153391030760546,1.704841305188809,1.3056957169221353,42.65156015177035,41.34856123923907,LKH,3.151255747430351
POMO,30,116,0.5701200983603485,2.370943609059729,0.7721512257466597,0.8787213584218035,48.954353503624105,44.58486789567664,LKH,9.800378052418035
POMO,30,117,0.5036679636464998,2.9321271372306956,1.3317801181766398,1.1540277805047154,46.667842767957524,44.147287443126906,LKH,5.709422867889093
POMO,30,118,0.4532418396070327,3.091898254334993,1.2107820562670424,1.1003554227007937,48.01798777908804,45.240939486879256,LKH,6.1383523943267795
POMO,30,119,0.6051548717622343,2.56989834200416,0.6604683059009712,0.8126920117122914,54.64053938772893,51.79924776245776,LKH,5.485198623541469
POMO,30,120,0.6011520549253528,1.8954779010254497,0.5725477764425558,0.7566688684243299,43.41069975805331,41.61147738035,LKH,4.323860845548703
POMO,30,121,0.46961425785938726,2.570355415695929,0.889445604242445,0.9431042382697922,46.61266207373168,44.9781745025281,LKH,3.6339571120471077
POMO,30,122,0.5364322448791615,2.6412881252353904,0.5426377643204308,0.7366395077108142,46.97166778497874,43.86666463024887,LKH,7.078274997431132
POMO,30,123,0.484158232844242,2.587576385205286,1.9817733249177625,1.4077547104938994,49.812656250227064,47.48650687053693,LKH,4.898548099214682
POMO,30,124,0.549354649068595,2.671598614995321,0.9584467211440614,0.9790029219282552,44.775074274586586,43.92484320830193,LKH,1.9356496328345698
POMO,30,125,0.557817728627987,2.4697540419131343,0.953090057464107,0.9762633135912191,49.99602661133356,46.85526440448093,LKH,6.703114893856565
POMO,30,126,0.4857821518861752,3.2198811556398574,1.9011695006486438,1.3788290324215848,45.58830043073929,44.61116981560058,LKH,2.1903272637271245
POMO,30,127,0.489948278311078,2.848051039298313,0.40329305622358513,0.6350535853166921,47.183921074062795,45.32863352212766,LKH,4.092970398124744
POMO,30,128,0.43575248705596537,3.170858032607442,1.4641317571222825,1.2100131227066435,48.73388727852519,48.10506567381504,LKH,1.3071837568500249
POMO,30,129,0.5311564713528838,2.5974636137138223,0.8619424770664834,0.9284085722711114,47.24335552396425,43.90937333782484,LKH,7.592871254364765
POMO,30,130,0.5605845709660258,2.9097961380727506,2.2680378059897395,1.5060005995980676,44.988559375232825,43.327740808055,LKH,3.8331529320565614
POMO,30,131,0.6169961855349387,1.7760411174754749,0.6663760305107742,0.8163185839552927,46.96494322323913,44.09365410216753,LKH,6.511796718908039
POMO,30,132,0.6287381200934149,2.2744668133177295,0.31228271358144033,0.5588226136990524,47.003944362052074,45.59771212743508,LKH,3.083997352075251
POMO,30,133,0.45624043410523507,3.3107952230058526,1.213292194119194,1.1014954353601263,45.342334031476774,44.57143636683859,LKH,1.729577791241515
POMO,30,134,0.4861682976733046,3.21926334717027,0.6776860731736498,0.8232169053011787,44.059154725553334,42.852662050403964,LKH,2.8154439360856385
POMO,30,135,0.47686737379187655,2.612169500624571,1.4568526316733497,1.2070015044204998,41.37606090963295,41.37606090963295,LKH,0.0
POMO,30,136,0.5514618617178454,3.222198132211459,1.8891900186057344,1.3744780895327995,49.86925691181715,47.636733154000574,LKH,4.686559320932549
POMO,30,137,0.530454176248268,2.494199486854957,1.1539222747454312,1.0742077428251162,47.972854279021156,46.135337372280524,LKH,3.9828838616983138
POMO,30,138,0.5907568370783902,2.228922883032703,4.363662235528752,2.0889380640719706,45.84743543542888,43.7535498694838,LKH,4.785635844842555
POMO,30,139,0.6082963603006772,1.9397294962102039,0.2497013184753352,0.499701229211351,45.828156889941525,45.21403277054887,LKH,1.3582599953187078
POMO,30,140,0.4622711791337773,2.8917632660168455,2.763731554820971,1.6624474592662983,47.519367242245195,47.5193672422452,LKH,-1.495269775243178e-14
POMO,30,141,0.6411106511850135,1.730626759927779,3.084058368489635,1.7561487318816806,44.205375131295945,44.05833197835539,LKH,0.33374652724663434
POMO,30,142,0.47467821667619164,3.259413505468629,2.3834325443326825,1.543836955229626,47.9157148560196,47.31781232466955,LKH,1.2635887036525624
POMO,30,143,0.6374859785174867,2.6583767898861907,1.544942657328625,1.2429572226463086,47.44669311192084,44.86796491371191,LKH,5.747370541918325
POMO,30,144,0.5239300352103752,2.3680320006322595,1.0977420645093747,1.04773186670511,52.65819939907824,49.165437370210284,LKH,7.104100391842032
POMO,30,145,0.46119173160746113,2.6670184056897055,1.5934605560058104,1.2623234751860595,46.778071199247435,46.22971486670973,LKH,1.1861555584297623
POMO,30,146,0.5517846010304217,2.98225769161643,0.7175187649017989,0.8470647938037555,45.01696807098624,41.0881098932851,LKH,9.562031906323387
POMO,30,147,0.6396756385511253,2.237234703357384,2.6290832848761783,1.621444814008845,47.84374568131037,42.588708865808265,LKH,12.339037635679613
POMO,30,148,0.434692234324757,2.995261564309256,0.37929886096269566,0.6158724388724468,45.951838341688536,43.99234779596763,LKH,4.454162243872131
POMO,30,149,0.5797092693595413,2.4266475550008724,1.428062019971987,1.1950154894276421,44.99324017307649,44.313358039446996,LKH,1.5342600148340624
POMO,30,150,0.6566772683554205,2.293601278853117,0.8506815595186206,0.9223239992099417,48.77367028006885,46.44092283341936,LKH,5.023042834477922
POMO,30,151,0.5575147864137291,3.0968254917060163,1.1794653451716155,1.086031926405304,45.49431089638622,43.645928645536074,LKH,4.234947698928588
POMO,30,152,0.47023031177013763,2.848669204368728,0.9448699502505853,0.9720442120863564,50.10496313597898,46.78407935752227,LKH,7.098320249242543
POMO,30,153,0.5437511652143696,2.8622973086337575,0.6516677245753115,0.8072593911347898,49.44717520441266,46.934849200149046,LKH,5.352794452476125
POMO,30,154,0.5658977026408859,2.68635029128395,0.2789067928397631,0.5281162682968241,51.56691922668871,49.44124351610472,LKH,4.299397748544866
POMO,30,155,0.4339696327435126,3.103985828214143,1.1089019639971531,1.0530441415235894,43.121534856358,43.12153485635798,LKH,3.29553545868433e-14
POMO,30,156,0.5154489707096344,2.727649458738231,1.2711450934877568,1.1274507055688763,49.53282040997928,45.666831030749755,LKH,8.465639703850616
POMO,30,157,0.5285333955084909,2.224788199946891,1.6180233649381617,1.2720154735450986,47.45123690945446,44.985154408501174,LKH,5.481991855711517
POMO,30,158,0.5324076218204372,2.7189189521009016,1.2028132653010581,1.096728437354051,43.855176719410956,42.47273773962535,LKH,3.25488549445647
POMO,30,159,0.5931259386559069,2.509900459700236,0.43416156395063593,0.658909374611286,41.279748553727615,40.00385355979313,LKH,3.189430218334906
POMO,30,160,0.5377711370548566,2.5109249065547288,1.1876198040865806,1.0897797043836799,44.990842308010095,44.51833724022616,LKH,1.0613717786318977
POMO,30,161,0.5015687939540087,2.7564595383817747,2.634255769078128,1.6230390534667143,48.74806425051439,47.34721432345028,LKH,2.9586744375165717
POMO,30,162,0.7459201702217326,2.844402282539624,0.633400445873187,0.79586459016166,49.44353534755265,46.087507135051155,LKH,7.281861009898528
POMO,30,163,0.5389511171253679,2.551331233713986,2.0333811501784496,1.4259667423114921,45.4374049259569,44.08324878358193,LKH,3.0718156663610086
POMO,30,164,0.49179023426275087,3.342913902705691,0.9948624603396208,0.997427922378164,50.069613343706614,46.51017869169535,LKH,7.653022955697263
POMO,30,165,0.5020302411626446,2.8164943751099134,1.0354448427698353,1.0175681022761254,51.96958866011353,49.029846380162276,LKH,5.9958219268267765
POMO,30,166,0.47741958827907244,2.8677630621204897,1.0143081710419377,1.007128676506601,51.30162840612618,46.98814300363317,LKH,9.179944400355394
POMO,30,167,0.4528154792677579,2.934864058376431,1.0684568168251543,1.0336618483939293,47.825517817593536,45.47747838186879,LKH,5.163081857812223
POMO,30,168,0.6628690761963612,2.111320025941867,1.3235775577207678,1.150468407962934,44.20900412202078,43.344011912671434,LKH,1.9956440836443872
POMO,30,169,0.4546260924925546,2.675083924280439,2.611374707930362,1.6159748475549864,47.48274960958015,46.939062998112284,LKH,1.158281773732312
POMO,30,170,0.6146238116981012,2.04124321785827,1.8788860000165148,1.3707246258882617,41.328450104644496,39.36966369821561,LKH,4.975369923004105
POMO,30,171,0.48910001983087315,3.1428217592858325,0.890177924103413,0.9434924080793724,53.56638626638471,50.74823576581693,LKH,5.553198959610013
POMO,30,172,0.6115020023370844,2.2488310387501085,0.6860186763491457,0.8282624441257407,53.019677169392295,50.70952065779189,LKH,4.55566623709631
POMO,30,173,0.37980405345723706,3.3889543113959335,0.6013851140758734,0.775490241122268,51.00647912573946,49.26452453109767,LKH,3.5359208501894726
POMO,30,174,0.5348278294269252,2.6049251349714226,0.7506427988444389,0.8663964443858474,49.534583213864764,47.95578720911427,LKH,3.2921907795320995
POMO,30,175,0.5288103828912301,2.4860808756575152,1.4054353476090908,1.1855105851948733,45.992359294067484,45.9331462888868,LKH,0.12891127641958783
POMO,30,176,0.5338474616046056,2.474801776105876,1.1838831764029574,1.088063957864131,44.40403956515807,42.640250691923356,LKH,4.136441143318142
POMO,30,177,0.4724598568613272,2.473477709981571,1.0213822287306544,1.0106345673539245,53.88360368669063,49.92800718789606,LKH,7.922600403233232
POMO,30,178,0.5976520375567408,2.6174442841432843,3.700889560585673,1.9237696225342766,42.47920650574686,41.4043606250292,LKH,2.5959726572082586
POMO,30,179,0.6697369258728376,2.1288650599344683,2.289308818445961,1.5130462049937408,43.54864153514229,40.60070406092725,LKH,7.260803826926819
POMO,30,180,0.63450963132176,2.639276197662189,0.49678491995253843,0.7048297098963255,44.86594306491745,43.12650616027642,LKH,4.033336014228802
POMO,30,181,0.518136385614494,2.8663558918245418,1.4013031381598917,1.183766504915514,46.70017698544834,44.256994099119936,LKH,5.520444702720975
POMO,30,182,0.3795378849127105,3.4613418906987308,0.8937050336230763,0.9453597376782429,48.611399891018266,46.674624125950004,LKH,4.149526217590813
POMO,30,183,0.6074102841823081,2.600052194015481,0.481115316176785,0.6936247661212689,51.2721606507488,47.46660878539941,LKH,8.017324099462462
POMO,30,184,0.5156114951612772,3.077765537243522,1.1977157571304615,1.0944020089210644,46.20352254699279,45.35408322766701,LKH,1.8729059411515079
POMO,30,185,0.46859949063770634,3.132079924161406,2.084890877867797,1.443915121420853,47.17864765210082,46.00208510319324,LKH,2.557628738498012
POMO,30,186,0.5720713488448508,2.3107376189077793,1.6529732704488218,1.2856800809100302,46.92275758281782,45.46586175538516,LKH,3.2043730640607504
POMO,30,187,0.46867519780099776,2.383684904173721,1.8501201672117336,1.3601912245018102,51.366450673504986,45.7134794554404,LKH,12.366092639206927
POMO,30,188,0.5402073347908425,2.4100747311160102,0.8634590059524382,0.9292249490583204,46.84320255699,45.690818873842645,LKH,2.522134011931836
POMO,30,189,0.6195882405403734,2.4863817642719197,0.451576516539895,0.6719944319262586,45.970842932690985,44.89138783847498,LKH,2.4045928321486243
POMO,30,190,0.4880930850055753,3.2270153150752927,0.5928115730695263,0.7699425777741651,52.200163123475775,49.50327259203092,LKH,5.447903522804683
POMO,30,191,0.5004330459527535,3.005372180271147,1.2072660441738954,1.0987565900479939,50.39112254852829,48.18478765166616,LKH,4.578903434859969
POMO,30,192,0.4295764770439087,2.711658906574531,1.5754980137488392,1.2551884375458688,55.37897684637305,51.217251726567284,LKH,8.125631461102016
POMO,30,193,0.5189224019251987,3.1065266233058177,3.2647062483175526,1.8068498134370639,50.815470701509284,49.02496538754175,LKH,3.652231673829066
POMO,30,194,0.5886038830355009,2.674103412453901,3.9725842487422236,1.993134277649708,51.58150812672966,44.892495478276764,LKH,14.900068657777494
POMO,30,195,0.3933230592419618,3.153966571020043,1.9472333241067956,1.3954330238699368,44.78613199525672,44.34263177997305,LKH,1.000166651100698
POMO,30,196,0.4737001432862097,2.872948080377299,1.3780360224631718,1.1738977904669434,45.042531812419625,43.516772863925866,LKH,3.5061399273900875
POMO,30,197,0.5387006552617973,2.59265201753305,0.7277246356104594,0.8530677790248905,46.14574187452411,42.85853977630696,LKH,7.66988823085004
POMO,30,198,0.551447077698836,2.4770575835363076,0.8435592930345165,0.9184548399537761,46.1087511561137,45.43209802799216,LKH,1.4893723985729845
POMO,30,199,0.6091423478944213,2.3261844258701925,2.1813277594201805,1.4769318736557149,43.66904926745526,41.680459721194794,LKH,4.771035539344718
POMO,30,200,0.46835443826095235,2.585080361722712,4.792151007655092,2.189098217909624,47.156970221186725,45.33830557364145,LKH,4.011320283223381
POMO,30,201,0.5545158115916099,2.6112331235152753,1.8534927272098476,1.361430397490025,49.222688309030964,45.55000317043507,LKH,8.062974496080184
POMO,30,202,0.501686198401299,2.9519104806004473,1.1294420194163344,1.0627520968769406,45.835974992952025,44.49624425488596,LKH,3.0108849870378798
POMO,30,203,0.6930631053220513,2.2999500956882772,4.279235034393828,2.0686311982549785,43.45856908408259,39.06217424946345,LKH,11.254864633346735
POMO,30,204,0.5349743600095751,2.6378500892496057,1.4893828432187084,1.2204027381232427,51.243579036624595,48.82395546624234,LKH,4.955812259117807
POMO,30,205,0.4624962980578857,3.031329733361464,0.5108868246536341,0.7147634746219438,46.20322605311085,43.729096600538185,LKH,5.657856312865651
POMO,30,206,0.590761632331374,2.6453725219424156,0.6482724358134463,0.805153672172863,47.54039540785841,44.879831731392805,LKH,5.928194411220531
POMO,30,207,0.4765808061246985,2.682293828410688,0.4847898836282078,0.69626854275359,46.60427745061469,46.59479686927699,LKH,0.020346866978079012
POMO,30,208,0.49611877848731417,2.787918288388006,0.46960453539133723,0.6852769771350393,41.363089856207914,40.93440700000142,LKH,1.0472433525334268
POMO,30,209,0.4359395205653433,2.9024851970797756,2.205413080952878,1.4850633255699495,50.245671226452814,47.5438110097511,LKH,5.682885236413982
POMO,30,210,0.4899622719726878,2.7337464724592198,0.6678777154514134,0.8172378573288277,49.76520063568502,45.04023370395212,LKH,10.490547102375054
POMO,30,211,0.5230172433461951,3.0965109205928822,1.6902652326612828,1.3001020085598218,49.76415575181122,45.64879966916368,LKH,9.015255850040479
POMO,30,212,0.4484725332867097,2.8139896379574783,1.2863499721245468,1.134173695747061,48.84525723762967,47.21670844812006,LKH,3.449094278350632
POMO,30,213,0.5779057022832447,2.540764904384445,0.5636904876179614,0.7507932389266444,43.61829159667257,42.94171380046883,LKH,1.5755724127534725
POMO,30,214,0.5019585380289535,3.223509889868786,1.0158528446777424,1.0078952548145776,47.32555904206032,45.43655131274437,LKH,4.157462823958003
POMO,30,215,0.5130403807536916,2.7001731997369194,1.0442150291119587,1.0218684010732295,52.93598690003797,49.09054253944774,LKH,7.8333710765167055
POMO,30,216,0.4336236111883973,3.1644574584867033,0.3935854929297992,0.6273639238351207,42.83650238230665,42.1713834427375,LKH,1.5771807450241242
POMO,30,217,0.5348369135342715,2.8098849101338654,2.079652069273631,1.442099881864509,48.244935798113474,45.55762038906082,LKH,5.898717681263972
POMO,30,218,0.5688657907604496,1.9982954719462378,0.7543820312059404,0.8685516859726543,44.24366246228725,41.807862687721425,LKH,5.826176269185829
POMO,30,219,0.4909552106205254,3.0179128857430344,2.801232979803662,1.673688435702315,45.25325045732384,44.57652845950016,LKH,1.518112830249915
POMO,30,220,0.6242667518650423,2.308997914286238,1.0703611794658254,1.034582611233064,45.20542701450382,44.33721282168063,LKH,1.9582065212692779
POMO,30,221,0.6257942278833949,2.261087587711317,0.8086663057791926,0.8992587535182477,49.672743720384815,45.58915102350361,LKH,8.957378247241097
POMO,30,222,0.5972538377009814,2.0774604355982462,1.4228100258122893,1.1928160066884956,51.894459062713274,49.321280648270566,LKH,5.217176806079012
POMO,30,223,0.5927670786542625,2.1780386608914615,1.0026012528783703,1.0012997817229214,43.73153411468527,40.841137416528476,LKH,7.077169934515691
POMO,30,224,0.4669517424938398,3.1990680523441086,0.9943352956738961,0.9971636253263033,50.34719970218844,48.14484576288859,LKH,4.574433471334296
POMO,30,225,0.5332763920827158,2.024494835005378,1.8526046042225235,1.3611041856604966,45.38907432390534,44.210139998043886,LKH,2.6666604672901237
POMO,30,226,0.5552041175716771,2.402438322929176,0.8901662565904253,0.9434862249076164,45.582993590600736,43.225172413744126,LKH,5.454740941893627
POMO,30,227,0.5705447311090117,2.5582440012500522,2.0113221908733623,1.418210911985013,47.129564703762924,45.65380533329983,LKH,3.2325002476555396
POMO,30,228,0.5042486008906993,2.3665508702510993,0.7247778504993132,0.8513388576232811,51.49098521063253,46.85192498053667,LKH,9.901536024449424
POMO,30,229,0.578354696126992,2.632420707570313,0.8399237720533826,0.9164735522934542,45.0556848614278,42.631929989653074,LKH,5.685304119149615
POMO,30,230,0.5110270242490232,3.1590524631598713,0.4866554251560888,0.6976069273997276,48.05256200091586,46.105181324580855,LKH,4.223778370212737
POMO,30,231,0.4042904817505242,3.207735510556518,1.4565901286910121,1.206892757742382,48.935982409804446,46.632895441781116,LKH,4.938760388358515
POMO,30,232,0.5965403563860836,3.045223657767446,1.193501156837544,1.0924747854470345,49.603845671831955,48.19666937785672,LKH,2.9196546403302723
POMO,30,233,0.4561218946915248,2.677509819863398,1.1648556066518718,1.0792847662465508,44.362017112839375,43.00348304681736,LKH,3.159125656270674
POMO,30,234,0.6511365758206952,1.8854074394280815,1.0356187016075917,1.0176535272908906,43.875217226876046,41.9378720224277,LKH,4.619560104080358
POMO,30,235,0.39363905591791737,3.3073692186660533,0.34010959771475274,0.58318916117736,43.53409620279664,43.42652040564949,LKH,0.24771912679689176
POMO,30,236,0.389105983353696,2.9826987033742145,0.8619688310819098,0.9284227652755558,45.49414754071789,43.47469003300712,LKH,4.6451337690448025
POMO,30,237,0.4818080453812305,3.006760458471173,0.9141368862318726,0.9561050602480214,48.56203902475841,44.754669220153055,LKH,8.50720130647485
POMO,30,238,0.5111715740144502,3.2700406151028276,1.7576851723732159,1.3257771956000812,46.491561521067105,45.62552728412197,LKH,1.8981352950774977
POMO,30,239,0.6046758528461615,2.3942053269393364,0.7428446228776073,0.8618843442583276,45.99958191961489,43.552111386923904,LKH,5.6196369240225055
POMO,30,240,0.5536820001415326,3.1974777208898892,0.4709892281086613,0.6862865495612319,46.387432823353635,43.379866536470374,LKH,6.9330925311970155
POMO,30,241,0.5069679880900115,2.3966946140093803,0.7969160739394845,0.8927015592791829,41.13934245708979,39.69574954382444,LKH,3.6366435445981686
POMO,30,242,0.37652485137243336,3.3558688723749,0.9023050942441083,0.9498974124841632,44.996809844149304,44.31681205996745,LKH,1.5344013988680325
POMO,30,243,0.47650248590045896,2.56210354074588,1.8963986709582048,1.3770979162565764,45.59640499431554,43.64819118942356,LKH,4.463446827469127
POMO,30,244,0.5616724403406461,2.462882944823993,0.765721389995524,0.8750550782639479,44.20654172445882,43.44528210788253,LKH,1.7522262018829817
POMO,30,245,0.4892009943643392,2.3546634204799597,1.0384837249630832,1.0190602165539988,49.234742411366334,48.30491490324161,LKH,1.9249128375181672
POMO,30,246,0.6209524330389004,2.91918464588785,1.0172917872838723,1.0086088375995286,41.03209946176876,40.321434761784154,LKH,1.762498542482815
POMO,30,247,0.4560254262900156,2.9077913185290223,2.788783668367732,1.6699651698067632,45.25040146616077,44.66494226321795,LKH,1.3107801628682425
POMO,30,248,0.5999066043140343,2.3629536614986835,0.8294149268118355,0.9107222006802269,47.14130067622427,43.66515101285083,LKH,7.9609244047968515
POMO,30,249,0.4532106946110044,2.9440415450212645,1.2464463751009427,1.1164436282683254,47.53359155718755,47.06526602300119,LKH,0.9950555340693943
POMO,30,250,0.46185542528260626,2.583900386754853,1.0538687879909434,1.0265811161281624,47.12589895691444,46.60102562653834,LKH,1.126312829641239
POMO,30,251,0.6002113168691847,2.4595814825622986,0.9741300581553806,0.9869802724246217,43.33412802716977,42.742075748866185,LKH,1.385174369588938
POMO,30,252,0.5168460911086656,2.67019829554998,0.13378049408754017,0.3657601592403691,45.236790620783616,43.151051045550105,LKH,4.833577687439898
POMO,30,253,0.541445633284462,3.028051305547122,1.5356695261098288,1.2392213386275386,48.311891637225926,43.55958796325637,LKH,10.909891245937054
POMO,30,254,0.47390540912664586,2.603964485365676,1.7388236179684657,1.3186446139762091,53.741280211469906,50.768189443209,LKH,5.856207993366992
POMO,30,255,0.6129899794087296,2.2179284313947676,3.829774452099932,1.9569809534331017,43.311172010781014,41.69896692929813,LKH,3.8662950192901104
POMO,30,256,0.3487378680789522,2.883747791694103,0.5174367198645778,0.7193307444177385,44.80925402437783,44.429176926464876,LKH,0.8554673397214209
POMO,30,257,0.5053962637702453,2.2827973614614,0.40646007240159715,0.6375422122507631,50.03362593639601,48.513380060455766,LKH,3.1336630720138663
POMO,30,258,0.48053822697882986,3.0864686249928504,0.5628528428442275,0.7502351916860656,46.21604918004088,44.21711906859535,LKH,4.520715400622395
POMO,30,259,0.485775316220654,3.027920199294255,1.017086572027282,1.0085071006330506,47.07144134460019,46.718519821240854,LKH,0.7554210294112891
POMO,30,260,0.5738091844872668,2.414689065552072,1.0553628719641581,1.0273085573303467,45.18676810698968,44.10190181764905,LKH,2.4599081777160023
POMO,30,261,0.5258238752823421,2.768310140556329,1.3832797860635997,1.176129153649207,46.2609750224958,44.06118164178795,LKH,4.992588257373362
POMO,30,262,0.46756963844306704,2.5542947817471693,1.9092153630516893,1.381743595263495,49.53227014036363,47.40679244390146,LKH,4.483487675267929
POMO,30,263,0.5702558271988327,2.2912356755250674,1.1649965542987668,1.0793500610546918,41.286522804994654,40.476651750688,LKH,2.000835096971401
POMO,30,264,0.5264184856084818,3.1685944201362966,0.6237978576772143,0.7898087475314605,48.787875206083925,47.48237022828008,LKH,2.7494519998209674
POMO,30,265,0.5713717130008796,2.388123103294215,1.5020177351579522,1.225568331492762,45.99803186769701,44.97085235348152,LKH,2.2841006128627863
POMO,30,266,0.3303036697706657,3.4833884017099055,0.7956411093367243,0.8919871688184333,46.79170022083357,46.791700220833576,LKH,-1.5185230124288955e-14
POMO,30,267,0.603041081687291,2.316244515248773,1.246280398237424,1.1163692929480924,46.26445356440242,42.56774076283133,LKH,8.684305850685261
POMO,30,268,0.34347632684311347,3.351130107943088,1.3957261136045243,1.1814085295123462,51.344273280919246,48.23380050625885,LKH,6.448740804193475
POMO,30,269,0.5310965200639249,2.6215682757191794,1.1872898925206372,1.0896283276974021,47.556681012896625,46.219653853321844,LKH,2.892767574196551
POMO,30,270,0.39986402396080567,3.3874203347970417,0.6246067142735764,0.7903206401667467,50.59618462053807,47.03596459606,LKH,7.569144281514947
POMO,30,271,0.39827731892803747,2.963212939727242,1.2975007835266015,1.1390789189194055,48.657745673674356,46.85744779744302,LKH,3.8420741223758546
POMO,30,272,0.4345970079904936,2.682503056897753,2.800119254332691,1.673355686736293,50.68884710215433,48.369121478248424,LKH,4.795881242021488
POMO,30,273,0.5282587705493104,3.3409069932799507,0.5323865901039905,0.7296482646481046,50.80078775426835,48.80845436895059,LKH,4.081943202416129
POMO,30,274,0.5310146106865683,2.7155437505586,0.841898208817223,0.9175501124283202,44.86149497582962,44.37956060499536,LKH,1.0859376800139242
POMO,30,275,0.41837057470572825,3.2467729815490376,2.1397787712349445,1.46279826744324,49.360652080464035,48.555998993145515,LKH,1.6571651371689637
POMO,30,276,0.539127917197565,2.1456196727725985,0.9443330116243143,0.9717679824033689,48.413285936365796,46.54579084322247,LKH,4.012167500673698
POMO,30,277,0.5363657125994434,2.265628038048015,1.6835650012175098,1.2975226399633688,49.30706056178441,47.21319591670773,LKH,4.434914020162115
POMO,30,278,0.35413589824697583,2.743070425902798,0.39036899406865533,0.624795161687937,49.269404583990195,48.48926934101723,LKH,1.6088822404940812
POMO,30,279,0.5337900489570968,2.6063687221633085,1.8359928893797264,1.3549881510108222,46.772614396406894,45.46440554101449,LKH,2.877435303123529
POMO,30,280,0.445559539429739,3.1124899385874403,1.5730251385144303,1.254202989357955,45.795857955073544,44.55494153101775,LKH,2.785137588368083
POMO,30,281,0.4252319396517374,2.584034594505888,0.40155181349935404,0.633681160757801,48.92271624466901,47.42227988414748,LKH,3.1639903526087227
POMO,30,282,0.5891110802737691,2.40760577778728,0.7997929884537308,0.8943114605403035,43.36967320172553,42.64384069376757,LKH,1.7020805259317124
POMO,30,283,0.4828472581876699,2.7178404817111943,1.655401712215783,1.2866241534402278,49.190077695046995,49.130316501925186,LKH,0.12163811954980285
POMO,30,284,0.37721177741733647,3.1792313021730907,1.9620263921203234,1.4007235245116445,48.945742340553636,47.54893612330773,LKH,2.937618233189471
POMO,30,285,0.5611144342511925,2.7897270094299897,0.9341367628321998,0.9665075079026545,47.093769985354925,45.05551856871741,LKH,4.523866290716043
POMO,30,286,0.4323990234767954,2.988223959979906,1.041067809328827,1.0203273050001294,45.890077955672254,44.82175947665421,LKH,2.383481798777866
POMO,30,287,0.42415639461903304,2.804249694364738,1.826493681161065,1.3514783317393828,48.04235463952598,46.313723294883765,LKH,3.732438728011266
POMO,30,288,0.6228698360500857,2.21174101979907,0.9454200803370806,0.9723271467654704,45.1932720388268,43.87898740245198,LKH,2.995248327679895
POMO,30,289,0.574298888525187,2.1741584786728003,2.185158851243321,1.478228281167466,46.284017345724855,46.284017345724855,LKH,0.0
POMO,30,290,0.46939569376188267,2.6780298163083307,0.5711306716160307,0.7557318781261186,46.41468917046749,45.67259783523261,LKH,1.6248064931888333
POMO,30,291,0.44032802986751857,2.273467193918452,4.02559192578932,2.0063877805123616,49.450808429351206,49.45080842935121,LKH,-1.436867785033747e-14
POMO,30,292,0.440407687397463,3.113275068129891,2.1954630841693925,1.4817095140982905,49.976707828747365,47.1816666622906,LKH,5.923998375179626
POMO,30,293,0.5205565075440094,2.862909754335764,0.8898245820023938,0.9433051372712828,49.98658740091145,49.14631416286772,LKH,1.7097380594180966
POMO,30,294,0.47141113970428705,2.770404484904531,1.8056260458542464,1.3437358541968902,47.48738709145996,47.00121382578802,LKH,1.0343844894601202
POMO,30,295,0.6554388981754089,2.250503621371741,2.026889157668878,1.4236885746780712,49.688593672637104,47.41181733602499,LKH,4.802128381782467
POMO,30,296,0.5499135869563204,2.9338053215683715,1.4070611659625247,1.1861960908561977,48.392375082446186,45.876116115758144,LKH,5.484899725030829
POMO,30,297,0.4785537552465469,2.982836077061563,0.48934898417728456,0.6995348341414347,47.49935766071719,44.007880446120346,LKH,7.933754543965191
POMO,30,298,0.40311511627805885,2.8839587368570894,1.9201423494565772,1.3856920110387363,47.90984082102351,46.90914243788218,LKH,2.1332694036486957
POMO,30,299,0.49196275354138225,2.4259504891028176,1.5447032212922676,1.2428609018278223,47.12153410525478,46.229568920215904,LKH,1.9294257027969528
POMO,50,0,0.8946448372205813,1.4616835660876615,2.1037032233443758,1.4504148452578578,67.12233742751597,59.182169833362806,LKH,13.416486108079548
POMO,50,1,0.8075555850247503,1.6412103499175164,4.36527996927118,2.0893252425774165,60.02598832012855,56.93701672343792,LKH,5.4252431448855
POMO,50,2,0.8812590227243051,1.4055843462396278,3.324744346776286,1.8233881503334077,62.29475013002033,55.67123712094894,LKH,11.897549527562026
POMO,50,3,0.8964638708905336,1.4005331248786264,1.8735753569301117,1.368786088813775,63.73885957666076,57.18784094114886,LKH,11.455264838995143
POMO,50,4,0.8400536021755234,1.8710647695415814,6.116690846471774,2.473194461920003,65.21225631270602,62.9992499373669,LKH,3.512750354233208
POMO,50,5,0.9121627373070735,1.7057419453885694,2.929790675925532,1.711663131555252,61.15277876927736,57.581450096883515,LKH,6.202220795733552
POMO,50,6,0.8752181890163135,1.6147621246129118,1.4978893062073009,1.2238828809192899,71.24566911237577,63.501924079229305,LKH,12.194504568845566
POMO,50,7,0.9295952306840207,1.6191973094025762,3.0217347184095806,1.7383137571823968,67.55496829206737,58.01606854712859,LKH,16.441823763342363
POMO,50,8,0.8819759139620071,1.4703880673015948,5.852994272116348,2.4192962348824394,65.84108295875845,56.68305615549292,LKH,16.156550871468955
POMO,50,9,0.8274708788198115,1.8275260503637556,3.1336239723888917,1.7702045001606146,66.41065063174716,60.72489838738316,LKH,9.363131755433827
POMO,50,10,0.8355074301347188,1.7433622473116035,1.4452281526199215,1.2021764232507313,62.395945459592575,57.41775380277699,LKH,8.67012609708674
POMO,50,11,0.9441138520797647,1.5579060772557105,1.790208907698812,1.3379868862207924,63.58005966404888,55.66219022842459,LKH,14.224861442087006
POMO,50,12,0.7603726787694578,1.8028557402264396,2.0185740932001734,1.420765319537387,55.755681938587905,52.95888664683744,LKH,5.281068898599061
POMO,50,13,0.8990797137179916,1.5408918197003305,2.781758459469579,1.667860443643166,63.09278232232228,58.56507300445193,LKH,7.73107431715515
POMO,50,14,0.8908641471127933,1.42710279196651,4.878688923736055,2.2087754353342612,66.2081457604715,57.3935526108763,LKH,15.358159146128198
POMO,50,15,0.9753215054088101,1.4146320613603933,2.040224266008853,1.428364192357416,62.10365613188913,55.57111606567136,LKH,11.755279592545735
POMO,50,16,0.9057369270648247,1.3176570346524876,1.371657297491666,1.1711777394963012,56.88436906813341,53.64043327868834,LKH,6.0475570221277515
POMO,50,17,0.864515313047238,1.6769795719253202,6.073028501172733,2.4643515376611216,60.94126530653943,57.079632411139066,LKH,6.765342964343908
POMO,50,18,0.8184055325531963,1.601048649265894,3.6491550236197408,1.9102761642285497,57.590730239135524,51.43388978114624,LKH,11.970396336320167
POMO,50,19,0.7939793796430589,1.6427330721448619,0.9227605770324745,0.9606042770217477,65.5261278912087,59.905315536195914,LKH,9.382827391363271
POMO,50,20,0.8828630661387344,1.5246993028036842,1.817413114094515,1.348114651687502,61.0652159189752,53.96595576324175,LKH,13.155071665698213
POMO,50,21,0.8432310628882913,1.4739777937190688,2.570294229564321,1.6032137192415492,58.19687684713784,55.15110834059098,LKH,5.52258802803639
POMO,50,22,0.87951196940761,1.6273948111006653,3.115757286300035,1.7651507828794784,64.69658644287584,59.20301883084787,LKH,9.279201838885855
POMO,50,23,0.8949301829561591,1.6235623854465229,2.5258652140776237,1.5892970817558383,59.98367244812564,55.322504134018914,LKH,8.42544708897311
POMO,50,24,0.9169276708638122,1.6232530963405347,2.182565830371387,1.4773509503064555,67.53193857281607,60.537533171325286,LKH,11.553832862161975
POMO,50,25,0.8240717644598683,1.6223999025431564,3.628067265940089,1.9047486096438262,62.526707252344,55.07536053297317,LKH,13.529365304671536
POMO,50,26,0.8829502553741563,1.6200879012003353,3.8649594015216877,1.9659499997511858,67.11660259008048,62.77929841230494,LKH,6.908812757495568
POMO,50,27,0.7292714308653614,1.980616739489178,2.229299167816928,1.4930837778962465,57.99238556358204,54.61645164476059,LKH,6.181166694569235
POMO,50,28,0.9312646219599516,1.3812289610561694,3.3360549750302764,1.826487058544428,63.57566188728223,56.07899035479851,LKH,13.368057243994674
POMO,50,29,0.9924867421540678,1.0664902692163645,7.360634719703916,2.7130489711215895,60.885248995722435,55.556422261835905,LKH,9.591738483036066
POMO,50,30,0.993583323357969,1.711800792342768,2.7556676575831447,1.6600203786650165,67.77840707302948,61.587561938220695,LKH,10.052102957118043
POMO,50,31,0.9089480427207249,1.4115860666697968,1.9347847512560186,1.390965402609288,65.42435462585438,56.71406211942528,LKH,15.358258923664215
POMO,50,32,0.867598412422866,1.5697291964166138,2.834111011023572,1.6834818119075632,59.2205908056699,54.694224460810574,LKH,8.275766572213767
POMO,50,33,0.8239510070909128,1.7488924608832805,7.024071004952033,2.6502963994527167,65.65658301502646,58.35933464430776,LKH,12.503995145240154
POMO,50,34,0.9343034100452408,1.4092332034956638,17.24457374263641,4.152658635457098,66.58046104857296,58.629642018460096,LKH,13.561090868693126
POMO,50,35,0.9469129425825134,1.3390232894781984,2.1909706878757533,1.4801927874016119,55.52904854889628,50.62222079732824,LKH,9.693031388751345
POMO,50,36,0.811538819382377,1.965877128406403,0.9188834006869008,0.9585840603133878,64.69441391684369,58.28254266153857,LKH,11.00135814688194
POMO,50,37,0.8112004828943434,1.5509082677221155,3.2449026576827404,1.8013613345697028,56.74833957908145,52.638961683104284,LKH,7.806722937880764
POMO,50,38,0.9049721648864353,1.8082004520306272,1.4594130176981537,1.2080616779362525,65.23606958705014,60.62619417985586,LKH,7.603768419832618
POMO,50,39,0.9212617952791186,1.7347996429552583,0.5362453908970161,0.7322877787434501,65.57145023180912,58.38955170369937,LKH,12.299972030192405
POMO,50,40,0.9076844672589297,1.6871042952552764,2.792975040533249,1.671219626659898,64.95798888369211,60.72834742776243,LKH,6.964855187210425
POMO,50,41,0.9604625482851199,1.291734564603156,0.8940023349146993,0.9455169670157693,63.26301364867888,58.945482228383725,LKH,7.324618031907719
POMO,50,42,0.8112770438298811,1.6166366319939014,1.4734323418595066,1.213850213930659,60.06404835119508,55.92127036560586,LKH,7.408232964852718
POMO,50,43,0.8234546854711917,1.2727116250140786,2.884420578211508,1.6983582007961417,60.18212604649932,56.935726898232936,LKH,5.701866517079876
POMO,50,44,0.7816174520266941,1.985588760938015,1.8966719948161501,1.3771971517601067,61.4833924123076,54.361659372527285,LKH,13.100654251513562
POMO,50,45,0.9210774910218101,1.2094191183687057,3.5675561842167034,1.888797549822824,62.383380566161684,59.450181508166445,LKH,4.93387738032779
POMO,50,46,0.7927555334766168,1.8659918750087743,2.4560611500197567,1.5671825515937052,65.87386241905259,59.76264571100358,LKH,10.225813525059186
POMO,50,47,0.9152679144635283,1.3252453945647198,1.4442930688103728,1.2017874474341845,64.05045942599342,58.096195874586186,LKH,10.248973210330096
POMO,50,48,0.8172830836645479,1.714347363870442,3.7584479175317917,1.9386716889488513,66.48905893499665,62.04357131790608,LKH,7.165105945162736
POMO,50,49,0.9304600562972322,1.4348803084479442,5.691356852476791,2.385656482496336,60.330934448218834,51.55846554096919,LKH,17.014604323860066
POMO,50,50,0.7917351498794771,1.851873328762315,2.9210299065721776,1.709102076112535,64.28795657033633,57.5624325845016,LKH,11.683877285696136
POMO,50,51,0.8953899625856286,1.7172908576676147,2.0001924106862603,1.4142815881875364,66.80457046608394,59.56797183731912,LKH,12.148472418245271
POMO,50,52,0.878956180794357,1.318530645137155,0.9180024255056719,0.9581244311182509,63.993311636585545,58.52381841685043,LKH,9.345755912195083
POMO,50,53,0.8550209587217755,1.6567328315974084,3.418718814357882,1.8489777755175647,59.3318486070864,54.778341198969976,LKH,8.312605508766383
POMO,50,54,0.8777400453061778,1.7049053187817484,1.703227981135223,1.3050777682326915,62.68654898529662,55.330098330106004,LKH,13.295567651626328
POMO,50,55,0.9405198271527168,1.2867589001490773,1.3389529522793275,1.1571313461657355,62.293267279517686,56.20919218761367,LKH,10.823985997871562
POMO,50,56,0.900881727313093,1.5966972422243002,4.559845578395662,2.13537949282924,61.730608165318614,55.360003170940544,LKH,11.507595067700636
POMO,50,57,0.9761147346800164,1.1859365709991216,2.675416208348188,1.6356699570354,62.7322495642406,53.62376627347986,LKH,16.985907413343
POMO,50,58,0.8302991910153353,1.258007658991069,4.636929824092106,2.1533531582376604,59.14426921985702,55.907415982497874,LKH,5.789667042333819
POMO,50,59,0.8147990046454466,1.497703515917677,1.2158550526823397,1.102658175810772,59.79860124866509,52.684095398249994,LKH,13.504086568508153
POMO,50,60,0.8631194987376556,1.6212846015604268,2.947408463462587,1.716801812517271,64.3894598941953,56.95094039225882,LKH,13.061275987196117
POMO,50,61,0.7819626131293967,1.963758374230841,2.0738989455292236,1.4401037967900867,63.49362000896471,59.27190778038247,LKH,7.122619106887468
POMO,50,62,0.9175233420237604,1.519069487335376,6.523274470205289,2.554070177227965,61.48246124973911,53.65917942486922,LKH,14.579577825679646
POMO,50,63,0.7715958142664987,1.958628770838424,4.782009311471563,2.1867805814648076,59.510952771442774,55.75087410990885,LKH,6.744429969153845
POMO,50,64,0.7928874032899775,1.605298525981784,0.8932257220571207,0.9451061961796254,58.49888505856482,53.65903054955567,LKH,9.019645825578971
POMO,50,65,0.8064707026600705,1.7273924751355194,0.545015585042166,0.7382517084586842,60.911994060808745,55.832313090223174,LKH,9.09810231644348
POMO,50,66,0.8549660918461829,1.7686483640843012,0.39594147512613836,0.6292388061190587,62.92594158323372,57.72707681275065,LKH,9.005938040733692
POMO,50,67,0.8207171073674024,1.9452173755455058,4.406358683845282,2.099132840923909,63.5534458437663,56.904868807013344,LKH,11.683669914609377
POMO,50,68,0.952435459407845,1.3845130567819477,3.2497840772711837,1.8027157505472635,65.1737318429201,57.993720704879074,LKH,12.380669925592427
POMO,50,69,0.9319765881702959,1.6653674916063463,3.059056670839292,1.7490159149759879,63.65763930055052,57.987243407360715,LKH,9.778695381939857
POMO,50,70,0.9118059127180533,1.4000746266830932,3.969300358417086,1.9923103067587353,60.32322082188526,57.23297526912672,LKH,5.399414477802826
POMO,50,71,0.9048106155871433,1.5964427440440156,2.8353215894275046,1.6838413195510746,63.947645460972936,57.5457964010484,LKH,11.124790098148516
POMO,50,72,0.7869483427862085,1.8886106153426274,2.224653532365923,1.4915272482814126,62.40411367251334,56.574827643907106,LKH,10.303674392605993
POMO,50,73,0.7983805131284591,1.4942284359534097,2.7551232945660673,1.6598564078154674,61.339461241064285,55.243462346184096,LKH,11.034787893415348
POMO,50,74,0.8484871005133272,1.5519946882002862,3.161683285836548,1.7781122815605734,64.32531784452594,58.387851834299376,LKH,10.169009175190546
POMO,50,75,0.8249846582189372,1.6946137527555314,3.5245163253172906,1.8773695228476708,61.080136099533725,58.690061025267624,LKH,4.072367676082514
POMO,50,76,0.810985208056007,1.8541118579989162,2.269391700217441,1.5064500324330181,59.04409649233473,54.338274396005616,LKH,8.660234703137789
POMO,50,77,0.7375759523532981,1.6214958465399825,2.7090068919991555,1.6459061006020834,64.11649286329734,60.88702312953242,LKH,5.304036176796604
POMO,50,78,0.8206695114138859,1.7962956438664701,2.6841530064150083,1.6383384895725939,61.34861400637407,56.45025931971954,LKH,8.67729350703515
POMO,50,79,0.7441951862241769,1.760433133473374,3.2586097112236425,1.8051619626015951,59.9882146976993,55.35663431748728,LKH,8.366802709948889
POMO,50,80,0.8477045945937232,1.400999782199668,2.9779043881341365,1.7256605657353756,64.61384196072679,58.389773520655304,LKH,10.659518036783835
POMO,50,81,0.8385457072201499,1.5446421924631326,3.2751410663289735,1.8097350818086535,65.01715867882993,59.77765515136566,LKH,8.764986706482702
POMO,50,82,0.8910506138085371,1.5447895464451735,2.113745900107768,1.4538727248654775,59.317844820663936,54.26475798860197,LKH,9.311912591821269
POMO,50,83,0.8189844535261319,1.7060875335629946,1.8674036900383615,1.366529798445084,58.12452269520279,53.62546072658001,LKH,8.38978706693475
POMO,50,84,0.8528237134914332,1.6600166778597536,1.7978995123386976,1.3408577524624667,55.82842430948684,50.41832623806943,LKH,10.730419819713092
POMO,50,85,0.9737706806415459,1.4514898929938556,2.173487420747507,1.4742752187931216,66.66737293984775,59.06726885794435,LKH,12.866862187553496
POMO,50,86,0.9814722918031015,1.337587949709196,1.631771745261972,1.2774082140263432,60.1777412422626,55.63807900465753,LKH,8.159272064776088
POMO,50,87,0.8556364968951259,1.3950900468921539,2.4204398446505304,1.55577628361231,64.75431543723889,56.639084942418556,LKH,14.327968933591675
POMO,50,88,0.9396432937100868,1.5719492345690453,1.5638910358730782,1.250556290565554,61.08063592194636,55.87258631025988,LKH,9.32129682124654
POMO,50,89,0.849134759661327,1.6093681508556985,1.743674302449516,1.320482602100276,59.05040507659852,53.33582900680979,LKH,10.714328765864146
POMO,50,90,0.8233316716624006,1.7941230619690391,2.3071045982531353,1.5189155994501917,63.08545345894022,56.7180804219688,LKH,11.226354964060326
POMO,50,91,0.8548691741509211,1.6230277884589324,3.5406091398048884,1.881650642336374,62.83022469855443,58.98698510482079,LKH,6.515402655185963
POMO,50,92,0.7975075238122724,1.6570635448328934,1.7413560206541356,1.319604494026197,65.72623637569689,58.7371460048394,LKH,11.898927418573667
POMO,50,93,0.8334606142206193,1.4543062846105075,0.615813302589076,0.784737728536787,58.203473590853264,53.18524485910006,LKH,9.435377697418986
POMO,50,94,0.7995388636070634,1.7631180064346021,2.3553613702061704,1.534718661581389,59.60603198739194,53.81628748041205,LKH,10.758349893770035
POMO,50,95,0.857571581610556,1.6079835553891872,5.560841127974127,2.3581435766242325,60.29515297798561,54.751709206301584,LKH,10.12469537854356
POMO,50,96,0.8361670233936486,1.660477098115199,6.0920464797406435,2.468207138742744,66.4884169856832,62.2096581607867,LKH,6.8779654982794565
POMO,50,97,0.8692244982035957,1.762191733626468,4.730896023621246,2.1750623033883985,62.097746741120744,56.19984128142441,LKH,10.494523338886639
POMO,50,98,0.9614171056190923,1.2632180831849251,3.1378826012666443,1.7714069552947578,65.0031504849969,54.605389336359096,LKH,19.041639067143194
POMO,50,99,0.7771567216899414,1.6726339387207938,1.2419678697517402,1.1144361218803616,61.07422156884071,54.37835679443833,LKH,12.313473906014046
POMO,50,100,0.8086572776106662,1.585529366280603,2.8361730546796875,1.684094134744162,65.03890144841293,59.79189631677178,LKH,8.775445260747395
POMO,50,101,0.8706094944713446,1.6378417636953932,4.779839069819504,2.186284306722139,65.18396649809893,58.885376637952,LKH,10.696356582505825
POMO,50,102,0.8408924006246391,1.6525233238012624,2.1698748118761246,1.4730494940347811,52.939223411355556,51.27436822628796,LKH,3.246954068200564
POMO,50,103,0.8664717469585653,1.6170620252093413,3.0803588689702974,1.7550951167872064,66.06772299701865,59.014440460779696,LKH,11.951790919591081
POMO,50,104,0.884822627173611,1.753782916924795,2.3030548526512047,1.5175819097008256,56.73938517103237,52.332096682486224,LKH,8.42176936897144
POMO,50,105,0.8417421481809674,1.6886346348698724,3.3367297692733335,1.8266717738207194,58.52068834969615,55.486846215746255,LKH,5.467678091044472
POMO,50,106,0.7538405107334256,1.4468602629261706,2.6289505127549924,1.6214038709572,63.02037156471165,58.69761110854904,LKH,7.364457214738372
POMO,50,107,0.8702960296282165,1.78263491018338,3.4393399908352533,1.8545457640175,56.33657932094738,54.49171999083322,LKH,3.3855773508791973
POMO,50,108,0.8812710113802031,1.3473970338014218,1.7100078623424764,1.3076726893005284,64.06338085508644,56.250867368284446,LKH,13.888698703349892
POMO,50,109,0.8199512683097463,1.8206687025424912,6.42932869287318,2.535612094322233,64.79956041646466,58.60818088492004,LKH,10.564019285467483
POMO,50,110,0.8818122044681238,1.777929562799893,1.0179076390397352,1.0089140890282657,61.1487934278065,56.651691715778256,LKH,7.938159613291377
POMO,50,111,0.9227078034963022,1.8472942431232622,6.873980869630043,2.62182777268646,58.301342426601224,53.2790059068586,LKH,9.42648316021996
POMO,50,112,0.8209437611538826,1.6205976170053191,4.099796156068897,2.0247953368350333,63.23675637803236,54.68203115132893,LKH,15.644490606116646
POMO,50,113,0.8862961110031132,1.6381223793739443,2.989860259646808,1.7291212391405086,62.37317172766983,57.201539484624575,LKH,9.041071778208618
POMO,50,114,0.8926757428761429,1.5600101682302194,5.192636337248792,2.27873568832561,59.94556361144583,52.07308255062111,LKH,15.11813911375757
POMO,50,115,0.8307783113420499,1.574297922508552,3.2856268866455074,1.8126298261491527,65.06958697469588,59.40348569914436,LKH,9.538331309795735
POMO,50,116,0.8132989487109755,1.6107603505305848,3.3900841980714254,1.8412181288677953,59.15691935522976,55.40423272250954,LKH,6.773285087288258
POMO,50,117,0.8302507915035751,1.797323076583111,1.503528793563073,1.2261846490488588,59.586452043480705,55.23472022288611,LKH,7.878616571305606
POMO,50,118,0.8836459472011632,1.6295347483899387,3.962285512529482,1.9905490480089865,63.47874033627316,57.55534675978383,LKH,10.291647796357712
POMO,50,119,0.8040343813392647,1.5264287236754182,9.383547010620507,3.063257581500535,63.78506806602292,59.49667391015498,LKH,7.20778805609164
POMO,50,120,0.8880065235943017,1.6969444697567724,0.7868355883238551,0.8870375349013452,64.41037794376604,55.833977186644866,LKH,15.360540640784931
POMO,50,121,0.8895107467214984,1.4615934288035526,1.9248675562202469,1.3873959623050107,64.44291892002059,56.07107791586701,LKH,14.930765227512266
POMO,50,122,0.9320172852174585,1.2809397017037631,3.2191387196830457,1.7941958420649196,64.77651898721649,57.89590610362187,LKH,11.884454958317308
POMO,50,123,0.8040376293439684,1.4013754115125505,6.629280977224693,2.5747390114776088,63.26054842663094,57.69537167705973,LKH,9.645794086779372
POMO,50,124,0.9941458011008039,1.0172515573782195,1.2475701021602963,1.1169467767804768,59.0950126627383,53.091943573818945,LKH,11.3069303642514
POMO,50,125,0.8510916316645957,1.4451735134848427,1.5672629173064223,1.2519037172667962,70.99810125076729,57.41065263238916,LKH,23.66712098777388
POMO,50,126,0.8584985883167899,1.600987527787214,1.5035995382133567,1.2262134961797464,67.6882538122061,59.75582458184331,LKH,13.274738129499507
POMO,50,127,0.7160591968579921,1.7384824092317404,1.283911611100287,1.1330982354148678,56.685388443023854,53.54044355203606,LKH,5.873961219486754
POMO,50,128,0.9649459595880495,1.4912099952534459,2.958438620264907,1.7200112267845542,63.70422278416703,57.02535171866109,LKH,11.71210849949099
POMO,50,129,0.7812746248590494,1.796199227540486,6.326847514533038,2.5153225468184073,61.16728264091262,52.507209395937615,LKH,16.493112745094805
POMO,50,130,0.7562739131740551,1.7782529412661374,2.625902345674999,1.6204636205959697,62.93098102923585,57.65180352640702,LKH,9.15700321571161
POMO,50,131,0.8650605255145133,1.6975336842545528,1.461762726666946,1.2090337988108297,63.17500682545077,57.51240267466782,LKH,9.845883474586833
POMO,50,132,0.948906639370873,1.3801067276152952,3.382510379873985,1.8391602376829446,63.99626061725401,58.05347268199656,LKH,10.236748398860929
POMO,50,133,0.8573024783402857,1.7833761710746425,5.343639090063525,2.3116312616988735,67.64438130155698,60.39798037990868,LKH,11.997753693199321
POMO,50,134,0.8408078073615408,1.6178350966419675,1.295662593036108,1.1382717571108,62.227340543432426,54.40746715750996,LKH,14.372794387365765
POMO,50,135,0.8815665554576132,1.5837198565798634,2.6648825064412662,1.6324467851790043,62.824288525364935,59.09606647854354,LKH,6.3087482280652765
POMO,50,136,1.0021712882447231,1.0545660208551755,3.202848351242556,1.7896503432912687,62.46883569433913,57.050594694054,LKH,9.497255952092356
POMO,50,137,0.8160335408293224,1.6101864484481563,1.6009231520230185,1.2652759193247212,58.56508509050893,52.59351542556629,LKH,11.354193794849081
POMO,50,138,0.8927620929114672,1.169355723259444,1.137672555817837,1.0666173427325458,68.06267310249508,61.07257766759137,LKH,11.445554947671814
POMO,50,139,0.9809654305703291,1.3122030373622777,2.9690518348057404,1.7230936813782762,58.48016314635074,49.76771824702734,LKH,17.506217295473057
POMO,50,140,1.0183793418014384,1.306671141763062,3.58165618656565,1.8925264031356737,57.67790032261164,52.83379109350234,LKH,9.168581562766263
POMO,50,141,0.8453627514811568,1.762092501160721,1.3378100676761844,1.1566373967999584,63.276481604607696,58.720939966147874,LKH,7.757950811220074
POMO,50,142,0.8483631315779051,1.740857610363621,3.8395797801792915,1.9594845700283765,56.04505913201539,54.21573888885606,LKH,3.3741497960758093
POMO,50,143,0.8126276884352184,1.6847018109381149,4.269946938309052,2.066384992761284,65.34058142525706,58.05599272876908,LKH,12.547522407412343
POMO,50,144,0.8271029123279732,1.8431364518845919,1.5671883918212788,1.2518739520499973,62.835789900917014,60.86484225914539,LKH,3.2382366709830315
POMO,50,145,0.8956280766872865,1.6873803064067576,1.6764985596705233,1.2947967252316184,70.1415269290305,61.40620968764439,LKH,14.225462352781815
POMO,50,146,0.7996221109504924,1.8798335065663672,1.016773493484172,1.0083518698768659,58.88798702329579,54.024549917002716,LKH,9.002272325756936
POMO,50,147,0.7767777996858206,1.8344922605295144,11.761154814810208,3.4294540111816936,66.28413614674967,62.14787144917639,LKH,6.655521100116611
POMO,50,148,0.7493379852429807,1.8105006688532894,1.6091021966129226,1.2685039206139344,60.33137511265609,55.65380757195546,LKH,8.404757454650245
POMO,50,149,0.7802730673277865,1.5624515299346837,3.8158871622468338,1.9534295897848055,60.17664415421312,55.87994592659475,LKH,7.689159601662139
POMO,50,150,0.7300951829731313,1.816815985957137,3.2184805154022773,1.794012406702439,58.594927136377585,54.50181440484932,LKH,7.510048566684192
POMO,50,151,0.8536236271528261,1.2566595094459119,3.141555704573654,1.7724434277498546,68.65644794086438,59.6224021550378,LKH,15.152099645926883
POMO,50,152,0.8517179419236063,1.483093062033389,2.5680393363443406,1.602510323319117,61.50099234500594,57.621803747619204,LKH,6.732154054700197
POMO,50,153,0.81145152415396,1.3597919915760848,3.1652458793826077,1.7791137904537213,62.00991355369545,58.65919608304039,LKH,5.712177619876756
POMO,50,154,1.0070773614000301,1.0127319234669447,2.0343551349822286,1.426308218788011,60.32505607603805,52.41635659425771,LKH,15.08822817083543
POMO,50,155,0.7785874438550494,1.7366360129819454,8.258550156607454,2.8737693290533,59.25057329922213,56.50552921370148,LKH,4.858009691651617
POMO,50,156,0.8918886333311358,1.822602467483906,1.8952019322977907,1.3766633329531919,59.38496628251507,53.674541759032124,LKH,10.638981417148333
POMO,50,157,0.9848740654592524,1.414483771951683,3.175613839188134,1.782025207225794,57.57294578259641,52.3465630340809,LKH,9.984194654982044
POMO,50,158,0.8415575739452426,1.3608656636868641,1.5518183605709288,1.2457200169263272,64.59696945991284,60.425106923176415,LKH,6.904187264476786
POMO,50,159,0.9088590591381109,1.8484046108023904,2.1462136282755315,1.464996118860228,67.63618157764725,61.6873715101392,LKH,9.643481188901488
POMO,50,160,0.9414144918323566,1.5837243549270312,1.0457008446855618,1.022595151898131,63.33745715148569,58.197298962462,LKH,8.832296825904505
POMO,50,161,0.7410288009250878,1.751418177157013,3.2533994304957585,1.80371822369675,55.10431789354858,52.74866633248234,LKH,4.46580307114921
POMO,50,162,0.9258201431176735,1.5948441369747397,4.507393074914623,2.123062192898414,64.14617543366575,54.26649908791787,LKH,18.20584801267847
POMO,50,163,0.8966051950547084,1.4556467659497436,2.286974773797092,1.5122747018306866,61.08458673232507,54.28419661249161,LKH,12.527384661097823
POMO,50,164,0.9046848095425846,1.3576345093691224,2.9052268770887886,1.7044726096622347,67.71212369879592,60.938440241244535,LKH,11.115616728514164
POMO,50,165,0.7980743178869693,1.418791585745922,2.592304159529493,1.6100634023321856,65.05074611366393,58.21297865365805,LKH,11.746121944193293
POMO,50,166,0.8613441949876558,1.5529503256746133,3.985174018329888,1.9962900636755891,56.5563987581647,54.254444899164724,LKH,4.2428852848431085
POMO,50,167,0.9043580768867676,1.6337418991563017,2.6564728877922055,1.6298689787195182,61.612215913312404,56.98987391638143,LKH,8.11081281512067
POMO,50,168,0.8854625933406113,1.5270173002079666,3.1293114968485085,1.7689860080985684,63.06138174854816,58.27023868625659,LKH,8.222281511645138
POMO,50,169,0.8689739275089648,1.4611711503662512,1.2650297425840569,1.1247354100338696,61.57617023652317,55.90909757150811,LKH,10.136226323035945
POMO,50,170,0.856870075072428,1.3839677004251105,1.8229808891700845,1.3501780953526408,61.80565769489876,56.630089045104015,LKH,9.139255715583596
POMO,50,171,0.7630981182850594,1.5677334736678337,2.4120199641968365,1.553067920020511,64.08801881887638,58.41304296988712,LKH,9.715254608315472
POMO,50,172,0.819728723831109,1.9028412303535587,11.833198027089752,3.43994157320873,65.61369132353406,57.90585008534236,LKH,13.310988832444021
POMO,50,173,0.8519270832987099,1.628807687731603,4.965916164656311,2.2284335674765607,60.74430337456742,58.66290381901872,LKH,3.548067722610592
POMO,50,174,0.9050821219944222,1.4221571583304118,2.4467132823920203,1.5641973284697874,61.84803390790737,53.096322157359005,LKH,16.48270801998553
POMO,50,175,0.8685562234523294,1.6224356494421872,4.094102462763654,2.02338885604415,61.775484201412475,56.954255498285995,LKH,8.465089501997918
POMO,50,176,0.8387762076774973,1.5300745995748477,1.9061196066726858,1.3806229053121948,60.057783558469744,57.5790371666257,LKH,4.30494588624484
POMO,50,177,0.8953108438130287,1.4423374256305814,4.59893183178657,2.1445120264961375,62.727135005716534,56.54267749319928,LKH,10.93768068068778
POMO,50,178,0.7463941335172051,1.6743200594018794,2.0513559647550865,1.4322555514834239,62.238025852931486,57.81390439210244,LKH,7.652348526444442
POMO,50,179,0.8636449483518456,1.6599329446493842,1.9415637332860165,1.3934000621810008,59.37281343436573,55.739102904229675,LKH,6.519140676482467
POMO,50,180,0.8185383349143881,1.4257721981832472,3.1215566554883565,1.7667927596320845,64.52238857494474,59.61650714062359,LKH,8.229065521650144
POMO,50,181,0.8844377471244542,1.6199218267156579,3.120272321522477,1.7664292574350315,67.0586773074305,61.649452212397684,LKH,8.774165707744965
POMO,50,182,0.8582178042887957,1.3980378171685697,2.160732085547239,1.4699428851309968,64.05337617409631,58.18352652828964,LKH,10.088507857894575
POMO,50,183,0.8685352906000584,1.6270954400176958,2.4536576612368153,1.5664155455168387,64.2080521177892,60.62987714627316,LKH,5.901669506740836
POMO,50,184,0.8433335958169275,1.750328373134993,2.233995340684556,1.494655592664931,56.75199634429916,53.255666618522284,LKH,6.565178783361343
POMO,50,185,0.9182456108348412,1.63942102578063,0.9080361426807243,0.9529093045409538,62.44177592904079,59.31006834096001,LKH,5.28022926913068
POMO,50,186,0.9527065360500496,1.696899352519094,4.428274540425986,2.104346582772426,67.95735309445114,60.98768296703471,LKH,11.427996258168555
POMO,50,187,0.841883278894357,1.722389771894002,1.6665843592748852,1.2909625708264687,56.46542867016041,53.95587446132579,LKH,4.651123225949012
POMO,50,188,0.9693086175005989,1.439385337550105,2.6952670362495956,1.6417268458088865,61.32559528551967,55.97838693688559,LKH,9.552273013266598
POMO,50,189,0.816741846264245,1.5708596126969316,2.5806130935809106,1.606428676779928,65.64025658152667,61.67271099386127,LKH,6.433227149784799
POMO,50,190,0.8811942150208111,1.5299167679560741,8.67813617336775,2.9458676435589823,61.249408029483725,55.875999047799034,LKH,9.616667394327958
POMO,50,191,0.8242154252254611,1.8509478954082537,5.612755762015,2.369125526859014,64.94279776538914,57.140381807423346,LKH,13.65481943096179
POMO,50,192,0.9701644074923432,1.5072154455924351,1.0998959355873652,1.048759236234592,65.24041453473654,57.58651223626368,LKH,13.2911371104934
POMO,50,193,0.7581745487024856,1.9549773566536286,2.465645531366558,1.5702374124209875,61.57678634227896,58.65237769311851,LKH,4.9860018709924505
POMO,50,194,0.8296565977329085,1.4002108364234442,0.8613755377733734,0.9281031934937911,61.78477685547006,57.487426943590705,LKH,7.475286580657206
POMO,50,195,0.8765119976051163,1.888730557907018,1.531607963666675,1.2375814977877921,62.731490805376154,54.990654155294585,LKH,14.076640420063576
POMO,50,196,0.8615082526230253,1.6105253267489101,2.63981843022277,1.6247518057299613,65.17352807930038,59.79101788341977,LKH,9.002205325180121
POMO,50,197,0.8304656547121823,1.5412149041450152,5.560337078094088,2.3580366999039875,56.84697355382771,55.05973133966343,LKH,3.2460060568381355
POMO,50,198,0.8503493956534895,1.7122016647152056,2.7592757514371757,1.6611067850795072,66.34152677110923,59.05238763467982,LKH,12.34351298633809
POMO,50,199,0.9627929182761178,1.3214930863987677,3.231680012844634,1.797687406877134,57.06251680203937,53.48704984984787,LKH,6.684733897698168
POMO,50,200,0.8453167734439505,1.9064127987042676,1.6647854142904894,1.2902656371036507,62.28441515333473,60.275390874586755,LKH,3.333075488349948
POMO,50,201,0.9195738630369306,1.3898526740537427,3.9910828426631695,1.997769466846255,64.56318356765175,57.645273293301834,LKH,12.000828305820088
POMO,50,202,0.8391253011108792,1.7316817872460744,12.18960426364492,3.4913613768335297,62.61778112236949,58.045052184375386,LKH,7.877896161535363
POMO,50,203,0.8549704154848602,1.6456833467238348,2.8005509154136807,1.6734846624375381,64.16782513561382,58.481489563959855,LKH,9.72330837338703
POMO,50,204,0.8172989582407706,1.7935643977127,3.7190461318454573,1.928482857545137,65.60746497110445,57.78155336886774,LKH,13.543961949720185
POMO,50,205,0.8429227995550217,1.5774568096341641,1.6846709678338025,1.297948753932066,62.27380041098075,59.45176218275774,LKH,4.746769691279997
POMO,50,206,0.9214510628003247,1.2955791570690631,4.8779353544349755,2.2086048434328345,64.07951347614664,54.84436642976676,LKH,16.838825293398802
POMO,50,207,0.8931974358768275,1.7810360010269541,2.7898542537552204,1.670285680282035,59.428705752510865,54.1065658627469,LKH,9.836403040741368
POMO,50,208,0.9150771651493044,1.1323555506077576,9.214704880552015,3.035573237553661,54.6000957550358,50.700024697580936,LKH,7.692444097844693
POMO,50,209,0.9158804850089743,1.7915466324768539,2.3356799695711614,1.5282931556383943,62.717580851584145,54.237525859490354,LKH,15.635032862786774
POMO,50,210,0.9019043708709544,1.5046186479386012,1.681763079500041,1.2968280840188653,57.42542041707198,54.94290380466819,LKH,4.518357131668141
POMO,50,211,0.8398040974018525,1.4046646594609933,3.5377799832688472,1.8808987169087141,65.14716656328747,59.96852826898949,LKH,8.635593441728542
POMO,50,212,0.9018792807724005,1.52348754919283,1.6659455846827371,1.290715144670867,66.6004290717388,61.87130589363859,LKH,7.643483695382034
POMO,50,213,0.7465962390130272,1.5012018720632672,3.0827293325133516,1.7557702960562214,62.24521820986007,58.50540127174263,LKH,6.3922592732027415
POMO,50,214,0.8616664305238781,1.533316609232406,3.8090274742428663,1.951672993675648,62.23385905764829,58.24540858149391,LKH,6.847665031955173
POMO,50,215,0.7820243726802838,1.8871608279351417,3.2391073572829137,1.7997520266089198,57.71403205464999,55.85693188751977,LKH,3.3247443144029103
POMO,50,216,0.8273287405561637,1.7693827660659158,2.7650901216263697,1.6628560134979726,63.45685070209335,56.487819926505246,LKH,12.337227360969704
POMO,50,217,0.7804357595083943,1.9111379255995764,3.511489946304469,1.8738969945822714,63.08468294071631,57.67434633289415,LKH,9.38083732513222
POMO,50,218,0.867876018733392,1.5728163293133968,0.9501896804812627,0.9747767336581555,60.53854418333741,54.78741777944053,LKH,10.497166387818039
POMO,50,219,0.9144206822593703,1.2768992066215548,3.609349523034164,1.8998288141393591,59.298370927982674,53.608326100741536,LKH,10.614106503807495
POMO,50,220,0.8325965490022303,1.4379931566655129,2.87632914956014,1.6959743953138384,58.34932245174276,55.15920195254198,LKH,5.783478343188332
POMO,50,221,1.0071500425757982,1.1933692254804231,2.0535495881985226,1.433021140178512,60.88663720726471,56.07912224239204,LKH,8.572735757334154
POMO,50,222,0.7717462955470368,1.6935137648232435,1.253281509909926,1.1195005627108572,66.50382969952247,60.079850569193354,LKH,10.692401977482756
POMO,50,223,0.824377878683106,1.514197019732674,2.7595187819675124,1.661179936661743,57.750242752171786,53.62323351171155,LKH,7.696308055646966
POMO,50,224,0.820545151413635,1.6952921565559107,1.1263848288631555,1.0613127855929916,62.04219887579629,54.272382458716905,LKH,14.316335611375841
POMO,50,225,0.940200779270452,1.5275811059209083,1.7462275411018264,1.3214490308376734,64.5648218795207,56.62861460524458,LKH,14.014482483103363
POMO,50,226,0.8158487680949682,2.0164584237031113,1.8219830127638106,1.349808509664912,65.51029560533064,60.57545887546722,LKH,8.146594052235907
POMO,50,227,0.8371980978447435,2.156474586031231,1.8806268057697006,1.3713594735771144,61.487263737501124,55.272588923288914,LKH,11.243683234808053
POMO,50,228,0.9075106405147826,1.4549894356237059,4.738790138717881,2.176876234129511,60.10606899801431,56.75084363555702,LKH,5.912203497808598
POMO,50,229,0.9807648240998694,1.586213185212712,3.9378658387296643,1.9844056638524454,62.31057123098275,54.91483109139467,LKH,13.467655262891306
POMO,50,230,0.819675521559215,1.591928312502047,3.4536212086275144,1.858392103036255,67.75743136443037,61.68101667378969,LKH,9.85135300667434
POMO,50,231,0.8323477886924778,1.740545092709788,1.0168993440599412,1.008414272042964,60.696468552514624,53.47349413591529,LKH,13.507578910479406
POMO,50,232,0.8192048420112732,1.6852048728226,1.3287586250585914,1.1527179295294194,64.0066846292943,58.64224279363879,LKH,9.14774329919969
POMO,50,233,0.8506055553283361,1.5758456065516944,5.865467082886694,2.4218726396915864,56.502456422526215,54.04279403002429,LKH,4.551323514353132
POMO,50,234,0.8739611604916198,1.459772655578663,3.551312635013663,1.884492673112226,62.155844993316336,59.06331072704407,LKH,5.235964980974642
POMO,50,235,0.8384020972696409,1.7625727881379722,2.704301282604611,1.6444759902791561,62.71820714799605,58.02891636405695,LKH,8.080955285326752
POMO,50,236,0.8637996973607651,1.5983089534448152,7.404378324635461,2.721098734819349,57.225202874297466,52.97395788414758,LKH,8.025160210696788
POMO,50,237,0.7875849956709892,1.8905999213298847,1.0814087341838776,1.0399080412151247,60.51110618189203,57.26310948008751,LKH,5.672057859404181
POMO,50,238,0.8369849369889696,1.628986293409475,1.209425644813512,1.0997388984725018,60.350183321819344,54.93952427403912,LKH,9.848390788372644
POMO,50,239,0.8126033948430297,1.593817716147067,1.1706789879512225,1.0819791994078363,63.20950022097799,56.92053251147891,LKH,11.048680383007335
POMO,50,240,0.8554290291541126,1.853442851052937,2.8985439074786887,1.702511059429186,66.88437722995445,62.46643101659201,LKH,7.072512614317551
POMO,50,241,0.8449081615161754,1.7426464243739908,2.5403702373318597,1.5938538946000853,62.392732815681235,56.88017723739191,LKH,9.691523209012571
POMO,50,242,0.8489963703655771,1.4121809828700969,4.672130450749689,2.1615111498092463,58.67341172259558,54.97653569240637,LKH,6.724461597349866
POMO,50,243,0.9322722706782195,1.456266250593602,4.571653433461168,2.1381425194455974,69.57581218298026,61.17220784222494,LKH,13.737618172013425
POMO,50,244,0.8108335171579099,1.7100883937425946,3.409480738088683,1.8464779278639327,61.42646797275619,57.50876066983639,LKH,6.812366076556153
POMO,50,245,0.7853571942826847,1.5325548538084208,4.051329890372201,2.0127915665493537,63.61620232288714,60.27592347613213,LKH,5.541646903307397
POMO,50,246,0.7628126246724735,1.7872847831538035,2.2914637919670944,1.5137581682577619,55.815407878315106,52.969576529234836,LKH,5.372577119829543
POMO,50,247,0.8591310555962917,1.43713303649792,1.064408010173985,1.031701512150673,63.553970682963225,58.34602787663693,LKH,8.925959479774066
POMO,50,248,0.805895805758025,1.5874230832994862,3.4398220397479506,1.854675723609912,60.80517297397872,56.167178610170396,LKH,8.25748146617517
POMO,50,249,0.8826382384397629,1.7357575944832546,2.2184380790001796,1.4894422039811346,67.24445139489822,61.47663435381789,LKH,9.382128839202023
POMO,50,250,0.7940441896300715,1.8603940669642014,5.316553595064976,2.3057652948782486,58.05216256373819,54.95429853625979,LKH,5.6371641709417455
POMO,50,251,0.8635818330851402,1.5169611751458472,5.7986257394908005,2.408033583547123,62.36806111368028,56.8216979274919,LKH,9.760995162914513
POMO,50,252,0.8920353391970575,1.7651793148883437,2.833571682481385,1.6833216218184168,62.98639164753668,57.82555160113119,LKH,8.924843608935904
POMO,50,253,0.8913530993313358,1.5343265401766621,1.4072896220031776,1.186292384702514,66.9859091960772,59.80575660644568,LKH,12.005788400740123
POMO,50,254,0.8042300617041979,1.4606965464590929,1.718725294920328,1.3110016380311384,64.68517493110933,62.7157123274115,LKH,3.1403017371725266
POMO,50,255,0.9162165638301711,1.229899847310643,3.681425195268859,1.9187040405619775,65.71921736756006,56.62923114055452,LKH,16.051756387869844
POMO,50,256,0.8897985004230725,1.4134112001113364,2.543694093518859,1.5948962641873794,63.83240317581353,58.762977163930344,LKH,8.626904654168683
POMO,50,257,0.9033310823344682,1.5860257415104295,2.2199316055014355,1.489943490707428,58.881481859946724,54.21175220622148,LKH,8.613869619933316
POMO,50,258,0.9517812075178993,1.4211047783831492,2.345592186391896,1.5315326266168463,64.91467886373792,58.331617698801246,LKH,11.285579630122207
POMO,50,259,0.9753446174519402,0.947781508169937,2.5449023224779297,1.5952749990136277,61.29923023696579,53.83880677761051,LKH,13.856962859841438
POMO,50,260,0.9589028962530263,1.2932963444934669,2.9942144549390406,1.7303798585683552,55.33262000217492,52.93522722313394,LKH,4.528917518263264
POMO,50,261,0.9480862072130071,1.349056932111181,3.485961589615042,1.8670730006121994,65.98345746395944,57.522458866404875,LKH,14.709034982675407
POMO,50,262,0.8919480730147203,1.6613717321328187,2.2465698662528095,1.4988561859807663,64.65335319834224,58.94051568495017,LKH,9.69254755748733
POMO,50,263,0.9336434750473704,1.7593825412791262,4.570283621888698,2.137822167975788,62.40622269619097,55.99729123662568,LKH,11.445074070606935
POMO,50,264,0.8866743934602116,1.4730577645785106,1.1623061307344689,1.0781030241746234,60.828959857916416,57.05984256863215,LKH,6.605551504546714
POMO,50,265,0.9422408074558694,1.11117245559717,1.1319270912933044,1.0639206226468705,58.236979905378604,53.33008265491655,LKH,9.200993147175781
POMO,50,266,0.8590359706857791,1.5822064588492488,5.363635163056503,2.315952323139771,61.97990089923122,59.057528757988685,LKH,4.948348166104437
POMO,50,267,0.8941495882135481,1.8679952723472357,2.6695409244965,1.6338729829752678,68.20841705045655,60.80416609234263,LKH,12.177209941287833
POMO,50,268,0.9751312763760418,1.394518217428726,4.842604797849094,2.2005919198818065,64.65812194434604,57.57869885742526,LKH,12.295211992286667
POMO,50,269,0.8487333479480946,1.6356878286375034,1.1834798283836894,1.0878785908288156,59.499967826055816,54.388132662293586,LKH,9.398806161451802
POMO,50,270,0.7653935099001594,1.7293389429408288,1.3425909298917855,1.1587022611058397,60.235012388929675,55.54246124044742,LKH,8.44858337870166
POMO,50,271,0.8398897510705865,1.9497155997448674,6.275252276989812,2.5050453642578634,64.2345607028078,56.90822832496908,LKH,12.87394212310105
POMO,50,272,0.9391486828033669,1.513260922039393,7.444640735294262,2.728486894836452,62.25743448206876,59.956645423294546,LKH,3.8374212608637777
POMO,50,273,1.0205844332391576,1.3666697199989792,6.1532515646456565,2.4805748456044734,62.97934104491218,56.28248855599534,LKH,11.898643185000878
POMO,50,274,0.9962285637087063,1.4893967666600338,3.0268433532612065,1.7397825591898566,60.442830152569755,53.85795314059988,LKH,12.226378144708914
POMO,50,275,0.950074730335974,1.636561040653044,1.0071440086167607,1.0035656473877335,64.40188725710715,57.64024451978091,LKH,11.730766921028222
POMO,50,276,0.7834014445186915,1.8925323666942804,1.7369623312783522,1.3179386674949454,63.59103870136922,57.15375033056027,LKH,11.263107553883327
POMO,50,277,0.7604497573884889,1.852566337811091,3.6217700597390072,1.903094863568027,59.029316142366596,55.72716937958801,LKH,5.9255598293282565
POMO,50,278,0.9992327280680576,1.3301293492076118,6.815795463226435,2.610707847160696,60.333001080511316,55.63816102528183,LKH,8.438165404309753
POMO,50,279,0.8559537980849274,1.5883481858531752,3.080933291475309,1.7552587534250639,60.033408833287716,55.221821731279995,LKH,8.713198788373605
POMO,50,280,0.909256275304155,1.6016156913813469,1.859684865663129,1.3637026309511648,63.18879368751576,58.103837336997735,LKH,8.751498323640272
POMO,50,281,0.8052419650520445,1.6953863647731522,2.5801912757302388,1.6062973808514533,61.490380636374304,57.02089387368764,LKH,7.838331634343448
POMO,50,282,0.9428231087490809,1.5045411896475551,1.5266115082479215,1.2355612118579644,63.85853354371593,56.88370844153428,LKH,12.26155131807282
POMO,50,283,0.877868133435223,1.9157449236890916,3.6326791798067677,1.90595886099537,60.20087182202612,53.83545983508936,LKH,11.823827652694922
POMO,50,284,0.7846531784711148,1.746634275177887,2.56455578422446,1.6014230497355968,67.84214008631817,60.767281623296036,LKH,11.64254558378975
POMO,50,285,0.9488522487203115,1.3793922396926237,1.7537824413120688,1.3243045123052586,61.42131790822512,55.8111380609029,LKH,10.052079284246478
POMO,50,286,0.7735262738670845,1.651206598609713,1.9822662219759244,1.4079297645748967,62.2371731040206,57.05698523510787,LKH,9.07897227231224
POMO,50,287,0.8618694194836336,1.6199497834124732,1.4671222023979458,1.2112482001629334,63.9403655712844,56.24567921876245,LKH,13.680493256369388
POMO,50,288,0.8338275665908961,1.6951422660202997,3.066051559059806,1.751014437136315,61.4256112424702,56.40422069039136,LKH,8.902508519073013
POMO,50,289,0.84522775503039,1.6880936249183083,6.342975601301022,2.518526474210867,64.96421139181352,61.31071464977571,LKH,5.95898573831283
POMO,50,290,0.861033735423211,1.4118380713031056,1.8552283383240322,1.362067670244042,68.56106694396529,61.21601713325708,LKH,11.998575135522543
POMO,50,291,0.8091669421217152,1.8660885272488648,1.1005527055106523,1.0490723070935828,63.12102678581044,59.68622116719301,LKH,5.754771455535535
POMO,50,292,0.9033987275565685,1.7054236376631577,3.1360300801438266,1.7708839826888227,66.7450450802385,56.81290412149279,LKH,17.482191963829383
POMO,50,293,0.8930044362834674,1.4709539856801948,3.862251326178018,1.9652611343478041,63.85550973043192,56.360477974382626,LKH,13.298382173863022
POMO,50,294,0.7672137613598333,1.480952726061554,4.145079373909313,2.0359468003632397,58.59368823681623,54.11338382031851,LKH,8.279475612492469
POMO,50,295,0.8604804674568167,1.6675596963194332,3.163667272974967,1.778670085478183,57.13470611645376,54.21740108053127,LKH,5.380754108057128
POMO,50,296,0.9151673158702004,1.6268576357499058,1.8067939290428419,1.3441703497112418,60.67748460723272,56.74739275294266,LKH,6.925590170107446
POMO,50,297,0.8700545555977479,1.9386977663671,4.239035129415012,2.0588917235772777,63.43876935800122,58.5232191431345,LKH,8.39931618054776
POMO,50,298,0.9572068997626864,1.4088210353418893,2.1723112183278874,1.473876256111037,59.50226781112,55.05500620259515,LKH,8.077851434907684
POMO,50,299,0.8428185432769206,1.5120605818537363,1.557767627095777,1.2481056153610466,64.19427287085244,56.98241309568144,LKH,12.656290569971626
POMO,100,0,1.3378659956160295,1.0637915014758965,9.660700660053283,3.1081667683786343,87.28610286936457,74.2975675386979,LKH,17.481777346077422
POMO,100,1,1.3237820932867401,0.8456010384577284,7.101426316480746,2.6648501489728735,88.38708304001894,75.9981170301153,LKH,16.301674954649656
POMO,100,2,1.4372144701562568,0.895739368944557,5.863470974172261,2.421460504359355,90.10823184166739,75.29336113231828,LKH,19.676197856692706
POMO,100,3,1.4775361074269937,0.9674790025935379,2.5607931665710426,1.600247845357413,90.5854227611657,77.71296953954553,LKH,16.564099014476362
POMO,100,4,1.3717655098474952,0.8516864049918034,12.759621521084226,3.572061242627879,89.55908383292287,79.0954098895891,LKH,13.229179743730029
POMO,100,5,1.4572991271549718,0.7972668174862354,10.504365277012594,3.2410438560767107,90.49146849972597,77.86186226821857,LKH,16.220529362630607
POMO,100,6,1.3802530878562143,0.8732103762408058,5.07046465837827,2.2517692284908484,84.05935155220094,76.90352318788194,LKH,9.304942176493899
POMO,100,7,1.4328895138615285,0.7226040249020071,10.08392826049949,3.175520155895643,93.97781078368219,78.52336960180405,LKH,19.68132704983037
POMO,100,8,1.4376521539822231,0.8839949737217963,6.183771119586302,2.4867189466415986,91.40369544796772,75.55378169960827,LKH,20.978319538493245
POMO,100,9,1.4388462004787994,0.7124446902708174,4.583802861133724,2.1409817517049796,85.3491524872425,76.57204096712196,LKH,11.46255396782385
POMO,100,10,1.364472670988603,0.7696124611632951,8.178787353772988,2.8598579254524146,92.0591463038875,80.50454020887848,LKH,14.352738448079124
POMO,100,11,1.4112262965763231,0.8458324820915938,4.3190234077206116,2.078226024214068,84.94534824167586,77.30927484147753,LKH,9.87730568661532
POMO,100,12,1.4184610356924812,0.7570647429228234,3.4280578000544404,1.851501498798864,90.44583009433339,77.93226503866326,LKH,16.05697595143934
POMO,100,13,1.4289896712647845,0.7651780808436004,3.4570154723354167,1.8593051046924538,89.51214692148719,76.18868099674542,LKH,17.487461064342238
POMO,100,14,1.4769004655335107,0.8692777011431941,5.366364720513699,2.316541543014867,88.30554820807207,75.22417532087384,LKH,17.389852173717745
POMO,100,15,1.433223700249624,0.7846205768645927,2.8139200314919015,1.6774743012910516,88.35621922455192,76.5695739348818,LKH,15.393379751197273
POMO,100,16,1.4622193233926093,0.7631306379288758,5.2862482430371855,2.2991842559997635,92.3477731183009,78.69978207771058,LKH,17.34184095594303
POMO,100,17,1.3523965930998927,0.7478420458197668,8.617338278104825,2.9355303231451764,87.20923517384287,76.40762656594462,LKH,14.136819965969986
POMO,100,18,1.53259225870664,0.7243077742110053,7.6494347196568055,2.765761146530337,87.37309532582877,75.40811498550865,LKH,15.866966496403553
POMO,100,19,1.4134467836558469,0.8471154582677775,11.703229878771351,3.4209983745642663,91.36655828112748,76.3886249138489,LKH,19.607544165339664
POMO,100,20,1.408945558193455,0.7496746232526172,9.765762481358925,3.1250219969400095,89.81087992116011,78.91849468255582,LKH,13.802069188493974
POMO,100,21,1.4942088979425736,0.7233970974287507,4.639585285302729,2.153969657470302,92.41026047593485,79.23618706658822,LKH,16.62633437708891
POMO,100,22,1.506748331560694,0.7141999400088714,8.484236828113698,2.9127713312434427,92.8503194141158,75.12017406536016,LKH,23.602375219909753
POMO,100,23,1.4985077231264006,0.6165033930962132,13.885399103062838,3.726311729185152,86.86937889481281,77.13980010493471,LKH,12.61291677790554
POMO,100,24,1.460170726270669,0.719365677901998,7.744626936905065,2.7829169834734677,91.12877654691763,80.31163520392172,LKH,13.468959155830628
POMO,100,25,1.5314002963812416,0.704578279257455,11.151062747057045,3.339320701438699,96.92519165581929,78.95470975060586,LKH,22.76049391097348
POMO,100,26,1.4032882363958792,0.7292754458650812,3.1187511557705627,1.7659986284735791,90.40180102405593,78.44032209459839,LKH,15.249145605282058
POMO,100,27,1.4432098265558557,0.7353357317128401,4.317326367919853,2.0778176936198838,95.54635741641347,81.67048183613504,LKH,16.990074343040135
POMO,100,28,1.467051165046716,0.7211882399860028,1.2870111970814266,1.134465159042545,89.64940850036429,77.53694368403778,LKH,15.62154018564966
POMO,100,29,1.4397493659015517,0.8130424074731133,7.93000513290476,2.8160264794395595,90.04743609857518,77.54862710225784,LKH,16.117382684075178
POMO,100,30,1.430652638009339,0.8110592193727771,4.716684367394806,2.17179289238058,86.75202535667376,75.20958429263513,LKH,15.347034786321665
POMO,100,31,1.4215877387070595,0.7673061495006454,4.272805589935998,2.067076580568799,87.38969713904967,77.32405503790278,LKH,13.017478320572954
POMO,100,32,1.4256204330293882,0.8693591664826683,5.842578206112707,2.417142570497799,90.41868611229445,76.22923284709113,LKH,18.61418872424713
POMO,100,33,1.4205394860808596,0.7136284448744828,9.175599805865335,3.0291252542384797,89.75029962393575,74.76280802419285,LKH,20.04672108475784
POMO,100,34,1.4168087284297053,0.6903811098025219,0.49612930660407467,0.7043644700040418,92.98007771735718,76.82385636278867,LKH,21.030213945878042
POMO,100,35,1.4827122131381372,0.5689555215787884,15.017188428809627,3.875201727498793,83.244429458152,75.64887333643628,LKH,10.040540971358151
POMO,100,36,1.3945190130563623,0.7413843483365102,7.144024153044033,2.672830737821614,92.8187933375833,77.78650972328288,LKH,19.325052207350804
POMO,100,37,1.4229038699225505,0.9433561066992958,13.600099902253975,3.687831327793338,91.11001846674739,77.56974084280317,LKH,17.455617972714254
POMO,100,38,1.4712636167801019,0.7026056339112429,6.853689436771595,2.617955201444745,88.4316613056735,75.56538710964442,LKH,17.02667674733179
POMO,100,39,1.486854823062789,0.6548520109846423,7.91120459998461,2.812686367155892,90.96512473602876,75.26232437910588,LKH,20.864091677299097
POMO,100,40,1.4669033681500125,0.9363510152105731,11.159698830159792,3.340613540977135,95.36393922655382,77.89284272915587,LKH,22.429655774853867
POMO,100,41,1.412350699807208,0.9611524753018177,7.131027745633091,2.670398424511423,93.9651115745785,78.70647718766728,LKH,19.386758157817972
POMO,100,42,1.4648490758545816,0.8365326715257694,4.648107532295413,2.1559470151873894,93.57224617798308,78.67647690910893,LKH,18.93293885805601
POMO,100,43,1.4124149483066486,0.8585525214501613,13.019925768720624,3.6083134244021298,90.40014457557534,78.79533489854624,LKH,14.727787745265616
POMO,100,44,1.4647804477841198,0.8368769456444417,3.6405572396837584,1.9080244337229433,94.67692375104265,77.90894576342141,LKH,21.52253226290462
POMO,100,45,1.4626969630643167,0.8033114982259838,2.285367752702402,1.5117432826714998,91.07023305426986,79.04233536724833,LKH,15.217032279141602
POMO,100,46,1.457583476648186,0.5951195838699304,5.4901086424337375,2.3430980863877076,96.16368687388133,83.02698677847417,LKH,15.82220505057884
POMO,100,47,1.4575098995432787,0.7904342864982864,9.714858148476514,3.116866719716535,91.08282517951646,76.82634366206373,LKH,18.556761701640724
POMO,100,48,1.4011545189352932,0.6762400198391738,1.5652745477732146,1.251109326866847,90.67249576837165,81.5792528811895,LKH,11.146514053549094
POMO,100,49,1.4151278239724254,1.0140734318637399,4.880591602172226,2.209206102239496,91.59234456399444,78.42924925135517,LKH,16.783400884602788
POMO,100,50,1.5256212025556262,0.6491023287544614,1.5954767235011758,1.2631218165724063,90.5246014678662,77.01806073687573,LKH,17.53684863234117
POMO,100,51,1.414245594118844,0.7753242086967239,3.7749203161092466,1.9429154166121712,92.45300747115529,80.352010052758,LKH,15.059980964324277
POMO,100,52,1.4475939510145572,0.66226669418337,5.441980937062191,2.332805379165221,86.23066652276572,76.14157486044442,LKH,13.250437334416867
POMO,100,53,1.416285670240118,0.7559030531505079,4.877518813058178,2.2085105417584447,96.14336396518249,79.36167282491577,LKH,21.145838467001248
POMO,100,54,1.3932180178088296,0.7788201252998674,6.1438266158535475,2.478674366643095,88.81195643156416,79.74908448086721,LKH,11.364233219343403
POMO,100,55,1.4107561905554824,0.8653267660740226,5.117800952324127,2.2622557221331383,87.91481930292696,79.5573997191748,LKH,10.504892836181861
POMO,100,56,1.376024606727026,0.8028740426679319,3.563060771251684,1.8876071549058304,88.49556851967046,73.88589280854458,LKH,19.773295220216013
POMO,100,57,1.4766871305993956,0.7075331603006265,5.348248450882416,2.3126280398893413,92.3350919406322,79.1292076959906,LKH,16.689013613503832
POMO,100,58,1.3783604470834212,0.7380820186966388,7.989674781952665,2.826601277497883,92.57548956428687,78.31685488033204,LKH,18.20634230746623
POMO,100,59,1.398558908229167,0.7594543410371704,3.0479297478670717,1.7458321075828203,90.04166249691096,74.36864982957873,LKH,21.074757580308503
POMO,100,60,1.3935831198962687,0.7611119051664463,4.665940797654048,2.160078886905302,90.53866526332797,82.14635699472717,LKH,10.21628782532558
POMO,100,61,1.5134356423400885,0.7160746504396363,3.219127977185818,1.794192848382196,84.96796311605006,72.72062279576537,LKH,16.84163288133703
POMO,100,62,1.5347869333466526,0.7007903728128521,14.72292207196144,3.8370460085802254,90.48991343182401,76.99320399056728,LKH,17.529741252111364
POMO,100,63,1.4386311472652862,0.7476590988788026,3.9877589068058685,1.996937381793898,94.29012676050793,77.76165862318369,LKH,21.255292685329216
POMO,100,64,1.4629225969814088,0.9811370088646184,3.5249246667301826,1.8774782733044297,93.51569033713395,80.19522654910968,LKH,16.61004571122089
POMO,100,65,1.3975246393199978,0.8434590386254275,1.8502527224482825,1.3602399503206346,94.80010516565223,81.0369641440162,LKH,16.983781619924255
POMO,100,66,1.453628724230444,0.7141638436114112,1.2204767342134606,1.1047518880787037,89.37259411722347,78.95474799262804,LKH,13.194705055062853
POMO,100,67,1.5229120165911607,0.7391910836788479,5.232047357107258,2.287366904785338,90.64576749000132,75.27636255555912,LKH,20.41730552947285
POMO,100,68,1.4745161096151504,0.6580051550674416,2.213987374446505,1.4879473695149654,84.39229446707253,72.41927329551125,LKH,16.5329209017393
POMO,100,69,1.4442213753501725,0.8033698306669954,3.2110599837678087,1.7919430749239242,91.27399984699196,76.03648230225204,LKH,20.039745505544794
POMO,100,70,1.4424372158152041,0.8420257345786777,5.168048920694561,2.273334317845609,90.16039140767676,77.83928364294644,LKH,15.828906932453272
POMO,100,71,1.4491041588239522,0.7682809494093155,10.958519407669472,3.3103654492622825,90.96970176718156,77.07823929459047,LKH,18.02254773814744
POMO,100,72,1.3777490268412018,0.7831043645229168,6.863988557819266,2.6199214793232386,93.22356390489594,79.94673431314278,LKH,16.607094343277662
POMO,100,73,1.3864841224446969,0.9024821012603204,4.244962319306915,2.0603306334923324,97.7292296817366,83.07788069788464,LKH,17.635679751066423
POMO,100,74,1.4983601892853484,0.9146337481150825,6.0119512753880695,2.451928073045388,95.42977010092595,81.45754832385893,LKH,17.152764924272283
POMO,100,75,1.4867595944593595,0.7144736187268176,11.844401911235556,3.4415696871101646,92.28728805830599,77.84419483777788,LKH,18.553847529191557
POMO,100,76,1.4961080364447858,0.717553372827746,3.163887612556766,1.7787320238183058,95.0725393824155,82.32009229615234,LKH,15.491293474727083
POMO,100,77,1.4070717090760791,0.9061063504331139,3.4323445374406036,1.852658775231047,91.84153501315767,80.48538083891249,LKH,14.109586183078338
POMO,100,78,1.5168287127325488,0.6505999105732692,4.03797081021455,2.0094702809980918,91.52378370713498,80.4955593227881,LKH,13.700413385691975
POMO,100,79,1.4249655238753702,0.8250590343954884,12.921330367631585,3.594625205446541,85.76317275226351,74.83366284664753,LKH,14.605071420883439
POMO,100,80,1.4446036080692586,0.8318277095490717,6.647564831112805,2.5782871894171926,90.69108174381073,77.9847675806965,LKH,16.293328245116694
POMO,100,81,1.487129050586843,0.7853051440633783,7.035847367900186,2.6525171757973944,90.67543810105066,78.12855354377757,LKH,16.059281771091186
POMO,100,82,1.4375476824434832,0.7074047679981846,6.226171856317562,2.495229820340716,90.32513144363806,76.92068535448591,LKH,17.42632170706526
POMO,100,83,1.4414617455284573,0.9155585130356452,8.670899339623313,2.944639084781582,91.81818445363928,81.8016320730631,LKH,12.244929748626099
POMO,100,84,1.4316506876480575,0.8715064535746926,3.860784172791037,1.9648878270250028,93.88254155829951,80.99287217476758,LKH,15.914572526479132
POMO,100,85,1.5015627138306231,0.8710565777834338,3.534548666011169,1.8800395384169901,87.57938161575586,77.14807834890131,LKH,13.521144648190852
POMO,100,86,1.4375811337606248,0.682184657557398,3.545995626855873,1.8830814180103506,84.24979852623333,75.57777071247703,LKH,11.474310147024022
POMO,100,87,1.5133078667145081,0.6443039777785522,10.731458404855099,3.27589047510064,98.35606887413725,78.83992243083345,LKH,24.75414211680051
POMO,100,88,1.3776630563849601,0.807076428304965,5.855893076393365,2.419895261451075,90.48108757037794,78.6218279501479,LKH,15.0839276183577
POMO,100,89,1.3847464012376602,0.8557843293019031,1.9389556554698006,1.3924638794129636,88.22585454761517,75.78349147166146,LKH,16.41830276532774
POMO,100,90,1.4403030952118865,0.6591896586813998,6.443730478584095,2.538450408927481,92.50064274216992,81.9804034679071,LKH,12.832626858662854
POMO,100,91,1.43033640079125,0.7009316577061425,10.209877774130579,3.1952899358478533,85.17627178270166,75.9886900963341,LKH,12.090722546631712
POMO,100,92,1.5155746762198632,0.6559332705545909,10.55362616191204,3.248634507283336,85.42111461205275,74.84394816255444,LKH,14.132293537649346
POMO,100,93,1.426064543839958,0.8639757848703947,4.129101782891698,2.0320191394009304,84.1923920385115,75.66759185141548,LKH,11.26611800179359
POMO,100,94,1.4655319355955028,0.7213169890754367,1.9472541908927599,1.3954405006637725,90.26681746091997,77.13592567371467,LKH,17.023055952876014
POMO,100,95,1.5203952571780497,0.8473171019567027,6.229198045371029,2.4958361415307353,94.26259876628454,80.99058775142693,LKH,16.387102974967334
POMO,100,96,1.4449842917836375,0.7156180201807055,2.3597648677599836,1.5361526186417753,85.04419310014644,74.79017981048786,LKH,13.71037389620056
POMO,100,97,1.423992524684552,0.7668378013138732,6.509976924778497,2.551465642484432,87.95655435395108,74.5822305129243,LKH,17.932319466778555
POMO,100,98,1.4369854896711083,0.8976066418231987,4.959151775835856,2.2269153050432466,99.74090133534752,82.76885123371675,LKH,20.50535901930826
POMO,100,99,1.4312388376953702,0.76756599552921,5.365453563676449,2.31634487148966,91.49051398202447,78.87464647245956,LKH,15.994832400256723
POMO,100,100,1.3879907634044584,0.7294311774147539,3.2874574514137604,1.8131347030526332,89.13106052625099,79.28936922005447,LKH,12.412371800918915
POMO,100,101,1.4522258273562219,0.889750758787904,14.600701511869897,3.8210864308295744,91.9210238884864,77.93970639815807,LKH,17.938632484582666
POMO,100,102,1.4525462162309115,0.7645685529506692,2.1944379339365514,1.4813635387495372,83.91398014028337,76.41826251224865,LKH,9.808804049729972
POMO,100,103,1.3765742435223527,0.6912304556606521,1.2614872367029637,1.1231594885424614,89.3689771461116,79.30272615903043,LKH,12.693448856846018
POMO,100,104,1.3783645337986092,0.8753384273772709,5.891946489161252,2.4273332052195165,93.65855825451544,78.33686742184169,LKH,19.558722906504425
POMO,100,105,1.4005436387778534,0.8255197047955859,4.43029976769879,2.104827728746177,91.33660112860431,78.52918111707609,LKH,16.309122073276352
POMO,100,106,1.3151866457411792,0.9374654688372989,6.870670764742857,2.621196437648819,92.21863329168245,81.25681131838763,LKH,13.490342280775991
POMO,100,107,1.4716922922643145,0.7857115756538983,1.8959976264542608,1.376952296361156,92.26850233532626,78.81503225296767,LKH,17.0696752862802
POMO,100,108,1.4193452414840453,0.8168717709043735,2.985414478750408,1.727835200113254,95.13606229389639,78.90479838184352,LKH,20.57069309461385
POMO,100,109,1.380826443711277,0.7870345695592456,1.9930130759661406,1.411741150482673,86.46964586197205,76.5658343719248,LKH,12.935027184499404
POMO,100,110,1.3726849797736815,0.7199782910103277,4.852218927107244,2.20277527839479,88.61931054691641,75.67191416782026,LKH,17.109909959965137
POMO,100,111,1.4164091201706066,0.723868176811636,2.4083038889163197,1.5518710928799209,89.4970643904794,78.31706549576573,LKH,14.275303631388125
POMO,100,112,1.5096125788254677,0.8229378893552549,3.9226820609398048,1.9805761941767868,89.88543702670493,77.45645944362305,LKH,16.046405519126992
POMO,100,113,1.495691677338927,0.7855510380175359,3.993161544339952,1.9982896547647822,92.03159139461503,78.59160358872364,LKH,17.101047939197116
POMO,100,114,1.4794639435907204,0.6227776086820193,4.611361677568575,2.14740813018126,87.52082321431432,77.83477177857091,LKH,12.444375713336548
POMO,100,115,1.4376125624197573,0.8393634493875559,6.727743225330447,2.5937893563916186,93.01655271065017,77.94392771889348,LKH,19.337779648616703
POMO,100,116,1.455913329008976,0.8160490990787037,8.381070024366073,2.895007776218584,88.98971988799599,79.23234840974305,LKH,12.314883597534628
POMO,100,117,1.4475465901784694,0.7916801209914518,5.340253137232649,2.3108987726061585,89.83325471017307,76.62564512204136,LKH,17.23653949940127
POMO,100,118,1.4077417628105842,0.7679936625798763,7.432391563306297,2.726241288533775,93.76745613921314,77.26550281697101,LKH,21.357465777880826
POMO,100,119,1.4551083701615684,0.7848720210984407,5.126097608161218,2.2640886926446187,92.83967931138397,80.19575908766966,LKH,15.766320273734225
POMO,100,120,1.4712284192458476,0.7004188694979716,12.42541312867516,3.5249699472017006,93.53941365792656,78.0236638600091,LKH,19.885953863632952
POMO,100,121,1.4217214390341952,0.8249445750209098,1.2586029277637039,1.1218747380005059,91.23297883433996,79.98438032637443,LKH,14.063493974780922
POMO,100,122,1.4468275679008167,1.033849414475259,2.193518055771669,1.4810530226064391,90.99099453692365,78.35278501030669,LKH,16.129879142080917
POMO,100,123,1.4280216277117201,0.8867004383373872,3.7967767195140394,1.9485319395673348,94.30297687804514,83.23958083016792,LKH,13.29102806325953
POMO,100,124,1.4585580601129238,0.846560024082865,17.287190793448875,4.157786766231389,89.89978263874833,78.46395968890371,LKH,14.574618710533752
POMO,100,125,1.4162518777202513,0.8176563408103115,8.733654528882536,2.9552757111448225,83.80804295447409,72.07013822780017,LKH,16.286779816590062
POMO,100,126,1.4375705265327159,0.7955619418605657,9.8122427114762,3.132449953546936,90.36300959582522,77.22185343537956,LKH,17.017405793610465
POMO,100,127,1.5350640992250504,0.7419085040262328,2.2874547295890886,1.5124333802151713,92.94042108712073,77.27235549205709,LKH,20.276417737355214
POMO,100,128,1.3870452860313836,0.7815363373674676,5.965260052894846,2.442388186364904,94.01382305882923,79.36992841526732,LKH,18.45017998119431
POMO,100,129,1.3767255801975615,0.8369567074501723,5.677495342306837,2.382749534111136,87.03395364573676,78.89739080721932,LKH,10.312841470763717
POMO,100,130,1.5360108345295445,0.782012859683347,4.267760320650352,2.0658558324942113,90.7140619401192,78.0024436270402,LKH,16.29643601148979
POMO,100,131,1.4385861138491072,0.7376560357049565,4.269904625427608,2.066374754353045,90.03194124995859,76.99063960674755,LKH,16.938814523198335
POMO,100,132,1.4099204061619752,1.0132375960598108,9.350817532908595,3.0579106482872573,92.39332241120955,79.44614939019503,LKH,16.29679112253163
POMO,100,133,1.4933424038988024,0.7320573446164556,6.497421151585982,2.549003952838438,86.7422030738628,73.43039006452656,LKH,18.128479227249848
POMO,100,134,1.4108292010067163,0.7698630769252485,7.261879016732053,2.6947873787614585,88.5762337544076,79.52280106166357,LKH,11.384700453048444
POMO,100,135,1.424605027559646,0.7510709730983302,4.790425097500303,2.188703976672109,89.47942600724089,74.16661129866655,LKH,20.646507155234755
POMO,100,136,1.3862744183514757,0.6520046679102983,19.663796015197878,4.434387896339007,88.62318811665187,76.06356622159501,LKH,16.512007678508102
POMO,100,137,1.3930151520057046,0.7019370136649196,4.008621505773725,2.0021542162814843,82.07715613395385,72.04046157187862,LKH,13.932024230662485
POMO,100,138,1.3917881240245105,0.771426155528544,8.902366279375608,2.983683341002461,84.62681742017845,74.68121131696523,LKH,13.317414015958645
POMO,100,139,1.4672379657016736,0.8699110290868742,4.764207753119943,2.1827065201533493,90.55517144449986,76.31017834615707,LKH,18.667225535399574
POMO,100,140,1.451976366180749,0.9034683984676322,2.1640559673893214,1.471073066638541,90.82275661091381,76.42370912510553,LKH,18.84107386391971
POMO,100,141,1.4288862005447998,0.7481383999689379,5.420646765236019,2.328228245949271,88.79961056367748,78.01363794625861,LKH,13.82575265218245
POMO,100,142,1.5072189109198577,0.803875016761958,10.306092788622385,3.2103103882058486,95.27126916051266,78.41305428550524,LKH,21.49924528335033
POMO,100,143,1.3960232731763913,0.843572426319279,3.9955610713926455,1.9988899598008505,90.39556683088482,79.55044568606073,LKH,13.633011168313836
POMO,100,144,1.385252580869255,0.8957851811991224,15.13396162527559,3.8902392760954423,92.18233743332809,80.12441943337134,LKH,15.048992660700256
POMO,100,145,1.397646250137658,0.8074971153633392,4.329606147683053,2.0807705658440705,86.46102019436998,76.14411663844407,LKH,13.5491801748962
POMO,100,146,1.4120858069697413,0.6851729139700014,3.8544885071221913,1.9632851313862159,92.52851081750734,80.19304524435101,LKH,15.382213676472483
POMO,100,147,1.3875822051606996,0.680013138333683,3.8194951315529706,1.9543528677168231,90.92094798026422,81.23180779827264,LKH,11.927766283440526
POMO,100,148,1.515929745786266,0.7798012705790556,1.8193154496123622,1.3488200212083012,92.99025664553467,76.1639079794114,LKH,22.092286376208214
POMO,100,149,1.3434675006910857,0.8687045911152691,2.7915954681381376,1.6708068314853568,88.9177174189934,75.91822929129637,LKH,17.123012811347746
POMO,100,150,1.4162083901841231,0.672445010474044,4.6782269387768585,2.162920927536848,85.574882820537,75.51631598344063,LKH,13.31972661285811
POMO,100,151,1.516081115022414,0.8587179843727464,12.064470894875168,3.4733947220083077,96.40727182557328,81.84774462394103,LKH,17.78855027530409
POMO,100,152,1.5027724498332562,0.751900427726222,4.77039503725765,2.184123402479276,88.65423970430426,76.70589081294733,LKH,15.576833493132636
POMO,100,153,1.3739113705561994,0.8316934978435194,6.1545062969033,2.4808277443029576,89.61743350947322,77.84077279699967,LKH,15.129167259407614
POMO,100,154,1.5113905975545623,0.6994434217020158,4.960254015591761,2.2271627725857313,86.21578200565583,76.3087104849528,LKH,12.982884205147968
POMO,100,155,1.396514146773361,0.8329610081397418,1.85708521349741,1.3627491381385681,93.61823545357072,78.083369358196,LKH,19.895230217475383
POMO,100,156,1.42872159885486,0.8435980290286184,3.660035264878179,1.9131218635722553,89.54397202092879,73.96723294958531,LKH,21.05897226405684
POMO,100,157,1.4510425360550112,0.7539864478212118,5.580870173503773,2.362386541932495,83.76124826140794,76.6642130436383,LKH,9.257298726499569
POMO,100,158,1.365895228194675,0.8120269978377426,5.430667332568896,2.3303792250552045,89.29171756738077,79.65935982357504,LKH,12.091934664223912
POMO,100,159,1.5067652117630297,0.7286055474462321,6.4878039462697705,2.5471167908578063,91.16260355218152,78.8797113960752,LKH,15.571674818168118
POMO,100,160,1.4385774096455237,0.6993797795973178,4.816494394243519,2.194651314957235,86.08253685089267,74.37161177865676,LKH,15.746498955931894
POMO,100,161,1.4103140773127005,0.9234205799237625,3.295460219276753,1.815340248900121,98.40088150054224,80.72710113853971,LKH,21.893242929250857
POMO,100,162,1.3256574848836118,0.7443307406349714,1.3039381634737583,1.141901118080615,92.38923303822332,81.34260310607372,LKH,13.580374256949204
POMO,100,163,1.3868294577443538,0.7367946161253143,7.159391286303543,2.675703886139784,91.20173131295208,77.56357805890003,LKH,17.58319251813723
POMO,100,164,1.4366453319983916,0.8352938129773583,9.603915750141871,3.099018514004373,91.10949694200829,78.45759195952598,LKH,16.12578804229559
POMO,100,165,1.410365317769424,0.7549540212469569,11.553451996003565,3.3990369218358847,88.0891813229923,74.22945875810117,LKH,18.671458470493725
POMO,100,166,1.3802741024492666,0.8142727231377815,9.512487277375524,3.084232040131793,88.64448644826054,75.55072592898432,LKH,17.331084987302443
POMO,100,167,1.5114453615679675,0.7122543226015292,5.837245321341247,2.4160391804234567,84.71719901559533,75.06921983697755,LKH,12.85211062479349
POMO,100,168,1.3973563470962374,0.6878219946688263,3.1896224520747984,1.7859514136937764,92.87444756087856,77.54802368996023,LKH,19.76378396462291
POMO,100,169,1.4644787048554224,0.8100001139814241,7.5550949983813265,2.748653306326814,91.93824777560695,75.71061174687779,LKH,21.43376688459841
POMO,100,170,1.41340187913503,0.9373373336759286,5.973634042006414,2.444101888630344,94.6205113827281,81.81321653159058,LKH,15.654310384181294
POMO,100,171,1.39760623317176,0.8227712656539076,5.018424927125042,2.2401841279513257,92.21036522384263,79.96054152067515,LKH,15.319835846784605
POMO,100,172,1.4799340406545636,0.7016469647974357,4.757691898251243,2.1812134004382155,90.16406371706715,78.68472303934276,LKH,14.589033594214554
POMO,100,173,1.4094410247482227,0.8585835036413986,9.688635500875987,3.11265730540257,88.34347124728784,76.50825909500202,LKH,15.469195472857084
POMO,100,174,1.4768036729863208,0.7441759752782662,3.068126477359049,1.7516068272757586,87.95488966724257,75.84420428115358,LKH,15.967845533977545
POMO,100,175,1.408120716762061,0.7282331834009788,8.202423626691692,2.863987364967187,90.60170413307446,74.34830916323514,LKH,21.861149436706413
POMO,100,176,1.4006386301421438,0.7795526579537877,9.76870864926276,3.125493344939765,82.41161936795537,73.14510856865792,LKH,12.668667776464376
POMO,100,177,1.4595823550464064,0.962084931132851,3.937894744583459,1.98441294709127,89.76010592198027,78.72054573791813,LKH,14.02373431304174
POMO,100,178,1.3988468373433047,0.8379644671165157,0.7748698696147424,0.8802669308878656,87.34901949859956,77.84121153068014,LKH,12.214362778991479
POMO,100,179,1.4240303487911459,0.8700394207457205,2.0412423619254936,1.4287205331783728,94.92213457657529,81.07423326296718,LKH,17.080520846483914
POMO,100,180,1.337633531785222,0.7294079977621394,2.1773451051281802,1.4755829712788706,88.99743226616255,78.35033217880184,LKH,13.589093742529595
POMO,100,181,1.4408676758163956,0.7902682771316965,3.2453941356977296,1.801497747902486,89.71839808970702,76.54170264104994,LKH,17.215054008467163
POMO,100,182,1.3883737133147966,0.7475014675206186,1.1949707880683687,1.0931471941455866,92.74467843036102,74.90226885061485,LKH,23.820920051608972
POMO,100,183,1.3719681979405,0.8292915021116385,14.082978742552083,3.752729505646801,90.08889696372633,77.54355532887314,LKH,16.1784452384813
POMO,100,184,1.4171637455095547,0.6647776925573379,9.96630817745059,3.156946020674188,91.60857987723342,76.41109958500806,LKH,19.889100372542114
POMO,100,185,1.4695827222953672,0.7470680128252755,3.202546839707,1.7895661037544828,89.98873468564278,76.37654015051433,LKH,17.822481233508437
POMO,100,186,1.3982536739509817,0.7809434165192102,3.7293711455570597,1.9311579804762373,88.44700347659224,76.82332985886913,LKH,15.130395465904398
POMO,100,187,1.4523696110068665,0.7128663717817496,4.996473263651821,2.2352792361697946,88.46901194416574,74.85810701804783,LKH,18.182272392803632
POMO,100,188,1.5285514050994258,0.834977513410267,2.9801982004361096,1.7263250564236474,91.38694028542328,79.74754928125496,LKH,14.595296167808646
POMO,100,189,1.4009801401469193,0.914265535746998,4.108080786212159,2.026840098826782,91.45135970228486,79.56707064741654,LKH,14.936190258317861
POMO,100,190,1.389540592580093,0.8513677473979276,6.584041882441843,2.5659387916397858,92.02047446789751,77.84466263296846,LKH,18.21038380212
POMO,100,191,1.3750036488251285,0.7386090567913315,5.916582232263279,2.43240256377584,91.93880678113437,80.90705098457205,LKH,13.635098130898305
POMO,100,192,1.5331277483039432,0.6335188721854441,1.9439226475036295,1.3942462650133332,85.58255285820991,74.46312255631508,LKH,14.932801526668996
POMO,100,193,1.4632873792376786,0.8087391419874779,7.784911956903587,2.790145508195511,92.06724802109333,80.36443700516159,LKH,14.562176320827213
POMO,100,194,1.4892366140971864,0.7281528993908347,2.178975767269798,1.4761354163049534,95.10531398544464,79.1296234830861,LKH,20.189266420272205
POMO,100,195,1.43128558767094,0.8859638318868563,5.718869765094296,2.3914158494695763,92.30759569808626,76.57714497088497,LKH,20.541965534471267
POMO,100,196,1.426923222628756,0.7640167466699215,7.319428312404388,2.7054441987230837,85.8705395038377,78.73888087234782,LKH,9.057353308147462
POMO,100,197,1.3897606246526155,0.8271361219960287,5.593458651832755,2.3650493973346,83.90764105631094,76.35531361116519,LKH,9.891030614588948
POMO,100,198,1.3707140276603627,0.8751233849209796,1.0834879067563075,1.040907251755077,92.98359564385267,76.98252082698633,LKH,20.78533496302077
POMO,100,199,1.5541466657300727,0.7359529605081543,1.1030238060008257,1.0502494018093158,90.06686384741968,75.3249964959285,LKH,19.571016312344618
POMO,100,200,1.4629500918344451,0.7581756225901521,4.935146701810662,2.2215190077536273,86.6508013184649,76.71327561547162,LKH,12.954114686492508
POMO,100,201,1.4607638599294606,0.6258113213714942,0.9855333786238155,0.99274033796548,88.22289946065251,76.83860006601675,LKH,14.815859977738807
POMO,100,202,1.423563695526823,0.808627591571086,4.416440016282175,2.101532777827216,90.15521834473576,78.85771619569368,LKH,14.3264384185387
POMO,100,203,1.5130836518620996,0.8031140935352699,6.642071242734953,2.577221613042804,87.97771544336602,74.32309769086402,LKH,18.371970728798708
POMO,100,204,1.4194449118281274,0.802732111136503,1.9296403859574358,1.3891149649893761,92.35210538683528,78.29746642765654,LKH,17.95031129412675
POMO,100,205,1.436551211674632,0.7150164921972102,7.1334979096371995,2.6708608929776183,87.93180541175776,78.77201616791595,LKH,11.628227496825987
POMO,100,206,1.4580051599810078,0.7884315817667971,5.460835994638715,2.3368431686013325,94.42624973516544,80.7906004024306,LKH,16.877767048163456
POMO,100,207,1.390969123013995,0.6312290178857898,4.095691884346015,2.023781580197333,90.50730466120727,78.25227634055514,LKH,15.66092245970974
POMO,100,208,1.3342049387797534,0.9900360356703238,6.363022272594966,2.522503175933574,90.66869177375652,81.53409974119957,LKH,11.203400861175144
POMO,100,209,1.395954827073082,0.887482738870826,3.250253686395102,1.8028459963055918,84.85741953987869,73.31469097404567,LKH,15.74408677507662
POMO,100,210,1.4588530952533627,0.7762894207387508,2.1835195327578503,1.4776736895396934,89.5588915874388,74.90707864035514,LKH,19.55998446746286
POMO,100,211,1.383065713099157,0.7059013008208466,1.7874072448504208,1.3369395068029146,88.69953780938617,78.02129994978671,LKH,13.686311131026796
POMO,100,212,1.4105697062155795,0.7521850821327186,2.9761448091961995,1.7251506627527347,89.93394347385501,73.30380984877677,LKH,22.68658840432119
POMO,100,213,1.4847554953944795,0.7544653168079275,3.7828988893044952,1.9449675805278852,93.32938445301279,78.17281400144077,LKH,19.388544016456514
POMO,100,214,1.522800317624617,0.7011328412833958,5.4731581191102,2.3394781723944766,93.9924174152032,80.49757614381878,LKH,16.764282749674653
POMO,100,215,1.5445732166143982,0.6290978806532941,6.608450418519068,2.57069065010146,87.71561087648682,76.74179596766824,LKH,14.299658706765102
POMO,100,216,1.4671176764925924,0.688989625849708,4.755583753159968,2.180730096357632,87.86645345109326,78.06597402753094,LKH,12.5540986910713
POMO,100,217,1.4319868112321605,0.7577032783580645,3.8163663614728947,1.953552241807957,94.25359339884763,79.64883719822038,LKH,18.336433668555262
POMO,100,218,1.4197589296922841,0.7360572993899848,3.7492367274221388,1.9362945869423223,90.75698243006687,77.02471394789633,LKH,17.828392704528298
POMO,100,219,1.4621598217139524,0.8264196375728429,4.951534456716487,2.2252043629106266,96.63537959936147,79.32714140954506,LKH,21.81880990827408
POMO,100,220,1.5683745082941793,0.8266543429741855,7.626529686141219,2.7616172229585363,90.71288093134952,78.33516335015051,LKH,15.80097245201599
POMO,100,221,1.5438395926300812,0.8720834682239592,3.8133754623990606,1.9527865890565361,95.07881748808896,77.27280760831717,LKH,23.043047652710452
POMO,100,222,1.5603669342048987,0.7969004995079583,6.818928058261313,2.6113077295219944,90.65657561312128,76.9624840512271,LKH,17.79320370270175
POMO,100,223,1.4251067614093682,0.9203089183989998,18.21535224988239,4.267944733695879,90.47442909050328,76.5845351469216,LKH,18.136682447618153
POMO,100,224,1.3417400306260043,0.7814771046520265,4.376180671342164,2.091932281729541,90.1535308988479,76.9251819862695,LKH,17.19638299320444
POMO,100,225,1.503259883598528,0.709735611240534,3.6165855417661463,1.9017322476537402,86.51932491041741,74.26865460746464,LKH,16.49507503226196
POMO,100,226,1.4458051593242227,0.9046036921367979,1.417784620053063,1.1907076131666678,89.82714329853887,75.94068824322524,LKH,18.28592204858304
POMO,100,227,1.4702561925267659,0.7764574215535079,2.4515420178764082,1.565740086309477,89.41743549320472,77.03480572181215,LKH,16.074071525679816
POMO,100,228,1.4435279543953712,0.6627026418935442,7.025435017284883,2.650553718996256,83.20084001793828,73.31459129726122,LKH,13.484694582272569
POMO,100,229,1.4309795103635583,0.9024689465112071,3.4547187348652577,1.8586873687807903,88.85743385682802,74.31949324592159,LKH,19.56140976742226
POMO,100,230,1.4789529436107989,0.7383342797716518,6.78414452043422,2.60463903841477,89.94406345877708,76.52675522993376,LKH,17.53283304450767
POMO,100,231,1.4189609461446349,0.8366916406099351,2.231691737208167,1.4938847804326032,89.20306645156595,75.97290734898941,LKH,17.41431197545519
POMO,100,232,1.3724385868214692,0.9493162352456589,2.1994315883832,1.483048073523984,96.13447066141849,79.88327729182755,LKH,20.343673820770388
POMO,100,233,1.4227829762814435,0.6682309235588603,12.035933870725383,3.4692843456144358,89.4911217831619,79.54619723400134,LKH,12.50207413423616
POMO,100,234,1.552026614240267,0.6988292068735753,12.315655497696506,3.5093668229036,91.00075697032605,75.7529782771468,LKH,20.128289395295255
POMO,100,235,1.4638885014309464,0.6064830171296469,17.33604297567961,4.16365740373528,89.49053671667576,77.3112851798853,LKH,15.753523574795306
POMO,100,236,1.4286397014835126,0.8337724167225103,8.480569383784916,2.912141717668444,90.65747632406186,78.37222785953931,LKH,15.675512614673256
POMO,100,237,1.4265711853901546,0.6338010138271808,9.845188608576333,3.1377043532774613,91.29117322024669,76.80461896616312,LKH,18.861566464467113
POMO,100,238,1.4480164465635563,0.6964901542778146,5.734606378111282,2.3947038184525624,87.59826269873781,74.87927542576432,LKH,16.985991385003665
POMO,100,239,1.4440425144452038,0.6328456442328062,5.09238403408321,2.256631124947808,91.43785719162868,81.77610706354322,LKH,11.814881479474074
POMO,100,240,1.4492041749639832,0.6514127551370917,6.675226198730568,2.583645912026369,83.94110922206872,73.99157715296106,LKH,13.446844157057534
POMO,100,241,1.3725339457178236,1.0077778746668078,2.6381456133261243,1.6242369326320973,89.19463985469305,77.56776376944129,LKH,14.989314529952077
POMO,100,242,1.4587630267922926,0.7525034736447666,1.839735358764378,1.356368445063648,88.73934784291015,78.43695473276203,LKH,13.134616387452573
POMO,100,243,1.4442832455691434,0.8239211681094586,5.553982252784914,2.3566888324055246,86.89666894497938,79.06939182871263,LKH,9.899250437164007
POMO,100,244,1.359140757579507,0.8307034381017071,5.623948709408306,2.3714866032529693,86.41369316719334,75.7440436792684,LKH,14.086453494752208
POMO,100,245,1.5305748867091336,0.6861187086083009,4.20434987708403,2.0504511398919094,86.83276532443408,73.61542636155178,LKH,17.95457775109146
POMO,100,246,1.457108456756675,0.7295901458753338,5.824024116745696,2.413301497274159,87.13002842808574,75.19384708593608,LKH,15.873880383468425
POMO,100,247,1.3641292591569851,0.8256664203962046,9.67989258742241,3.1112525753179234,90.15565438843207,78.20151821461286,LKH,15.28632237166137
POMO,100,248,1.3612848882953814,0.8483849981508006,3.2480618512603203,1.8022380118231667,90.8913377817785,78.00909294004884,LKH,16.513773402838893
POMO,100,249,1.362529555246345,0.8735246284518177,4.792856666755557,2.189259387728087,93.38886689662382,80.38853771952878,LKH,16.171869206593207
POMO,100,250,1.4131398530511745,0.728743376279018,7.882957833936437,2.8076605624498905,90.96612477522856,79.46459137077002,LKH,14.473784116996322
POMO,100,251,1.4329725963373978,0.6326734061710639,4.046210382058395,2.011519421248126,86.48017860932781,78.07451162339254,LKH,10.76621141926782
POMO,100,252,1.421358780782391,0.835974527556786,7.306258709379157,2.703009195208029,84.99784394634897,77.17277294920696,LKH,10.139678410016778
POMO,100,253,1.4295304795311374,0.8415438697157493,6.286849503995014,2.5073590696178747,91.26251841149453,76.98557543618604,LKH,18.54495844762862
POMO,100,254,1.3905780072879008,1.0256294894587576,2.9977716782390305,1.731407426990837,87.02294776558685,75.94534927457426,LKH,14.58627631161776
POMO,100,255,1.449813892387531,0.6990896330893414,2.467962937743058,1.570975155036851,90.11601672612835,79.43030713080549,LKH,13.452937526384837
POMO,100,256,1.5142423183577267,0.752560685709297,9.101255642948372,3.0168287394130235,87.15404429029068,75.26837730505481,LKH,15.791049854927142
POMO,100,257,1.3941184219262195,0.975373273501683,1.7955015104807484,1.3399632496754337,87.41585393345143,75.85447373223934,LKH,15.241527140538741
POMO,100,258,1.4732024615203945,0.8546035651024451,3.348234203721108,1.8298180794060124,90.554234966856,79.8306024049883,LKH,13.432984643490084
POMO,100,259,1.4056711546251948,0.7853784248720745,4.2227337618828695,2.0549291379224903,89.94241111688312,77.08918420815813,LKH,16.67319098100505
POMO,100,260,1.4621964420626736,0.6894099596332045,5.100766642417287,2.25848768923306,88.88948025974912,74.68026029784136,LKH,19.026741344015484
POMO,100,261,1.396281280460758,0.816484275981776,2.960621891421622,1.7206457774398605,85.5424866000582,76.29762854549676,LKH,12.1168353863694
POMO,100,262,1.352257722932281,0.7296808373634992,9.611394206233879,3.1002248638177647,89.88523064828196,78.36517704615615,LKH,14.700475436099175
POMO,100,263,1.4712140130036688,0.8683113641559543,5.851770880813733,2.419043381341834,87.67413930286249,76.75583901394403,LKH,14.224716228995895
POMO,100,264,1.3936499695157198,0.7750238999460836,2.5508043346653944,1.5971237693633498,89.58533734780391,77.98544078355798,LKH,14.874438674316753
POMO,100,265,1.4684282159608741,0.8745663771198481,1.856600065876071,1.3625711232358004,88.39710923889032,74.13484890128734,LKH,19.238267223817488
POMO,100,266,1.4547638630928388,0.7468534776571413,8.009820995047354,2.830162715295245,93.10957581192245,80.76722320011892,LKH,15.28138782389805
POMO,100,267,1.4641645353963901,0.7821647172659445,3.3128290167812713,1.820117857937027,87.65819786349452,77.29527026151918,LKH,13.406936241911872
POMO,100,268,1.4038787031299074,0.8258294806151646,3.3335283876416577,1.8257952753914273,90.7268034671243,76.95113146796646,LKH,17.901844633554777
POMO,100,269,1.3968437232942594,0.7817803330074263,5.2145922598424095,2.283548173313278,84.0870674471782,74.43629895923371,LKH,12.96513747040257
POMO,100,270,1.4050193200588421,0.8044576901968676,5.010958431782084,2.238517016192212,92.19997674506922,80.06494843325393,LKH,15.156480518977222
POMO,100,271,1.4026021546486653,0.6546614457275705,17.955032721419702,4.237337928631572,88.24456550492064,78.67742999442582,LKH,12.159949188951188
POMO,100,272,1.4518780651739112,0.8515838840294947,9.419862819418023,3.069179502638779,80.77113106608904,71.54286166129441,LKH,12.898938049870099
POMO,100,273,1.363540441719133,0.8636826262782848,9.166584895833257,3.027636850058682,82.96795053226771,76.18983828244986,LKH,8.896346812930792
POMO,100,274,1.4263893493140738,0.74383021297079,3.776760756067367,1.9433889873279016,88.15807647066787,77.60965224437663,LKH,13.591639597967067
POMO,100,275,1.42247974133587,0.9033409534518617,8.247486887773563,2.871843813262407,97.3860241060178,78.15006035021287,LKH,24.61413806925171
POMO,100,276,1.404256567180232,0.7867569285817395,13.435474346377465,3.6654432673794672,90.0224866801078,77.02904594060414,LKH,16.86823532712933
POMO,100,277,1.5143328780483871,0.7398163083812079,5.024011223419035,2.2414306198093743,92.31912555568674,78.63625216742665,LKH,17.40021047687713
POMO,100,278,1.4365130164542923,0.8380046609349249,7.181571373550891,2.679845401054115,87.45169038419742,75.67689852058895,LKH,15.55929496820615
POMO,100,279,1.4247171172796926,0.8278747142811258,2.072946891445983,1.4397732083373351,88.34474699263059,74.67578563583513,LKH,18.304409174151434
POMO,100,280,1.3390470034598063,0.720310435828111,2.0237472818163567,1.4225847186780676,89.34416297839581,79.24930954367512,LKH,12.738096385757544
POMO,100,281,1.5067314881869036,0.5953822774230962,4.293760281002011,2.0721390592819806,88.8402509593076,75.42344970085472,LKH,17.78863378918193
POMO,100,282,1.4410784923515754,0.68655311085803,11.346421729955141,3.368445001770868,92.32903745267969,79.68308894975576,LKH,15.870304062757711
POMO,100,283,1.4733426205739215,0.9175424120362055,20.15539617995037,4.489476158746181,93.72636635298356,76.71945747018998,LKH,22.167660517414067
POMO,100,284,1.4564059853454996,0.7836220548913235,4.927028281439156,2.2196910328780346,93.32287955785651,77.73993373831979,LKH,20.04496925864439
POMO,100,285,1.4242110809292456,0.8139598095187793,3.365369728794083,1.8344944068582174,89.41581554744599,78.04064171946467,LKH,14.57596141875926
POMO,100,286,1.427961914658998,0.7684149905678086,3.368136656678608,1.8352483910028659,87.597246571066,75.74387532811541,LKH,15.649280145230076
POMO,100,287,1.4481662888506848,0.7881906557405582,4.692336632017623,2.166180193801435,92.25655305489148,81.20013143962082,LKH,13.616260736587662
POMO,100,288,1.4630115109086013,0.8489176693847852,2.7569734764576586,1.6604136461911105,88.5237636149422,78.96471339820926,LKH,12.105470665774265
POMO,100,289,1.3340553637038954,0.8984296909293116,4.786740920418995,2.1878621803987093,91.66186689255592,79.74518470580851,LKH,14.943450480063175
POMO,100,290,1.3940748440624582,0.7465699275391838,7.034421628488557,2.6522484100265866,91.96895002864731,77.93287190096069,LKH,18.010472070789422
POMO,100,291,1.472342569416276,0.7895502621945518,4.7125666711672825,2.1708446907061965,92.81233651971901,80.282080182937,LKH,15.607787327171394
POMO,100,292,1.494850705062613,0.6601816789093846,13.812906794606187,3.716571914359547,87.70770484446655,75.17124414122794,LKH,16.677202627757143
POMO,100,293,1.5248944206244353,0.6829018292017092,4.551691104862714,2.133469265038218,90.83016299423592,78.52695590636021,LKH,15.66749525162635
POMO,100,294,1.4609716304152538,0.7424635171952855,2.000669871566973,1.4144503779090212,91.76599400414834,78.31800933240375,LKH,17.17099909251721
POMO,100,295,1.424927949380718,0.7960238328932288,9.134310418513506,3.022302171940044,92.84258147381651,79.21881619806311,LKH,17.19763804812637
POMO,100,296,1.448718757753956,0.8050251217031407,5.20991254914926,2.2825232855656172,90.6918733271733,74.11182561308635,LKH,22.371662790559178
POMO,100,297,1.4794632158050491,0.959204861558778,3.789794768908758,1.9467395226143527,93.30198939023052,79.37562763132335,LKH,17.544883958072184
POMO,100,298,1.4909948835130593,0.6560685430745548,5.581336926616297,2.3624853283388445,92.62236967758928,78.77355501193396,LKH,17.580537863953527
POMO,100,299,1.3882440953172104,0.7870680966377883,2.013816386075051,1.4190899851929937,88.81774413075745,75.84371520697702,LKH,17.106267656290807
