method,instance,permutation,length_abs_diff,hamming_distance,perfect_match
Attention:batch_greedy_mean,0,0,0.0,0.0,True
Attention:batch_greedy_mean,0,1,0.0,0.0,True
Attention:batch_greedy_mean,0,2,0.0,0.0,True
Attention:batch_greedy_mean,0,3,0.0,0.0,True
Attention:batch_greedy_mean,0,4,0.0,0.0,True
Attention:batch_greedy_mean,1,0,0.0,0.0,True
Attention:batch_greedy_mean,1,1,0.0,0.0,True
Attention:batch_greedy_mean,1,2,0.0,0.0,True
Attention:batch_greedy_mean,1,3,0.0,0.0,True
Attention:batch_greedy_mean,1,4,0.0,0.0,True
Attention:batch_greedy_mean,2,0,0.0,0.0,True
Attention:batch_greedy_mean,2,1,0.0,0.0,True
Attention:batch_greedy_mean,2,2,0.0,0.0,True
Attention:batch_greedy_mean,2,3,0.0,0.0,True
Attention:batch_greedy_mean,2,4,0.0,0.0,True
Attention:batch_greedy_mean,3,0,0.0,0.0,True
Attention:batch_greedy_mean,3,1,0.0,0.0,True
Attention:batch_greedy_mean,3,2,0.0,0.0,True
Attention:batch_greedy_mean,3,3,0.0,0.0,True
Attention:batch_greedy_mean,3,4,0.0,0.0,True
Attention:batch_greedy_mean,4,0,0.0,0.0,True
Attention:batch_greedy_mean,4,1,0.0,0.0,True
Attention:batch_greedy_mean,4,2,0.0,0.0,True
Attention:batch_greedy_mean,4,3,0.0,0.0,True
Attention:batch_greedy_mean,4,4,0.0,0.0,True
Attention:batch_greedy_mean,5,0,0.0,0.0,True
Attention:batch_greedy_mean,5,1,0.0,0.0,True
Attention:batch_greedy_mean,5,2,0.0,0.0,True
Attention:batch_greedy_mean,5,3,0.0,0.0,True
Attention:batch_greedy_mean,5,4,0.0,0.0,True
Attention:batch_greedy_mean,6,0,0.0,0.0,True
Attention:batch_greedy_mean,6,1,0.0,0.0,True
Attention:batch_greedy_mean,6,2,0.0,0.0,True
Attention:batch_greedy_mean,6,3,0.0,0.0,True
Attention:batch_greedy_mean,6,4,0.0,0.0,True
Attention:batch_greedy_mean,7,0,0.0,0.0,True
Attention:batch_greedy_mean,7,1,0.0,0.0,True
Attention:batch_greedy_mean,7,2,0.0,0.0,True
Attention:batch_greedy_mean,7,3,0.0,0.0,True
Attention:batch_greedy_mean,7,4,0.0,0.0,True
Attention:batch_greedy_mean,8,0,0.0,0.0,True
Attention:batch_greedy_mean,8,1,0.0,0.0,True
Attention:batch_greedy_mean,8,2,0.0,0.0,True
Attention:batch_greedy_mean,8,3,0.0,0.0,True
Attention:batch_greedy_mean,8,4,0.0,0.0,True
Attention:batch_greedy_mean,9,0,0.0,0.0,True
Attention:batch_greedy_mean,9,1,0.0,0.0,True
Attention:batch_greedy_mean,9,2,0.0,0.0,True
Attention:batch_greedy_mean,9,3,0.0,0.0,True
Attention:batch_greedy_mean,9,4,0.0,0.0,True
Attention:batch_greedy_mean,10,0,0.0,0.0,True
Attention:batch_greedy_mean,10,1,0.0,0.0,True
Attention:batch_greedy_mean,10,2,0.0,0.0,True
Attention:batch_greedy_mean,10,3,0.0,0.0,True
Attention:batch_greedy_mean,10,4,0.0,0.0,True
Attention:batch_greedy_mean,11,0,0.0,0.0,True
Attention:batch_greedy_mean,11,1,0.0,0.0,True
Attention:batch_greedy_mean,11,2,0.0,0.0,True
Attention:batch_greedy_mean,11,3,0.0,0.0,True
Attention:batch_greedy_mean,11,4,0.0,0.0,True
Attention:batch_greedy_mean,12,0,0.0,0.0,True
Attention:batch_greedy_mean,12,1,0.0,0.0,True
Attention:batch_greedy_mean,12,2,0.0,0.0,True
Attention:batch_greedy_mean,12,3,0.0,0.0,True
Attention:batch_greedy_mean,12,4,0.0,0.0,True
Attention:batch_greedy_mean,13,0,0.0,0.0,True
Attention:batch_greedy_mean,13,1,0.0,0.0,True
Attention:batch_greedy_mean,13,2,0.0,0.0,True
Attention:batch_greedy_mean,13,3,0.0,0.0,True
Attention:batch_greedy_mean,13,4,0.0,0.0,True
Attention:batch_greedy_mean,14,0,0.0,0.0,True
Attention:batch_greedy_mean,14,1,0.0,0.0,True
Attention:batch_greedy_mean,14,2,0.0,0.0,True
Attention:batch_greedy_mean,14,3,0.0,0.0,True
Attention:batch_greedy_mean,14,4,0.0,0.0,True
Attention:batch_greedy_mean,15,0,0.0,0.0,True
Attention:batch_greedy_mean,15,1,0.0,0.0,True
Attention:batch_greedy_mean,15,2,0.0,0.0,True
Attention:batch_greedy_mean,15,3,0.0,0.0,True
Attention:batch_greedy_mean,15,4,0.0,0.0,True
Attention:batch_greedy_mean,16,0,0.0,0.0,True
Attention:batch_greedy_mean,16,1,0.0,0.0,True
Attention:batch_greedy_mean,16,2,0.0,0.0,True
Attention:batch_greedy_mean,16,3,0.0,0.0,True
Attention:batch_greedy_mean,16,4,0.0,0.0,True
Attention:batch_greedy_mean,17,0,0.0,0.0,True
Attention:batch_greedy_mean,17,1,0.0,0.0,True
Attention:batch_greedy_mean,17,2,0.0,0.0,True
Attention:batch_greedy_mean,17,3,0.0,0.0,True
Attention:batch_greedy_mean,17,4,0.0,0.0,True
Attention:batch_greedy_mean,18,0,0.0,0.0,True
Attention:batch_greedy_mean,18,1,0.0,0.0,True
Attention:batch_greedy_mean,18,2,0.0,0.0,True
Attention:batch_greedy_mean,18,3,0.0,0.0,True
Attention:batch_greedy_mean,18,4,0.0,0.0,True
Attention:batch_greedy_mean,19,0,0.0,0.0,True
Attention:batch_greedy_mean,19,1,0.0,0.0,True
Attention:batch_greedy_mean,19,2,0.0,0.0,True
Attention:batch_greedy_mean,19,3,0.0,0.0,True
Attention:batch_greedy_mean,19,4,0.0,0.0,True
Attention:batch_greedy_mean,20,0,0.0,0.0,True
Attention:batch_greedy_mean,20,1,0.0,0.0,True
Attention:batch_greedy_mean,20,2,0.0,0.0,True
Attention:batch_greedy_mean,20,3,0.0,0.0,True
Attention:batch_greedy_mean,20,4,0.0,0.0,True
Attention:batch_greedy_mean,21,0,0.0,0.0,True
Attention:batch_greedy_mean,21,1,0.0,0.0,True
Attention:batch_greedy_mean,21,2,0.0,0.0,True
Attention:batch_greedy_mean,21,3,0.0,0.0,True
Attention:batch_greedy_mean,21,4,0.0,0.0,True
Attention:batch_greedy_mean,22,0,0.0,0.0,True
Attention:batch_greedy_mean,22,1,0.0,0.0,True
Attention:batch_greedy_mean,22,2,0.0,0.0,True
Attention:batch_greedy_mean,22,3,0.0,0.0,True
Attention:batch_greedy_mean,22,4,0.0,0.0,True
Attention:batch_greedy_mean,23,0,0.0,0.0,True
Attention:batch_greedy_mean,23,1,0.0,0.0,True
Attention:batch_greedy_mean,23,2,0.0,0.0,True
Attention:batch_greedy_mean,23,3,0.0,0.0,True
Attention:batch_greedy_mean,23,4,0.0,0.0,True
Attention:batch_greedy_mean,24,0,0.0,0.0,True
Attention:batch_greedy_mean,24,1,0.0,0.0,True
Attention:batch_greedy_mean,24,2,0.0,0.0,True
Attention:batch_greedy_mean,24,3,0.0,0.0,True
Attention:batch_greedy_mean,24,4,0.0,0.0,True
Attention:batch_greedy_mean,25,0,0.0,0.0,True
Attention:batch_greedy_mean,25,1,0.0,0.0,True
Attention:batch_greedy_mean,25,2,0.0,0.0,True
Attention:batch_greedy_mean,25,3,0.0,0.0,True
Attention:batch_greedy_mean,25,4,0.0,0.0,True
Attention:batch_greedy_mean,26,0,0.0,0.0,True
Attention:batch_greedy_mean,26,1,0.0,0.0,True
Attention:batch_greedy_mean,26,2,0.0,0.0,True
Attention:batch_greedy_mean,26,3,0.0,0.0,True
Attention:batch_greedy_mean,26,4,0.0,0.0,True
Attention:batch_greedy_mean,27,0,0.0,0.0,True
Attention:batch_greedy_mean,27,1,0.0,0.0,True
Attention:batch_greedy_mean,27,2,0.0,0.0,True
Attention:batch_greedy_mean,27,3,0.0,0.0,True
Attention:batch_greedy_mean,27,4,0.0,0.0,True
Attention:batch_greedy_mean,28,0,0.0,0.0,True
Attention:batch_greedy_mean,28,1,0.0,0.0,True
Attention:batch_greedy_mean,28,2,0.0,0.0,True
Attention:batch_greedy_mean,28,3,0.0,0.0,True
Attention:batch_greedy_mean,28,4,0.0,0.0,True
Attention:batch_greedy_mean,29,0,0.0,0.0,True
Attention:batch_greedy_mean,29,1,0.0,0.0,True
Attention:batch_greedy_mean,29,2,0.0,0.0,True
Attention:batch_greedy_mean,29,3,0.0,0.0,True
Attention:batch_greedy_mean,29,4,0.0,0.0,True
Attention:batch_greedy_mean,30,0,0.0,0.0,True
Attention:batch_greedy_mean,30,1,0.0,0.0,True
Attention:batch_greedy_mean,30,2,0.0,0.0,True
Attention:batch_greedy_mean,30,3,0.0,0.0,True
Attention:batch_greedy_mean,30,4,0.0,0.0,True
Attention:batch_greedy_mean,31,0,0.0,0.0,True
Attention:batch_greedy_mean,31,1,0.0,0.0,True
Attention:batch_greedy_mean,31,2,0.0,0.0,True
Attention:batch_greedy_mean,31,3,0.0,0.0,True
Attention:batch_greedy_mean,31,4,0.0,0.0,True
Attention:batch_greedy_mean,32,0,0.0,0.0,True
Attention:batch_greedy_mean,32,1,0.0,0.0,True
Attention:batch_greedy_mean,32,2,0.0,0.0,True
Attention:batch_greedy_mean,32,3,0.0,0.0,True
Attention:batch_greedy_mean,32,4,0.0,0.0,True
Attention:batch_greedy_mean,33,0,0.0,0.0,True
Attention:batch_greedy_mean,33,1,0.0,0.0,True
Attention:batch_greedy_mean,33,2,0.0,0.0,True
Attention:batch_greedy_mean,33,3,0.0,0.0,True
Attention:batch_greedy_mean,33,4,0.0,0.0,True
Attention:batch_greedy_mean,34,0,0.0,0.0,True
Attention:batch_greedy_mean,34,1,0.0,0.0,True
Attention:batch_greedy_mean,34,2,0.0,0.0,True
Attention:batch_greedy_mean,34,3,0.0,0.0,True
Attention:batch_greedy_mean,34,4,0.0,0.0,True
Attention:batch_greedy_mean,35,0,0.0,0.0,True
Attention:batch_greedy_mean,35,1,0.0,0.0,True
Attention:batch_greedy_mean,35,2,0.0,0.0,True
Attention:batch_greedy_mean,35,3,0.0,0.0,True
Attention:batch_greedy_mean,35,4,0.0,0.0,True
Attention:batch_greedy_mean,36,0,0.0,0.0,True
Attention:batch_greedy_mean,36,1,0.0,0.0,True
Attention:batch_greedy_mean,36,2,0.0,0.0,True
Attention:batch_greedy_mean,36,3,0.0,0.0,True
Attention:batch_greedy_mean,36,4,0.0,0.0,True
Attention:batch_greedy_mean,37,0,0.0,0.0,True
Attention:batch_greedy_mean,37,1,0.0,0.0,True
Attention:batch_greedy_mean,37,2,0.0,0.0,True
Attention:batch_greedy_mean,37,3,0.0,0.0,True
Attention:batch_greedy_mean,37,4,0.0,0.0,True
Attention:batch_greedy_mean,38,0,0.0,0.0,True
Attention:batch_greedy_mean,38,1,0.0,0.0,True
Attention:batch_greedy_mean,38,2,0.0,0.0,True
Attention:batch_greedy_mean,38,3,0.0,0.0,True
Attention:batch_greedy_mean,38,4,0.0,0.0,True
Attention:batch_greedy_mean,39,0,0.0,0.0,True
Attention:batch_greedy_mean,39,1,0.0,0.0,True
Attention:batch_greedy_mean,39,2,0.0,0.0,True
Attention:batch_greedy_mean,39,3,0.0,0.0,True
Attention:batch_greedy_mean,39,4,0.0,0.0,True
Attention:batch_greedy_mean,40,0,0.0,0.0,True
Attention:batch_greedy_mean,40,1,0.0,0.0,True
Attention:batch_greedy_mean,40,2,0.0,0.0,True
Attention:batch_greedy_mean,40,3,0.0,0.0,True
Attention:batch_greedy_mean,40,4,0.0,0.0,True
Attention:batch_greedy_mean,41,0,0.0,0.0,True
Attention:batch_greedy_mean,41,1,0.0,0.0,True
Attention:batch_greedy_mean,41,2,0.0,0.0,True
Attention:batch_greedy_mean,41,3,0.0,0.0,True
Attention:batch_greedy_mean,41,4,0.0,0.0,True
Attention:batch_greedy_mean,42,0,0.0,0.0,True
Attention:batch_greedy_mean,42,1,0.0,0.0,True
Attention:batch_greedy_mean,42,2,0.0,0.0,True
Attention:batch_greedy_mean,42,3,0.0,0.0,True
Attention:batch_greedy_mean,42,4,0.0,0.0,True
Attention:batch_greedy_mean,43,0,0.0,0.0,True
Attention:batch_greedy_mean,43,1,0.0,0.0,True
Attention:batch_greedy_mean,43,2,0.0,0.0,True
Attention:batch_greedy_mean,43,3,0.0,0.0,True
Attention:batch_greedy_mean,43,4,0.0,0.0,True
Attention:batch_greedy_mean,44,0,0.0,0.0,True
Attention:batch_greedy_mean,44,1,0.0,0.0,True
Attention:batch_greedy_mean,44,2,0.0,0.0,True
Attention:batch_greedy_mean,44,3,0.0,0.0,True
Attention:batch_greedy_mean,44,4,0.0,0.0,True
Attention:batch_greedy_mean,45,0,0.0,0.0,True
Attention:batch_greedy_mean,45,1,0.0,0.0,True
Attention:batch_greedy_mean,45,2,0.0,0.0,True
Attention:batch_greedy_mean,45,3,0.0,0.0,True
Attention:batch_greedy_mean,45,4,0.0,0.0,True
Attention:batch_greedy_mean,46,0,0.0,0.0,True
Attention:batch_greedy_mean,46,1,0.0,0.0,True
Attention:batch_greedy_mean,46,2,0.0,0.0,True
Attention:batch_greedy_mean,46,3,0.0,0.0,True
Attention:batch_greedy_mean,46,4,0.0,0.0,True
Attention:batch_greedy_mean,47,0,0.0,0.0,True
Attention:batch_greedy_mean,47,1,0.0,0.0,True
Attention:batch_greedy_mean,47,2,0.0,0.0,True
Attention:batch_greedy_mean,47,3,0.0,0.0,True
Attention:batch_greedy_mean,47,4,0.0,0.0,True
Attention:batch_greedy_mean,48,0,0.0,0.0,True
Attention:batch_greedy_mean,48,1,0.0,0.0,True
Attention:batch_greedy_mean,48,2,0.0,0.0,True
Attention:batch_greedy_mean,48,3,0.0,0.0,True
Attention:batch_greedy_mean,48,4,0.0,0.0,True
Attention:batch_greedy_mean,49,0,0.0,0.0,True
Attention:batch_greedy_mean,49,1,0.0,0.0,True
Attention:batch_greedy_mean,49,2,0.0,0.0,True
Attention:batch_greedy_mean,49,3,0.0,0.0,True
Attention:batch_greedy_mean,49,4,0.0,0.0,True
Attention:batch_greedy_mean,50,0,0.0,0.0,True
Attention:batch_greedy_mean,50,1,0.0,0.0,True
Attention:batch_greedy_mean,50,2,0.0,0.0,True
Attention:batch_greedy_mean,50,3,0.0,0.0,True
Attention:batch_greedy_mean,50,4,0.0,0.0,True
Attention:batch_greedy_mean,51,0,0.0,0.0,True
Attention:batch_greedy_mean,51,1,0.0,0.0,True
Attention:batch_greedy_mean,51,2,0.0,0.0,True
Attention:batch_greedy_mean,51,3,0.0,0.0,True
Attention:batch_greedy_mean,51,4,0.0,0.0,True
Attention:batch_greedy_mean,52,0,0.0,0.0,True
Attention:batch_greedy_mean,52,1,0.0,0.0,True
Attention:batch_greedy_mean,52,2,0.0,0.0,True
Attention:batch_greedy_mean,52,3,0.0,0.0,True
Attention:batch_greedy_mean,52,4,0.0,0.0,True
Attention:batch_greedy_mean,53,0,0.0,0.0,True
Attention:batch_greedy_mean,53,1,0.0,0.0,True
Attention:batch_greedy_mean,53,2,0.0,0.0,True
Attention:batch_greedy_mean,53,3,0.0,0.0,True
Attention:batch_greedy_mean,53,4,0.0,0.0,True
Attention:batch_greedy_mean,54,0,0.0,0.0,True
Attention:batch_greedy_mean,54,1,0.0,0.0,True
Attention:batch_greedy_mean,54,2,0.0,0.0,True
Attention:batch_greedy_mean,54,3,0.0,0.0,True
Attention:batch_greedy_mean,54,4,0.0,0.0,True
Attention:batch_greedy_mean,55,0,0.0,0.0,True
Attention:batch_greedy_mean,55,1,0.0,0.0,True
Attention:batch_greedy_mean,55,2,0.0,0.0,True
Attention:batch_greedy_mean,55,3,0.0,0.0,True
Attention:batch_greedy_mean,55,4,0.0,0.0,True
Attention:batch_greedy_mean,56,0,0.0,0.0,True
Attention:batch_greedy_mean,56,1,0.0,0.0,True
Attention:batch_greedy_mean,56,2,0.0,0.0,True
Attention:batch_greedy_mean,56,3,0.0,0.0,True
Attention:batch_greedy_mean,56,4,0.0,0.0,True
Attention:batch_greedy_mean,57,0,0.0,0.0,True
Attention:batch_greedy_mean,57,1,0.0,0.0,True
Attention:batch_greedy_mean,57,2,0.0,0.0,True
Attention:batch_greedy_mean,57,3,0.0,0.0,True
Attention:batch_greedy_mean,57,4,0.0,0.0,True
Attention:batch_greedy_mean,58,0,0.0,0.0,True
Attention:batch_greedy_mean,58,1,0.0,0.0,True
Attention:batch_greedy_mean,58,2,0.0,0.0,True
Attention:batch_greedy_mean,58,3,0.0,0.0,True
Attention:batch_greedy_mean,58,4,0.0,0.0,True
Attention:batch_greedy_mean,59,0,0.0,0.0,True
Attention:batch_greedy_mean,59,1,0.0,0.0,True
Attention:batch_greedy_mean,59,2,0.0,0.0,True
Attention:batch_greedy_mean,59,3,0.0,0.0,True
Attention:batch_greedy_mean,59,4,0.0,0.0,True
Attention:batch_greedy_mean,60,0,0.0,0.0,True
Attention:batch_greedy_mean,60,1,0.0,0.0,True
Attention:batch_greedy_mean,60,2,0.0,0.0,True
Attention:batch_greedy_mean,60,3,0.0,0.0,True
Attention:batch_greedy_mean,60,4,0.0,0.0,True
Attention:batch_greedy_mean,61,0,0.0,0.0,True
Attention:batch_greedy_mean,61,1,0.0,0.0,True
Attention:batch_greedy_mean,61,2,0.0,0.0,True
Attention:batch_greedy_mean,61,3,0.0,0.0,True
Attention:batch_greedy_mean,61,4,0.0,0.0,True
Attention:batch_greedy_mean,62,0,0.0,0.0,True
Attention:batch_greedy_mean,62,1,0.0,0.0,True
Attention:batch_greedy_mean,62,2,0.0,0.0,True
Attention:batch_greedy_mean,62,3,0.0,0.0,True
Attention:batch_greedy_mean,62,4,0.0,0.0,True
Attention:batch_greedy_mean,63,0,0.0,0.0,True
Attention:batch_greedy_mean,63,1,0.0,0.0,True
Attention:batch_greedy_mean,63,2,0.0,0.0,True
Attention:batch_greedy_mean,63,3,0.0,0.0,True
Attention:batch_greedy_mean,63,4,0.0,0.0,True
Attention:batch_greedy_mean,64,0,0.0,0.0,True
Attention:batch_greedy_mean,64,1,0.0,0.0,True
Attention:batch_greedy_mean,64,2,0.0,0.0,True
Attention:batch_greedy_mean,64,3,0.0,0.0,True
Attention:batch_greedy_mean,64,4,0.0,0.0,True
Attention:batch_greedy_mean,65,0,0.0,0.0,True
Attention:batch_greedy_mean,65,1,0.0,0.0,True
Attention:batch_greedy_mean,65,2,0.0,0.0,True
Attention:batch_greedy_mean,65,3,0.0,0.0,True
Attention:batch_greedy_mean,65,4,0.0,0.0,True
Attention:batch_greedy_mean,66,0,0.0,0.0,True
Attention:batch_greedy_mean,66,1,0.0,0.0,True
Attention:batch_greedy_mean,66,2,0.0,0.0,True
Attention:batch_greedy_mean,66,3,0.0,0.0,True
Attention:batch_greedy_mean,66,4,0.0,0.0,True
Attention:batch_greedy_mean,67,0,0.0,0.0,True
Attention:batch_greedy_mean,67,1,0.0,0.0,True
Attention:batch_greedy_mean,67,2,0.0,0.0,True
Attention:batch_greedy_mean,67,3,0.0,0.0,True
Attention:batch_greedy_mean,67,4,0.0,0.0,True
Attention:batch_greedy_mean,68,0,0.0,0.0,True
Attention:batch_greedy_mean,68,1,0.0,0.0,True
Attention:batch_greedy_mean,68,2,0.0,0.0,True
Attention:batch_greedy_mean,68,3,0.0,0.0,True
Attention:batch_greedy_mean,68,4,0.0,0.0,True
Attention:batch_greedy_mean,69,0,0.0,0.0,True
Attention:batch_greedy_mean,69,1,0.0,0.0,True
Attention:batch_greedy_mean,69,2,0.0,0.0,True
Attention:batch_greedy_mean,69,3,0.0,0.0,True
Attention:batch_greedy_mean,69,4,0.0,0.0,True
Attention:batch_greedy_mean,70,0,0.0,0.0,True
Attention:batch_greedy_mean,70,1,0.0,0.0,True
Attention:batch_greedy_mean,70,2,0.0,0.0,True
Attention:batch_greedy_mean,70,3,0.0,0.0,True
Attention:batch_greedy_mean,70,4,0.0,0.0,True
Attention:batch_greedy_mean,71,0,0.0,0.0,True
Attention:batch_greedy_mean,71,1,0.0,0.0,True
Attention:batch_greedy_mean,71,2,0.0,0.0,True
Attention:batch_greedy_mean,71,3,0.0,0.0,True
Attention:batch_greedy_mean,71,4,0.0,0.0,True
Attention:batch_greedy_mean,72,0,0.0,0.0,True
Attention:batch_greedy_mean,72,1,0.0,0.0,True
Attention:batch_greedy_mean,72,2,0.0,0.0,True
Attention:batch_greedy_mean,72,3,0.0,0.0,True
Attention:batch_greedy_mean,72,4,0.0,0.0,True
Attention:batch_greedy_mean,73,0,0.0,0.0,True
Attention:batch_greedy_mean,73,1,0.0,0.0,True
Attention:batch_greedy_mean,73,2,0.0,0.0,True
Attention:batch_greedy_mean,73,3,0.0,0.0,True
Attention:batch_greedy_mean,73,4,0.0,0.0,True
Attention:batch_greedy_mean,74,0,0.0,0.0,True
Attention:batch_greedy_mean,74,1,0.0,0.0,True
Attention:batch_greedy_mean,74,2,0.0,0.0,True
Attention:batch_greedy_mean,74,3,0.0,0.0,True
Attention:batch_greedy_mean,74,4,0.0,0.0,True
Attention:batch_greedy_mean,75,0,0.0,0.0,True
Attention:batch_greedy_mean,75,1,0.0,0.0,True
Attention:batch_greedy_mean,75,2,0.0,0.0,True
Attention:batch_greedy_mean,75,3,0.0,0.0,True
Attention:batch_greedy_mean,75,4,0.0,0.0,True
Attention:batch_greedy_mean,76,0,0.0,0.0,True
Attention:batch_greedy_mean,76,1,0.0,0.0,True
Attention:batch_greedy_mean,76,2,0.0,0.0,True
Attention:batch_greedy_mean,76,3,0.0,0.0,True
Attention:batch_greedy_mean,76,4,0.0,0.0,True
Attention:batch_greedy_mean,77,0,0.0,0.0,True
Attention:batch_greedy_mean,77,1,0.0,0.0,True
Attention:batch_greedy_mean,77,2,0.0,0.0,True
Attention:batch_greedy_mean,77,3,0.0,0.0,True
Attention:batch_greedy_mean,77,4,0.0,0.0,True
Attention:batch_greedy_mean,78,0,0.0,0.0,True
Attention:batch_greedy_mean,78,1,0.0,0.0,True
Attention:batch_greedy_mean,78,2,0.0,0.0,True
Attention:batch_greedy_mean,78,3,0.0,0.0,True
Attention:batch_greedy_mean,78,4,0.0,0.0,True
Attention:batch_greedy_mean,79,0,0.0,0.0,True
Attention:batch_greedy_mean,79,1,0.0,0.0,True
Attention:batch_greedy_mean,79,2,0.0,0.0,True
Attention:batch_greedy_mean,79,3,0.0,0.0,True
Attention:batch_greedy_mean,79,4,0.0,0.0,True
Attention:batch_greedy_mean,80,0,0.0,0.0,True
Attention:batch_greedy_mean,80,1,0.0,0.0,True
Attention:batch_greedy_mean,80,2,0.0,0.0,True
Attention:batch_greedy_mean,80,3,0.0,0.0,True
Attention:batch_greedy_mean,80,4,0.0,0.0,True
Attention:batch_greedy_mean,81,0,0.0,0.0,True
Attention:batch_greedy_mean,81,1,0.0,0.0,True
Attention:batch_greedy_mean,81,2,0.0,0.0,True
Attention:batch_greedy_mean,81,3,0.0,0.0,True
Attention:batch_greedy_mean,81,4,0.0,0.0,True
Attention:batch_greedy_mean,82,0,0.0,0.0,True
Attention:batch_greedy_mean,82,1,0.0,0.0,True
Attention:batch_greedy_mean,82,2,0.0,0.0,True
Attention:batch_greedy_mean,82,3,0.0,0.0,True
Attention:batch_greedy_mean,82,4,0.0,0.0,True
Attention:batch_greedy_mean,83,0,0.0,0.0,True
Attention:batch_greedy_mean,83,1,0.0,0.0,True
Attention:batch_greedy_mean,83,2,0.0,0.0,True
Attention:batch_greedy_mean,83,3,0.0,0.0,True
Attention:batch_greedy_mean,83,4,0.0,0.0,True
Attention:batch_greedy_mean,84,0,0.0,0.0,True
Attention:batch_greedy_mean,84,1,0.0,0.0,True
Attention:batch_greedy_mean,84,2,0.0,0.0,True
Attention:batch_greedy_mean,84,3,0.0,0.0,True
Attention:batch_greedy_mean,84,4,0.0,0.0,True
Attention:batch_greedy_mean,85,0,0.0,0.0,True
Attention:batch_greedy_mean,85,1,0.0,0.0,True
Attention:batch_greedy_mean,85,2,0.0,0.0,True
Attention:batch_greedy_mean,85,3,0.0,0.0,True
Attention:batch_greedy_mean,85,4,0.0,0.0,True
Attention:batch_greedy_mean,86,0,0.0,0.0,True
Attention:batch_greedy_mean,86,1,0.0,0.0,True
Attention:batch_greedy_mean,86,2,0.0,0.0,True
Attention:batch_greedy_mean,86,3,0.0,0.0,True
Attention:batch_greedy_mean,86,4,0.0,0.0,True
Attention:batch_greedy_mean,87,0,0.0,0.0,True
Attention:batch_greedy_mean,87,1,0.0,0.0,True
Attention:batch_greedy_mean,87,2,0.0,0.0,True
Attention:batch_greedy_mean,87,3,0.0,0.0,True
Attention:batch_greedy_mean,87,4,0.0,0.0,True
Attention:batch_greedy_mean,88,0,0.0,0.0,True
Attention:batch_greedy_mean,88,1,0.0,0.0,True
Attention:batch_greedy_mean,88,2,0.0,0.0,True
Attention:batch_greedy_mean,88,3,0.0,0.0,True
Attention:batch_greedy_mean,88,4,0.0,0.0,True
Attention:batch_greedy_mean,89,0,0.0,0.0,True
Attention:batch_greedy_mean,89,1,0.0,0.0,True
Attention:batch_greedy_mean,89,2,0.0,0.0,True
Attention:batch_greedy_mean,89,3,0.0,0.0,True
Attention:batch_greedy_mean,89,4,0.0,0.0,True
Attention:batch_greedy_mean,90,0,0.0,0.0,True
Attention:batch_greedy_mean,90,1,0.0,0.0,True
Attention:batch_greedy_mean,90,2,0.0,0.0,True
Attention:batch_greedy_mean,90,3,0.0,0.0,True
Attention:batch_greedy_mean,90,4,0.0,0.0,True
Attention:batch_greedy_mean,91,0,0.0,0.0,True
Attention:batch_greedy_mean,91,1,0.0,0.0,True
Attention:batch_greedy_mean,91,2,0.0,0.0,True
Attention:batch_greedy_mean,91,3,0.0,0.0,True
Attention:batch_greedy_mean,91,4,0.0,0.0,True
Attention:batch_greedy_mean,92,0,0.0,0.0,True
Attention:batch_greedy_mean,92,1,0.0,0.0,True
Attention:batch_greedy_mean,92,2,0.0,0.0,True
Attention:batch_greedy_mean,92,3,0.0,0.0,True
Attention:batch_greedy_mean,92,4,0.0,0.0,True
Attention:batch_greedy_mean,93,0,0.0,0.0,True
Attention:batch_greedy_mean,93,1,0.0,0.0,True
Attention:batch_greedy_mean,93,2,0.0,0.0,True
Attention:batch_greedy_mean,93,3,0.0,0.0,True
Attention:batch_greedy_mean,93,4,0.0,0.0,True
Attention:batch_greedy_mean,94,0,0.0,0.0,True
Attention:batch_greedy_mean,94,1,0.0,0.0,True
Attention:batch_greedy_mean,94,2,0.0,0.0,True
Attention:batch_greedy_mean,94,3,0.0,0.0,True
Attention:batch_greedy_mean,94,4,0.0,0.0,True
Attention:batch_greedy_mean,95,0,0.0,0.0,True
Attention:batch_greedy_mean,95,1,0.0,0.0,True
Attention:batch_greedy_mean,95,2,0.0,0.0,True
Attention:batch_greedy_mean,95,3,0.0,0.0,True
Attention:batch_greedy_mean,95,4,0.0,0.0,True
Attention:batch_greedy_mean,96,0,0.0,0.0,True
Attention:batch_greedy_mean,96,1,0.0,0.0,True
Attention:batch_greedy_mean,96,2,0.0,0.0,True
Attention:batch_greedy_mean,96,3,0.0,0.0,True
Attention:batch_greedy_mean,96,4,0.0,0.0,True
Attention:batch_greedy_mean,97,0,0.0,0.0,True
Attention:batch_greedy_mean,97,1,0.0,0.0,True
Attention:batch_greedy_mean,97,2,0.0,0.0,True
Attention:batch_greedy_mean,97,3,0.0,0.0,True
Attention:batch_greedy_mean,97,4,0.0,0.0,True
Attention:batch_greedy_mean,98,0,0.0,0.0,True
Attention:batch_greedy_mean,98,1,0.0,0.0,True
Attention:batch_greedy_mean,98,2,0.0,0.0,True
Attention:batch_greedy_mean,98,3,0.0,0.0,True
Attention:batch_greedy_mean,98,4,0.0,0.0,True
Attention:batch_greedy_mean,99,0,0.0,0.0,True
Attention:batch_greedy_mean,99,1,0.0,0.0,True
Attention:batch_greedy_mean,99,2,0.0,0.0,True
Attention:batch_greedy_mean,99,3,0.0,0.0,True
Attention:batch_greedy_mean,99,4,0.0,0.0,True
Attention:greedy_rollout,0,0,0.0,0.0,True
Attention:greedy_rollout,0,1,0.0,0.0,True
Attention:greedy_rollout,0,2,0.0,0.0,True
Attention:greedy_rollout,0,3,0.0,0.0,True
Attention:greedy_rollout,0,4,0.0,0.0,True
Attention:greedy_rollout,1,0,0.0,0.0,True
Attention:greedy_rollout,1,1,0.0,0.0,True
Attention:greedy_rollout,1,2,0.0,0.0,True
Attention:greedy_rollout,1,3,0.0,0.0,True
Attention:greedy_rollout,1,4,0.0,0.0,True
Attention:greedy_rollout,2,0,0.0,0.0,True
Attention:greedy_rollout,2,1,0.0,0.0,True
Attention:greedy_rollout,2,2,0.0,0.0,True
Attention:greedy_rollout,2,3,0.0,0.0,True
Attention:greedy_rollout,2,4,0.0,0.0,True
Attention:greedy_rollout,3,0,0.0,0.0,True
Attention:greedy_rollout,3,1,0.0,0.0,True
Attention:greedy_rollout,3,2,0.0,0.0,True
Attention:greedy_rollout,3,3,0.0,0.0,True
Attention:greedy_rollout,3,4,0.0,0.0,True
Attention:greedy_rollout,4,0,0.0,0.0,True
Attention:greedy_rollout,4,1,0.0,0.0,True
Attention:greedy_rollout,4,2,0.0,0.0,True
Attention:greedy_rollout,4,3,0.0,0.0,True
Attention:greedy_rollout,4,4,0.0,0.0,True
Attention:greedy_rollout,5,0,0.0,0.0,True
Attention:greedy_rollout,5,1,0.0,0.0,True
Attention:greedy_rollout,5,2,0.0,0.0,True
Attention:greedy_rollout,5,3,0.0,0.0,True
Attention:greedy_rollout,5,4,0.0,0.0,True
Attention:greedy_rollout,6,0,0.0,0.0,True
Attention:greedy_rollout,6,1,0.0,0.0,True
Attention:greedy_rollout,6,2,0.0,0.0,True
Attention:greedy_rollout,6,3,0.0,0.0,True
Attention:greedy_rollout,6,4,0.0,0.0,True
Attention:greedy_rollout,7,0,0.0,0.0,True
Attention:greedy_rollout,7,1,0.0,0.0,True
Attention:greedy_rollout,7,2,0.0,0.0,True
Attention:greedy_rollout,7,3,0.0,0.0,True
Attention:greedy_rollout,7,4,0.0,0.0,True
Attention:greedy_rollout,8,0,0.0,0.0,True
Attention:greedy_rollout,8,1,0.0,0.0,True
Attention:greedy_rollout,8,2,0.0,0.0,True
Attention:greedy_rollout,8,3,0.0,0.0,True
Attention:greedy_rollout,8,4,0.0,0.0,True
Attention:greedy_rollout,9,0,0.0,0.0,True
Attention:greedy_rollout,9,1,0.0,0.0,True
Attention:greedy_rollout,9,2,0.0,0.0,True
Attention:greedy_rollout,9,3,0.0,0.0,True
Attention:greedy_rollout,9,4,0.0,0.0,True
Attention:greedy_rollout,10,0,0.0,0.0,True
Attention:greedy_rollout,10,1,0.0,0.0,True
Attention:greedy_rollout,10,2,0.0,0.0,True
Attention:greedy_rollout,10,3,0.0,0.0,True
Attention:greedy_rollout,10,4,0.0,0.0,True
Attention:greedy_rollout,11,0,0.0,0.0,True
Attention:greedy_rollout,11,1,0.0,0.0,True
Attention:greedy_rollout,11,2,0.0,0.0,True
Attention:greedy_rollout,11,3,0.0,0.0,True
Attention:greedy_rollout,11,4,0.0,0.0,True
Attention:greedy_rollout,12,0,0.0,0.0,True
Attention:greedy_rollout,12,1,0.0,0.0,True
Attention:greedy_rollout,12,2,0.0,0.0,True
Attention:greedy_rollout,12,3,0.0,0.0,True
Attention:greedy_rollout,12,4,0.0,0.0,True
Attention:greedy_rollout,13,0,0.0,0.0,True
Attention:greedy_rollout,13,1,0.0,0.0,True
Attention:greedy_rollout,13,2,0.0,0.0,True
Attention:greedy_rollout,13,3,0.0,0.0,True
Attention:greedy_rollout,13,4,0.0,0.0,True
Attention:greedy_rollout,14,0,0.0,0.0,True
Attention:greedy_rollout,14,1,0.0,0.0,True
Attention:greedy_rollout,14,2,0.0,0.0,True
Attention:greedy_rollout,14,3,0.0,0.0,True
Attention:greedy_rollout,14,4,0.0,0.0,True
Attention:greedy_rollout,15,0,0.0,0.0,True
Attention:greedy_rollout,15,1,0.0,0.0,True
Attention:greedy_rollout,15,2,0.0,0.0,True
Attention:greedy_rollout,15,3,0.0,0.0,True
Attention:greedy_rollout,15,4,0.0,0.0,True
Attention:greedy_rollout,16,0,0.0,0.0,True
Attention:greedy_rollout,16,1,0.0,0.0,True
Attention:greedy_rollout,16,2,0.0,0.0,True
Attention:greedy_rollout,16,3,0.0,0.0,True
Attention:greedy_rollout,16,4,0.0,0.0,True
Attention:greedy_rollout,17,0,0.0,0.0,True
Attention:greedy_rollout,17,1,0.0,0.0,True
Attention:greedy_rollout,17,2,0.0,0.0,True
Attention:greedy_rollout,17,3,0.0,0.0,True
Attention:greedy_rollout,17,4,0.0,0.0,True
Attention:greedy_rollout,18,0,0.0,0.0,True
Attention:greedy_rollout,18,1,0.0,0.0,True
Attention:greedy_rollout,18,2,0.0,0.0,True
Attention:greedy_rollout,18,3,0.0,0.0,True
Attention:greedy_rollout,18,4,0.0,0.0,True
Attention:greedy_rollout,19,0,0.0,0.0,True
Attention:greedy_rollout,19,1,0.0,0.0,True
Attention:greedy_rollout,19,2,0.0,0.0,True
Attention:greedy_rollout,19,3,0.0,0.0,True
Attention:greedy_rollout,19,4,0.0,0.0,True
Attention:greedy_rollout,20,0,0.0,0.0,True
Attention:greedy_rollout,20,1,0.0,0.0,True
Attention:greedy_rollout,20,2,0.0,0.0,True
Attention:greedy_rollout,20,3,0.0,0.0,True
Attention:greedy_rollout,20,4,0.0,0.0,True
Attention:greedy_rollout,21,0,0.0,0.0,True
Attention:greedy_rollout,21,1,0.0,0.0,True
Attention:greedy_rollout,21,2,0.0,0.0,True
Attention:greedy_rollout,21,3,0.0,0.0,True
Attention:greedy_rollout,21,4,0.0,0.0,True
Attention:greedy_rollout,22,0,0.0,0.0,True
Attention:greedy_rollout,22,1,0.0,0.0,True
Attention:greedy_rollout,22,2,0.0,0.0,True
Attention:greedy_rollout,22,3,0.0,0.0,True
Attention:greedy_rollout,22,4,0.0,0.0,True
Attention:greedy_rollout,23,0,0.0,0.0,True
Attention:greedy_rollout,23,1,0.0,0.0,True
Attention:greedy_rollout,23,2,0.0,0.0,True
Attention:greedy_rollout,23,3,0.0,0.0,True
Attention:greedy_rollout,23,4,0.0,0.0,True
Attention:greedy_rollout,24,0,0.0,0.0,True
Attention:greedy_rollout,24,1,0.0,0.0,True
Attention:greedy_rollout,24,2,0.0,0.0,True
Attention:greedy_rollout,24,3,0.0,0.0,True
Attention:greedy_rollout,24,4,0.0,0.0,True
Attention:greedy_rollout,25,0,0.0,0.0,True
Attention:greedy_rollout,25,1,0.0,0.0,True
Attention:greedy_rollout,25,2,0.0,0.0,True
Attention:greedy_rollout,25,3,0.0,0.0,True
Attention:greedy_rollout,25,4,0.0,0.0,True
Attention:greedy_rollout,26,0,0.0,0.0,True
Attention:greedy_rollout,26,1,0.0,0.0,True
Attention:greedy_rollout,26,2,0.0,0.0,True
Attention:greedy_rollout,26,3,0.0,0.0,True
Attention:greedy_rollout,26,4,0.0,0.0,True
Attention:greedy_rollout,27,0,0.0,0.0,True
Attention:greedy_rollout,27,1,0.0,0.0,True
Attention:greedy_rollout,27,2,0.0,0.0,True
Attention:greedy_rollout,27,3,0.0,0.0,True
Attention:greedy_rollout,27,4,0.0,0.0,True
Attention:greedy_rollout,28,0,0.0,0.0,True
Attention:greedy_rollout,28,1,0.0,0.0,True
Attention:greedy_rollout,28,2,0.0,0.0,True
Attention:greedy_rollout,28,3,0.0,0.0,True
Attention:greedy_rollout,28,4,0.0,0.0,True
Attention:greedy_rollout,29,0,0.0,0.0,True
Attention:greedy_rollout,29,1,0.0,0.0,True
Attention:greedy_rollout,29,2,0.0,0.0,True
Attention:greedy_rollout,29,3,0.0,0.0,True
Attention:greedy_rollout,29,4,0.0,0.0,True
Attention:greedy_rollout,30,0,0.0,0.0,True
Attention:greedy_rollout,30,1,0.0,0.0,True
Attention:greedy_rollout,30,2,0.0,0.0,True
Attention:greedy_rollout,30,3,0.0,0.0,True
Attention:greedy_rollout,30,4,0.0,0.0,True
Attention:greedy_rollout,31,0,0.0,0.0,True
Attention:greedy_rollout,31,1,0.0,0.0,True
Attention:greedy_rollout,31,2,0.0,0.0,True
Attention:greedy_rollout,31,3,0.0,0.0,True
Attention:greedy_rollout,31,4,0.0,0.0,True
Attention:greedy_rollout,32,0,0.0,0.0,True
Attention:greedy_rollout,32,1,0.0,0.0,True
Attention:greedy_rollout,32,2,0.0,0.0,True
Attention:greedy_rollout,32,3,0.0,0.0,True
Attention:greedy_rollout,32,4,0.0,0.0,True
Attention:greedy_rollout,33,0,0.0,0.0,True
Attention:greedy_rollout,33,1,0.0,0.0,True
Attention:greedy_rollout,33,2,0.0,0.0,True
Attention:greedy_rollout,33,3,0.0,0.0,True
Attention:greedy_rollout,33,4,0.0,0.0,True
Attention:greedy_rollout,34,0,0.0,0.0,True
Attention:greedy_rollout,34,1,0.0,0.0,True
Attention:greedy_rollout,34,2,0.0,0.0,True
Attention:greedy_rollout,34,3,0.0,0.0,True
Attention:greedy_rollout,34,4,0.0,0.0,True
Attention:greedy_rollout,35,0,0.0,0.0,True
Attention:greedy_rollout,35,1,0.0,0.0,True
Attention:greedy_rollout,35,2,0.0,0.0,True
Attention:greedy_rollout,35,3,0.0,0.0,True
Attention:greedy_rollout,35,4,0.0,0.0,True
Attention:greedy_rollout,36,0,0.0,0.0,True
Attention:greedy_rollout,36,1,0.0,0.0,True
Attention:greedy_rollout,36,2,0.0,0.0,True
Attention:greedy_rollout,36,3,0.0,0.0,True
Attention:greedy_rollout,36,4,0.0,0.0,True
Attention:greedy_rollout,37,0,0.0,0.0,True
Attention:greedy_rollout,37,1,0.0,0.0,True
Attention:greedy_rollout,37,2,0.0,0.0,True
Attention:greedy_rollout,37,3,0.0,0.0,True
Attention:greedy_rollout,37,4,0.0,0.0,True
Attention:greedy_rollout,38,0,0.0,0.0,True
Attention:greedy_rollout,38,1,0.0,0.0,True
Attention:greedy_rollout,38,2,0.0,0.0,True
Attention:greedy_rollout,38,3,0.0,0.0,True
Attention:greedy_rollout,38,4,0.0,0.0,True
Attention:greedy_rollout,39,0,0.0,0.0,True
Attention:greedy_rollout,39,1,0.0,0.0,True
Attention:greedy_rollout,39,2,0.0,0.0,True
Attention:greedy_rollout,39,3,0.0,0.0,True
Attention:greedy_rollout,39,4,0.0,0.0,True
Attention:greedy_rollout,40,0,0.0,0.0,True
Attention:greedy_rollout,40,1,0.0,0.0,True
Attention:greedy_rollout,40,2,0.0,0.0,True
Attention:greedy_rollout,40,3,0.0,0.0,True
Attention:greedy_rollout,40,4,0.0,0.0,True
Attention:greedy_rollout,41,0,0.0,0.0,True
Attention:greedy_rollout,41,1,0.0,0.0,True
Attention:greedy_rollout,41,2,0.0,0.0,True
Attention:greedy_rollout,41,3,0.0,0.0,True
Attention:greedy_rollout,41,4,0.0,0.0,True
Attention:greedy_rollout,42,0,0.0,0.0,True
Attention:greedy_rollout,42,1,0.0,0.0,True
Attention:greedy_rollout,42,2,0.0,0.0,True
Attention:greedy_rollout,42,3,0.0,0.0,True
Attention:greedy_rollout,42,4,0.0,0.0,True
Attention:greedy_rollout,43,0,0.0,0.0,True
Attention:greedy_rollout,43,1,0.0,0.0,True
Attention:greedy_rollout,43,2,0.0,0.0,True
Attention:greedy_rollout,43,3,0.0,0.0,True
Attention:greedy_rollout,43,4,0.0,0.0,True
Attention:greedy_rollout,44,0,0.0,0.0,True
Attention:greedy_rollout,44,1,0.0,0.0,True
Attention:greedy_rollout,44,2,0.0,0.0,True
Attention:greedy_rollout,44,3,0.0,0.0,True
Attention:greedy_rollout,44,4,0.0,0.0,True
Attention:greedy_rollout,45,0,0.0,0.0,True
Attention:greedy_rollout,45,1,0.0,0.0,True
Attention:greedy_rollout,45,2,0.0,0.0,True
Attention:greedy_rollout,45,3,0.0,0.0,True
Attention:greedy_rollout,45,4,0.0,0.0,True
Attention:greedy_rollout,46,0,0.0,0.0,True
Attention:greedy_rollout,46,1,0.0,0.0,True
Attention:greedy_rollout,46,2,0.0,0.0,True
Attention:greedy_rollout,46,3,0.0,0.0,True
Attention:greedy_rollout,46,4,0.0,0.0,True
Attention:greedy_rollout,47,0,0.0,0.0,True
Attention:greedy_rollout,47,1,0.0,0.0,True
Attention:greedy_rollout,47,2,0.0,0.0,True
Attention:greedy_rollout,47,3,0.0,0.0,True
Attention:greedy_rollout,47,4,0.0,0.0,True
Attention:greedy_rollout,48,0,0.0,0.0,True
Attention:greedy_rollout,48,1,0.0,0.0,True
Attention:greedy_rollout,48,2,0.0,0.0,True
Attention:greedy_rollout,48,3,0.0,0.0,True
Attention:greedy_rollout,48,4,0.0,0.0,True
Attention:greedy_rollout,49,0,0.0,0.0,True
Attention:greedy_rollout,49,1,0.0,0.0,True
Attention:greedy_rollout,49,2,0.0,0.0,True
Attention:greedy_rollout,49,3,0.0,0.0,True
Attention:greedy_rollout,49,4,0.0,0.0,True
Attention:greedy_rollout,50,0,0.0,0.0,True
Attention:greedy_rollout,50,1,0.0,0.0,True
Attention:greedy_rollout,50,2,0.0,0.0,True
Attention:greedy_rollout,50,3,0.0,0.0,True
Attention:greedy_rollout,50,4,0.0,0.0,True
Attention:greedy_rollout,51,0,0.0,0.0,True
Attention:greedy_rollout,51,1,0.0,0.0,True
Attention:greedy_rollout,51,2,0.0,0.0,True
Attention:greedy_rollout,51,3,0.0,0.0,True
Attention:greedy_rollout,51,4,0.0,0.0,True
Attention:greedy_rollout,52,0,0.0,0.0,True
Attention:greedy_rollout,52,1,0.0,0.0,True
Attention:greedy_rollout,52,2,0.0,0.0,True
Attention:greedy_rollout,52,3,0.0,0.0,True
Attention:greedy_rollout,52,4,0.0,0.0,True
Attention:greedy_rollout,53,0,0.0,0.0,True
Attention:greedy_rollout,53,1,0.0,0.0,True
Attention:greedy_rollout,53,2,0.0,0.0,True
Attention:greedy_rollout,53,3,0.0,0.0,True
Attention:greedy_rollout,53,4,0.0,0.0,True
Attention:greedy_rollout,54,0,0.0,0.0,True
Attention:greedy_rollout,54,1,0.0,0.0,True
Attention:greedy_rollout,54,2,0.0,0.0,True
Attention:greedy_rollout,54,3,0.0,0.0,True
Attention:greedy_rollout,54,4,0.0,0.0,True
Attention:greedy_rollout,55,0,0.0,0.0,True
Attention:greedy_rollout,55,1,0.0,0.0,True
Attention:greedy_rollout,55,2,0.0,0.0,True
Attention:greedy_rollout,55,3,0.0,0.0,True
Attention:greedy_rollout,55,4,0.0,0.0,True
Attention:greedy_rollout,56,0,0.0,0.0,True
Attention:greedy_rollout,56,1,0.0,0.0,True
Attention:greedy_rollout,56,2,0.0,0.0,True
Attention:greedy_rollout,56,3,0.0,0.0,True
Attention:greedy_rollout,56,4,0.0,0.0,True
Attention:greedy_rollout,57,0,0.0,0.0,True
Attention:greedy_rollout,57,1,0.0,0.0,True
Attention:greedy_rollout,57,2,0.0,0.0,True
Attention:greedy_rollout,57,3,0.0,0.0,True
Attention:greedy_rollout,57,4,0.0,0.0,True
Attention:greedy_rollout,58,0,0.0,0.0,True
Attention:greedy_rollout,58,1,0.0,0.0,True
Attention:greedy_rollout,58,2,0.0,0.0,True
Attention:greedy_rollout,58,3,0.0,0.0,True
Attention:greedy_rollout,58,4,0.0,0.0,True
Attention:greedy_rollout,59,0,0.0,0.0,True
Attention:greedy_rollout,59,1,0.0,0.0,True
Attention:greedy_rollout,59,2,0.0,0.0,True
Attention:greedy_rollout,59,3,0.0,0.0,True
Attention:greedy_rollout,59,4,0.0,0.0,True
Attention:greedy_rollout,60,0,0.0,0.0,True
Attention:greedy_rollout,60,1,0.0,0.0,True
Attention:greedy_rollout,60,2,0.0,0.0,True
Attention:greedy_rollout,60,3,0.0,0.0,True
Attention:greedy_rollout,60,4,0.0,0.0,True
Attention:greedy_rollout,61,0,0.0,0.0,True
Attention:greedy_rollout,61,1,0.0,0.0,True
Attention:greedy_rollout,61,2,0.0,0.0,True
Attention:greedy_rollout,61,3,0.0,0.0,True
Attention:greedy_rollout,61,4,0.0,0.0,True
Attention:greedy_rollout,62,0,0.0,0.0,True
Attention:greedy_rollout,62,1,0.0,0.0,True
Attention:greedy_rollout,62,2,0.0,0.0,True
Attention:greedy_rollout,62,3,0.0,0.0,True
Attention:greedy_rollout,62,4,0.0,0.0,True
Attention:greedy_rollout,63,0,0.0,0.0,True
Attention:greedy_rollout,63,1,0.0,0.0,True
Attention:greedy_rollout,63,2,0.0,0.0,True
Attention:greedy_rollout,63,3,0.0,0.0,True
Attention:greedy_rollout,63,4,0.0,0.0,True
Attention:greedy_rollout,64,0,0.0,0.0,True
Attention:greedy_rollout,64,1,0.0,0.0,True
Attention:greedy_rollout,64,2,0.0,0.0,True
Attention:greedy_rollout,64,3,0.0,0.0,True
Attention:greedy_rollout,64,4,0.0,0.0,True
Attention:greedy_rollout,65,0,0.0,0.0,True
Attention:greedy_rollout,65,1,0.0,0.0,True
Attention:greedy_rollout,65,2,0.0,0.0,True
Attention:greedy_rollout,65,3,0.0,0.0,True
Attention:greedy_rollout,65,4,0.0,0.0,True
Attention:greedy_rollout,66,0,0.0,0.0,True
Attention:greedy_rollout,66,1,0.0,0.0,True
Attention:greedy_rollout,66,2,0.0,0.0,True
Attention:greedy_rollout,66,3,0.0,0.0,True
Attention:greedy_rollout,66,4,0.0,0.0,True
Attention:greedy_rollout,67,0,0.0,0.0,True
Attention:greedy_rollout,67,1,0.0,0.0,True
Attention:greedy_rollout,67,2,0.0,0.0,True
Attention:greedy_rollout,67,3,0.0,0.0,True
Attention:greedy_rollout,67,4,0.0,0.0,True
Attention:greedy_rollout,68,0,0.0,0.0,True
Attention:greedy_rollout,68,1,0.0,0.0,True
Attention:greedy_rollout,68,2,0.0,0.0,True
Attention:greedy_rollout,68,3,0.0,0.0,True
Attention:greedy_rollout,68,4,0.0,0.0,True
Attention:greedy_rollout,69,0,0.0,0.0,True
Attention:greedy_rollout,69,1,0.0,0.0,True
Attention:greedy_rollout,69,2,0.0,0.0,True
Attention:greedy_rollout,69,3,0.0,0.0,True
Attention:greedy_rollout,69,4,0.0,0.0,True
Attention:greedy_rollout,70,0,0.0,0.0,True
Attention:greedy_rollout,70,1,0.0,0.0,True
Attention:greedy_rollout,70,2,0.0,0.0,True
Attention:greedy_rollout,70,3,0.0,0.0,True
Attention:greedy_rollout,70,4,0.0,0.0,True
Attention:greedy_rollout,71,0,0.0,0.0,True
Attention:greedy_rollout,71,1,0.0,0.0,True
Attention:greedy_rollout,71,2,0.0,0.0,True
Attention:greedy_rollout,71,3,0.0,0.0,True
Attention:greedy_rollout,71,4,0.0,0.0,True
Attention:greedy_rollout,72,0,0.0,0.0,True
Attention:greedy_rollout,72,1,0.0,0.0,True
Attention:greedy_rollout,72,2,0.0,0.0,True
Attention:greedy_rollout,72,3,0.0,0.0,True
Attention:greedy_rollout,72,4,0.0,0.0,True
Attention:greedy_rollout,73,0,0.0,0.0,True
Attention:greedy_rollout,73,1,0.0,0.0,True
Attention:greedy_rollout,73,2,0.0,0.0,True
Attention:greedy_rollout,73,3,0.0,0.0,True
Attention:greedy_rollout,73,4,0.0,0.0,True
Attention:greedy_rollout,74,0,0.0,0.0,True
Attention:greedy_rollout,74,1,0.0,0.0,True
Attention:greedy_rollout,74,2,0.0,0.0,True
Attention:greedy_rollout,74,3,0.0,0.0,True
Attention:greedy_rollout,74,4,0.0,0.0,True
Attention:greedy_rollout,75,0,0.0,0.0,True
Attention:greedy_rollout,75,1,0.0,0.0,True
Attention:greedy_rollout,75,2,0.0,0.0,True
Attention:greedy_rollout,75,3,0.0,0.0,True
Attention:greedy_rollout,75,4,0.0,0.0,True
Attention:greedy_rollout,76,0,0.0,0.0,True
Attention:greedy_rollout,76,1,0.0,0.0,True
Attention:greedy_rollout,76,2,0.0,0.0,True
Attention:greedy_rollout,76,3,0.0,0.0,True
Attention:greedy_rollout,76,4,0.0,0.0,True
Attention:greedy_rollout,77,0,0.0,0.0,True
Attention:greedy_rollout,77,1,0.0,0.0,True
Attention:greedy_rollout,77,2,0.0,0.0,True
Attention:greedy_rollout,77,3,0.0,0.0,True
Attention:greedy_rollout,77,4,0.0,0.0,True
Attention:greedy_rollout,78,0,0.0,0.0,True
Attention:greedy_rollout,78,1,0.0,0.0,True
Attention:greedy_rollout,78,2,0.0,0.0,True
Attention:greedy_rollout,78,3,0.0,0.0,True
Attention:greedy_rollout,78,4,0.0,0.0,True
Attention:greedy_rollout,79,0,0.0,0.0,True
Attention:greedy_rollout,79,1,0.0,0.0,True
Attention:greedy_rollout,79,2,0.0,0.0,True
Attention:greedy_rollout,79,3,0.0,0.0,True
Attention:greedy_rollout,79,4,0.0,0.0,True
Attention:greedy_rollout,80,0,0.0,0.0,True
Attention:greedy_rollout,80,1,0.0,0.0,True
Attention:greedy_rollout,80,2,0.0,0.0,True
Attention:greedy_rollout,80,3,0.0,0.0,True
Attention:greedy_rollout,80,4,0.0,0.0,True
Attention:greedy_rollout,81,0,0.0,0.0,True
Attention:greedy_rollout,81,1,0.0,0.0,True
Attention:greedy_rollout,81,2,0.0,0.0,True
Attention:greedy_rollout,81,3,0.0,0.0,True
Attention:greedy_rollout,81,4,0.0,0.0,True
Attention:greedy_rollout,82,0,0.0,0.0,True
Attention:greedy_rollout,82,1,0.0,0.0,True
Attention:greedy_rollout,82,2,0.0,0.0,True
Attention:greedy_rollout,82,3,0.0,0.0,True
Attention:greedy_rollout,82,4,0.0,0.0,True
Attention:greedy_rollout,83,0,0.0,0.0,True
Attention:greedy_rollout,83,1,0.0,0.0,True
Attention:greedy_rollout,83,2,0.0,0.0,True
Attention:greedy_rollout,83,3,0.0,0.0,True
Attention:greedy_rollout,83,4,0.0,0.0,True
Attention:greedy_rollout,84,0,0.0,0.0,True
Attention:greedy_rollout,84,1,0.0,0.0,True
Attention:greedy_rollout,84,2,0.0,0.0,True
Attention:greedy_rollout,84,3,0.0,0.0,True
Attention:greedy_rollout,84,4,0.0,0.0,True
Attention:greedy_rollout,85,0,0.0,0.0,True
Attention:greedy_rollout,85,1,0.0,0.0,True
Attention:greedy_rollout,85,2,0.0,0.0,True
Attention:greedy_rollout,85,3,0.0,0.0,True
Attention:greedy_rollout,85,4,0.0,0.0,True
Attention:greedy_rollout,86,0,0.0,0.0,True
Attention:greedy_rollout,86,1,0.0,0.0,True
Attention:greedy_rollout,86,2,0.0,0.0,True
Attention:greedy_rollout,86,3,0.0,0.0,True
Attention:greedy_rollout,86,4,0.0,0.0,True
Attention:greedy_rollout,87,0,0.0,0.0,True
Attention:greedy_rollout,87,1,0.0,0.0,True
Attention:greedy_rollout,87,2,0.0,0.0,True
Attention:greedy_rollout,87,3,0.0,0.0,True
Attention:greedy_rollout,87,4,0.0,0.0,True
Attention:greedy_rollout,88,0,0.0,0.0,True
Attention:greedy_rollout,88,1,0.0,0.0,True
Attention:greedy_rollout,88,2,0.0,0.0,True
Attention:greedy_rollout,88,3,0.0,0.0,True
Attention:greedy_rollout,88,4,0.0,0.0,True
Attention:greedy_rollout,89,0,0.0,0.0,True
Attention:greedy_rollout,89,1,0.0,0.0,True
Attention:greedy_rollout,89,2,0.0,0.0,True
Attention:greedy_rollout,89,3,0.0,0.0,True
Attention:greedy_rollout,89,4,0.0,0.0,True
Attention:greedy_rollout,90,0,0.0,0.0,True
Attention:greedy_rollout,90,1,0.0,0.0,True
Attention:greedy_rollout,90,2,0.0,0.0,True
Attention:greedy_rollout,90,3,0.0,0.0,True
Attention:greedy_rollout,90,4,0.0,0.0,True
Attention:greedy_rollout,91,0,0.0,0.0,True
Attention:greedy_rollout,91,1,0.0,0.0,True
Attention:greedy_rollout,91,2,0.0,0.0,True
Attention:greedy_rollout,91,3,0.0,0.0,True
Attention:greedy_rollout,91,4,0.0,0.0,True
Attention:greedy_rollout,92,0,0.0,0.0,True
Attention:greedy_rollout,92,1,0.0,0.0,True
Attention:greedy_rollout,92,2,0.0,0.0,True
Attention:greedy_rollout,92,3,0.0,0.0,True
Attention:greedy_rollout,92,4,0.0,0.0,True
Attention:greedy_rollout,93,0,0.0,0.0,True
Attention:greedy_rollout,93,1,0.0,0.0,True
Attention:greedy_rollout,93,2,0.0,0.0,True
Attention:greedy_rollout,93,3,0.0,0.0,True
Attention:greedy_rollout,93,4,0.0,0.0,True
Attention:greedy_rollout,94,0,0.0,0.0,True
Attention:greedy_rollout,94,1,0.0,0.0,True
Attention:greedy_rollout,94,2,0.0,0.0,True
Attention:greedy_rollout,94,3,0.0,0.0,True
Attention:greedy_rollout,94,4,0.0,0.0,True
Attention:greedy_rollout,95,0,0.0,0.0,True
Attention:greedy_rollout,95,1,0.0,0.0,True
Attention:greedy_rollout,95,2,0.0,0.0,True
Attention:greedy_rollout,95,3,0.0,0.0,True
Attention:greedy_rollout,95,4,0.0,0.0,True
Attention:greedy_rollout,96,0,0.0,0.0,True
Attention:greedy_rollout,96,1,0.0,0.0,True
Attention:greedy_rollout,96,2,0.0,0.0,True
Attention:greedy_rollout,96,3,0.0,0.0,True
Attention:greedy_rollout,96,4,0.0,0.0,True
Attention:greedy_rollout,97,0,0.0,0.0,True
Attention:greedy_rollout,97,1,0.0,0.0,True
Attention:greedy_rollout,97,2,0.0,0.0,True
Attention:greedy_rollout,97,3,0.0,0.0,True
Attention:greedy_rollout,97,4,0.0,0.0,True
Attention:greedy_rollout,98,0,0.0,0.0,True
Attention:greedy_rollout,98,1,0.0,0.0,True
Attention:greedy_rollout,98,2,0.0,0.0,True
Attention:greedy_rollout,98,3,0.0,0.0,True
Attention:greedy_rollout,98,4,0.0,0.0,True
Attention:greedy_rollout,99,0,0.0,0.0,True
Attention:greedy_rollout,99,1,0.0,0.0,True
Attention:greedy_rollout,99,2,0.0,0.0,True
Attention:greedy_rollout,99,3,0.0,0.0,True
Attention:greedy_rollout,99,4,0.0,0.0,True
PointerNet:batch_greedy_mean,0,0,4.205614718295934,0.35,False
PointerNet:batch_greedy_mean,0,1,0.0022593366939673842,0.1,False
PointerNet:batch_greedy_mean,0,2,3.3121836647621876,0.25,False
PointerNet:batch_greedy_mean,0,3,0.2505588773257301,0.2,False
PointerNet:batch_greedy_mean,0,4,2.0536172660019076,0.3,False
PointerNet:batch_greedy_mean,1,0,0.0718373198465514,0.1,False
PointerNet:batch_greedy_mean,1,1,1.157699030872763,0.95,False
PointerNet:batch_greedy_mean,1,2,1.253997337694372,0.85,False
PointerNet:batch_greedy_mean,1,3,1.2139306329653579,0.8,False
PointerNet:batch_greedy_mean,1,4,0.41552319108848224,0.1,False
PointerNet:batch_greedy_mean,2,0,2.6555523803735497,0.95,False
PointerNet:batch_greedy_mean,2,1,3.9544107066233494,0.95,False
PointerNet:batch_greedy_mean,2,2,6.86279239074225,0.65,False
PointerNet:batch_greedy_mean,2,3,6.338235671597509,0.85,False
PointerNet:batch_greedy_mean,2,4,0.08850717201572422,0.95,False
PointerNet:batch_greedy_mean,3,0,1.8141014854754758,0.9,False
PointerNet:batch_greedy_mean,3,1,1.686296477631629,0.9,False
PointerNet:batch_greedy_mean,3,2,4.792633761772507,0.85,False
PointerNet:batch_greedy_mean,3,3,1.8141014854754758,0.9,False
PointerNet:batch_greedy_mean,3,4,0.31833396171088424,0.9,False
PointerNet:batch_greedy_mean,4,0,1.809126952879602,0.2,False
PointerNet:batch_greedy_mean,4,1,1.2816061495699742,0.1,False
PointerNet:batch_greedy_mean,4,2,0.3149292471957281,0.9,False
PointerNet:batch_greedy_mean,4,3,2.0406245337322204,0.9,False
PointerNet:batch_greedy_mean,4,4,0.9683207198322563,0.8,False
PointerNet:batch_greedy_mean,5,0,0.2410817297361305,0.1,False
PointerNet:batch_greedy_mean,5,1,0.9951311904695643,0.9,False
PointerNet:batch_greedy_mean,5,2,0.285573961632025,0.1,False
PointerNet:batch_greedy_mean,5,3,0.285573961632025,0.1,False
PointerNet:batch_greedy_mean,5,4,1.2362129202056948,0.9,False
PointerNet:batch_greedy_mean,6,0,1.2823494155175794,0.75,False
PointerNet:batch_greedy_mean,6,1,2.573194912106324,0.7,False
PointerNet:batch_greedy_mean,6,2,0.06950194652407049,0.8,False
PointerNet:batch_greedy_mean,6,3,0.9049028019918808,0.85,False
PointerNet:batch_greedy_mean,6,4,4.260805495186041,0.75,False
PointerNet:batch_greedy_mean,7,0,0.6564385559050123,0.25,False
PointerNet:batch_greedy_mean,7,1,0.3372763835540269,0.55,False
PointerNet:batch_greedy_mean,7,2,0.3612445796859163,0.5,False
PointerNet:batch_greedy_mean,7,3,0.9858104331285489,0.3,False
PointerNet:batch_greedy_mean,7,4,1.63418320035575,0.35,False
PointerNet:batch_greedy_mean,8,0,3.4755919126616988,0.25,False
PointerNet:batch_greedy_mean,8,1,3.8065160769380952,0.95,False
PointerNet:batch_greedy_mean,8,2,0.4855947643802381,0.15,False
PointerNet:batch_greedy_mean,8,3,0.5736927795299209,0.1,False
PointerNet:batch_greedy_mean,8,4,0.5140498141176195,0.1,False
PointerNet:batch_greedy_mean,9,0,1.2594027505720504,0.9,False
PointerNet:batch_greedy_mean,9,1,0.44675630009941614,0.9,False
PointerNet:batch_greedy_mean,9,2,0.9646100664224306,0.85,False
PointerNet:batch_greedy_mean,9,3,3.7538399597194427,0.9,False
PointerNet:batch_greedy_mean,9,4,0.44675630009941614,0.9,False
PointerNet:batch_greedy_mean,10,0,1.3028339615421274,0.2,False
PointerNet:batch_greedy_mean,10,1,1.0216699696042966,0.3,False
PointerNet:batch_greedy_mean,10,2,0.0,0.0,True
PointerNet:batch_greedy_mean,10,3,0.3715573705929742,0.4,False
PointerNet:batch_greedy_mean,10,4,0.3715573705929742,0.4,False
PointerNet:batch_greedy_mean,11,0,0.18862180351304403,0.2,False
PointerNet:batch_greedy_mean,11,1,0.18862180351304403,0.2,False
PointerNet:batch_greedy_mean,11,2,1.3088045041810616,0.1,False
PointerNet:batch_greedy_mean,11,3,0.0,0.0,True
PointerNet:batch_greedy_mean,11,4,4.678759736759048,0.6,False
PointerNet:batch_greedy_mean,12,0,1.4837939989193316,0.9,False
PointerNet:batch_greedy_mean,12,1,4.657166804197921,0.55,False
PointerNet:batch_greedy_mean,12,2,2.0074950705044827,0.9,False
PointerNet:batch_greedy_mean,12,3,0.8180056544551633,0.9,False
PointerNet:batch_greedy_mean,12,4,1.7650188418559907,0.9,False
PointerNet:batch_greedy_mean,13,0,4.746569823619225,0.95,False
PointerNet:batch_greedy_mean,13,1,3.3226656359495905,0.95,False
PointerNet:batch_greedy_mean,13,2,4.939065412016788,0.8,False
PointerNet:batch_greedy_mean,13,3,3.167686901471612,0.9,False
PointerNet:batch_greedy_mean,13,4,4.545011103812037,0.8,False
PointerNet:batch_greedy_mean,14,0,2.812399195390306,0.6,False
PointerNet:batch_greedy_mean,14,1,3.431694229901609,0.4,False
PointerNet:batch_greedy_mean,14,2,0.9952230453053303,0.2,False
PointerNet:batch_greedy_mean,14,3,2.2627751859966665,0.7,False
PointerNet:batch_greedy_mean,14,4,5.332494437150054,0.4,False
PointerNet:batch_greedy_mean,15,0,0.9708390848843891,0.45,False
PointerNet:batch_greedy_mean,15,1,1.353137816981075,0.8,False
PointerNet:batch_greedy_mean,15,2,1.6423938755682315,0.3,False
PointerNet:batch_greedy_mean,15,3,0.7657768966762291,0.2,False
PointerNet:batch_greedy_mean,15,4,0.27351156157939727,0.8,False
PointerNet:batch_greedy_mean,16,0,2.23709553622227,0.9,False
PointerNet:batch_greedy_mean,16,1,3.2318924844387027,0.6,False
PointerNet:batch_greedy_mean,16,2,3.888506735203805,0.8,False
PointerNet:batch_greedy_mean,16,3,3.149855045010071,0.9,False
PointerNet:batch_greedy_mean,16,4,2.8916590743668635,0.9,False
PointerNet:batch_greedy_mean,17,0,1.6395206543814993,0.2,False
PointerNet:batch_greedy_mean,17,1,0.0,0.0,True
PointerNet:batch_greedy_mean,17,2,0.19518922249659454,0.1,False
PointerNet:batch_greedy_mean,17,3,0.0,0.0,True
PointerNet:batch_greedy_mean,17,4,0.19518922249659454,0.1,False
PointerNet:batch_greedy_mean,18,0,5.155450791708425,0.4,False
PointerNet:batch_greedy_mean,18,1,2.258217087162244,0.4,False
PointerNet:batch_greedy_mean,18,2,0.11387325553720729,0.3,False
PointerNet:batch_greedy_mean,18,3,0.4910282139494839,0.55,False
PointerNet:batch_greedy_mean,18,4,1.2046348383831003,0.55,False
PointerNet:batch_greedy_mean,19,0,3.3437111450349732,0.1,False
PointerNet:batch_greedy_mean,19,1,3.3437111450349732,0.1,False
PointerNet:batch_greedy_mean,19,2,3.3437111450349732,0.1,False
PointerNet:batch_greedy_mean,19,3,3.3437111450349732,0.1,False
PointerNet:batch_greedy_mean,19,4,6.804419533538997,0.5,False
PointerNet:batch_greedy_mean,20,0,2.4773377259839435,0.25,False
PointerNet:batch_greedy_mean,20,1,5.060325755116445,0.4,False
PointerNet:batch_greedy_mean,20,2,2.986008614607286,0.45,False
PointerNet:batch_greedy_mean,20,3,1.8397642027788876,0.15,False
PointerNet:batch_greedy_mean,20,4,2.3601129547157598,0.25,False
PointerNet:batch_greedy_mean,21,0,2.0355243129134735,0.9,False
PointerNet:batch_greedy_mean,21,1,2.0355243129134735,0.9,False
PointerNet:batch_greedy_mean,21,2,1.7118305594183454,0.9,False
PointerNet:batch_greedy_mean,21,3,1.515060725961682,0.9,False
PointerNet:batch_greedy_mean,21,4,0.9379062832153053,0.3,False
PointerNet:batch_greedy_mean,22,0,0.6163875456557832,0.9,False
PointerNet:batch_greedy_mean,22,1,0.30630727317404194,0.9,False
PointerNet:batch_greedy_mean,22,2,0.31988430728328865,0.9,False
PointerNet:batch_greedy_mean,22,3,1.4148674961226604,0.9,False
PointerNet:batch_greedy_mean,22,4,0.31988430728328865,0.9,False
PointerNet:batch_greedy_mean,23,0,0.5164095423636326,0.9,False
PointerNet:batch_greedy_mean,23,1,7.599716205045482,0.4,False
PointerNet:batch_greedy_mean,23,2,0.0,0.0,True
PointerNet:batch_greedy_mean,23,3,0.19737812472179428,0.9,False
PointerNet:batch_greedy_mean,23,4,0.7041727622350038,0.15,False
PointerNet:batch_greedy_mean,24,0,0.41268172375558976,0.15,False
PointerNet:batch_greedy_mean,24,1,0.13620752690427196,0.1,False
PointerNet:batch_greedy_mean,24,2,0.9854466673556743,0.1,False
PointerNet:batch_greedy_mean,24,3,0.12633245810875593,0.3,False
PointerNet:batch_greedy_mean,24,4,0.9854466673556743,0.1,False
PointerNet:batch_greedy_mean,25,0,2.179183698558205,0.55,False
PointerNet:batch_greedy_mean,25,1,1.9380912205966965,0.55,False
PointerNet:batch_greedy_mean,25,2,1.9488542465864285,0.35,False
PointerNet:batch_greedy_mean,25,3,1.0130411224286107,0.9,False
PointerNet:batch_greedy_mean,25,4,2.9062611401458938,0.7,False
PointerNet:batch_greedy_mean,26,0,0.9301809895000446,0.85,False
PointerNet:batch_greedy_mean,26,1,1.4813440010851906,0.85,False
PointerNet:batch_greedy_mean,26,2,2.1174836739103284,0.9,False
PointerNet:batch_greedy_mean,26,3,1.4297127635751536,0.8,False
PointerNet:batch_greedy_mean,26,4,1.714218822115484,0.9,False
PointerNet:batch_greedy_mean,27,0,3.1988781519742346,0.95,False
PointerNet:batch_greedy_mean,27,1,3.384553671788126,0.9,False
PointerNet:batch_greedy_mean,27,2,0.8749063924355056,0.9,False
PointerNet:batch_greedy_mean,27,3,0.0,0.0,True
PointerNet:batch_greedy_mean,27,4,1.1495838912448804,0.9,False
PointerNet:batch_greedy_mean,28,0,2.1087609615665315,0.3,False
PointerNet:batch_greedy_mean,28,1,2.759705422108297,0.45,False
PointerNet:batch_greedy_mean,28,2,0.08685143990209099,0.8,False
PointerNet:batch_greedy_mean,28,3,1.8623417474977941,0.5,False
PointerNet:batch_greedy_mean,28,4,0.609751182426912,0.9,False
PointerNet:batch_greedy_mean,29,0,0.07833122897041278,0.9,False
PointerNet:batch_greedy_mean,29,1,2.782299963374456,0.3,False
PointerNet:batch_greedy_mean,29,2,0.11200640400548423,0.95,False
PointerNet:batch_greedy_mean,29,3,1.665119953676104,0.9,False
PointerNet:batch_greedy_mean,29,4,0.11200640400548423,0.95,False
PointerNet:batch_greedy_mean,30,0,0.15148470961119642,0.4,False
PointerNet:batch_greedy_mean,30,1,0.49731881576611414,0.5,False
PointerNet:batch_greedy_mean,30,2,1.3989766443822518,0.1,False
PointerNet:batch_greedy_mean,30,3,0.11515896458559638,0.3,False
PointerNet:batch_greedy_mean,30,4,0.11515896458559638,0.3,False
PointerNet:batch_greedy_mean,31,0,3.7332245762361325,0.1,False
PointerNet:batch_greedy_mean,31,1,4.759470659638247,0.2,False
PointerNet:batch_greedy_mean,31,2,3.5603016693064404,0.25,False
PointerNet:batch_greedy_mean,31,3,0.0,0.0,True
PointerNet:batch_greedy_mean,31,4,7.036903667785587,0.4,False
PointerNet:batch_greedy_mean,32,0,0.4052233661287161,0.9,False
PointerNet:batch_greedy_mean,32,1,0.8703702701187481,0.2,False
PointerNet:batch_greedy_mean,32,2,0.4052233661287161,0.9,False
PointerNet:batch_greedy_mean,32,3,0.8583237425436465,0.85,False
PointerNet:batch_greedy_mean,32,4,2.020353671389877,0.85,False
PointerNet:batch_greedy_mean,33,0,0.5268726748521644,0.95,False
PointerNet:batch_greedy_mean,33,1,0.01648497862341003,0.1,False
PointerNet:batch_greedy_mean,33,2,1.1269513722054185,0.65,False
PointerNet:batch_greedy_mean,33,3,0.7029299960909441,0.65,False
PointerNet:batch_greedy_mean,33,4,1.3675966045165069,0.9,False
PointerNet:batch_greedy_mean,34,0,0.9197682952123714,0.9,False
PointerNet:batch_greedy_mean,34,1,4.438159418266096,0.9,False
PointerNet:batch_greedy_mean,34,2,0.29939524795896233,0.75,False
PointerNet:batch_greedy_mean,34,3,1.0536254370214309,0.8,False
PointerNet:batch_greedy_mean,34,4,1.036215068033492,0.75,False
PointerNet:batch_greedy_mean,35,0,1.170026995846797,0.2,False
PointerNet:batch_greedy_mean,35,1,0.0,0.0,True
PointerNet:batch_greedy_mean,35,2,1.6907603820951351,0.15,False
PointerNet:batch_greedy_mean,35,3,0.023311260336903672,0.2,False
PointerNet:batch_greedy_mean,35,4,0.08783950247107697,0.1,False
PointerNet:batch_greedy_mean,36,0,0.5535272948309427,0.55,False
PointerNet:batch_greedy_mean,36,1,3.2273701891447146,0.55,False
PointerNet:batch_greedy_mean,36,2,1.703301109071944,0.2,False
PointerNet:batch_greedy_mean,36,3,1.3896091069187406,0.95,False
PointerNet:batch_greedy_mean,36,4,3.2273701891447146,0.55,False
PointerNet:batch_greedy_mean,37,0,4.1475984886647055,0.9,False
PointerNet:batch_greedy_mean,37,1,0.8554700833756002,0.9,False
PointerNet:batch_greedy_mean,37,2,1.4688324909292803,0.9,False
PointerNet:batch_greedy_mean,37,3,0.7807340039694282,0.1,False
PointerNet:batch_greedy_mean,37,4,0.9610159579487814,0.95,False
PointerNet:batch_greedy_mean,38,0,1.2874336827972854,0.5,False
PointerNet:batch_greedy_mean,38,1,0.7458328079261349,0.6,False
PointerNet:batch_greedy_mean,38,2,0.7458328079261349,0.6,False
PointerNet:batch_greedy_mean,38,3,0.7458328079261349,0.6,False
PointerNet:batch_greedy_mean,38,4,0.0,0.0,True
PointerNet:batch_greedy_mean,39,0,2.191574460871827,0.9,False
PointerNet:batch_greedy_mean,39,1,2.3214348559161806,0.9,False
PointerNet:batch_greedy_mean,39,2,0.8426180971465058,0.9,False
PointerNet:batch_greedy_mean,39,3,1.1494015895507488,0.9,False
PointerNet:batch_greedy_mean,39,4,2.2449718618013534,0.9,False
PointerNet:batch_greedy_mean,40,0,1.7050456412262562,0.1,False
PointerNet:batch_greedy_mean,40,1,0.943998640040931,0.4,False
PointerNet:batch_greedy_mean,40,2,1.7050456412262562,0.1,False
PointerNet:batch_greedy_mean,40,3,2.2300891777169127,0.2,False
PointerNet:batch_greedy_mean,40,4,1.7050456412262562,0.1,False
PointerNet:batch_greedy_mean,41,0,0.7815637727644003,0.9,False
PointerNet:batch_greedy_mean,41,1,1.1687450966758774,0.9,False
PointerNet:batch_greedy_mean,41,2,1.1687450966758846,0.9,False
PointerNet:batch_greedy_mean,41,3,0.7815637727644003,0.9,False
PointerNet:batch_greedy_mean,41,4,1.1687450966758846,0.9,False
PointerNet:batch_greedy_mean,42,0,0.7238201359792882,0.3,False
PointerNet:batch_greedy_mean,42,1,2.035072743754462,0.9,False
PointerNet:batch_greedy_mean,42,2,1.6623771899515276,0.3,False
PointerNet:batch_greedy_mean,42,3,5.915972303399286,0.9,False
PointerNet:batch_greedy_mean,42,4,0.38431633789197406,0.1,False
PointerNet:batch_greedy_mean,43,0,1.9684994763890344,0.9,False
PointerNet:batch_greedy_mean,43,1,1.9684994763890344,0.9,False
PointerNet:batch_greedy_mean,43,2,2.527745887968173,0.5,False
PointerNet:batch_greedy_mean,43,3,0.6228016709506932,0.9,False
PointerNet:batch_greedy_mean,43,4,4.575724700806546,0.9,False
PointerNet:batch_greedy_mean,44,0,1.7889727351959763,0.9,False
PointerNet:batch_greedy_mean,44,1,0.23443437001272116,0.4,False
PointerNet:batch_greedy_mean,44,2,2.236990035754168,0.5,False
PointerNet:batch_greedy_mean,44,3,4.418661421286288,0.95,False
PointerNet:batch_greedy_mean,44,4,1.0857595584138835,0.35,False
PointerNet:batch_greedy_mean,45,0,2.3651706281775517,0.9,False
PointerNet:batch_greedy_mean,45,1,0.36378647224105976,0.35,False
PointerNet:batch_greedy_mean,45,2,0.9675956846408198,0.2,False
PointerNet:batch_greedy_mean,45,3,2.6493453102423956,0.45,False
PointerNet:batch_greedy_mean,45,4,2.6493453102423956,0.45,False
PointerNet:batch_greedy_mean,46,0,0.42038822857792013,0.85,False
PointerNet:batch_greedy_mean,46,1,1.292541542308534,0.4,False
PointerNet:batch_greedy_mean,46,2,1.292541542308534,0.4,False
PointerNet:batch_greedy_mean,46,3,1.4471571164072685,0.3,False
PointerNet:batch_greedy_mean,46,4,2.052802164200102,0.4,False
PointerNet:batch_greedy_mean,47,0,2.026236012084027,0.95,False
PointerNet:batch_greedy_mean,47,1,1.1755587059761723,0.25,False
PointerNet:batch_greedy_mean,47,2,2.2017673021166004,0.35,False
PointerNet:batch_greedy_mean,47,3,1.5546808531535206,0.15,False
PointerNet:batch_greedy_mean,47,4,0.7052611457190991,0.85,False
PointerNet:batch_greedy_mean,48,0,2.5534121827131244,0.9,False
PointerNet:batch_greedy_mean,48,1,0.8337535054096037,0.3,False
PointerNet:batch_greedy_mean,48,2,0.9585829416692562,0.2,False
PointerNet:batch_greedy_mean,48,3,2.6258272283015813,0.9,False
PointerNet:batch_greedy_mean,48,4,2.5534121827131244,0.9,False
PointerNet:batch_greedy_mean,49,0,0.3007306544801196,0.9,False
PointerNet:batch_greedy_mean,49,1,2.4026130691188996,0.95,False
PointerNet:batch_greedy_mean,49,2,1.406072105980492,0.3,False
PointerNet:batch_greedy_mean,49,3,1.1954016772918337,0.2,False
PointerNet:batch_greedy_mean,49,4,0.504066007845708,0.2,False
PointerNet:batch_greedy_mean,50,0,2.9807022663081426,0.55,False
PointerNet:batch_greedy_mean,50,1,2.592829674412002,0.6,False
PointerNet:batch_greedy_mean,50,2,3.0647320063339407,0.2,False
PointerNet:batch_greedy_mean,50,3,0.6556565112172237,0.75,False
PointerNet:batch_greedy_mean,50,4,1.8801370405739988,0.1,False
PointerNet:batch_greedy_mean,51,0,0.0,0.0,True
PointerNet:batch_greedy_mean,51,1,0.03164653761101022,0.9,False
PointerNet:batch_greedy_mean,51,2,0.23781263249677664,0.9,False
PointerNet:batch_greedy_mean,51,3,0.2226919426884848,0.9,False
PointerNet:batch_greedy_mean,51,4,0.0394329150646513,0.9,False
PointerNet:batch_greedy_mean,52,0,5.420674369321695,0.45,False
PointerNet:batch_greedy_mean,52,1,1.277084588936674,0.2,False
PointerNet:batch_greedy_mean,52,2,5.420674369321695,0.45,False
PointerNet:batch_greedy_mean,52,3,0.811386744233161,0.9,False
PointerNet:batch_greedy_mean,52,4,4.438371001799453,0.35,False
PointerNet:batch_greedy_mean,53,0,0.381108907043604,0.9,False
PointerNet:batch_greedy_mean,53,1,1.0955293865892486,0.35,False
PointerNet:batch_greedy_mean,53,2,0.4983137177811514,0.25,False
PointerNet:batch_greedy_mean,53,3,0.4983137177811514,0.25,False
PointerNet:batch_greedy_mean,53,4,0.4983137177811514,0.25,False
PointerNet:batch_greedy_mean,54,0,0.1692779344067077,0.15,False
PointerNet:batch_greedy_mean,54,1,0.3875621777028755,0.1,False
PointerNet:batch_greedy_mean,54,2,3.588932589834286,0.85,False
PointerNet:batch_greedy_mean,54,3,3.1947178798973894,0.85,False
PointerNet:batch_greedy_mean,54,4,0.7228642643411476,0.8,False
PointerNet:batch_greedy_mean,55,0,0.5611602018370405,0.45,False
PointerNet:batch_greedy_mean,55,1,1.0700722561328533,0.45,False
PointerNet:batch_greedy_mean,55,2,1.2745396248992478,0.45,False
PointerNet:batch_greedy_mean,55,3,4.348049951260592,0.95,False
PointerNet:batch_greedy_mean,55,4,0.5611602018370334,0.45,False
PointerNet:batch_greedy_mean,56,0,8.304416602111111,0.95,False
PointerNet:batch_greedy_mean,56,1,4.270910000680786,0.95,False
PointerNet:batch_greedy_mean,56,2,6.111938103099959,0.55,False
PointerNet:batch_greedy_mean,56,3,3.3307157874699413,0.35,False
PointerNet:batch_greedy_mean,56,4,2.8803261289880595,0.95,False
PointerNet:batch_greedy_mean,57,0,1.2664220199314258,0.55,False
PointerNet:batch_greedy_mean,57,1,0.20999339166947095,0.3,False
PointerNet:batch_greedy_mean,57,2,0.5359569657984622,0.95,False
PointerNet:batch_greedy_mean,57,3,0.3422407458659009,0.5,False
PointerNet:batch_greedy_mean,57,4,3.7497010109467155,0.4,False
PointerNet:batch_greedy_mean,58,0,3.0975128001520886,0.8,False
PointerNet:batch_greedy_mean,58,1,2.5415664479504514,0.9,False
PointerNet:batch_greedy_mean,58,2,2.4166915177550408,0.8,False
PointerNet:batch_greedy_mean,58,3,2.3192529758760756,0.8,False
PointerNet:batch_greedy_mean,58,4,2.3192529758760756,0.8,False
PointerNet:batch_greedy_mean,59,0,0.9092101346402188,0.1,False
PointerNet:batch_greedy_mean,59,1,1.9414055276500903,0.25,False
PointerNet:batch_greedy_mean,59,2,1.132086154576939,0.2,False
PointerNet:batch_greedy_mean,59,3,2.1642815475868105,0.35,False
PointerNet:batch_greedy_mean,59,4,1.132086154576939,0.2,False
PointerNet:batch_greedy_mean,60,0,0.4825279772693065,0.25,False
PointerNet:batch_greedy_mean,60,1,1.0725682441650903,0.2,False
PointerNet:batch_greedy_mean,60,2,2.4217139387366373,0.2,False
PointerNet:batch_greedy_mean,60,3,5.254223768473608,0.9,False
PointerNet:batch_greedy_mean,60,4,0.4998144188418223,0.5,False
PointerNet:batch_greedy_mean,61,0,0.0614750272007214,0.1,False
PointerNet:batch_greedy_mean,61,1,1.5339985347207516,0.1,False
PointerNet:batch_greedy_mean,61,2,0.9168330446972561,0.2,False
PointerNet:batch_greedy_mean,61,3,2.5168566079210635,0.75,False
PointerNet:batch_greedy_mean,61,4,1.595473561921466,0.2,False
PointerNet:batch_greedy_mean,62,0,5.206546666934656,0.45,False
PointerNet:batch_greedy_mean,62,1,0.8630029146484475,0.25,False
PointerNet:batch_greedy_mean,62,2,5.438126362626342,0.95,False
PointerNet:batch_greedy_mean,62,3,1.4899407492992083,0.35,False
PointerNet:batch_greedy_mean,62,4,0.8630029146484404,0.25,False
PointerNet:batch_greedy_mean,63,0,0.5295863475522467,0.85,False
PointerNet:batch_greedy_mean,63,1,0.5081274151576523,0.85,False
PointerNet:batch_greedy_mean,63,2,2.655334357551844,0.95,False
PointerNet:batch_greedy_mean,63,3,1.5230328489992928,0.9,False
PointerNet:batch_greedy_mean,63,4,1.3212802209877026,0.95,False
PointerNet:batch_greedy_mean,64,0,4.398073160270435,0.95,False
PointerNet:batch_greedy_mean,64,1,0.6434972496743612,0.15,False
PointerNet:batch_greedy_mean,64,2,2.783378569591335,0.8,False
PointerNet:batch_greedy_mean,64,3,1.2016935419854136,0.95,False
PointerNet:batch_greedy_mean,64,4,1.0936178887316714,0.75,False
PointerNet:batch_greedy_mean,65,0,1.7388478744971962,0.2,False
PointerNet:batch_greedy_mean,65,1,2.2640585502569195,0.1,False
PointerNet:batch_greedy_mean,65,2,2.283646091255193,0.9,False
PointerNet:batch_greedy_mean,65,3,2.6922883789178798,0.9,False
PointerNet:batch_greedy_mean,65,4,0.7644496273577772,0.9,False
PointerNet:batch_greedy_mean,66,0,0.8600381113046325,0.2,False
PointerNet:batch_greedy_mean,66,1,1.4647822434224622,0.25,False
PointerNet:batch_greedy_mean,66,2,0.6088500796671426,0.1,False
PointerNet:batch_greedy_mean,66,3,1.5953802619249586,0.95,False
PointerNet:batch_greedy_mean,66,4,0.6040755888391871,0.3,False
PointerNet:batch_greedy_mean,67,0,0.800221967728362,0.9,False
PointerNet:batch_greedy_mean,67,1,4.012243073547367,0.9,False
PointerNet:batch_greedy_mean,67,2,1.051460277608868,0.1,False
PointerNet:batch_greedy_mean,67,3,5.553009150463922,0.55,False
PointerNet:batch_greedy_mean,67,4,4.68776905776302,0.9,False
PointerNet:batch_greedy_mean,68,0,2.273592201743007,0.4,False
PointerNet:batch_greedy_mean,68,1,0.03613564756157217,0.35,False
PointerNet:batch_greedy_mean,68,2,1.9146272732457774,0.5,False
PointerNet:batch_greedy_mean,68,3,0.23823839250170664,0.2,False
PointerNet:batch_greedy_mean,68,4,0.5260617938993803,0.2,False
PointerNet:batch_greedy_mean,69,0,0.17094027494425745,0.1,False
PointerNet:batch_greedy_mean,69,1,4.595125155739417,0.95,False
PointerNet:batch_greedy_mean,69,2,4.059928280979342,0.9,False
PointerNet:batch_greedy_mean,69,3,0.17094027494425745,0.1,False
PointerNet:batch_greedy_mean,69,4,0.17094027494425745,0.1,False
PointerNet:batch_greedy_mean,70,0,0.550667505627672,0.2,False
PointerNet:batch_greedy_mean,70,1,0.17267668227534472,0.1,False
PointerNet:batch_greedy_mean,70,2,0.37744193115819513,0.2,False
PointerNet:batch_greedy_mean,70,3,0.16808037205423432,0.1,False
PointerNet:batch_greedy_mean,70,4,0.7972449726008364,0.95,False
PointerNet:batch_greedy_mean,71,0,1.0455189133789418,0.35,False
PointerNet:batch_greedy_mean,71,1,3.480070002446652,0.45,False
PointerNet:batch_greedy_mean,71,2,2.313192543160895,0.45,False
PointerNet:batch_greedy_mean,71,3,3.3075296208782134,0.4,False
PointerNet:batch_greedy_mean,71,4,4.739034761581301,0.55,False
PointerNet:batch_greedy_mean,72,0,0.5476537599464635,0.6,False
PointerNet:batch_greedy_mean,72,1,1.9512468766808695,0.85,False
PointerNet:batch_greedy_mean,72,2,0.774688854048911,0.75,False
PointerNet:batch_greedy_mean,72,3,2.2079737904191887,0.9,False
PointerNet:batch_greedy_mean,72,4,2.2079737904191887,0.9,False
PointerNet:batch_greedy_mean,73,0,3.0410273640713683,0.4,False
PointerNet:batch_greedy_mean,73,1,3.7482666495453216,0.6,False
PointerNet:batch_greedy_mean,73,2,4.901692774112128,0.95,False
PointerNet:batch_greedy_mean,73,3,3.0410273640713683,0.4,False
PointerNet:batch_greedy_mean,73,4,0.5223233782646446,0.1,False
PointerNet:batch_greedy_mean,74,0,0.40992921280908945,0.4,False
PointerNet:batch_greedy_mean,74,1,1.0640787969331456,0.3,False
PointerNet:batch_greedy_mean,74,2,0.7846788009867822,0.25,False
PointerNet:batch_greedy_mean,74,3,0.8454996545502951,0.35,False
PointerNet:batch_greedy_mean,74,4,4.490752897279393,0.5,False
PointerNet:batch_greedy_mean,75,0,0.3980896766272153,0.9,False
PointerNet:batch_greedy_mean,75,1,1.5289812204455515,0.95,False
PointerNet:batch_greedy_mean,75,2,0.506117010783079,0.9,False
PointerNet:batch_greedy_mean,75,3,1.5606515994231387,0.1,False
PointerNet:batch_greedy_mean,75,4,0.02959142010364957,0.25,False
PointerNet:batch_greedy_mean,76,0,2.0074854943128244,0.25,False
PointerNet:batch_greedy_mean,76,1,1.0278033856431605,0.75,False
PointerNet:batch_greedy_mean,76,2,0.0,0.0,True
PointerNet:batch_greedy_mean,76,3,0.5503895758958564,0.2,False
PointerNet:batch_greedy_mean,76,4,0.7861866180966572,0.35,False
PointerNet:batch_greedy_mean,77,0,1.2087039548356415,0.35,False
PointerNet:batch_greedy_mean,77,1,3.2912635365139664,0.9,False
PointerNet:batch_greedy_mean,77,2,0.0,0.0,True
PointerNet:batch_greedy_mean,77,3,1.0043636102936873,0.9,False
PointerNet:batch_greedy_mean,77,4,1.0043636102936873,0.9,False
PointerNet:batch_greedy_mean,78,0,1.4620748071720087,0.1,False
PointerNet:batch_greedy_mean,78,1,1.4620748071720087,0.1,False
PointerNet:batch_greedy_mean,78,2,2.75924541483392,0.1,False
PointerNet:batch_greedy_mean,78,3,1.4620748071720087,0.1,False
PointerNet:batch_greedy_mean,78,4,0.0,0.0,True
PointerNet:batch_greedy_mean,79,0,1.6064455874050552,0.8,False
PointerNet:batch_greedy_mean,79,1,2.501506962260521,0.4,False
PointerNet:batch_greedy_mean,79,2,0.054924305246295546,0.45,False
PointerNet:batch_greedy_mean,79,3,5.398666755970574,0.65,False
PointerNet:batch_greedy_mean,79,4,2.9484086491515598,0.3,False
PointerNet:batch_greedy_mean,80,0,11.682508106591335,0.65,False
PointerNet:batch_greedy_mean,80,1,1.1204657895354515,0.2,False
PointerNet:batch_greedy_mean,80,2,1.0004155214428962,0.9,False
PointerNet:batch_greedy_mean,80,3,0.3812306543295918,0.9,False
PointerNet:batch_greedy_mean,80,4,1.066004144023026,0.9,False
PointerNet:batch_greedy_mean,81,0,1.2724001869082215,0.35,False
PointerNet:batch_greedy_mean,81,1,0.0,0.0,True
PointerNet:batch_greedy_mean,81,2,1.2724001869082215,0.35,False
PointerNet:batch_greedy_mean,81,3,0.037474335974160056,0.45,False
PointerNet:batch_greedy_mean,81,4,2.151402297708522,0.4,False
PointerNet:batch_greedy_mean,82,0,0.6332708536220935,0.8,False
PointerNet:batch_greedy_mean,82,1,0.0,0.0,True
PointerNet:batch_greedy_mean,82,2,0.0,0.0,True
PointerNet:batch_greedy_mean,82,3,4.566125038820672,0.9,False
PointerNet:batch_greedy_mean,82,4,2.298681290438566,0.9,False
PointerNet:batch_greedy_mean,83,0,3.0612247002382844,0.85,False
PointerNet:batch_greedy_mean,83,1,0.05548980841812323,0.1,False
PointerNet:batch_greedy_mean,83,2,0.5518945928823271,0.75,False
PointerNet:batch_greedy_mean,83,3,0.5263593130264468,0.55,False
PointerNet:batch_greedy_mean,83,4,1.9349075982566362,0.6,False
PointerNet:batch_greedy_mean,84,0,0.8398339791588114,0.8,False
PointerNet:batch_greedy_mean,84,1,2.7845504726046926,0.2,False
PointerNet:batch_greedy_mean,84,2,10.564442595020246,0.5,False
PointerNet:batch_greedy_mean,84,3,0.14585934469796769,0.15,False
PointerNet:batch_greedy_mean,84,4,9.112307658006557,0.55,False
PointerNet:batch_greedy_mean,85,0,3.0812326935368475,0.9,False
PointerNet:batch_greedy_mean,85,1,3.7600657458394053,0.9,False
PointerNet:batch_greedy_mean,85,2,4.015631767933407,0.85,False
PointerNet:batch_greedy_mean,85,3,2.2365379364985927,0.9,False
PointerNet:batch_greedy_mean,85,4,2.4734244773184315,0.95,False
PointerNet:batch_greedy_mean,86,0,0.8174654548968903,0.45,False
PointerNet:batch_greedy_mean,86,1,0.9618698845449671,0.35,False
PointerNet:batch_greedy_mean,86,2,0.1576439330324888,0.1,False
PointerNet:batch_greedy_mean,86,3,0.0,0.0,True
PointerNet:batch_greedy_mean,86,4,0.2692297921652482,0.1,False
PointerNet:batch_greedy_mean,87,0,0.6088824934429127,0.15,False
PointerNet:batch_greedy_mean,87,1,0.41330672141381797,0.95,False
PointerNet:batch_greedy_mean,87,2,0.1512476758258643,0.95,False
PointerNet:batch_greedy_mean,87,3,0.34579704247434506,0.95,False
PointerNet:batch_greedy_mean,87,4,0.34579704247434506,0.95,False
PointerNet:batch_greedy_mean,88,0,0.362929253535917,0.25,False
PointerNet:batch_greedy_mean,88,1,1.5629762375659055,0.35,False
PointerNet:batch_greedy_mean,88,2,1.4489681409955395,0.25,False
PointerNet:batch_greedy_mean,88,3,0.4853276759899572,0.15,False
PointerNet:batch_greedy_mean,88,4,4.2578783607193245,0.25,False
PointerNet:batch_greedy_mean,89,0,1.890662651349139,0.8,False
PointerNet:batch_greedy_mean,89,1,0.5483517828288598,0.4,False
PointerNet:batch_greedy_mean,89,2,2.334163289634219,0.2,False
PointerNet:batch_greedy_mean,89,3,1.7111653273924787,0.9,False
PointerNet:batch_greedy_mean,89,4,0.5338060223270134,0.8,False
PointerNet:batch_greedy_mean,90,0,4.243314770166194,0.4,False
PointerNet:batch_greedy_mean,90,1,1.0577032546104022,0.1,False
PointerNet:batch_greedy_mean,90,2,2.71777429749784,0.95,False
PointerNet:batch_greedy_mean,90,3,1.2972185691320135,0.95,False
PointerNet:batch_greedy_mean,90,4,0.9672493181609525,0.15,False
PointerNet:batch_greedy_mean,91,0,0.43783779526962263,0.9,False
PointerNet:batch_greedy_mean,91,1,0.5182284213896153,0.9,False
PointerNet:batch_greedy_mean,91,2,0.6175559369123178,0.1,False
PointerNet:batch_greedy_mean,91,3,1.8883131951559875,0.9,False
PointerNet:batch_greedy_mean,91,4,1.815000400826527,0.85,False
PointerNet:batch_greedy_mean,92,0,0.08907886380975327,0.95,False
PointerNet:batch_greedy_mean,92,1,1.5209255337190726,0.95,False
PointerNet:batch_greedy_mean,92,2,2.603966975347575,0.95,False
PointerNet:batch_greedy_mean,92,3,2.4135712991120215,0.95,False
PointerNet:batch_greedy_mean,92,4,2.30541564628286,0.9,False
PointerNet:batch_greedy_mean,93,0,2.8892571319131974,0.1,False
PointerNet:batch_greedy_mean,93,1,3.0078271552825484,0.6,False
PointerNet:batch_greedy_mean,93,2,0.0,0.0,True
PointerNet:batch_greedy_mean,93,3,1.707339880102836,0.6,False
PointerNet:batch_greedy_mean,93,4,2.043742011386243,0.55,False
PointerNet:batch_greedy_mean,94,0,0.0,0.0,True
PointerNet:batch_greedy_mean,94,1,0.08726130193183224,0.15,False
PointerNet:batch_greedy_mean,94,2,0.9398699052473418,0.1,False
PointerNet:batch_greedy_mean,94,3,0.0,0.0,True
PointerNet:batch_greedy_mean,94,4,0.08726130193183224,0.15,False
PointerNet:batch_greedy_mean,95,0,1.8108702326320412,0.2,False
PointerNet:batch_greedy_mean,95,1,1.616056396593173,0.95,False
PointerNet:batch_greedy_mean,95,2,1.3711247222064813,0.9,False
PointerNet:batch_greedy_mean,95,3,1.2563743899207722,0.35,False
PointerNet:batch_greedy_mean,95,4,2.1598542101849745,0.25,False
PointerNet:batch_greedy_mean,96,0,2.137806569121409,0.75,False
PointerNet:batch_greedy_mean,96,1,1.014672045989343,0.35,False
PointerNet:batch_greedy_mean,96,2,2.474347743605371,0.8,False
PointerNet:batch_greedy_mean,96,3,1.4766639750591963,0.4,False
PointerNet:batch_greedy_mean,96,4,1.226257880762624,0.8,False
PointerNet:batch_greedy_mean,97,0,0.0,0.0,True
PointerNet:batch_greedy_mean,97,1,0.3252773294238622,0.1,False
PointerNet:batch_greedy_mean,97,2,0.0,0.0,True
PointerNet:batch_greedy_mean,97,3,0.23429399947647767,0.1,False
PointerNet:batch_greedy_mean,97,4,0.7364288046806919,0.9,False
PointerNet:batch_greedy_mean,98,0,1.2701445739014758,0.45,False
PointerNet:batch_greedy_mean,98,1,4.0957454251417715,0.9,False
PointerNet:batch_greedy_mean,98,2,0.2811544263552648,0.85,False
PointerNet:batch_greedy_mean,98,3,0.08765127743483703,0.1,False
PointerNet:batch_greedy_mean,98,4,2.174603679130634,0.95,False
PointerNet:batch_greedy_mean,99,0,1.5428960834386345,0.1,False
PointerNet:batch_greedy_mean,99,1,0.22441149437346297,0.9,False
PointerNet:batch_greedy_mean,99,2,1.7005696558568815,0.25,False
PointerNet:batch_greedy_mean,99,3,1.5428960834386345,0.1,False
PointerNet:batch_greedy_mean,99,4,0.010935192171473318,0.9,False
PointerNet:greedy_rollout,0,0,1.5613013299684297,0.3,False
PointerNet:greedy_rollout,0,1,1.4853909067011912,0.35,False
PointerNet:greedy_rollout,0,2,1.4257978219252152,0.2,False
PointerNet:greedy_rollout,0,3,1.7013649110248679,0.45,False
PointerNet:greedy_rollout,0,4,0.5830430762969385,0.25,False
PointerNet:greedy_rollout,1,0,0.0,0.0,True
PointerNet:greedy_rollout,1,1,0.6206186653063526,0.1,False
PointerNet:greedy_rollout,1,2,2.378614479090132,0.2,False
PointerNet:greedy_rollout,1,3,0.3264528393845296,0.1,False
PointerNet:greedy_rollout,1,4,2.3235573419203206,0.1,False
PointerNet:greedy_rollout,2,0,1.8616717921024204,0.35,False
PointerNet:greedy_rollout,2,1,1.50247837087813,0.95,False
PointerNet:greedy_rollout,2,2,1.47780298358321,0.45,False
PointerNet:greedy_rollout,2,3,1.3740379984004107,0.9,False
PointerNet:greedy_rollout,2,4,0.7928401873179567,0.85,False
PointerNet:greedy_rollout,3,0,2.361284468401685,0.8,False
PointerNet:greedy_rollout,3,1,0.6507900140991794,0.45,False
PointerNet:greedy_rollout,3,2,0.29118084643086917,0.9,False
PointerNet:greedy_rollout,3,3,0.6707909555331355,0.9,False
PointerNet:greedy_rollout,3,4,0.2270021145241614,0.9,False
PointerNet:greedy_rollout,4,0,2.827736692827642,0.3,False
PointerNet:greedy_rollout,4,1,0.0,0.0,True
PointerNet:greedy_rollout,4,2,1.6516908385702465,0.35,False
PointerNet:greedy_rollout,4,3,0.5937301048631554,0.1,False
PointerNet:greedy_rollout,4,4,2.0774308834285335,0.15,False
PointerNet:greedy_rollout,5,0,0.7298973337442902,0.1,False
PointerNet:greedy_rollout,5,1,0.18297784215693014,0.2,False
PointerNet:greedy_rollout,5,2,0.0,0.0,True
PointerNet:greedy_rollout,5,3,0.09205704999371989,0.1,False
PointerNet:greedy_rollout,5,4,3.528875388425398,0.1,False
PointerNet:greedy_rollout,6,0,3.7815002763513093,0.7,False
PointerNet:greedy_rollout,6,1,1.955897927114414,0.1,False
PointerNet:greedy_rollout,6,2,1.0865059743977241,0.3,False
PointerNet:greedy_rollout,6,3,0.13246562610069645,0.45,False
PointerNet:greedy_rollout,6,4,0.9036913932958086,0.5,False
PointerNet:greedy_rollout,7,0,0.661161051964406,0.9,False
PointerNet:greedy_rollout,7,1,0.7696800604137124,0.9,False
PointerNet:greedy_rollout,7,2,0.6345037588968978,0.9,False
PointerNet:greedy_rollout,7,3,0.6345037588968978,0.9,False
PointerNet:greedy_rollout,7,4,0.5138547993976275,0.95,False
PointerNet:greedy_rollout,8,0,0.23073868929395758,0.35,False
PointerNet:greedy_rollout,8,1,0.9939035702458341,0.4,False
PointerNet:greedy_rollout,8,2,2.1915194692394735,0.5,False
PointerNet:greedy_rollout,8,3,2.3584973526361424,0.8,False
PointerNet:greedy_rollout,8,4,0.8637755391817947,0.65,False
PointerNet:greedy_rollout,9,0,0.6989039394628378,0.9,False
PointerNet:greedy_rollout,9,1,0.1664369273947628,0.9,False
PointerNet:greedy_rollout,9,2,1.2845347640086118,0.9,False
PointerNet:greedy_rollout,9,3,1.0199439573895788,0.8,False
PointerNet:greedy_rollout,9,4,0.9020483953992411,0.9,False
PointerNet:greedy_rollout,10,0,0.3160852899741968,0.9,False
PointerNet:greedy_rollout,10,1,1.6958120883663952,0.9,False
PointerNet:greedy_rollout,10,2,0.3160852899741968,0.9,False
PointerNet:greedy_rollout,10,3,1.4690469724402178,0.6,False
PointerNet:greedy_rollout,10,4,2.2999744062440968,0.5,False
PointerNet:greedy_rollout,11,0,0.6955707107615225,0.9,False
PointerNet:greedy_rollout,11,1,0.30601469349910815,0.85,False
PointerNet:greedy_rollout,11,2,0.6955707107615225,0.9,False
PointerNet:greedy_rollout,11,3,1.6467559581728253,0.9,False
PointerNet:greedy_rollout,11,4,1.2484462266440133,0.9,False
PointerNet:greedy_rollout,12,0,9.033354012041826,0.95,False
PointerNet:greedy_rollout,12,1,2.165320404761914,0.5,False
PointerNet:greedy_rollout,12,2,1.9869730900184805,0.2,False
PointerNet:greedy_rollout,12,3,8.66718282296302,0.95,False
PointerNet:greedy_rollout,12,4,7.087528794869513,0.95,False
PointerNet:greedy_rollout,13,0,0.0,0.0,True
PointerNet:greedy_rollout,13,1,2.297657487093943,0.9,False
PointerNet:greedy_rollout,13,2,1.026403209292802,0.9,False
PointerNet:greedy_rollout,13,3,1.026403209292802,0.9,False
PointerNet:greedy_rollout,13,4,1.026403209292802,0.9,False
PointerNet:greedy_rollout,14,0,2.639630422638433,0.1,False
PointerNet:greedy_rollout,14,1,2.197513551916039,0.9,False
PointerNet:greedy_rollout,14,2,0.6943538923521118,0.2,False
PointerNet:greedy_rollout,14,3,0.6943538923521118,0.2,False
PointerNet:greedy_rollout,14,4,2.2345350793242886,0.3,False
PointerNet:greedy_rollout,15,0,0.3667246404590472,0.3,False
PointerNet:greedy_rollout,15,1,1.4557517579974615,0.9,False
PointerNet:greedy_rollout,15,2,0.28862610862911,0.35,False
PointerNet:greedy_rollout,15,3,2.088379343539266,0.1,False
PointerNet:greedy_rollout,15,4,3.3602234109859097,0.9,False
PointerNet:greedy_rollout,16,0,1.7948238892935464,0.9,False
PointerNet:greedy_rollout,16,1,1.8175102298132941,0.9,False
PointerNet:greedy_rollout,16,2,1.8861000646870565,0.9,False
PointerNet:greedy_rollout,16,3,6.204397087784635,0.85,False
PointerNet:greedy_rollout,16,4,1.8861000646870636,0.9,False
PointerNet:greedy_rollout,17,0,0.6401171284065015,0.9,False
PointerNet:greedy_rollout,17,1,0.6971788648783672,0.9,False
PointerNet:greedy_rollout,17,2,1.3749819570219444,0.85,False
PointerNet:greedy_rollout,17,3,1.9123902221065663,0.95,False
PointerNet:greedy_rollout,17,4,0.08858661040466131,0.9,False
PointerNet:greedy_rollout,18,0,0.4438150796176288,0.85,False
PointerNet:greedy_rollout,18,1,0.3203621567061603,0.9,False
PointerNet:greedy_rollout,18,2,0.9726228221267377,0.85,False
PointerNet:greedy_rollout,18,3,0.35425542352056283,0.95,False
PointerNet:greedy_rollout,18,4,0.637846645636138,0.8,False
PointerNet:greedy_rollout,19,0,2.05803346356533,0.2,False
PointerNet:greedy_rollout,19,1,2.3462813106447555,0.1,False
PointerNet:greedy_rollout,19,2,2.3462813106447555,0.1,False
PointerNet:greedy_rollout,19,3,2.2509855055105277,0.8,False
PointerNet:greedy_rollout,19,4,0.517684551300043,0.15,False
PointerNet:greedy_rollout,20,0,0.5697771330625017,0.9,False
PointerNet:greedy_rollout,20,1,1.2891916810739232,0.9,False
PointerNet:greedy_rollout,20,2,0.800053253575534,0.9,False
PointerNet:greedy_rollout,20,3,2.9270757652994845,0.9,False
PointerNet:greedy_rollout,20,4,0.9721704982633383,0.9,False
PointerNet:greedy_rollout,21,0,0.0,0.0,True
PointerNet:greedy_rollout,21,1,0.6495479836645686,0.2,False
PointerNet:greedy_rollout,21,2,2.360018125808651,0.55,False
PointerNet:greedy_rollout,21,3,1.2156316221801333,0.1,False
PointerNet:greedy_rollout,21,4,1.1582587565824554,0.95,False
PointerNet:greedy_rollout,22,0,2.2923206702988566,0.95,False
PointerNet:greedy_rollout,22,1,0.0,0.0,True
PointerNet:greedy_rollout,22,2,0.2848820177333309,0.9,False
PointerNet:greedy_rollout,22,3,1.9174442748324765,0.9,False
PointerNet:greedy_rollout,22,4,2.2923206702988566,0.95,False
PointerNet:greedy_rollout,23,0,0.0,0.0,True
PointerNet:greedy_rollout,23,1,0.0,0.0,True
PointerNet:greedy_rollout,23,2,1.4210854715202004e-14,0.0,True
PointerNet:greedy_rollout,23,3,0.9563519191591325,0.1,False
PointerNet:greedy_rollout,23,4,0.0,0.0,True
PointerNet:greedy_rollout,24,0,0.6546796864282882,0.95,False
PointerNet:greedy_rollout,24,1,1.0587534115855135,0.1,False
PointerNet:greedy_rollout,24,2,0.5543882396225968,0.75,False
PointerNet:greedy_rollout,24,3,0.3848001835817385,0.85,False
PointerNet:greedy_rollout,24,4,0.6546796864282882,0.95,False
PointerNet:greedy_rollout,25,0,1.6065610982337972,0.2,False
PointerNet:greedy_rollout,25,1,1.4299751340013955,0.8,False
PointerNet:greedy_rollout,25,2,0.33461339900749465,0.65,False
PointerNet:greedy_rollout,25,3,1.1541515136535452,0.2,False
PointerNet:greedy_rollout,25,4,2.338409580665328,0.3,False
PointerNet:greedy_rollout,26,0,3.6571419688767364,0.95,False
PointerNet:greedy_rollout,26,1,5.632944043054415,0.9,False
PointerNet:greedy_rollout,26,2,0.5606826046651179,0.9,False
PointerNet:greedy_rollout,26,3,1.3670882017744432,0.8,False
PointerNet:greedy_rollout,26,4,5.632944043054415,0.9,False
PointerNet:greedy_rollout,27,0,1.5223933825664915,0.6,False
PointerNet:greedy_rollout,27,1,3.7964447986784577,0.95,False
PointerNet:greedy_rollout,27,2,1.8374280755882992,0.75,False
PointerNet:greedy_rollout,27,3,3.910878075224481,0.7,False
PointerNet:greedy_rollout,27,4,2.719157502839245,0.7,False
PointerNet:greedy_rollout,28,0,1.6367994942922053,0.15,False
PointerNet:greedy_rollout,28,1,0.6609461823216662,0.1,False
PointerNet:greedy_rollout,28,2,1.119382096733581,0.25,False
PointerNet:greedy_rollout,28,3,1.9562092068959203,0.1,False
PointerNet:greedy_rollout,28,4,0.6609461823216662,0.1,False
PointerNet:greedy_rollout,29,0,2.031676104710108,0.8,False
PointerNet:greedy_rollout,29,1,3.004488284828696,0.85,False
PointerNet:greedy_rollout,29,2,0.20734740925568218,0.2,False
PointerNet:greedy_rollout,29,3,0.5370442695140412,0.15,False
PointerNet:greedy_rollout,29,4,1.1226987688515564,0.25,False
PointerNet:greedy_rollout,30,0,2.338854816837099,0.95,False
PointerNet:greedy_rollout,30,1,0.8031358870735872,0.7,False
PointerNet:greedy_rollout,30,2,2.338854816837099,0.95,False
PointerNet:greedy_rollout,30,3,1.4511278131471244,0.95,False
PointerNet:greedy_rollout,30,4,1.8026655031085,0.35,False
PointerNet:greedy_rollout,31,0,0.9839375350735864,0.65,False
PointerNet:greedy_rollout,31,1,2.9722329191735497,0.95,False
PointerNet:greedy_rollout,31,2,0.9839375350735864,0.65,False
PointerNet:greedy_rollout,31,3,0.18723952583696502,0.8,False
PointerNet:greedy_rollout,31,4,1.0080238696008905,0.9,False
PointerNet:greedy_rollout,32,0,1.3972399372899744,0.8,False
PointerNet:greedy_rollout,32,1,0.8163161836180635,0.85,False
PointerNet:greedy_rollout,32,2,4.421159926484485,0.95,False
PointerNet:greedy_rollout,32,3,1.3905677861411334,0.8,False
PointerNet:greedy_rollout,32,4,5.167962600971016,0.9,False
PointerNet:greedy_rollout,33,0,1.254706921131671,0.15,False
PointerNet:greedy_rollout,33,1,4.58767847578595,0.65,False
PointerNet:greedy_rollout,33,2,6.418054556253608,0.9,False
PointerNet:greedy_rollout,33,3,0.4953517257740785,0.25,False
PointerNet:greedy_rollout,33,4,4.318683770101117,0.75,False
PointerNet:greedy_rollout,34,0,2.048207675191321,0.2,False
PointerNet:greedy_rollout,34,1,2.048207675191321,0.2,False
PointerNet:greedy_rollout,34,2,2.308563106692162,0.3,False
PointerNet:greedy_rollout,34,3,3.0886022716179014,0.2,False
PointerNet:greedy_rollout,34,4,0.05795714616566272,0.1,False
PointerNet:greedy_rollout,35,0,2.033974113878294,0.9,False
PointerNet:greedy_rollout,35,1,1.247816766480483,0.95,False
PointerNet:greedy_rollout,35,2,1.7439818061854453,0.9,False
PointerNet:greedy_rollout,35,3,0.512743403621883,0.9,False
PointerNet:greedy_rollout,35,4,0.3567542404468611,0.95,False
PointerNet:greedy_rollout,36,0,0.2543672018210401,0.95,False
PointerNet:greedy_rollout,36,1,3.5138640481021355,0.95,False
PointerNet:greedy_rollout,36,2,1.6302105024779792,0.95,False
PointerNet:greedy_rollout,36,3,0.2543672018210401,0.95,False
PointerNet:greedy_rollout,36,4,2.5813931118679108,0.95,False
PointerNet:greedy_rollout,37,0,4.40151646665732,0.85,False
PointerNet:greedy_rollout,37,1,0.0,0.0,True
PointerNet:greedy_rollout,37,2,0.0,0.0,True
PointerNet:greedy_rollout,37,3,0.0,0.0,True
PointerNet:greedy_rollout,37,4,4.342767708184795,0.95,False
PointerNet:greedy_rollout,38,0,1.6524338081511232,0.9,False
PointerNet:greedy_rollout,38,1,4.067824801977999,0.95,False
PointerNet:greedy_rollout,38,2,3.532494628250298,0.8,False
PointerNet:greedy_rollout,38,3,1.423040489873351,0.95,False
PointerNet:greedy_rollout,38,4,3.5097859923166297,0.3,False
PointerNet:greedy_rollout,39,0,0.4670700502338363,0.95,False
PointerNet:greedy_rollout,39,1,0.8726644879826893,0.35,False
PointerNet:greedy_rollout,39,2,0.9282203912764331,0.95,False
PointerNet:greedy_rollout,39,3,0.8065471297174653,0.25,False
PointerNet:greedy_rollout,39,4,1.4119349272390807,0.95,False
PointerNet:greedy_rollout,40,0,0.14537939591883742,0.2,False
PointerNet:greedy_rollout,40,1,0.1502395491435422,0.2,False
PointerNet:greedy_rollout,40,2,0.37744642787314575,0.8,False
PointerNet:greedy_rollout,40,3,0.7514876792705536,0.75,False
PointerNet:greedy_rollout,40,4,0.14943491208047988,0.9,False
PointerNet:greedy_rollout,41,0,2.584239441263982,0.25,False
PointerNet:greedy_rollout,41,1,0.30052957843124517,0.15,False
PointerNet:greedy_rollout,41,2,1.6720230003073695,0.4,False
PointerNet:greedy_rollout,41,3,2.283709862832744,0.1,False
PointerNet:greedy_rollout,41,4,2.1932384365497697,0.3,False
PointerNet:greedy_rollout,42,0,0.5284526655435897,0.1,False
PointerNet:greedy_rollout,42,1,0.12432768503951053,0.3,False
PointerNet:greedy_rollout,42,2,0.21573710803757962,0.3,False
PointerNet:greedy_rollout,42,3,0.8891421886037634,0.2,False
PointerNet:greedy_rollout,42,4,0.7326426247872391,0.6,False
PointerNet:greedy_rollout,43,0,3.526185044053669,0.95,False
PointerNet:greedy_rollout,43,1,1.9607898368422596,0.45,False
PointerNet:greedy_rollout,43,2,2.3302593597709276,0.85,False
PointerNet:greedy_rollout,43,3,3.59153485869615,0.5,False
PointerNet:greedy_rollout,43,4,3.910322482345883,0.95,False
PointerNet:greedy_rollout,44,0,3.889106466923792,0.55,False
PointerNet:greedy_rollout,44,1,2.0638384788352653,0.25,False
PointerNet:greedy_rollout,44,2,0.29466191194421043,0.15,False
PointerNet:greedy_rollout,44,3,0.1289875114780159,0.1,False
PointerNet:greedy_rollout,44,4,0.0,0.0,True
PointerNet:greedy_rollout,45,0,3.3007616550543872,0.65,False
PointerNet:greedy_rollout,45,1,4.838390207072685,0.7,False
PointerNet:greedy_rollout,45,2,3.9296237786430197,0.75,False
PointerNet:greedy_rollout,45,3,3.6003110225795822,0.6,False
PointerNet:greedy_rollout,45,4,4.173126688290786,0.75,False
PointerNet:greedy_rollout,46,0,0.782650814657849,0.5,False
PointerNet:greedy_rollout,46,1,2.475274788693355,0.35,False
PointerNet:greedy_rollout,46,2,1.1901523164245305,0.4,False
PointerNet:greedy_rollout,46,3,0.22917472730930655,0.4,False
PointerNet:greedy_rollout,46,4,1.3756131017981872,0.35,False
PointerNet:greedy_rollout,47,0,0.8748964299422113,0.95,False
PointerNet:greedy_rollout,47,1,0.9204935439547484,0.65,False
PointerNet:greedy_rollout,47,2,0.3060952487463311,0.25,False
PointerNet:greedy_rollout,47,3,0.3485448490455809,0.95,False
PointerNet:greedy_rollout,47,4,0.5132818386113485,0.5,False
PointerNet:greedy_rollout,48,0,0.5039498840940837,0.2,False
PointerNet:greedy_rollout,48,1,0.14808156888172164,0.2,False
PointerNet:greedy_rollout,48,2,1.2859293907668103,0.2,False
PointerNet:greedy_rollout,48,3,0.46503053777722414,0.3,False
PointerNet:greedy_rollout,48,4,0.23708581819107621,0.4,False
PointerNet:greedy_rollout,49,0,0.7337767433742499,0.95,False
PointerNet:greedy_rollout,49,1,4.8060088579142075,0.95,False
PointerNet:greedy_rollout,49,2,2.4442408723154756,0.9,False
PointerNet:greedy_rollout,49,3,0.5072729193177778,0.95,False
PointerNet:greedy_rollout,49,4,2.5797917982696603,0.95,False
PointerNet:greedy_rollout,50,0,2.2409535979816297,0.8,False
PointerNet:greedy_rollout,50,1,2.8722795044012983,0.85,False
PointerNet:greedy_rollout,50,2,3.7834359488710305,0.85,False
PointerNet:greedy_rollout,50,3,1.422395086238545,0.8,False
PointerNet:greedy_rollout,50,4,0.9406580696993103,0.3,False
PointerNet:greedy_rollout,51,0,5.7124305230671055,0.45,False
PointerNet:greedy_rollout,51,1,0.21162166641492774,0.1,False
PointerNet:greedy_rollout,51,2,0.15670768683039427,0.15,False
PointerNet:greedy_rollout,51,3,0.3808875352074992,0.25,False
PointerNet:greedy_rollout,51,4,0.7402435748349703,0.1,False
PointerNet:greedy_rollout,52,0,6.291686839116103,0.95,False
PointerNet:greedy_rollout,52,1,1.6180288009580508,0.95,False
PointerNet:greedy_rollout,52,2,5.802598019866849,0.9,False
PointerNet:greedy_rollout,52,3,1.2003589450831313,0.9,False
PointerNet:greedy_rollout,52,4,7.51764885579248,0.9,False
PointerNet:greedy_rollout,53,0,0.9436073879147671,0.95,False
PointerNet:greedy_rollout,53,1,3.1167932492800503,0.9,False
PointerNet:greedy_rollout,53,2,0.686334531971788,0.95,False
PointerNet:greedy_rollout,53,3,0.9436073879147671,0.95,False
PointerNet:greedy_rollout,53,4,2.0540238405482754,0.9,False
PointerNet:greedy_rollout,54,0,1.965101842248849,0.5,False
PointerNet:greedy_rollout,54,1,2.749652884435733,0.95,False
PointerNet:greedy_rollout,54,2,0.29134646379073814,0.9,False
PointerNet:greedy_rollout,54,3,1.9657642007643474,0.95,False
PointerNet:greedy_rollout,54,4,0.3368301201944064,0.95,False
PointerNet:greedy_rollout,55,0,0.18135993989179866,0.2,False
PointerNet:greedy_rollout,55,1,4.514621900182938,0.95,False
PointerNet:greedy_rollout,55,2,3.8894220980674703,0.95,False
PointerNet:greedy_rollout,55,3,1.6070640628018182,0.9,False
PointerNet:greedy_rollout,55,4,1.7754428701880158,0.2,False
PointerNet:greedy_rollout,56,0,1.2765615506158667,0.4,False
PointerNet:greedy_rollout,56,1,0.228255134390281,0.3,False
PointerNet:greedy_rollout,56,2,1.2765615506158667,0.4,False
PointerNet:greedy_rollout,56,3,1.8334070064791064,0.85,False
PointerNet:greedy_rollout,56,4,0.43867315714280153,0.5,False
PointerNet:greedy_rollout,57,0,0.31999276283592337,0.95,False
PointerNet:greedy_rollout,57,1,1.9060395263873673,0.35,False
PointerNet:greedy_rollout,57,2,0.5055307200983847,0.2,False
PointerNet:greedy_rollout,57,3,1.7072194626206283,0.3,False
PointerNet:greedy_rollout,57,4,0.37221268336748636,0.3,False
PointerNet:greedy_rollout,58,0,1.4413354151013706,0.35,False
PointerNet:greedy_rollout,58,1,0.1595803383661476,0.8,False
PointerNet:greedy_rollout,58,2,1.0764276055560842,0.9,False
PointerNet:greedy_rollout,58,3,0.9201151131652665,0.85,False
PointerNet:greedy_rollout,58,4,0.7184982167083547,0.15,False
PointerNet:greedy_rollout,59,0,3.2536772736519524,0.55,False
PointerNet:greedy_rollout,59,1,0.2314958993957248,0.25,False
PointerNet:greedy_rollout,59,2,1.1412673319115285,0.4,False
PointerNet:greedy_rollout,59,3,1.1412673319115285,0.4,False
PointerNet:greedy_rollout,59,4,1.1412673319115285,0.4,False
PointerNet:greedy_rollout,60,0,2.8368905873359935,0.9,False
PointerNet:greedy_rollout,60,1,2.907160650320982,0.9,False
PointerNet:greedy_rollout,60,2,3.205960238428638,0.9,False
PointerNet:greedy_rollout,60,3,2.396386052781935,0.9,False
PointerNet:greedy_rollout,60,4,0.07027006298498861,0.2,False
PointerNet:greedy_rollout,61,0,0.46098089533803943,0.65,False
PointerNet:greedy_rollout,61,1,2.043266825536861,0.9,False
PointerNet:greedy_rollout,61,2,0.02349845307512055,0.7,False
PointerNet:greedy_rollout,61,3,0.747587500973971,0.9,False
PointerNet:greedy_rollout,61,4,0.12797552296435555,0.7,False
PointerNet:greedy_rollout,62,0,2.0466690426591683,0.65,False
PointerNet:greedy_rollout,62,1,1.4855662881897516,0.65,False
PointerNet:greedy_rollout,62,2,1.516547839886492,0.8,False
PointerNet:greedy_rollout,62,3,0.050951454359960735,0.7,False
PointerNet:greedy_rollout,62,4,1.4855662881897516,0.65,False
PointerNet:greedy_rollout,63,0,0.24227067469265506,0.95,False
PointerNet:greedy_rollout,63,1,0.06524585211508338,0.9,False
PointerNet:greedy_rollout,63,2,0.5394970219548441,0.9,False
PointerNet:greedy_rollout,63,3,1.1646509524312307,0.9,False
PointerNet:greedy_rollout,63,4,0.5820516156192355,0.85,False
PointerNet:greedy_rollout,64,0,0.1851198057250798,0.2,False
PointerNet:greedy_rollout,64,1,0.1851198057250798,0.2,False
PointerNet:greedy_rollout,64,2,1.516957636059722,0.35,False
PointerNet:greedy_rollout,64,3,1.1445859066149424,0.45,False
PointerNet:greedy_rollout,64,4,0.1851198057250798,0.2,False
PointerNet:greedy_rollout,65,0,0.3353926528145976,0.15,False
PointerNet:greedy_rollout,65,1,0.3464656901834502,0.1,False
PointerNet:greedy_rollout,65,2,4.393021038019555,0.95,False
PointerNet:greedy_rollout,65,3,0.5765936608628195,0.25,False
PointerNet:greedy_rollout,65,4,2.577529417523955,0.2,False
PointerNet:greedy_rollout,66,0,4.6931587425920185,0.7,False
PointerNet:greedy_rollout,66,1,1.8295959447640513,0.6,False
PointerNet:greedy_rollout,66,2,1.982841700691381,0.4,False
PointerNet:greedy_rollout,66,3,2.717059527001652,0.35,False
PointerNet:greedy_rollout,66,4,1.150951928575381,0.1,False
PointerNet:greedy_rollout,67,0,6.994807347638549,0.9,False
PointerNet:greedy_rollout,67,1,0.30775630838972745,0.25,False
PointerNet:greedy_rollout,67,2,0.30775630838972745,0.25,False
PointerNet:greedy_rollout,67,3,2.226418679414955,0.6,False
PointerNet:greedy_rollout,67,4,0.30775630838972745,0.25,False
PointerNet:greedy_rollout,68,0,1.4706910166012648,0.4,False
PointerNet:greedy_rollout,68,1,0.43327401908021557,0.1,False
PointerNet:greedy_rollout,68,2,1.7681049802762203,0.4,False
PointerNet:greedy_rollout,68,3,0.0,0.0,True
PointerNet:greedy_rollout,68,4,0.43327401908021557,0.1,False
PointerNet:greedy_rollout,69,0,5.094243234212399,0.3,False
PointerNet:greedy_rollout,69,1,0.0,0.0,True
PointerNet:greedy_rollout,69,2,0.217336574455814,0.1,False
PointerNet:greedy_rollout,69,3,0.217336574455814,0.1,False
PointerNet:greedy_rollout,69,4,0.6561824531189302,0.25,False
PointerNet:greedy_rollout,70,0,0.4107888269498119,0.3,False
PointerNet:greedy_rollout,70,1,1.0310024862864893,0.2,False
PointerNet:greedy_rollout,70,2,0.9468973274272585,0.85,False
PointerNet:greedy_rollout,70,3,0.3877440236155536,0.9,False
PointerNet:greedy_rollout,70,4,1.6801341995970205,0.8,False
PointerNet:greedy_rollout,71,0,1.3530245866515216,0.9,False
PointerNet:greedy_rollout,71,1,0.6697513544253297,0.9,False
PointerNet:greedy_rollout,71,2,0.24159890416313345,0.9,False
PointerNet:greedy_rollout,71,3,0.757085298452921,0.9,False
PointerNet:greedy_rollout,71,4,0.7825520808689674,0.1,False
PointerNet:greedy_rollout,72,0,0.8306072038971166,0.85,False
PointerNet:greedy_rollout,72,1,1.537234959138253,0.2,False
PointerNet:greedy_rollout,72,2,3.920156975150732,0.95,False
PointerNet:greedy_rollout,72,3,0.5119448852539392,0.3,False
PointerNet:greedy_rollout,72,4,0.055349260584762305,0.3,False
PointerNet:greedy_rollout,73,0,3.1080422841971824,0.2,False
PointerNet:greedy_rollout,73,1,0.0,0.0,True
PointerNet:greedy_rollout,73,2,0.8124052647957996,0.1,False
PointerNet:greedy_rollout,73,3,0.8124052647957996,0.1,False
PointerNet:greedy_rollout,73,4,2.7522768367055903,0.25,False
PointerNet:greedy_rollout,74,0,2.938210809139207,0.9,False
PointerNet:greedy_rollout,74,1,0.35104789038901885,0.85,False
PointerNet:greedy_rollout,74,2,1.1246509702843355,0.9,False
PointerNet:greedy_rollout,74,3,2.938210809139207,0.9,False
PointerNet:greedy_rollout,74,4,1.1246509702843355,0.9,False
PointerNet:greedy_rollout,75,0,1.8577176364219312,0.35,False
PointerNet:greedy_rollout,75,1,2.6121853100159385,0.3,False
PointerNet:greedy_rollout,75,2,0.9286973185475418,0.15,False
PointerNet:greedy_rollout,75,3,1.0224925314384095,0.4,False
PointerNet:greedy_rollout,75,4,0.8558716811614175,0.2,False
PointerNet:greedy_rollout,76,0,0.6394748601223483,0.75,False
PointerNet:greedy_rollout,76,1,1.7405613719114257,0.25,False
PointerNet:greedy_rollout,76,2,1.4363568358197654,0.35,False
PointerNet:greedy_rollout,76,3,1.7314996892625913,0.2,False
PointerNet:greedy_rollout,76,4,1.9661159997808824,0.8,False
PointerNet:greedy_rollout,77,0,1.1098565698108516,0.85,False
PointerNet:greedy_rollout,77,1,0.22726742548672973,0.9,False
PointerNet:greedy_rollout,77,2,0.2402301895277006,0.2,False
PointerNet:greedy_rollout,77,3,1.3091476712017354,0.4,False
PointerNet:greedy_rollout,77,4,0.9360882240008834,0.35,False
PointerNet:greedy_rollout,78,0,2.197035318910096,0.8,False
PointerNet:greedy_rollout,78,1,0.33995362899830184,0.9,False
PointerNet:greedy_rollout,78,2,2.4507639389109883,0.95,False
PointerNet:greedy_rollout,78,3,2.4507639389109883,0.95,False
PointerNet:greedy_rollout,78,4,0.09593787721101421,0.95,False
PointerNet:greedy_rollout,79,0,1.9177969496677107,0.3,False
PointerNet:greedy_rollout,79,1,0.20417424404359963,0.2,False
PointerNet:greedy_rollout,79,2,0.20417424404359963,0.2,False
PointerNet:greedy_rollout,79,3,0.900283108112248,0.3,False
PointerNet:greedy_rollout,79,4,0.0,0.0,True
PointerNet:greedy_rollout,80,0,1.7675387007981271,0.35,False
PointerNet:greedy_rollout,80,1,0.7139097023410841,0.45,False
PointerNet:greedy_rollout,80,2,0.7882683115523008,0.1,False
PointerNet:greedy_rollout,80,3,0.0,0.0,True
PointerNet:greedy_rollout,80,4,0.0,0.0,True
PointerNet:greedy_rollout,81,0,4.737301958617756,0.4,False
PointerNet:greedy_rollout,81,1,1.0188051448723954,0.85,False
PointerNet:greedy_rollout,81,2,0.9755459619521716,0.9,False
PointerNet:greedy_rollout,81,3,0.22307097252681984,0.9,False
PointerNet:greedy_rollout,81,4,2.010593474497462,0.1,False
PointerNet:greedy_rollout,82,0,2.371104182268745,0.4,False
PointerNet:greedy_rollout,82,1,1.4698365998244753,0.95,False
PointerNet:greedy_rollout,82,2,1.3473617750674904,0.2,False
PointerNet:greedy_rollout,82,3,1.4521791381772715,0.3,False
PointerNet:greedy_rollout,82,4,1.4698365998244753,0.95,False
PointerNet:greedy_rollout,83,0,3.8019244350896955,0.95,False
PointerNet:greedy_rollout,83,1,0.9649950718544531,0.1,False
PointerNet:greedy_rollout,83,2,0.9649950718544531,0.1,False
PointerNet:greedy_rollout,83,3,1.2085858951481825,0.95,False
PointerNet:greedy_rollout,83,4,1.4018587827265918,0.9,False
PointerNet:greedy_rollout,84,0,0.0,0.0,True
PointerNet:greedy_rollout,84,1,0.0,0.0,True
PointerNet:greedy_rollout,84,2,2.982383769054941,0.25,False
PointerNet:greedy_rollout,84,3,1.3767647082657533,0.15,False
PointerNet:greedy_rollout,84,4,0.5638063325731224,0.1,False
PointerNet:greedy_rollout,85,0,3.6804939103751053,0.1,False
PointerNet:greedy_rollout,85,1,3.9969913665544397,0.2,False
PointerNet:greedy_rollout,85,2,3.8590561689827183,0.95,False
PointerNet:greedy_rollout,85,3,0.7867656147040449,0.2,False
PointerNet:greedy_rollout,85,4,4.23627884604096,0.95,False
PointerNet:greedy_rollout,86,0,1.1646913199757876,0.25,False
PointerNet:greedy_rollout,86,1,2.1353875472828534,0.5,False
PointerNet:greedy_rollout,86,2,1.746202052657047,0.5,False
PointerNet:greedy_rollout,86,3,0.32290610155717303,0.6,False
PointerNet:greedy_rollout,86,4,1.6259314098324396,0.4,False
PointerNet:greedy_rollout,87,0,2.3909453446724456,0.95,False
PointerNet:greedy_rollout,87,1,0.23069588017891363,0.95,False
PointerNet:greedy_rollout,87,2,0.8664529433269337,0.8,False
PointerNet:greedy_rollout,87,3,1.383918176690699,0.85,False
PointerNet:greedy_rollout,87,4,0.682432333238566,0.85,False
PointerNet:greedy_rollout,88,0,0.4365363077153859,0.95,False
PointerNet:greedy_rollout,88,1,0.6242567943915063,0.95,False
PointerNet:greedy_rollout,88,2,0.4224267568967264,0.9,False
PointerNet:greedy_rollout,88,3,0.0,0.0,True
PointerNet:greedy_rollout,88,4,0.6752923239586011,0.9,False
PointerNet:greedy_rollout,89,0,1.6373130537963618,0.95,False
PointerNet:greedy_rollout,89,1,0.7353185132948283,0.3,False
PointerNet:greedy_rollout,89,2,0.57927582750726,0.45,False
PointerNet:greedy_rollout,89,3,3.7786989504447206,0.5,False
PointerNet:greedy_rollout,89,4,3.5657868837528,0.45,False
PointerNet:greedy_rollout,90,0,5.261283084933254,0.1,False
PointerNet:greedy_rollout,90,1,4.262889292656837,0.15,False
PointerNet:greedy_rollout,90,2,3.123645771214356,0.35,False
PointerNet:greedy_rollout,90,3,2.1596124340010334,0.35,False
PointerNet:greedy_rollout,90,4,1.407767912464223,0.45,False
PointerNet:greedy_rollout,91,0,2.6612687433217133,0.9,False
PointerNet:greedy_rollout,91,1,0.34886474918527455,0.9,False
PointerNet:greedy_rollout,91,2,2.840693777057915,0.85,False
PointerNet:greedy_rollout,91,3,0.9334262806355653,0.9,False
PointerNet:greedy_rollout,91,4,1.2526324600699255,0.85,False
PointerNet:greedy_rollout,92,0,1.2132540769833327,0.15,False
PointerNet:greedy_rollout,92,1,1.9951971506170736,0.85,False
PointerNet:greedy_rollout,92,2,1.39072987235091,0.25,False
PointerNet:greedy_rollout,92,3,3.786657120703296,0.85,False
PointerNet:greedy_rollout,92,4,3.1370964091112796,0.85,False
PointerNet:greedy_rollout,93,0,4.966182956664717,0.6,False
PointerNet:greedy_rollout,93,1,6.435263380255805,0.95,False
PointerNet:greedy_rollout,93,2,1.9944854119075117,0.85,False
PointerNet:greedy_rollout,93,3,0.34859737152010695,0.95,False
PointerNet:greedy_rollout,93,4,0.5039306193438193,0.95,False
PointerNet:greedy_rollout,94,0,1.488803102640702,0.9,False
PointerNet:greedy_rollout,94,1,2.242548238210283,0.3,False
PointerNet:greedy_rollout,94,2,0.4003150552939587,0.55,False
PointerNet:greedy_rollout,94,3,2.0861141796219087,0.75,False
PointerNet:greedy_rollout,94,4,1.5537363531278174,0.9,False
PointerNet:greedy_rollout,95,0,1.2958784959073455,0.25,False
PointerNet:greedy_rollout,95,1,0.16018078281143744,0.15,False
PointerNet:greedy_rollout,95,2,1.440779119439668,0.95,False
PointerNet:greedy_rollout,95,3,2.767042565835979,0.95,False
PointerNet:greedy_rollout,95,4,1.0943303583282074,0.95,False
PointerNet:greedy_rollout,96,0,4.8631393881124865,0.9,False
PointerNet:greedy_rollout,96,1,5.931759226860201,0.95,False
PointerNet:greedy_rollout,96,2,5.902004590310682,0.9,False
PointerNet:greedy_rollout,96,3,5.931759226860201,0.95,False
PointerNet:greedy_rollout,96,4,4.8631393881124865,0.9,False
PointerNet:greedy_rollout,97,0,0.011898693059436027,0.2,False
PointerNet:greedy_rollout,97,1,5.540364705765072,0.9,False
PointerNet:greedy_rollout,97,2,6.229050854832757,0.9,False
PointerNet:greedy_rollout,97,3,1.959119545675982,0.3,False
PointerNet:greedy_rollout,97,4,5.283948119582114,0.95,False
PointerNet:greedy_rollout,98,0,2.666128921408017,0.95,False
PointerNet:greedy_rollout,98,1,0.012548398234365266,0.95,False
PointerNet:greedy_rollout,98,2,1.9197761820514216,0.25,False
PointerNet:greedy_rollout,98,3,0.7938204281356818,0.95,False
PointerNet:greedy_rollout,98,4,1.3698626523435422,0.95,False
PointerNet:greedy_rollout,99,0,2.810474938583198,0.9,False
PointerNet:greedy_rollout,99,1,3.0532590217608657,0.9,False
PointerNet:greedy_rollout,99,2,1.5210514453198627,0.95,False
PointerNet:greedy_rollout,99,3,2.8450181251797986,0.9,False
PointerNet:greedy_rollout,99,4,2.170969115300167,0.9,False
POMO,0,0,7.105427357601002e-15,0.0,True
POMO,0,1,0.0,0.0,True
POMO,0,2,0.0,0.0,True
POMO,0,3,0.0,0.0,True
POMO,0,4,0.0,0.0,True
POMO,1,0,0.0,0.0,True
POMO,1,1,0.0,0.0,True
POMO,1,2,0.0,0.0,True
POMO,1,3,0.0,0.0,True
POMO,1,4,0.0,0.0,True
POMO,2,0,0.0,0.0,True
POMO,2,1,0.0,0.0,True
POMO,2,2,0.0,0.0,True
POMO,2,3,0.0,0.0,True
POMO,2,4,0.0,0.0,True
POMO,3,0,0.0,0.0,True
POMO,3,1,0.0,0.0,True
POMO,3,2,0.0,0.0,True
POMO,3,3,0.0,0.0,True
POMO,3,4,0.0,0.0,True
POMO,4,0,0.0,0.0,True
POMO,4,1,0.0,0.0,True
POMO,4,2,0.0,0.0,True
POMO,4,3,0.0,0.0,True
POMO,4,4,0.0,0.0,True
POMO,5,0,0.0,0.0,True
POMO,5,1,7.105427357601002e-15,0.0,True
POMO,5,2,7.105427357601002e-15,0.0,True
POMO,5,3,0.0,0.0,True
POMO,5,4,0.0,0.0,True
POMO,6,0,0.0,0.0,True
POMO,6,1,0.0,0.0,True
POMO,6,2,0.0,0.0,True
POMO,6,3,0.0,0.0,True
POMO,6,4,0.0,0.0,True
POMO,7,0,0.0,0.0,True
POMO,7,1,0.0,0.0,True
POMO,7,2,0.0,0.0,True
POMO,7,3,0.0,0.0,True
POMO,7,4,0.0,0.0,True
POMO,8,0,0.0,0.0,True
POMO,8,1,0.0,0.0,True
POMO,8,2,0.0,0.0,True
POMO,8,3,0.0,0.0,True
POMO,8,4,0.0,0.0,True
POMO,9,0,0.0,0.0,True
POMO,9,1,0.0,0.0,True
POMO,9,2,0.0,0.0,True
POMO,9,3,0.0,0.0,True
POMO,9,4,0.0,0.0,True
POMO,10,0,0.0,0.0,True
POMO,10,1,0.0,0.0,True
POMO,10,2,0.0,0.0,True
POMO,10,3,0.0,0.0,True
POMO,10,4,0.0,0.0,True
POMO,11,0,0.0,0.0,True
POMO,11,1,0.0,0.0,True
POMO,11,2,0.0,0.0,True
POMO,11,3,0.0,0.0,True
POMO,11,4,0.0,0.0,True
POMO,12,0,0.0,0.0,True
POMO,12,1,0.0,0.0,True
POMO,12,2,0.0,0.0,True
POMO,12,3,0.0,0.0,True
POMO,12,4,0.0,0.0,True
POMO,13,0,0.0,0.0,True
POMO,13,1,0.0,0.0,True
POMO,13,2,0.0,0.0,True
POMO,13,3,0.0,0.0,True
POMO,13,4,0.0,0.0,True
POMO,14,0,0.0,0.0,True
POMO,14,1,0.0,0.0,True
POMO,14,2,0.0,0.0,True
POMO,14,3,0.0,0.0,True
POMO,14,4,0.0,0.0,True
POMO,15,0,0.0,0.0,True
POMO,15,1,0.0,0.0,True
POMO,15,2,0.0,0.0,True
POMO,15,3,0.0,0.0,True
POMO,15,4,0.0,0.0,True
POMO,16,0,0.0,0.0,True
POMO,16,1,0.0,0.0,True
POMO,16,2,0.0,0.0,True
POMO,16,3,0.0,0.0,True
POMO,16,4,0.0,0.0,True
POMO,17,0,0.0,0.0,True
POMO,17,1,7.105427357601002e-15,0.0,True
POMO,17,2,7.105427357601002e-15,0.0,True
POMO,17,3,0.0,0.0,True
POMO,17,4,0.0,0.0,True
POMO,18,0,0.0,0.0,True
POMO,18,1,0.0,0.0,True
POMO,18,2,0.0,0.0,True
POMO,18,3,0.0,0.0,True
POMO,18,4,7.105427357601002e-15,0.0,True
POMO,19,0,0.0,0.0,True
POMO,19,1,0.0,0.0,True
POMO,19,2,0.0,0.0,True
POMO,19,3,0.0,0.0,True
POMO,19,4,0.0,0.0,True
POMO,20,0,0.0,0.0,True
POMO,20,1,0.0,0.0,True
POMO,20,2,0.0,0.0,True
POMO,20,3,0.0,0.0,True
POMO,20,4,0.0,0.0,True
POMO,21,0,0.0,0.0,True
POMO,21,1,0.0,0.0,True
POMO,21,2,0.0,0.0,True
POMO,21,3,0.0,0.0,True
POMO,21,4,0.0,0.0,True
POMO,22,0,0.0,0.0,True
POMO,22,1,0.0,0.0,True
POMO,22,2,0.0,0.0,True
POMO,22,3,0.0,0.0,True
POMO,22,4,0.0,0.0,True
POMO,23,0,0.0,0.0,True
POMO,23,1,0.0,0.0,True
POMO,23,2,0.0,0.0,True
POMO,23,3,0.0,0.0,True
POMO,23,4,0.0,0.0,True
POMO,24,0,0.0,0.0,True
POMO,24,1,0.0,0.0,True
POMO,24,2,0.0,0.0,True
POMO,24,3,0.0,0.0,True
POMO,24,4,0.0,0.0,True
POMO,25,0,0.0,0.0,True
POMO,25,1,0.0,0.0,True
POMO,25,2,0.0,0.0,True
POMO,25,3,0.0,0.0,True
POMO,25,4,0.0,0.0,True
POMO,26,0,0.0,0.0,True
POMO,26,1,0.0,0.0,True
POMO,26,2,0.0,0.0,True
POMO,26,3,0.0,0.0,True
POMO,26,4,0.0,0.0,True
POMO,27,0,0.0,0.0,True
POMO,27,1,0.0,0.0,True
POMO,27,2,0.0,0.0,True
POMO,27,3,0.0,0.0,True
POMO,27,4,0.0,0.0,True
POMO,28,0,0.0,0.0,True
POMO,28,1,0.0,0.0,True
POMO,28,2,0.0,0.0,True
POMO,28,3,0.0,0.0,True
POMO,28,4,0.0,0.0,True
POMO,29,0,0.0,0.0,True
POMO,29,1,0.0,0.0,True
POMO,29,2,0.0,0.0,True
POMO,29,3,0.0,0.0,True
POMO,29,4,0.0,0.0,True
POMO,30,0,0.0,0.0,True
POMO,30,1,0.0,0.0,True
POMO,30,2,0.0,0.0,True
POMO,30,3,0.0,0.0,True
POMO,30,4,0.0,0.0,True
POMO,31,0,0.0,0.0,True
POMO,31,1,0.0,0.0,True
POMO,31,2,0.0,0.0,True
POMO,31,3,0.0,0.0,True
POMO,31,4,0.0,0.0,True
POMO,32,0,0.0,0.0,True
POMO,32,1,0.0,0.0,True
POMO,32,2,0.0,0.0,True
POMO,32,3,0.0,0.0,True
POMO,32,4,0.0,0.0,True
POMO,33,0,0.0,0.0,True
POMO,33,1,0.0,0.0,True
POMO,33,2,0.0,0.0,True
POMO,33,3,0.0,0.0,True
POMO,33,4,0.0,0.0,True
POMO,34,0,0.0,0.0,True
POMO,34,1,0.0,0.0,True
POMO,34,2,0.0,0.0,True
POMO,34,3,0.0,0.0,True
POMO,34,4,0.0,0.0,True
POMO,35,0,0.0,0.0,True
POMO,35,1,0.0,0.0,True
POMO,35,2,0.0,0.0,True
POMO,35,3,0.0,0.0,True
POMO,35,4,0.0,0.0,True
POMO,36,0,0.0,0.0,True
POMO,36,1,0.0,0.0,True
POMO,36,2,0.0,0.0,True
POMO,36,3,0.0,0.0,True
POMO,36,4,0.0,0.0,True
POMO,37,0,0.0,0.0,True
POMO,37,1,0.0,0.0,True
POMO,37,2,0.0,0.0,True
POMO,37,3,0.0,0.0,True
POMO,37,4,0.0,0.0,True
POMO,38,0,0.0,0.0,True
POMO,38,1,0.0,0.0,True
POMO,38,2,0.0,0.0,True
POMO,38,3,0.0,0.0,True
POMO,38,4,0.0,0.0,True
POMO,39,0,0.0,0.0,True
POMO,39,1,0.0,0.0,True
POMO,39,2,0.0,0.0,True
POMO,39,3,0.0,0.0,True
POMO,39,4,0.0,0.0,True
POMO,40,0,0.0,0.0,True
POMO,40,1,0.0,0.0,True
POMO,40,2,0.0,0.0,True
POMO,40,3,0.0,0.0,True
POMO,40,4,0.0,0.0,True
POMO,41,0,0.0,0.0,True
POMO,41,1,0.0,0.0,True
POMO,41,2,0.0,0.0,True
POMO,41,3,0.0,0.0,True
POMO,41,4,0.0,0.0,True
POMO,42,0,0.0,0.0,True
POMO,42,1,0.0,0.0,True
POMO,42,2,0.0,0.0,True
POMO,42,3,0.0,0.0,True
POMO,42,4,0.0,0.0,True
POMO,43,0,7.105427357601002e-15,0.0,True
POMO,43,1,0.0,0.0,True
POMO,43,2,0.0,0.0,True
POMO,43,3,0.0,0.0,True
POMO,43,4,0.0,0.0,True
POMO,44,0,0.0,0.0,True
POMO,44,1,0.0,0.0,True
POMO,44,2,0.0,0.0,True
POMO,44,3,0.0,0.0,True
POMO,44,4,0.0,0.0,True
POMO,45,0,0.0,0.0,True
POMO,45,1,0.0,0.0,True
POMO,45,2,0.0,0.0,True
POMO,45,3,0.0,0.0,True
POMO,45,4,0.0,0.0,True
POMO,46,0,0.0,0.0,True
POMO,46,1,0.0,0.0,True
POMO,46,2,0.0,0.0,True
POMO,46,3,0.0,0.0,True
POMO,46,4,0.0,0.0,True
POMO,47,0,0.0,0.0,True
POMO,47,1,0.0,0.0,True
POMO,47,2,0.0,0.0,True
POMO,47,3,0.0,0.0,True
POMO,47,4,0.0,0.0,True
POMO,48,0,0.0,0.0,True
POMO,48,1,0.0,0.0,True
POMO,48,2,0.0,0.0,True
POMO,48,3,0.0,0.0,True
POMO,48,4,0.0,0.0,True
POMO,49,0,0.0,0.0,True
POMO,49,1,0.0,0.0,True
POMO,49,2,0.0,0.0,True
POMO,49,3,0.0,0.0,True
POMO,49,4,0.0,0.0,True
POMO,50,0,0.0,0.0,True
POMO,50,1,0.0,0.0,True
POMO,50,2,0.0,0.0,True
POMO,50,3,0.0,0.0,True
POMO,50,4,0.0,0.0,True
POMO,51,0,0.0,0.0,True
POMO,51,1,0.0,0.0,True
POMO,51,2,0.0,0.0,True
POMO,51,3,0.0,0.0,True
POMO,51,4,0.0,0.0,True
POMO,52,0,7.105427357601002e-15,0.0,True
POMO,52,1,7.105427357601002e-15,0.0,True
POMO,52,2,0.0,0.0,True
POMO,52,3,7.105427357601002e-15,0.0,True
POMO,52,4,0.0,0.0,True
POMO,53,0,0.0,0.0,True
POMO,53,1,0.0,0.0,True
POMO,53,2,0.0,0.0,True
POMO,53,3,0.0,0.0,True
POMO,53,4,0.0,0.0,True
POMO,54,0,0.0,0.0,True
POMO,54,1,7.105427357601002e-15,0.0,True
POMO,54,2,0.0,0.0,True
POMO,54,3,0.0,0.0,True
POMO,54,4,7.105427357601002e-15,0.0,True
POMO,55,0,0.0,0.0,True
POMO,55,1,0.0,0.0,True
POMO,55,2,0.0,0.0,True
POMO,55,3,0.0,0.0,True
POMO,55,4,0.0,0.0,True
POMO,56,0,0.0,0.0,True
POMO,56,1,0.0,0.0,True
POMO,56,2,0.0,0.0,True
POMO,56,3,0.0,0.0,True
POMO,56,4,0.0,0.0,True
POMO,57,0,0.0,0.0,True
POMO,57,1,0.0,0.0,True
POMO,57,2,0.0,0.0,True
POMO,57,3,0.0,0.0,True
POMO,57,4,0.0,0.0,True
POMO,58,0,0.0,0.0,True
POMO,58,1,0.0,0.0,True
POMO,58,2,0.0,0.0,True
POMO,58,3,0.0,0.0,True
POMO,58,4,0.0,0.0,True
POMO,59,0,0.0,0.0,True
POMO,59,1,0.0,0.0,True
POMO,59,2,0.0,0.0,True
POMO,59,3,0.0,0.0,True
POMO,59,4,0.0,0.0,True
POMO,60,0,0.0,0.0,True
POMO,60,1,0.0,0.0,True
POMO,60,2,0.0,0.0,True
POMO,60,3,0.0,0.0,True
POMO,60,4,0.0,0.0,True
POMO,61,0,0.0,0.0,True
POMO,61,1,0.0,0.0,True
POMO,61,2,0.0,0.0,True
POMO,61,3,0.0,0.0,True
POMO,61,4,0.0,0.0,True
POMO,62,0,0.0,0.0,True
POMO,62,1,0.0,0.0,True
POMO,62,2,0.0,0.0,True
POMO,62,3,0.0,0.0,True
POMO,62,4,0.0,0.0,True
POMO,63,0,0.0,0.0,True
POMO,63,1,0.0,0.0,True
POMO,63,2,0.0,0.0,True
POMO,63,3,0.0,0.0,True
POMO,63,4,0.0,0.0,True
POMO,64,0,0.0,0.0,True
POMO,64,1,0.0,0.0,True
POMO,64,2,0.0,0.0,True
POMO,64,3,0.0,0.0,True
POMO,64,4,1.4210854715202004e-14,0.0,True
POMO,65,0,7.105427357601002e-15,0.0,True
POMO,65,1,7.105427357601002e-15,0.0,True
POMO,65,2,7.105427357601002e-15,0.0,True
POMO,65,3,7.105427357601002e-15,0.0,True
POMO,65,4,0.0,0.0,True
POMO,66,0,0.0,0.0,True
POMO,66,1,0.0,0.0,True
POMO,66,2,0.0,0.0,True
POMO,66,3,0.0,0.0,True
POMO,66,4,0.0,0.0,True
POMO,67,0,0.0,0.0,True
POMO,67,1,0.0,0.0,True
POMO,67,2,0.0,0.0,True
POMO,67,3,0.0,0.0,True
POMO,67,4,0.0,0.0,True
POMO,68,0,7.105427357601002e-15,0.0,True
POMO,68,1,0.0,0.0,True
POMO,68,2,0.0,0.0,True
POMO,68,3,7.105427357601002e-15,0.0,True
POMO,68,4,7.105427357601002e-15,0.0,True
POMO,69,0,0.0,0.0,True
POMO,69,1,0.0,0.0,True
POMO,69,2,0.0,0.0,True
POMO,69,3,0.0,0.0,True
POMO,69,4,0.0,0.0,True
POMO,70,0,0.0,0.0,True
POMO,70,1,7.105427357601002e-15,0.0,True
POMO,70,2,7.105427357601002e-15,0.0,True
POMO,70,3,0.0,0.0,True
POMO,70,4,0.0,0.0,True
POMO,71,0,0.0,0.0,True
POMO,71,1,0.0,0.0,True
POMO,71,2,0.0,0.0,True
POMO,71,3,0.0,0.0,True
POMO,71,4,0.0,0.0,True
POMO,72,0,0.0,0.0,True
POMO,72,1,0.0,0.0,True
POMO,72,2,0.0,0.0,True
POMO,72,3,0.0,0.0,True
POMO,72,4,0.0,0.0,True
POMO,73,0,0.0,0.0,True
POMO,73,1,0.0,0.0,True
POMO,73,2,0.0,0.0,True
POMO,73,3,0.0,0.0,True
POMO,73,4,0.0,0.0,True
POMO,74,0,0.0,0.0,True
POMO,74,1,7.105427357601002e-15,0.0,True
POMO,74,2,0.0,0.0,True
POMO,74,3,0.0,0.0,True
POMO,74,4,7.105427357601002e-15,0.0,True
POMO,75,0,7.105427357601002e-15,0.0,True
POMO,75,1,7.105427357601002e-15,0.0,True
POMO,75,2,7.105427357601002e-15,0.0,True
POMO,75,3,7.105427357601002e-15,0.0,True
POMO,75,4,7.105427357601002e-15,0.0,True
POMO,76,0,0.0,0.0,True
POMO,76,1,7.105427357601002e-15,0.0,True
POMO,76,2,7.105427357601002e-15,0.0,True
POMO,76,3,0.0,0.0,True
POMO,76,4,7.105427357601002e-15,0.0,True
POMO,77,0,7.105427357601002e-15,0.0,True
POMO,77,1,0.0,0.0,True
POMO,77,2,0.0,0.0,True
POMO,77,3,7.105427357601002e-15,0.0,True
POMO,77,4,7.105427357601002e-15,0.0,True
POMO,78,0,0.0,0.0,True
POMO,78,1,0.0,0.0,True
POMO,78,2,0.0,0.0,True
POMO,78,3,0.0,0.0,True
POMO,78,4,0.0,0.0,True
POMO,79,0,0.0,0.0,True
POMO,79,1,0.0,0.0,True
POMO,79,2,0.0,0.0,True
POMO,79,3,0.0,0.0,True
POMO,79,4,0.0,0.0,True
POMO,80,0,0.0,0.0,True
POMO,80,1,0.0,0.0,True
POMO,80,2,0.0,0.0,True
POMO,80,3,0.0,0.0,True
POMO,80,4,0.0,0.0,True
POMO,81,0,0.0,0.0,True
POMO,81,1,0.0,0.0,True
POMO,81,2,0.0,0.0,True
POMO,81,3,0.0,0.0,True
POMO,81,4,0.0,0.0,True
POMO,82,0,0.0,0.0,True
POMO,82,1,0.0,0.0,True
POMO,82,2,0.0,0.0,True
POMO,82,3,0.0,0.0,True
POMO,82,4,0.0,0.0,True
POMO,83,0,0.0,0.0,True
POMO,83,1,0.0,0.0,True
POMO,83,2,7.105427357601002e-15,0.0,True
POMO,83,3,0.0,0.0,True
POMO,83,4,0.0,0.0,True
POMO,84,0,0.0,0.0,True
POMO,84,1,0.0,0.0,True
POMO,84,2,0.0,0.0,True
POMO,84,3,0.0,0.0,True
POMO,84,4,0.0,0.0,True
POMO,85,0,0.0,0.0,True
POMO,85,1,0.0,0.0,True
POMO,85,2,0.0,0.0,True
POMO,85,3,0.0,0.0,True
POMO,85,4,0.0,0.0,True
POMO,86,0,7.105427357601002e-15,0.0,True
POMO,86,1,7.105427357601002e-15,0.0,True
POMO,86,2,7.105427357601002e-15,0.0,True
POMO,86,3,7.105427357601002e-15,0.0,True
POMO,86,4,0.0,0.0,True
POMO,87,0,0.0,0.0,True
POMO,87,1,0.0,0.0,True
POMO,87,2,7.105427357601002e-15,0.0,True
POMO,87,3,0.0,0.0,True
POMO,87,4,0.0,0.0,True
POMO,88,0,0.0,0.0,True
POMO,88,1,0.0,0.0,True
POMO,88,2,0.0,0.0,True
POMO,88,3,0.0,0.0,True
POMO,88,4,0.0,0.0,True
POMO,89,0,0.0,0.0,True
POMO,89,1,0.0,0.0,True
POMO,89,2,0.0,0.0,True
POMO,89,3,0.0,0.0,True
POMO,89,4,0.0,0.0,True
POMO,90,0,7.105427357601002e-15,0.0,True
POMO,90,1,7.105427357601002e-15,0.0,True
POMO,90,2,7.105427357601002e-15,0.0,True
POMO,90,3,0.0,0.0,True
POMO,90,4,7.105427357601002e-15,0.0,True
POMO,91,0,0.0,0.0,True
POMO,91,1,0.0,0.0,True
POMO,91,2,0.0,0.0,True
POMO,91,3,0.0,0.0,True
POMO,91,4,0.0,0.0,True
POMO,92,0,0.0,0.0,True
POMO,92,1,0.0,0.0,True
POMO,92,2,0.0,0.0,True
POMO,92,3,0.0,0.0,True
POMO,92,4,0.0,0.0,True
POMO,93,0,0.0,0.0,True
POMO,93,1,0.0,0.0,True
POMO,93,2,0.0,0.0,True
POMO,93,3,0.0,0.0,True
POMO,93,4,0.0,0.0,True
POMO,94,0,0.0,0.0,True
POMO,94,1,0.0,0.0,True
POMO,94,2,0.0,0.0,True
POMO,94,3,0.0,0.0,True
POMO,94,4,0.0,0.0,True
POMO,95,0,7.105427357601002e-15,0.0,True
POMO,95,1,0.0,0.0,True
POMO,95,2,7.105427357601002e-15,0.0,True
POMO,95,3,0.0,0.0,True
POMO,95,4,7.105427357601002e-15,0.0,True
POMO,96,0,0.0,0.0,True
POMO,96,1,0.0,0.0,True
POMO,96,2,0.0,0.0,True
POMO,96,3,0.0,0.0,True
POMO,96,4,0.0,0.0,True
POMO,97,0,0.0,0.0,True
POMO,97,1,0.0,0.0,True
POMO,97,2,0.0,0.0,True
POMO,97,3,0.0,0.0,True
POMO,97,4,0.0,0.0,True
POMO,98,0,0.0,0.0,True
POMO,98,1,0.0,0.0,True
POMO,98,2,0.0,0.0,True
POMO,98,3,0.0,0.0,True
POMO,98,4,0.0,0.0,True
POMO,99,0,0.0,0.0,True
POMO,99,1,0.0,0.0,True
POMO,99,2,0.0,0.0,True
POMO,99,3,0.0,0.0,True
POMO,99,4,0.0,0.0,True
