n_cities,instance,method,length,gap_percent,time_ms
10,0,Reference:exact_dp,32.96356683821434,0.0,9.714699990581721
10,0,Attention:batch_greedy_mean,32.96356683821434,0.0,9.420800022780895
10,0,Attention:greedy_rollout,32.96356683821434,0.0,3.2502999529242516
10,0,PointerNet:batch_greedy_mean,32.963566838214334,-2.155539596935775e-14,33.68569997837767
10,0,PointerNet:greedy_rollout,32.963566838214334,-2.155539596935775e-14,5.712400015909225
10,0,POMO,32.96356683821434,0.0,5.092800012789667
10,1,Reference:exact_dp,28.813776747046752,0.0,9.89720004145056
10,1,Attention:batch_greedy_mean,28.813776747046752,0.0,4.342800006270409
10,1,Attention:greedy_rollout,28.813776747046756,1.232991325638918e-14,3.9860999677330256
10,1,PointerNet:batch_greedy_mean,28.813776747046752,0.0,6.188399973325431
10,1,PointerNet:greedy_rollout,28.813776747046752,0.0,5.478599981870502
10,1,POMO,28.813776747046756,1.232991325638918e-14,4.163999983575195
10,2,Reference:exact_dp,28.5390527601781,0.0,12.486300023738295
10,2,Attention:batch_greedy_mean,29.222180771916644,2.3936604255196006,4.486399993766099
10,2,Attention:greedy_rollout,28.870651888364183,1.161913574962015,3.7066999939270318
10,2,PointerNet:batch_greedy_mean,31.988865165720664,12.088041024109428,4.113399947527796
10,2,PointerNet:greedy_rollout,31.26294005978128,9.544420841479177,4.580700013320893
10,2,POMO,28.539052760178098,-1.2448604053732897e-14,4.963200015481561
10,3,Reference:exact_dp,31.143916702155714,0.0,7.872199988923967
10,3,Attention:batch_greedy_mean,32.531280737652835,4.454687086294099,4.360999970231205
10,3,Attention:greedy_rollout,31.143916702155714,0.0,4.119299992453307
10,3,PointerNet:batch_greedy_mean,31.52189418386296,1.2136478700544482,6.00789999589324
10,3,PointerNet:greedy_rollout,31.52189418386296,1.2136478700544482,5.4017999791540205
10,3,POMO,31.143916702155718,1.140740810726157e-14,5.932700005359948
10,4,Reference:exact_dp,28.146713323445304,0.0,12.89730001008138
10,4,Attention:batch_greedy_mean,28.146713323445308,1.2622126206974245e-14,4.279399989172816
10,4,Attention:greedy_rollout,28.96498072607706,2.907150803821077,3.9947000332176685
10,4,PointerNet:batch_greedy_mean,35.58582947588366,26.429786195469635,5.582100013270974
10,4,PointerNet:greedy_rollout,30.963741559199907,10.008373636321185,3.743799985386431
10,4,POMO,28.146713323445315,3.786637862092273e-14,4.354299977421761
10,5,Reference:exact_dp,26.45939928785808,0.0,6.803700001910329
10,5,Attention:batch_greedy_mean,27.21159069551529,2.8428136235216157,3.3135999692603946
10,5,Attention:greedy_rollout,26.45939928785808,0.0,2.6382000069133937
10,5,PointerNet:batch_greedy_mean,29.867108208952395,12.879010910342451,4.513899970334023
10,5,PointerNet:greedy_rollout,29.34737947052559,10.914760956015996,4.545299976598471
10,5,POMO,26.45939928785808,0.0,5.306100007146597
10,6,Reference:exact_dp,31.94071748838006,0.0,12.496899988036603
10,6,Attention:batch_greedy_mean,31.94071748838006,0.0,4.20190003933385
10,6,Attention:greedy_rollout,34.8849913124357,9.21793264389493,3.8018999621272087
10,6,PointerNet:batch_greedy_mean,32.842022509421035,2.8218058074896657,5.887499952223152
10,6,PointerNet:greedy_rollout,33.62859467101101,5.284405972548969,5.4917000234127045
10,6,POMO,31.94071748838006,0.0,5.62720000743866
10,7,Reference:exact_dp,27.924194748452823,0.0,12.530300009530038
10,7,Attention:batch_greedy_mean,27.924194748452823,0.0,4.422399972099811
10,7,Attention:greedy_rollout,27.924194748452823,0.0,3.168000024743378
10,7,PointerNet:batch_greedy_mean,34.00572983974165,21.77873040233606,6.15309999557212
10,7,PointerNet:greedy_rollout,30.987911691983648,10.971549837441861,5.462000030092895
10,7,POMO,27.924194748452827,1.2722707712090224e-14,5.6164999841712415
10,8,Reference:exact_dp,27.28391069852099,0.0,7.461399945896119
10,8,Attention:batch_greedy_mean,27.28391069852099,0.0,2.9064000118523836
10,8,Attention:greedy_rollout,27.28391069852099,0.0,3.0536000267602503
10,8,PointerNet:batch_greedy_mean,27.28391069852099,0.0,5.022800003644079
10,8,PointerNet:greedy_rollout,27.28391069852099,0.0,3.785400011111051
10,8,POMO,27.28391069852099,0.0,3.8644999731332064
10,9,Reference:exact_dp,29.903426907175504,0.0,13.060600031167269
10,9,Attention:batch_greedy_mean,29.903426907175508,1.1880623882435383e-14,4.238200024701655
10,9,Attention:greedy_rollout,29.903426907175508,1.1880623882435383e-14,4.29509999230504
10,9,PointerNet:batch_greedy_mean,29.903426907175508,1.1880623882435383e-14,5.51460002316162
10,9,PointerNet:greedy_rollout,29.903426907175508,1.1880623882435383e-14,5.514400021638721
10,9,POMO,29.903426907175508,1.1880623882435383e-14,5.753499979618937
10,10,Reference:exact_dp,27.564701200977932,0.0,6.828200013842434
10,10,Attention:batch_greedy_mean,27.56514601771773,0.0016137187069587351,2.761899959295988
10,10,Attention:greedy_rollout,27.564701200977932,0.0,2.7917000115849078
10,10,PointerNet:batch_greedy_mean,29.09611682515463,5.555712768337092,4.766700032632798
10,10,PointerNet:greedy_rollout,29.09567200841483,5.55409904963012,3.7534000002779067
10,10,POMO,27.564701200977932,0.0,3.974399995058775
10,11,Reference:exact_dp,22.479523178198843,0.0,8.559600042644888
10,11,Attention:batch_greedy_mean,22.479523178198843,0.0,2.825200033839792
10,11,Attention:greedy_rollout,22.479523178198843,0.0,2.5343000306747854
10,11,PointerNet:batch_greedy_mean,25.008079446645738,11.248264691393219,3.853200003504753
10,11,PointerNet:greedy_rollout,26.451541458069528,17.669495248559542,5.207100010011345
10,11,POMO,22.479523178198846,1.5804221693839148e-14,5.8055000263266265
10,12,Reference:exact_dp,25.450383259249705,0.0,11.811600008513778
10,12,Attention:batch_greedy_mean,25.45038325924971,1.3959372016566e-14,2.938800025731325
10,12,Attention:greedy_rollout,25.450383259249705,0.0,2.7135999989695847
10,12,PointerNet:batch_greedy_mean,28.923038441689258,13.644805058790022,4.168099956586957
10,12,PointerNet:greedy_rollout,28.999476470623378,13.94514642558001,5.673999956343323
10,12,POMO,25.450383259249705,0.0,4.363700048997998
10,13,Reference:exact_dp,31.306407405243412,0.0,7.123699993826449
10,13,Attention:batch_greedy_mean,31.683783393530813,1.2054273216421363,2.786999975796789
10,13,Attention:greedy_rollout,35.095566110709576,12.103460663555826,3.097500011790544
10,13,PointerNet:batch_greedy_mean,34.094491675024614,8.905794375225035,5.629500024951994
10,13,PointerNet:greedy_rollout,31.409807105978295,0.33028286956223835,6.15309999557212
10,13,POMO,31.306407405243416,1.1348199851911043e-14,6.295000028330833
10,14,Reference:exact_dp,31.715123646580516,0.0,12.170599948149174
10,14,Attention:batch_greedy_mean,32.79878558215668,3.4168617712231617,3.504800028167665
10,14,Attention:greedy_rollout,32.841626578147164,3.5519424238098667,2.7170999674126506
10,14,PointerNet:batch_greedy_mean,33.64077167029615,6.071702715632489,4.065699991770089
10,14,PointerNet:greedy_rollout,33.41505690646428,5.360008300226346,4.347400041297078
10,14,POMO,32.29024497193122,1.8133977081710555,3.9585999911651015
10,15,Reference:exact_dp,26.871444717492018,0.0,9.973499982152134
10,15,Attention:batch_greedy_mean,28.55231304989015,6.255221295578374,2.9314999701455235
10,15,Attention:greedy_rollout,28.55231304989015,6.255221295578374,2.6390000130049884
10,15,PointerNet:batch_greedy_mean,31.49871860555126,17.22004133647161,5.448399984743446
10,15,PointerNet:greedy_rollout,34.61859159479218,28.83040699429585,5.815399985294789
10,15,POMO,26.871444717492018,0.0,4.581499961204827
10,16,Reference:exact_dp,28.807648881196087,0.0,13.691900006961077
10,16,Attention:batch_greedy_mean,28.807648881196087,0.0,4.589199961628765
10,16,Attention:greedy_rollout,31.6097960441894,9.727094267739387,4.218799993395805
10,16,PointerNet:batch_greedy_mean,28.838945078397373,0.10863849851250452,6.890700024086982
10,16,PointerNet:greedy_rollout,28.838945078397373,0.10863849851250452,6.026300019584596
10,16,POMO,28.807648881196087,0.0,4.486699996050447
10,17,Reference:exact_dp,31.63159410269203,0.0,8.324099995661527
10,17,Attention:batch_greedy_mean,31.63159410269203,0.0,2.8797999839298427
10,17,Attention:greedy_rollout,31.63159410269203,0.0,3.5150000476278365
10,17,PointerNet:batch_greedy_mean,36.02274426285658,13.882165236151769,4.13949997164309
10,17,PointerNet:greedy_rollout,32.947344564338756,4.159608451522042,3.6796999629586935
10,17,POMO,31.63159410269203,0.0,3.8367999950423837
10,18,Reference:exact_dp,22.2561002641463,0.0,11.472799989860505
10,18,Attention:batch_greedy_mean,22.60096208687848,1.5495159468154271,4.193600034341216
10,18,Attention:greedy_rollout,22.370071656584614,0.5120905777995427,4.033499979414046
10,18,PointerNet:batch_greedy_mean,26.5587088385515,19.332266315031525,4.850499972235411
10,18,PointerNet:greedy_rollout,27.779701678507948,24.818370463849636,4.413400019984692
10,18,POMO,22.25610026414631,3.192575192091296e-14,3.94989998312667
10,19,Reference:exact_dp,28.2757552849876,0.0,11.443700001109391
10,19,Attention:batch_greedy_mean,28.275755284987603,1.2564522655515899e-14,2.994399983435869
10,19,Attention:greedy_rollout,29.37236780801453,3.878278447292806,2.705400052946061
10,19,PointerNet:batch_greedy_mean,31.133510076867964,10.106731944301508,5.304999998770654
10,19,PointerNet:greedy_rollout,29.039417639925244,2.7007673083912063,5.408400029409677
10,19,POMO,28.275755284987603,1.2564522655515899e-14,5.38119999691844
10,20,Reference:exact_dp,31.04509092111298,0.0,11.364399979356676
10,20,Attention:batch_greedy_mean,31.04509092111298,0.0,4.313299956265837
10,20,Attention:greedy_rollout,31.045090921112983,1.1443721288586693e-14,4.38260001828894
10,20,PointerNet:batch_greedy_mean,32.66395220777248,5.2145483831021915,4.337300022598356
10,20,PointerNet:greedy_rollout,31.04509092111298,0.0,3.7048000376671553
10,20,POMO,31.04509092111298,0.0,4.060700011905283
10,21,Reference:exact_dp,25.579790179279925,0.0,7.909600040875375
10,21,Attention:batch_greedy_mean,25.579790179279932,2.7777504458799357e-14,2.8777000261470675
10,21,Attention:greedy_rollout,25.579790179279925,0.0,2.6169000193476677
10,21,PointerNet:batch_greedy_mean,30.327635978520085,18.560925503939426,3.8492000312544405
10,21,PointerNet:greedy_rollout,30.327635978520085,18.560925503939426,4.910500021651387
10,21,POMO,25.579790179279932,2.7777504458799357e-14,4.162099969107658
10,22,Reference:exact_dp,28.040845710209396,0.0,8.67040001321584
10,22,Attention:batch_greedy_mean,29.312281593006706,4.534228018430957,4.269200027920306
10,22,Attention:greedy_rollout,29.397348442130237,4.83759564864676,3.9071000064723194
10,22,PointerNet:batch_greedy_mean,31.695805674495606,13.034414161608096,5.941000010352582
10,22,PointerNet:greedy_rollout,30.433226954771417,8.53177279061515,4.902100015897304
10,22,POMO,29.098741987597577,3.7726974725409637,5.483600019942969
10,23,Reference:exact_dp,28.94285910460315,0.0,12.65889999922365
10,23,Attention:batch_greedy_mean,28.942859104603155,1.2274923033555685e-14,4.212100000586361
10,23,Attention:greedy_rollout,28.942859104603155,1.2274923033555685e-14,3.109400044195354
10,23,PointerNet:batch_greedy_mean,32.702084687455354,12.988438941936892,3.7394000100903213
10,23,PointerNet:greedy_rollout,31.36898615984558,8.382471982032246,5.46270003542304
10,23,POMO,28.942859104603155,1.2274923033555685e-14,3.742199973203242
10,24,Reference:exact_dp,34.08243141331717,0.0,12.160799989942461
10,24,Attention:batch_greedy_mean,34.08243141331717,0.0,3.0801999964751303
10,24,Attention:greedy_rollout,35.00498449261334,2.7068288295174248,2.7151000103913248
10,24,PointerNet:batch_greedy_mean,36.13372848585992,6.018634784786042,5.764600005932152
10,24,PointerNet:greedy_rollout,34.08243141331717,0.0,5.271900037769228
10,24,POMO,34.08243141331717,0.0,3.78539995290339
10,25,Reference:exact_dp,36.78414616242662,0.0,13.163399999029934
10,25,Attention:batch_greedy_mean,38.30060243433464,4.12258113920016,3.0276000034064054
10,25,Attention:greedy_rollout,38.450324157592604,4.529609000053148,3.182700020261109
10,25,PointerNet:batch_greedy_mean,36.78414616242662,0.0,4.7848999965935946
10,25,PointerNet:greedy_rollout,36.78414616242662,0.0,5.077700014226139
10,25,POMO,36.78414616242662,0.0,6.197699985932559
10,26,Reference:exact_dp,29.982400448177856,0.0,10.435100004542619
10,26,Attention:batch_greedy_mean,29.982400448177863,2.369866071891794e-14,2.972399990539998
10,26,Attention:greedy_rollout,29.982400448177863,2.369866071891794e-14,3.201599989552051
10,26,PointerNet:batch_greedy_mean,29.98240044817786,1.184933035945897e-14,4.210899991448969
10,26,PointerNet:greedy_rollout,29.98240044817786,1.184933035945897e-14,4.052300006151199
10,26,POMO,29.98240044817786,1.184933035945897e-14,4.943900043144822
10,27,Reference:exact_dp,23.43262347562915,0.0,10.989799979142845
10,27,Attention:batch_greedy_mean,23.43262347562915,0.0,4.8942999565042555
10,27,Attention:greedy_rollout,24.885607582705774,6.2006890034646975,3.9588999934494495
10,27,PointerNet:batch_greedy_mean,23.43262347562915,0.0,3.660599992144853
10,27,PointerNet:greedy_rollout,23.43262347562915,0.0,4.217700043227524
10,27,POMO,23.43262347562915,0.0,4.899399995338172
10,28,Reference:exact_dp,31.712909220650268,0.0,21.576100029051304
10,28,Attention:batch_greedy_mean,32.675887473763986,3.036549710446188,5.395599990151823
10,28,Attention:greedy_rollout,32.56897359026964,2.699419229131895,4.196300054900348
10,28,PointerNet:batch_greedy_mean,31.752886331275686,0.1260594237736692,5.572800000663847
10,28,PointerNet:greedy_rollout,31.752886331275686,0.1260594237736692,5.534399999305606
10,28,POMO,32.51924422124005,2.5426081063062096,6.0254999552853405
10,29,Reference:exact_dp,30.29735131372906,0.0,15.000999963376671
10,29,Attention:batch_greedy_mean,30.29735131372906,0.0,4.250900004990399
10,29,Attention:greedy_rollout,30.29735131372906,0.0,4.045199952088296
10,29,PointerNet:batch_greedy_mean,30.29735131372906,0.0,5.592499976046383
10,29,PointerNet:greedy_rollout,30.29735131372906,0.0,7.305999984964728
10,29,POMO,30.29735131372906,0.0,5.76189998537302
10,30,Reference:exact_dp,34.20863082652467,0.0,12.213299982249737
10,30,Attention:batch_greedy_mean,34.32291043919056,0.3340666080598564,4.343699954915792
10,30,Attention:greedy_rollout,34.20863082652467,0.0,3.765700035728514
10,30,PointerNet:batch_greedy_mean,39.6335225057737,15.858254329906357,6.585700029972941
10,30,PointerNet:greedy_rollout,34.892806281064665,2.000008296179749,5.767100024968386
10,30,POMO,34.20863082652467,0.0,5.66709996201098
10,31,Reference:exact_dp,28.97733971689101,0.0,7.113100029528141
10,31,Attention:batch_greedy_mean,28.977339716891006,-1.2260316901104657e-14,2.8309000190347433
10,31,Attention:greedy_rollout,28.97733971689101,0.0,2.589800045825541
10,31,PointerNet:batch_greedy_mean,34.70959053989314,19.781839461476793,5.801099992822856
10,31,PointerNet:greedy_rollout,33.58295441989615,15.893849290521677,5.8077999856323
10,31,POMO,28.977339716891013,1.2260316901104657e-14,6.1515000415965915
10,32,Reference:exact_dp,31.26065926674241,0.0,12.109299947042018
10,32,Attention:batch_greedy_mean,31.26065926674242,2.272961455154058e-14,3.890399995725602
10,32,Attention:greedy_rollout,31.26065926674241,0.0,4.564500006381422
10,32,PointerNet:batch_greedy_mean,33.37814085759581,6.7736306287888945,5.719600012525916
10,32,PointerNet:greedy_rollout,35.906772592858765,14.862493098663663,5.522899969946593
10,32,POMO,31.260659266742415,1.136480727577029e-14,4.8599999863654375
10,33,Reference:exact_dp,25.616170777344696,0.0,7.695699983742088
10,33,Attention:batch_greedy_mean,26.892897704643513,4.984066269686071,2.993099973537028
10,33,Attention:greedy_rollout,27.93241228908989,9.042106768720133,3.0811000033281744
10,33,PointerNet:batch_greedy_mean,30.888263028478907,20.58110986594813,5.294399976264685
10,33,PointerNet:greedy_rollout,32.86076792442946,28.281343101803447,5.393400031607598
10,33,POMO,25.616170777344696,0.0,5.267800006549805
10,34,Reference:exact_dp,25.29342832831994,0.0,76.17660000687465
10,34,Attention:batch_greedy_mean,25.293428328319944,1.4045995001882302e-14,5.6782999890856445
10,34,Attention:greedy_rollout,25.29342832831994,0.0,4.448099993169308
10,34,PointerNet:batch_greedy_mean,30.765944190549142,21.636117457837322,6.1378999962471426
10,34,PointerNet:greedy_rollout,30.765944190549142,21.636117457837322,6.292700010817498
10,34,POMO,25.29342832831994,0.0,6.029399984981865
10,35,Reference:exact_dp,29.728070285117404,0.0,12.499400007072836
10,35,Attention:batch_greedy_mean,30.08614092862446,1.2044866689053617,4.656400007661432
10,35,Attention:greedy_rollout,31.401765512689042,5.630016383571089,4.309100040700287
10,35,PointerNet:batch_greedy_mean,31.058385580494424,4.47494668378461,9.419200010597706
10,35,PointerNet:greedy_rollout,31.058385580494424,4.47494668378461,10.608900047373027
10,35,POMO,29.728070285117404,0.0,9.952399996109307
10,36,Reference:exact_dp,33.46608020426104,0.0,20.269300031941384
10,36,Attention:batch_greedy_mean,33.54598099162352,0.23875155642610865,6.301000015810132
10,36,Attention:greedy_rollout,36.1202174372898,7.930827921373436,6.957200006581843
10,36,PointerNet:batch_greedy_mean,40.46298272458965,20.90744562142577,9.997499990276992
10,36,PointerNet:greedy_rollout,36.81508041744153,10.007148111579795,11.177100008353591
10,36,POMO,33.46608020426104,0.0,10.14309999300167
10,37,Reference:exact_dp,32.17905276857438,0.0,20.067200006451458
10,37,Attention:batch_greedy_mean,32.17905276857438,0.0,4.836700041778386
10,37,Attention:greedy_rollout,33.91172705532632,5.384478838494721,4.440499993506819
10,37,PointerNet:batch_greedy_mean,33.77007667222142,4.944284454515745,8.04509996669367
10,37,PointerNet:greedy_rollout,35.649812691044374,10.785774048201603,6.356600031722337
10,37,POMO,32.17905276857438,0.0,6.832799990661442
10,38,Reference:exact_dp,24.250474757536363,0.0,20.0607999577187
10,38,Attention:batch_greedy_mean,24.726162220628076,1.9615593832606633,4.503199947066605
10,38,Attention:greedy_rollout,25.178559756869998,3.8270797112753927,4.32919996092096
10,38,PointerNet:batch_greedy_mean,24.328010943183763,0.31973058846323776,6.459600001107901
10,38,PointerNet:greedy_rollout,24.757646087419865,2.0913872200621015,6.166700040921569
10,38,POMO,24.250474757536363,0.0,6.934200006071478
10,39,Reference:exact_dp,26.786203494133954,0.0,13.084899983368814
10,39,Attention:batch_greedy_mean,27.35106476618999,2.1087769014363564,5.387399985920638
10,39,Attention:greedy_rollout,26.786203494133954,0.0,5.51749998703599
10,39,PointerNet:batch_greedy_mean,30.815127075709633,15.041039998288646,9.410700004082173
10,39,PointerNet:greedy_rollout,26.786203494133954,0.0,6.4916000119410455
10,39,POMO,26.786203494133954,0.0,6.281399982981384
10,40,Reference:exact_dp,22.498797582509745,0.0,12.960700027178973
10,40,Attention:batch_greedy_mean,22.586237592974026,0.38864303811620415,4.9780000117607415
10,40,Attention:greedy_rollout,23.229257330803424,3.246661274296403,5.096999986562878
10,40,PointerNet:batch_greedy_mean,26.334226189911984,17.04726038507875,7.350500032771379
10,40,PointerNet:greedy_rollout,24.740113023186893,9.961934332079666,6.60349999088794
10,40,POMO,22.49879758250975,1.5790682438791003e-14,6.272399972658604
10,41,Reference:exact_dp,26.029032983519173,0.0,13.911900052335113
10,41,Attention:batch_greedy_mean,26.08849636736997,0.22845022282790106,5.033399967942387
10,41,Attention:greedy_rollout,26.029032983519173,0.0,4.462900047656149
10,41,PointerNet:batch_greedy_mean,28.22207614023292,8.425373151981175,6.998699973337352
10,41,PointerNet:greedy_rollout,28.22207614023292,8.425373151981175,6.647399975918233
10,41,POMO,26.029032983519173,0.0,5.946999997831881
10,42,Reference:exact_dp,28.11411716717183,0.0,12.168700050096959
10,42,Attention:batch_greedy_mean,28.382419521224943,0.9543332001418936,4.283799964468926
10,42,Attention:greedy_rollout,28.114117167171827,-1.2636760591397541e-14,2.9846999677829444
10,42,PointerNet:batch_greedy_mean,36.23984324376761,28.902654236939696,5.905299971345812
10,42,PointerNet:greedy_rollout,34.32028574362941,22.074918943940283,5.7144000311382115
10,42,POMO,28.114117167171827,-1.2636760591397541e-14,4.338799975812435
10,43,Reference:exact_dp,29.86328288905433,0.0,14.906800002790987
10,43,Attention:batch_greedy_mean,30.077849445888198,0.7184962136648195,4.8540999996475875
10,43,Attention:greedy_rollout,30.434177160486023,1.9116929426434282,4.410900000948459
10,43,PointerNet:batch_greedy_mean,29.863282889054332,1.1896594530478305e-14,6.4150000107474625
10,43,PointerNet:greedy_rollout,29.863282889054332,1.1896594530478305e-14,6.525499979034066
10,43,POMO,29.86328288905433,0.0,5.612100008875132
10,44,Reference:exact_dp,29.328914029740467,0.0,12.79230002546683
10,44,Attention:batch_greedy_mean,29.32891402974047,1.2113348878850183e-14,4.5353000168688595
10,44,Attention:greedy_rollout,29.557988567417354,0.7810535959312976,4.597499966621399
10,44,PointerNet:batch_greedy_mean,33.8281841575041,15.340732095300988,4.924100008793175
10,44,PointerNet:greedy_rollout,33.8281841575041,15.340732095300988,3.9267000393010676
10,44,POMO,29.32891402974047,1.2113348878850183e-14,4.506399971432984
10,45,Reference:exact_dp,29.20682569960395,0.0,16.619600006379187
10,45,Attention:batch_greedy_mean,29.206825699603954,1.2163984252655968e-14,4.8540999996475875
10,45,Attention:greedy_rollout,29.20682569960395,0.0,14.254400040954351
10,45,PointerNet:batch_greedy_mean,30.684601243993008,5.05969241432867,6.252099992707372
10,45,PointerNet:greedy_rollout,30.684601243993008,5.05969241432867,6.155499955639243
10,45,POMO,29.206825699603954,1.2163984252655968e-14,5.260000005364418
10,46,Reference:exact_dp,30.466365342332857,0.0,14.394600002560765
10,46,Attention:batch_greedy_mean,30.466365342332857,0.0,4.701600002590567
10,46,Attention:greedy_rollout,33.05711463670425,8.503637586107324,3.8133999914862216
10,46,PointerNet:batch_greedy_mean,33.93767611561387,11.393911726180358,5.480799998622388
10,46,PointerNet:greedy_rollout,33.93767611561387,11.393911726180358,4.700499994214624
10,46,POMO,30.46636534233286,1.1661101148367126e-14,4.4661000138148665
10,47,Reference:exact_dp,27.47373894712546,0.0,10.13280003098771
10,47,Attention:batch_greedy_mean,27.473738947125465,1.2931307550231406e-14,4.592399985995144
10,47,Attention:greedy_rollout,27.47373894712546,0.0,3.9751000003889203
10,47,PointerNet:batch_greedy_mean,27.47373894712546,0.0,5.624299985356629
10,47,PointerNet:greedy_rollout,27.473738947125465,1.2931307550231406e-14,5.718100001104176
10,47,POMO,27.47373894712546,0.0,5.464999994728714
10,48,Reference:exact_dp,26.058564916931957,0.0,14.868400001432747
10,48,Attention:batch_greedy_mean,26.05856491693196,1.363357379857887e-14,4.239699977915734
10,48,Attention:greedy_rollout,28.206985682121445,8.244585885823355,4.058899998199195
10,48,PointerNet:batch_greedy_mean,32.33026437795003,24.067708567262425,3.927099984139204
10,48,PointerNet:greedy_rollout,32.33026437795003,24.067708567262425,3.6890999763272703
10,48,POMO,26.058564916931957,0.0,4.246100026648492
10,49,Reference:exact_dp,27.620464862034932,0.0,6.558199995197356
10,49,Attention:batch_greedy_mean,28.362996555746175,2.6883388727170643,2.9498999938368797
10,49,Attention:greedy_rollout,28.36299655574617,2.6883388727170514,2.6421999791637063
10,49,PointerNet:batch_greedy_mean,31.88356398611249,15.434566888616358,4.0689000161364675
10,49,PointerNet:greedy_rollout,33.39852515471119,20.91948966658542,5.660500028170645
10,49,POMO,27.620464862034932,0.0,5.756500002462417
10,50,Reference:exact_dp,31.625981625065656,0.0,13.335999974515289
10,50,Attention:batch_greedy_mean,31.63242708328537,0.020380262962675328,4.621399973984808
10,50,Attention:greedy_rollout,31.625981625065656,0.0,4.573500016704202
10,50,PointerNet:batch_greedy_mean,34.0295195886337,7.599884146087914,3.87590000173077
10,50,PointerNet:greedy_rollout,34.0295195886337,7.599884146087914,4.3258999940007925
10,50,POMO,31.625981625065652,-1.1233528561797251e-14,4.113700008019805
10,51,Reference:exact_dp,32.91835672305174,0.0,8.134900010190904
10,51,Attention:batch_greedy_mean,33.62929304632961,2.159695665427986,4.398100019898266
10,51,Attention:greedy_rollout,32.91835672305174,0.0,3.1159000354819
10,51,PointerNet:batch_greedy_mean,33.62929304632961,2.159695665427986,4.298399959225208
10,51,PointerNet:greedy_rollout,33.62929304632961,2.159695665427986,4.010299977380782
10,51,POMO,32.918356723051744,2.1585000179019522e-14,3.9752000011503696
10,52,Reference:exact_dp,29.841873609671115,0.0,7.206799986306578
10,52,Attention:batch_greedy_mean,31.667331742670974,6.117102956994856,2.7151000103913248
10,52,Attention:greedy_rollout,29.841873609671115,0.0,2.4893999798223376
10,52,PointerNet:batch_greedy_mean,34.07180318124183,14.174477202396194,5.186599970329553
10,52,PointerNet:greedy_rollout,31.667331742670974,6.117102956994856,4.595400008838624
10,52,POMO,29.84187360967112,1.19051294341289e-14,3.793100011534989
10,53,Reference:exact_dp,24.19072619097539,0.0,8.625500020571053
10,53,Attention:batch_greedy_mean,24.19072619097539,0.0,4.7904999810270965
10,53,Attention:greedy_rollout,25.21010747417005,4.2139341958859955,3.9033000357449055
10,53,PointerNet:batch_greedy_mean,28.2445427503892,16.75772991439228,5.675399967003614
10,53,PointerNet:greedy_rollout,28.10042394173994,16.161969342710783,5.58730005286634
10,53,POMO,24.19072619097539,0.0,4.266100004315376
10,54,Reference:exact_dp,27.957279473817593,0.0,7.664399978239089
10,54,Attention:batch_greedy_mean,27.957279473817596,1.2707651622997402e-14,3.213699965272099
10,54,Attention:greedy_rollout,27.957279473817593,0.0,2.6236000121571124
10,54,PointerNet:batch_greedy_mean,36.79809261087952,31.622580249059933,4.115700023248792
10,54,PointerNet:greedy_rollout,28.432015706606755,1.6980773584703037,3.7880000309087336
10,54,POMO,27.957279473817596,1.2707651622997402e-14,4.6051000244915485
10,55,Reference:exact_dp,27.683064430480005,0.0,12.675400008447468
10,55,Attention:batch_greedy_mean,28.275125656561368,2.138712741026904,4.379799996968359
10,55,Attention:greedy_rollout,27.683064430480005,0.0,4.005299997515976
10,55,PointerNet:batch_greedy_mean,30.99860495809088,11.97678290254727,6.728200009092689
10,55,PointerNet:greedy_rollout,30.99860495809088,11.97678290254727,6.58719998318702
10,55,POMO,27.68306443048001,1.283352747208449e-14,5.32050000037998
10,56,Reference:exact_dp,26.487737049789352,0.0,17.03529997030273
10,56,Attention:batch_greedy_mean,29.060142569996025,9.7116847519714,6.719899945892394
10,56,Attention:greedy_rollout,28.770534179027003,8.618316940200087,6.693399976938963
10,56,PointerNet:batch_greedy_mean,28.770534179027,8.618316940200073,9.00530000217259
10,56,PointerNet:greedy_rollout,31.16020194776433,17.640106020352306,8.111200004350394
10,56,POMO,26.487737049789356,1.341267346516774e-14,6.9697999861091375
10,57,Reference:exact_dp,28.21879875778271,0.0,14.638099994044751
10,57,Attention:batch_greedy_mean,30.70274442505774,8.802450056772743,5.319599993526936
10,57,Attention:greedy_rollout,28.373462220734382,0.5480866293396525,4.832399950828403
10,57,PointerNet:batch_greedy_mean,29.06424858070252,2.9960517815686143,6.426500040106475
10,57,PointerNet:greedy_rollout,28.984475352603482,2.7133564450882184,6.821999966632575
10,57,POMO,28.218798757782714,1.2589882756156184e-14,4.463099990971386
10,58,Reference:exact_dp,27.1040556671499,0.0,11.950200016144663
10,58,Attention:batch_greedy_mean,27.104055667149904,1.3107682932877045e-14,3.71300004189834
10,58,Attention:greedy_rollout,27.1040556671499,0.0,2.8888999950140715
10,58,PointerNet:batch_greedy_mean,27.924021862601506,3.0252527722093063,4.733600013423711
10,58,PointerNet:greedy_rollout,27.924021862601506,3.0252527722093063,6.793199980165809
10,58,POMO,27.1040556671499,0.0,6.234099972061813
10,59,Reference:exact_dp,24.855661347561547,0.0,15.016400022432208
10,59,Attention:batch_greedy_mean,25.144543655020108,1.1622394730080339,4.795500019099563
10,59,Attention:greedy_rollout,24.85566134756155,1.429337819308935e-14,4.7276999684982
10,59,PointerNet:batch_greedy_mean,25.144543655020108,1.1622394730080339,4.187099984847009
10,59,PointerNet:greedy_rollout,25.144543655020108,1.1622394730080339,3.8290999946184456
10,59,POMO,24.855661347561547,0.0,4.708099993877113
10,60,Reference:exact_dp,27.8229612231683,0.0,12.080700020305812
10,60,Attention:batch_greedy_mean,29.032777069933623,4.348264144356801,4.245099960826337
10,60,Attention:greedy_rollout,30.37670534036355,9.178548957142409,4.339200037065893
10,60,PointerNet:batch_greedy_mean,30.567406888804435,9.863959639748279,4.634200013242662
10,60,PointerNet:greedy_rollout,32.5642315674263,17.040854516628237,6.185900012496859
10,60,POMO,29.443590476794604,5.824790685028882,6.173599977046251
10,61,Reference:exact_dp,35.8324535261015,0.0,15.105800004675984
10,61,Attention:batch_greedy_mean,35.83245352610152,3.965917294736841e-14,5.205199995543808
10,61,Attention:greedy_rollout,35.98969597432085,0.43882690897738647,4.97380003798753
10,61,PointerNet:batch_greedy_mean,35.98969597432085,0.43882690897738647,6.527099991217256
10,61,PointerNet:greedy_rollout,35.98969597432085,0.43882690897738647,5.483100016135722
10,61,POMO,35.83245352610151,1.9829586473684204e-14,4.633900010958314
10,62,Reference:exact_dp,29.273221847709323,0.0,7.562800019513816
10,62,Attention:batch_greedy_mean,29.273221847709323,0.0,5.13980002142489
10,62,Attention:greedy_rollout,29.273221847709323,0.0,4.866899980697781
10,62,PointerNet:batch_greedy_mean,31.83564760193754,8.753480459236613,6.38730003265664
10,62,PointerNet:greedy_rollout,31.34089566344901,7.063362640766129,6.270000012591481
10,62,POMO,29.543472027080405,0.9231993006339678,6.052899989299476
10,63,Reference:exact_dp,26.917511459548333,0.0,16.829300031531602
10,63,Attention:batch_greedy_mean,27.00226756152947,0.3148734685541428,4.650400020182133
10,63,Attention:greedy_rollout,27.00226756152948,0.3148734685541692,3.3586000208742917
10,63,PointerNet:batch_greedy_mean,27.69088867487762,2.8731378697154786,4.251300008036196
10,63,PointerNet:greedy_rollout,27.00226756152947,0.3148734685541428,4.414200026076287
10,63,POMO,27.00226756152948,0.3148734685541692,6.119900033809245
10,64,Reference:exact_dp,28.950598667853022,0.0,8.779499970842153
10,64,Attention:batch_greedy_mean,30.488200235580187,5.31112183678098,5.510999995749444
10,64,Attention:greedy_rollout,31.163086255005602,7.642286132097656,3.0725999968126416
10,64,PointerNet:batch_greedy_mean,34.30141478881627,18.482575031876056,4.229400015901774
10,64,PointerNet:greedy_rollout,28.950598667853022,0.0,4.587900009937584
10,64,POMO,28.950598667853022,0.0,6.4789000316523015
10,65,Reference:exact_dp,26.36466987848447,0.0,13.316299999132752
10,65,Attention:batch_greedy_mean,26.370391225067273,0.02170080873067108,4.8340000212192535
10,65,Attention:greedy_rollout,26.43763791315136,0.27676445410923434,4.551000020001084
10,65,PointerNet:batch_greedy_mean,26.36466987848447,0.0,4.000200016889721
10,65,PointerNet:greedy_rollout,26.36466987848447,0.0,5.636699963361025
10,65,POMO,26.36466987848447,0.0,4.356899997219443
10,66,Reference:exact_dp,28.732735761006754,0.0,10.294299980159849
10,66,Attention:batch_greedy_mean,28.732735761006754,0.0,3.7222999962978065
10,66,Attention:greedy_rollout,28.77436764487525,0.1448935604837043,2.9622000292874873
10,66,PointerNet:batch_greedy_mean,35.13407701438056,22.278913176311864,4.340999992564321
10,66,PointerNet:greedy_rollout,33.67544128169453,17.2023491316672,8.092999982181937
10,66,POMO,28.732735761006758,1.2364689907537085e-14,7.954499975312501
10,67,Reference:exact_dp,29.990719663485567,0.0,19.129299966152757
10,67,Attention:batch_greedy_mean,29.990719663485567,0.0,5.03449997631833
10,67,Attention:greedy_rollout,29.990719663485567,0.0,4.648000001907349
10,67,PointerNet:batch_greedy_mean,38.076388538694296,26.960569689340357,7.405899988953024
10,67,PointerNet:greedy_rollout,31.769975091945273,5.932686672490867,6.8085999810136855
10,67,POMO,29.990719663485567,0.0,6.899200030602515
10,68,Reference:exact_dp,33.11463160954,0.0,16.70049998210743
10,68,Attention:batch_greedy_mean,35.31572987382195,6.646905483459578,3.555600007530302
10,68,Attention:greedy_rollout,35.31572987382195,6.646905483459578,4.233899991959333
10,68,PointerNet:batch_greedy_mean,39.064642075305215,17.967919848611807,6.056200014427304
10,68,PointerNet:greedy_rollout,36.61460245335366,10.569257979621783,6.136199983302504
10,68,POMO,33.114631609540005,2.145706297259245e-14,6.020299973897636
10,69,Reference:exact_dp,31.28284301389531,0.0,13.291699986439198
10,69,Attention:batch_greedy_mean,31.282843013895313,1.1356748097423388e-14,4.74249996477738
10,69,Attention:greedy_rollout,31.28284301389531,0.0,2.9101999825797975
10,69,PointerNet:batch_greedy_mean,35.98567577618022,15.033265231667068,4.663100000470877
10,69,PointerNet:greedy_rollout,35.98567577618022,15.033265231667068,4.883699992205948
10,69,POMO,31.282843013895313,1.1356748097423388e-14,5.356599984224886
10,70,Reference:exact_dp,28.56692152391231,0.0,10.665900015737861
10,70,Attention:batch_greedy_mean,28.566921523912313,1.2436459685817584e-14,3.5513999755494297
10,70,Attention:greedy_rollout,28.566921523912317,2.487291937163517e-14,4.502900002989918
10,70,PointerNet:batch_greedy_mean,36.29513934417501,27.05302989611148,6.048900017049164
10,70,PointerNet:greedy_rollout,36.29513934417501,27.05302989611148,4.092000017408282
10,70,POMO,28.566921523912313,1.2436459685817584e-14,4.080000042449683
10,71,Reference:exact_dp,29.52259038637946,0.0,8.527399972081184
10,71,Attention:batch_greedy_mean,29.52259038637946,0.0,3.279099997598678
10,71,Attention:greedy_rollout,29.522590386379456,-1.2033881960573422e-14,3.220000013243407
10,71,PointerNet:batch_greedy_mean,30.189666075253353,2.259543218069562,3.763599961530417
10,71,PointerNet:greedy_rollout,30.189666075253353,2.259543218069562,4.366100009065121
10,71,POMO,29.52259038637946,0.0,5.786699999589473
10,72,Reference:exact_dp,27.751258277647086,0.0,7.930599967949092
10,72,Attention:batch_greedy_mean,27.751258277647086,0.0,2.9861999792046845
10,72,Attention:greedy_rollout,27.751258277647086,0.0,3.4262000117450953
10,72,PointerNet:batch_greedy_mean,28.792425181380818,3.751782687894785,4.666599968913943
10,72,PointerNet:greedy_rollout,28.792425181380818,3.751782687894785,4.257499997038394
10,72,POMO,27.751258277647086,0.0,3.7859000149182975
10,73,Reference:exact_dp,29.166992136875265,0.0,10.379399987868965
10,73,Attention:batch_greedy_mean,29.166992136875265,0.0,3.299900039564818
10,73,Attention:greedy_rollout,29.166992136875272,2.4361193380025455e-14,3.314899979159236
10,73,PointerNet:batch_greedy_mean,33.620947255386525,15.27053285991808,5.352300009690225
10,73,PointerNet:greedy_rollout,36.0697918197925,23.66647767628448,5.513799958862364
10,73,POMO,29.16699213687527,1.2180596690012727e-14,5.412799946498126
10,74,Reference:exact_dp,28.145014476445365,0.0,12.095400015823543
10,74,Attention:batch_greedy_mean,28.398108980064695,0.8992516377319528,4.259300010744482
10,74,Attention:greedy_rollout,28.398108980064695,0.8992516377319528,4.233099985867739
10,74,PointerNet:batch_greedy_mean,28.398108980064695,0.8992516377319528,5.687299999408424
10,74,PointerNet:greedy_rollout,28.398108980064695,0.8992516377319528,5.387300043366849
10,74,POMO,28.39810898006469,0.8992516377319402,5.675100022926927
10,75,Reference:exact_dp,26.465622342609255,0.0,12.0261000120081
10,75,Attention:batch_greedy_mean,26.634463302765646,0.6379633094233335,4.381400009151548
10,75,Attention:greedy_rollout,26.465622342609258,1.3423881111915835e-14,3.863500023726374
10,75,PointerNet:batch_greedy_mean,29.036748045512915,9.714964075355171,5.553500028327107
10,75,PointerNet:greedy_rollout,29.036748045512915,9.714964075355171,5.885999999009073
10,75,POMO,26.465622342609258,1.3423881111915835e-14,5.506000015884638
10,76,Reference:exact_dp,35.71336205925205,0.0,11.392500018700957
10,76,Attention:batch_greedy_mean,36.557725518785325,2.364278832478424,2.85649998113513
10,76,Attention:greedy_rollout,36.523222501549306,2.2676678856323225,2.657799981534481
10,76,PointerNet:batch_greedy_mean,36.557725518785325,2.364278832478424,3.7710999604314566
10,76,PointerNet:greedy_rollout,36.557725518785325,2.364278832478424,4.237899964209646
10,76,POMO,36.50234944456109,2.209221814513103,5.023699952289462
10,77,Reference:exact_dp,33.54639544168204,0.0,6.640799983870238
10,77,Attention:batch_greedy_mean,35.46558409404844,5.720998119463448,2.9171000351198018
10,77,Attention:greedy_rollout,34.72455351420433,3.5120258287375035,3.390100027900189
10,77,PointerNet:batch_greedy_mean,36.01796148148459,7.367605393250642,6.272499973420054
10,77,PointerNet:greedy_rollout,37.81236666049101,12.716630692036798,5.738299980293959
10,77,POMO,33.54639544168204,0.0,7.558300043456256
10,78,Reference:exact_dp,30.980487522028767,0.0,21.732900000642985
10,78,Attention:batch_greedy_mean,30.980487522028767,0.0,4.7587999724783
10,78,Attention:greedy_rollout,30.980487522028767,0.0,2.8944999794475734
10,78,PointerNet:batch_greedy_mean,33.21761141958879,7.22107389681751,7.670500024687499
10,78,PointerNet:greedy_rollout,33.21761141958879,7.22107389681751,6.110399961471558
10,78,POMO,30.980487522028767,0.0,7.014700036961585
10,79,Reference:exact_dp,26.520291127879545,0.0,13.806400005705655
10,79,Attention:batch_greedy_mean,26.520291127879545,0.0,4.852699988987297
10,79,Attention:greedy_rollout,27.381767989054598,3.2483687943735364,4.4089999864809215
10,79,PointerNet:batch_greedy_mean,26.52029112787955,1.3396209195704109e-14,6.312599987722933
10,79,PointerNet:greedy_rollout,26.52029112787955,1.3396209195704109e-14,6.487699982244521
10,79,POMO,26.520291127879545,0.0,6.764599995221943
10,80,Reference:exact_dp,33.00825586977278,0.0,17.18500000424683
10,80,Attention:batch_greedy_mean,34.49868417102984,4.51531976465899,5.71310002123937
10,80,Attention:greedy_rollout,35.1282012688811,6.42247020706614,3.358700021635741
10,80,PointerNet:batch_greedy_mean,35.047904952952464,6.179208896182502,6.040100008249283
10,80,PointerNet:greedy_rollout,35.047904952952464,6.179208896182502,6.765099999029189
10,80,POMO,33.00825586977278,0.0,6.622899963986129
10,81,Reference:exact_dp,24.466028079382717,0.0,13.627999986056238
10,81,Attention:batch_greedy_mean,24.466028079382717,0.0,3.371700004208833
10,81,Attention:greedy_rollout,24.46602807938272,1.452100711759723e-14,2.743499993812293
10,81,PointerNet:batch_greedy_mean,34.91136440827947,42.69322464196358,4.2013999773189425
10,81,PointerNet:greedy_rollout,24.46602807938272,1.452100711759723e-14,6.6513000056147575
10,81,POMO,24.46602807938272,1.452100711759723e-14,6.0677999863401055
10,82,Reference:exact_dp,28.2436505573707,0.0,12.96989998081699
10,82,Attention:batch_greedy_mean,28.79876689511975,1.965455338790063,4.192300024442375
10,82,Attention:greedy_rollout,28.79876689511975,1.965455338790063,4.094899981282651
10,82,PointerNet:batch_greedy_mean,32.22873266045806,14.109656593408662,4.94109996361658
10,82,PointerNet:greedy_rollout,32.1130944470538,13.700225761620944,7.085099990945309
10,82,POMO,28.243650557370707,2.515760964811509e-14,6.6374000161886215
10,83,Reference:exact_dp,26.60330964995246,0.0,12.80839997343719
10,83,Attention:batch_greedy_mean,28.631039284874216,7.622095376863677,5.328999948687851
10,83,Attention:greedy_rollout,30.671978343431004,15.293844063066842,4.094900039490312
10,83,PointerNet:batch_greedy_mean,33.586998144659084,26.251201773757888,5.727800016757101
10,83,PointerNet:greedy_rollout,27.63808120046806,3.889634651218855,6.480899988673627
10,83,POMO,26.603309649952465,1.3354404867466742e-14,5.659500020556152
10,84,Reference:exact_dp,23.204516087470434,0.0,13.130199979059398
10,84,Attention:batch_greedy_mean,23.204516087470434,0.0,4.433900001458824
10,84,Attention:greedy_rollout,26.46319331502965,14.043288880817375,4.226199991535395
10,84,PointerNet:batch_greedy_mean,23.20451608747043,-1.5310440715110766e-14,6.120599980931729
10,84,PointerNet:greedy_rollout,23.20451608747043,-1.5310440715110766e-14,6.315100006759167
10,84,POMO,23.20451608747043,-1.5310440715110766e-14,6.146200001239777
10,85,Reference:exact_dp,24.925559402712622,0.0,13.446500001009554
10,85,Attention:batch_greedy_mean,27.72102029158687,11.215238317058681,4.895600024610758
10,85,Attention:greedy_rollout,25.175078175889734,1.0010558605555586,3.028300008736551
10,85,PointerNet:batch_greedy_mean,30.7163490815218,23.232335873589143,4.601099994033575
10,85,PointerNet:greedy_rollout,25.88734757489775,3.858642274164794,7.085399993229657
10,85,POMO,24.925559402712622,0.0,6.699700024910271
10,86,Reference:exact_dp,31.827830883071552,0.0,16.84280001791194
10,86,Attention:batch_greedy_mean,31.827830883071556,1.1162286527952185e-14,4.802100011147559
10,86,Attention:greedy_rollout,31.827830883071552,0.0,4.602500004693866
10,86,PointerNet:batch_greedy_mean,33.095078755380854,3.9815715904891267,4.646599991247058
10,86,PointerNet:greedy_rollout,33.095078755380854,3.9815715904891267,3.999000007752329
10,86,POMO,31.827830883071556,1.1162286527952185e-14,4.900500003714114
10,87,Reference:exact_dp,25.139093278215473,0.0,11.29419996868819
10,87,Attention:batch_greedy_mean,25.139093278215476,1.4132226805010264e-14,4.951799986883998
10,87,Attention:greedy_rollout,25.718750459406834,2.3057998742288337,4.837999993469566
10,87,PointerNet:batch_greedy_mean,29.143347448327614,15.928395371292353,6.396499986294657
10,87,PointerNet:greedy_rollout,29.776524830411304,18.44709155128695,6.853400031104684
10,87,POMO,25.265092305072045,0.5012075235257508,5.170999967958778
10,88,Reference:exact_dp,22.590548516808532,0.0,13.222200039308518
10,88,Attention:batch_greedy_mean,22.590548516808543,4.7179646959308214e-14,4.227400000672787
10,88,Attention:greedy_rollout,22.59054851680854,3.145309797287214e-14,4.135600000154227
10,88,PointerNet:batch_greedy_mean,24.97119343121684,10.538234220550178,5.757000006269664
10,88,PointerNet:greedy_rollout,24.97119343121684,10.538234220550178,6.635400000959635
10,88,POMO,22.590548516808536,1.572654898643607e-14,5.891699984204024
10,89,Reference:exact_dp,29.915832908907067,0.0,15.113400004338473
10,89,Attention:batch_greedy_mean,30.26455847001086,1.1656889586382395,4.8608999932184815
10,89,Attention:greedy_rollout,31.44833038392805,5.122697000238626,4.852000041864812
10,89,PointerNet:batch_greedy_mean,30.355447042000158,1.4695032374051045,7.721300004050136
10,89,PointerNet:greedy_rollout,30.355447042000158,1.4695032374051045,6.7121999454684556
10,89,POMO,29.91583290890707,1.1875697025111826e-14,5.847499996889383
10,90,Reference:exact_dp,29.854642989282187,0.0,13.129499973729253
10,90,Attention:batch_greedy_mean,29.854642989282187,0.0,3.195500001311302
10,90,Attention:greedy_rollout,29.85464298928219,1.1900037391423253e-14,2.5024000206030905
10,90,PointerNet:batch_greedy_mean,38.770418698938464,29.863950183082206,3.853800008073449
10,90,PointerNet:greedy_rollout,31.28524060569854,4.791876482763293,3.820900048594922
10,90,POMO,29.854642989282187,0.0,4.940100014209747
10,91,Reference:exact_dp,30.634592056892014,0.0,7.159699976909906
10,91,Attention:batch_greedy_mean,30.97414614029246,1.1084008651718147,2.8626000275835395
10,91,Attention:greedy_rollout,30.740020413086555,0.34414806633869194,3.603000019211322
10,91,PointerNet:batch_greedy_mean,30.95853055170632,1.0574271536331064,4.274300008546561
10,91,PointerNet:greedy_rollout,30.97414614029246,1.1084008651718147,3.909600025508553
10,91,POMO,30.634592056892018,1.1597065409595455e-14,3.5496000200510025
10,92,Reference:exact_dp,30.80570760294265,0.0,12.882000009994954
10,92,Attention:batch_greedy_mean,30.80570760294265,0.0,4.323600034695119
10,92,Attention:greedy_rollout,30.805707602942654,1.1532647535942772e-14,4.0387999615632
10,92,PointerNet:batch_greedy_mean,30.80570760294265,0.0,3.962899965699762
10,92,PointerNet:greedy_rollout,30.80570760294265,0.0,3.8644999731332064
10,92,POMO,30.80570760294265,0.0,3.8533000042662024
10,93,Reference:exact_dp,32.52453531512584,0.0,12.389599985908717
10,93,Attention:batch_greedy_mean,32.52453531512584,0.0,4.252900020219386
10,93,Attention:greedy_rollout,32.52453531512584,0.0,4.436300019733608
10,93,PointerNet:batch_greedy_mean,34.027674705594954,4.621555314796663,4.649599955882877
10,93,PointerNet:greedy_rollout,32.524535315125846,2.1846360874206115e-14,4.307599971070886
10,93,POMO,32.52453531512584,0.0,4.974599985871464
10,94,Reference:exact_dp,28.873358048053184,0.0,14.411400014068931
10,94,Attention:batch_greedy_mean,30.631945726474143,6.0906932802696065,7.536099990829825
10,94,Attention:greedy_rollout,30.08108560508318,4.182844111931863,4.734000016469508
10,94,PointerNet:batch_greedy_mean,29.024944787202706,0.5250055739870649,6.237699999473989
10,94,PointerNet:greedy_rollout,29.024944787202706,0.5250055739870649,7.556199969258159
10,94,POMO,29.484826413877997,2.117759786745835,4.958099976647645
10,95,Reference:exact_dp,33.04376104192404,0.0,12.45879998896271
10,95,Attention:batch_greedy_mean,33.63968100037219,1.8034265460644152,4.316699982155114
10,95,Attention:greedy_rollout,33.04376104192404,0.0,3.8770000101067126
10,95,PointerNet:batch_greedy_mean,33.04376104192404,0.0,6.461100012529641
10,95,PointerNet:greedy_rollout,33.04376104192404,0.0,6.219399976544082
10,95,POMO,33.04376104192404,0.0,6.022899993695319
10,96,Reference:exact_dp,26.819759383401184,0.0,12.827600003220141
10,96,Attention:batch_greedy_mean,26.819759383401184,0.0,4.505700024310499
10,96,Attention:greedy_rollout,28.149921710625623,4.9596355739406075,4.000399960204959
10,96,PointerNet:batch_greedy_mean,27.41021309638238,2.2015623053897624,3.75150004401803
10,96,PointerNet:greedy_rollout,28.984882885413132,8.072866989820753,3.951899998355657
10,96,POMO,26.819759383401184,0.0,4.631900053936988
10,97,Reference:exact_dp,26.15428586260392,0.0,11.614800023380667
10,97,Attention:batch_greedy_mean,26.15428586260392,0.0,2.974500006530434
10,97,Attention:greedy_rollout,26.154285862603924,1.3583676868349379e-14,3.7102000205777586
10,97,PointerNet:batch_greedy_mean,27.233526732013175,4.126439831233859,4.498000023886561
10,97,PointerNet:greedy_rollout,27.307787917525147,4.410374884563503,5.190399999264628
10,97,POMO,26.154285862603928,2.7167353736698758e-14,5.945000040810555
10,98,Reference:exact_dp,28.06034274106905,0.0,11.984199983999133
10,98,Attention:batch_greedy_mean,28.06034274106905,0.0,4.25359996734187
10,98,Attention:greedy_rollout,30.005965165342186,6.933708694247443,2.930999966338277
10,98,PointerNet:batch_greedy_mean,30.11484340000111,7.321723322805668,5.254599964246154
10,98,PointerNet:greedy_rollout,32.19349022365438,14.72949750017153,4.148500040173531
10,98,POMO,28.167524210913186,0.3819677857578883,5.771299998741597
10,99,Reference:exact_dp,30.757380703825472,0.0,10.500399977900088
10,99,Attention:batch_greedy_mean,30.757380703825472,0.0,4.656200006138533
10,99,Attention:greedy_rollout,30.757380703825472,0.0,4.267799959052354
10,99,PointerNet:batch_greedy_mean,30.807218785059327,0.16203616853386976,4.205999954137951
10,99,PointerNet:greedy_rollout,34.34188659594962,11.654132471944594,4.056899982970208
10,99,POMO,30.757380703825472,0.0,5.471100041177124
10,100,Reference:exact_dp,28.770362792682082,0.0,10.92380000045523
10,100,Attention:batch_greedy_mean,32.42121206659516,12.689618480729392,4.89219999872148
10,100,Attention:greedy_rollout,30.563360410166702,6.232099436509989,4.097700002603233
10,100,PointerNet:batch_greedy_mean,33.98202968924101,18.114706909029827,4.123600025195628
10,100,PointerNet:greedy_rollout,31.33919724655366,8.92875238446759,4.198600014206022
10,100,POMO,28.770362792682082,0.0,5.699600034859031
10,101,Reference:exact_dp,21.843525398047053,0.0,12.045699986629188
10,101,Attention:batch_greedy_mean,22.245648984536352,1.8409280515005684,4.393599985633045
10,101,Attention:greedy_rollout,23.562990376934845,7.871737494541625,4.2551999795250595
10,101,PointerNet:batch_greedy_mean,23.43546560663025,7.287927106883239,5.661700037308037
10,101,PointerNet:greedy_rollout,22.245648984536352,1.8409280515005684,6.235399981960654
10,101,POMO,21.84352539804705,-1.626437863879855e-14,5.802500003483146
10,102,Reference:exact_dp,28.93534083220344,0.0,9.271599992644042
10,102,Attention:batch_greedy_mean,29.712890084958346,2.6871957626624394,4.3314999784342945
10,102,Attention:greedy_rollout,33.232780112482324,14.85187026204326,3.8503000396303833
10,102,PointerNet:batch_greedy_mean,28.93534083220344,0.0,5.546100030187517
10,102,PointerNet:greedy_rollout,30.499071607907876,5.4042244906411785,6.3390000141225755
10,102,POMO,28.93534083220344,0.0,5.4567999904975295
10,103,Reference:exact_dp,31.964294444589434,0.0,10.07499999832362
10,103,Attention:batch_greedy_mean,32.666872953507465,2.198010377285068,4.545200034044683
10,103,Attention:greedy_rollout,33.159213111779955,3.738292015992813,4.6876000124029815
10,103,PointerNet:batch_greedy_mean,32.334288936074394,1.1575243499472523,6.869299977552146
10,103,PointerNet:greedy_rollout,32.3342889360744,1.1575243499472747,5.814299976918846
10,103,POMO,31.964294444589434,0.0,5.650000006426126
10,104,Reference:exact_dp,29.476602805147955,0.0,13.694100023712963
10,104,Attention:batch_greedy_mean,29.901076932437945,1.4400374768284274,4.494499997235835
10,104,Attention:greedy_rollout,30.223233804488242,2.5329614958542335,4.800800001248717
10,104,PointerNet:batch_greedy_mean,31.210867074080046,5.883528303435323,6.473100045695901
10,104,PointerNet:greedy_rollout,30.09125176962594,2.0852096442085264,6.696500000543892
10,104,POMO,29.47660280514796,1.2052656482449313e-14,5.666400014888495
10,105,Reference:exact_dp,32.26980324526606,0.0,12.844299955759197
10,105,Attention:batch_greedy_mean,33.01326694393006,2.3038990755949738,3.6189999664202332
10,105,Attention:greedy_rollout,33.01326694393007,2.3038990755949955,3.442899964284152
10,105,PointerNet:batch_greedy_mean,33.437183027466155,3.617560892229322,4.650199960451573
10,105,PointerNet:greedy_rollout,33.437183027466155,3.617560892229322,7.531500014010817
10,105,POMO,33.01326694393006,2.3038990755949738,6.726300052832812
10,106,Reference:exact_dp,29.6611967463848,0.0,9.30299999890849
10,106,Attention:batch_greedy_mean,35.71673484805453,20.415690416833222,3.485199995338917
10,106,Attention:greedy_rollout,29.661196746384803,1.1977647797483144e-14,3.7758999969810247
10,106,PointerNet:batch_greedy_mean,34.2971365165375,15.629645053744307,5.075799999758601
10,106,PointerNet:greedy_rollout,39.804340043322966,34.19667582419595,6.091299990657717
10,106,POMO,32.99377010111823,11.235464918116007,5.79889997607097
10,107,Reference:exact_dp,30.667450473526294,0.0,11.782200017478317
10,107,Attention:batch_greedy_mean,32.72186600442459,6.699009859563556,4.530000034719706
10,107,Attention:greedy_rollout,30.667450473526294,0.0,2.703700040001422
10,107,PointerNet:batch_greedy_mean,31.12532406121898,1.4930278866446518,6.870599987450987
10,107,PointerNet:greedy_rollout,31.12532406121898,1.4930278866446518,5.806000030133873
10,107,POMO,30.667450473526294,0.0,6.164300022646785
10,108,Reference:exact_dp,28.446259796471303,0.0,12.845400022342801
10,108,Attention:batch_greedy_mean,28.446259796471306,1.2489211953415427e-14,4.002399975433946
10,108,Attention:greedy_rollout,28.446259796471303,0.0,4.356399993412197
10,108,PointerNet:batch_greedy_mean,35.66450089834576,25.375009416070444,6.564600043930113
10,108,PointerNet:greedy_rollout,31.917030673850423,12.201150176550318,6.321599998045713
10,108,POMO,28.44625979647131,2.4978423906830855e-14,5.558500008191913
10,109,Reference:exact_dp,30.270165493976236,0.0,6.560700014233589
10,109,Attention:batch_greedy_mean,31.553312632544586,4.238982898272213,4.811200022231787
10,109,Attention:greedy_rollout,30.573502160273655,1.0020978126392566,4.748300008941442
10,109,PointerNet:batch_greedy_mean,32.04931542582337,5.877569226376339,4.829200042877346
10,109,PointerNet:greedy_rollout,32.04931542582337,5.877569226376339,3.7696000072173774
10,109,POMO,30.27016549397624,1.1736684028065492e-14,6.299100001342595
10,110,Reference:exact_dp,37.87160320279196,0.0,12.298999994527549
10,110,Attention:batch_greedy_mean,38.36068123401541,1.2914109513784566,2.9835000168532133
10,110,Attention:greedy_rollout,38.98553455747789,2.941336675717521,3.6206000368110836
10,110,PointerNet:batch_greedy_mean,37.87160320279196,0.0,5.605500016827136
10,110,PointerNet:greedy_rollout,37.87160320279196,0.0,5.890899978112429
10,110,POMO,37.87160320279196,0.0,3.851400048006326
10,111,Reference:exact_dp,30.53547628355706,0.0,11.988400015980005
10,111,Attention:batch_greedy_mean,30.944274569464454,1.3387650551484176,3.804100037086755
10,111,Attention:greedy_rollout,30.94427456946446,1.338765055148441,3.0359000083990395
10,111,PointerNet:batch_greedy_mean,31.519996943930845,3.224186356981557,4.795200016815215
10,111,PointerNet:greedy_rollout,31.519996943930845,3.224186356981557,7.015899987891316
10,111,POMO,30.535476283557067,2.32694171579933e-14,5.361100018490106
10,112,Reference:exact_dp,33.46929203215499,0.0,9.870900015812367
10,112,Attention:batch_greedy_mean,33.46929203215499,0.0,4.246499971486628
10,112,Attention:greedy_rollout,35.13160767592466,4.966688994116264,4.050100047606975
10,112,PointerNet:batch_greedy_mean,33.83001884539597,1.0777844147238564,4.88769996445626
10,112,PointerNet:greedy_rollout,33.83001884539597,1.0777844147238564,6.3587999902665615
10,112,POMO,33.46929203215499,0.0,5.143699992913753
10,113,Reference:exact_dp,25.753845189899423,0.0,16.437300015240908
10,113,Attention:batch_greedy_mean,25.75384518989942,-1.3794886365915814e-14,4.78710001334548
10,113,Attention:greedy_rollout,25.753845189899426,1.3794886365915814e-14,6.313899997621775
10,113,PointerNet:batch_greedy_mean,30.514229079266826,18.484167526309474,5.028299987316132
10,113,PointerNet:greedy_rollout,28.314475914505415,9.942712265779496,4.964200023096055
10,113,POMO,25.753845189899426,1.3794886365915814e-14,8.16069997381419
10,114,Reference:exact_dp,23.87154204186781,0.0,15.367900021374226
10,114,Attention:batch_greedy_mean,23.87154204186781,0.0,3.3540999866090715
10,114,Attention:greedy_rollout,23.871542041867805,-1.4882631681562375e-14,2.9326999792829156
10,114,PointerNet:batch_greedy_mean,25.01423072646527,4.786823920270105,6.928300019353628
10,114,PointerNet:greedy_rollout,25.252355025953364,5.784347662433266,5.707699980121106
10,114,POMO,23.87154204186781,0.0,5.887999956030399
10,115,Reference:exact_dp,28.58468967859009,0.0,14.633000013418496
10,115,Attention:batch_greedy_mean,28.63549846684776,0.17774825904695624,4.759199975524098
10,115,Attention:greedy_rollout,29.956095362761637,4.7976930993192735,4.184600024018437
10,115,PointerNet:batch_greedy_mean,30.677593128131107,7.321763759109825,5.744100024458021
10,115,PointerNet:greedy_rollout,28.63549846684776,0.17774825904695624,3.6521999863907695
10,115,POMO,28.635498466847757,0.1777482590469438,5.243599996902049
10,116,Reference:exact_dp,22.72287587904509,0.0,13.333599956240505
10,116,Attention:batch_greedy_mean,22.861925780191985,0.6119379513713975,5.251299997325987
10,116,Attention:greedy_rollout,22.86192578019199,0.6119379513714132,4.983899998478591
10,116,PointerNet:batch_greedy_mean,28.20998776413252,24.147963991422465,6.5104999812319875
10,116,PointerNet:greedy_rollout,27.989574742832097,23.177959039260195,5.695700005162507
10,116,POMO,22.72287587904509,0.0,6.803099997341633
10,117,Reference:exact_dp,33.04817005835492,0.0,10.030000004917383
10,117,Attention:batch_greedy_mean,33.04817005835492,0.0,3.7246000138111413
10,117,Attention:greedy_rollout,33.537811018144815,1.481597797776125,3.9860999677330256
10,117,PointerNet:batch_greedy_mean,34.0058749096834,2.8979058436137577,5.38559997221455
10,117,PointerNet:greedy_rollout,34.0058749096834,2.8979058436137577,4.311799944844097
10,117,POMO,33.04817005835492,0.0,6.30419998196885
10,118,Reference:exact_dp,31.067608492408823,0.0,14.264600002206862
10,118,Attention:batch_greedy_mean,31.067608492408826,1.1435426964610372e-14,4.165799997281283
10,118,Attention:greedy_rollout,31.48150354583486,1.3322398263360746,4.87289996817708
10,118,PointerNet:batch_greedy_mean,34.2629030988589,10.284971265911333,5.1238000160083175
10,118,PointerNet:greedy_rollout,35.82421353578975,15.310496282786543,4.469700041227043
10,118,POMO,31.067608492408823,0.0,4.845399991609156
10,119,Reference:exact_dp,32.285201807289404,0.0,12.28089997312054
10,119,Attention:batch_greedy_mean,32.285201807289404,0.0,3.1151999719440937
10,119,Attention:greedy_rollout,32.285201807289404,0.0,4.894400015473366
10,119,PointerNet:batch_greedy_mean,38.65226002484498,19.721289820520834,6.695999996736646
10,119,PointerNet:greedy_rollout,32.285201807289404,0.0,6.503700045868754
10,119,POMO,32.285201807289404,0.0,7.369600003585219
10,120,Reference:exact_dp,31.96272653288873,0.0,20.627300022169948
10,120,Attention:batch_greedy_mean,31.96272653288873,0.0,6.878199987113476
10,120,Attention:greedy_rollout,33.32670662548645,4.267408449007705,5.747599992901087
10,120,PointerNet:batch_greedy_mean,35.96909718346456,12.534508426411591,4.382199957035482
10,120,PointerNet:greedy_rollout,33.609327573784164,5.151628848687636,7.134599960409105
10,120,POMO,31.96272653288873,0.0,6.161900004372001
10,121,Reference:exact_dp,26.71102040453655,0.0,8.383200038224459
10,121,Attention:batch_greedy_mean,26.71102040453655,0.0,4.9202999798581
10,121,Attention:greedy_rollout,27.041931474370017,1.238855965896624,5.385999975260347
10,121,PointerNet:batch_greedy_mean,26.711020404536555,1.3300553947377895e-14,8.509800012689084
10,121,PointerNet:greedy_rollout,26.711020404536555,1.3300553947377895e-14,6.020700035151094
10,121,POMO,27.041931474370017,1.238855965896624,7.11459998274222
10,122,Reference:exact_dp,30.9914844380916,0.0,13.921399950049818
10,122,Attention:batch_greedy_mean,30.9914844380916,0.0,4.17959998594597
10,122,Attention:greedy_rollout,30.9914844380916,0.0,3.3699999912641943
10,122,PointerNet:batch_greedy_mean,34.08518188846924,9.982411318688508,4.544199968222529
10,122,PointerNet:greedy_rollout,34.07369009622413,9.945330835279998,7.475899998098612
10,122,POMO,30.9914844380916,0.0,3.96169995656237
10,123,Reference:exact_dp,29.716772440223245,0.0,13.889699999708682
10,123,Attention:batch_greedy_mean,29.71677244022325,1.1955247448042886e-14,2.9221000149846077
10,123,Attention:greedy_rollout,29.716772440223252,2.3910494896085772e-14,2.769600017927587
10,123,PointerNet:batch_greedy_mean,32.519128050159004,9.430215261677006,4.5267000095918775
10,123,PointerNet:greedy_rollout,29.71677244022325,1.1955247448042886e-14,4.114399955142289
10,123,POMO,29.71677244022325,1.1955247448042886e-14,6.180299969855696
10,124,Reference:exact_dp,35.74437812498549,0.0,12.338200001977384
10,124,Attention:batch_greedy_mean,36.32588070380402,1.6268364686195407,2.837600011844188
10,124,Attention:greedy_rollout,36.32588070380402,1.6268364686195407,3.6085000028833747
10,124,PointerNet:batch_greedy_mean,39.326415754201655,10.02126157207448,4.025199974421412
10,124,PointerNet:greedy_rollout,36.799447018863475,2.9517058324214878,4.564700007904321
10,124,POMO,36.32588070380402,1.6268364686195407,5.690499965567142
10,125,Reference:exact_dp,29.669429773699434,0.0,10.139199963305146
10,125,Attention:batch_greedy_mean,29.66942977369943,-1.1974324096885124e-14,3.7603999953716993
10,125,Attention:greedy_rollout,29.669429773699438,1.1974324096885124e-14,2.5261000264436007
10,125,PointerNet:batch_greedy_mean,35.87252052145418,20.907347377648268,4.678700002841651
10,125,PointerNet:greedy_rollout,29.66942977369943,-1.1974324096885124e-14,4.078099969774485
10,125,POMO,29.669429773699434,0.0,4.373500007204711
10,126,Reference:exact_dp,25.06668610186392,0.0,10.281099996063858
10,126,Attention:batch_greedy_mean,25.65164434048225,2.333608185147514,4.267800017260015
10,126,Attention:greedy_rollout,25.868762939260098,3.19977213635965,3.2775000436231494
10,126,PointerNet:batch_greedy_mean,26.345010867157963,5.099695907545555,6.014299986418337
10,126,PointerNet:greedy_rollout,26.345010867157963,5.099695907545555,5.634700006339699
10,126,POMO,25.066686101863922,1.4173048899895575e-14,5.396900000050664
10,127,Reference:exact_dp,28.018047905694537,0.0,7.703099981881678
10,127,Attention:batch_greedy_mean,28.37552647096367,1.2758867658173907,2.993999980390072
10,127,Attention:greedy_rollout,28.20692203112068,0.6741159343501401,3.327000013086945
10,127,PointerNet:batch_greedy_mean,30.257992288485568,7.994648272179491,4.673900024499744
10,127,PointerNet:greedy_rollout,30.257992288485568,7.994648272179491,5.161000008229166
10,127,POMO,28.055166172865704,0.13247984761858586,4.213000007439405
10,128,Reference:exact_dp,27.246497251141843,0.0,12.503800040576607
10,128,Attention:batch_greedy_mean,27.246497251141847,1.3039157459594605e-14,4.212100000586361
10,128,Attention:greedy_rollout,27.246497251141847,1.3039157459594605e-14,5.216400022618473
10,128,PointerNet:batch_greedy_mean,27.246497251141847,1.3039157459594605e-14,5.492399970535189
10,128,PointerNet:greedy_rollout,27.246497251141847,1.3039157459594605e-14,4.5801999513059855
10,128,POMO,27.246497251141843,0.0,5.6511000148020685
10,129,Reference:exact_dp,29.598663947857823,0.0,12.308200006373227
10,129,Attention:batch_greedy_mean,31.489294572869177,6.387553939400657,3.929500002413988
10,129,Attention:greedy_rollout,29.59866394785783,2.400590570614337e-14,2.5192000321112573
10,129,PointerNet:batch_greedy_mean,31.964265364038617,7.992257421984085,3.9612000109627843
10,129,PointerNet:greedy_rollout,31.897318534078394,7.766075489994996,3.721600049175322
10,129,POMO,29.598663947857823,0.0,4.794600012246519
10,130,Reference:exact_dp,31.11022967681287,0.0,11.899799981620163
10,130,Attention:batch_greedy_mean,31.309812715377102,0.6415350855252123,4.48479998158291
10,130,Attention:greedy_rollout,31.509377189356332,1.2830104974794012,3.9600000018253922
10,130,PointerNet:batch_greedy_mean,35.7243701481446,14.83158600648567,5.571699992287904
10,130,PointerNet:greedy_rollout,31.6679018308884,1.7925684248200024,5.479199986439198
10,130,POMO,31.309812715377102,0.6415350855252123,5.520000006072223
10,131,Reference:exact_dp,28.916157451904482,0.0,10.514699970372021
10,131,Attention:batch_greedy_mean,29.02407000458287,0.37319119201047823,3.415199986193329
10,131,Attention:greedy_rollout,30.138674539932254,4.227799250509524,2.808600023854524
10,131,PointerNet:batch_greedy_mean,28.916157451904485,1.228625789823437e-14,3.7797000259160995
10,131,PointerNet:greedy_rollout,29.024070004582875,0.3731911920104905,4.067900008521974
10,131,POMO,29.024070004582875,0.3731911920104905,5.9899999760091305
10,132,Reference:exact_dp,33.75233711800488,0.0,12.35360000282526
10,132,Attention:batch_greedy_mean,33.75233711800488,0.0,4.771100007928908
10,132,Attention:greedy_rollout,33.75233711800488,0.0,4.061800020281225
10,132,PointerNet:batch_greedy_mean,38.58979602668796,14.332219104621874,5.981800029985607
10,132,PointerNet:greedy_rollout,37.22913330554608,10.300905016993717,5.642500007525086
10,132,POMO,33.75233711800488,0.0,5.704000010155141
10,133,Reference:exact_dp,26.381121994136038,0.0,14.380300010088831
10,133,Attention:batch_greedy_mean,27.01032363552947,2.3850450391506883,4.50849998742342
10,133,Attention:greedy_rollout,26.38112199413604,1.3466878624761273e-14,2.759199996944517
10,133,PointerNet:batch_greedy_mean,27.073388966615163,2.624099811346163,5.248800036497414
10,133,PointerNet:greedy_rollout,27.01032363552947,2.3850450391506883,4.170499974861741
10,133,POMO,26.381121994136038,0.0,4.681699967477471
10,134,Reference:exact_dp,30.878109620610765,0.0,7.972099992912263
10,134,Attention:batch_greedy_mean,30.916006028633237,0.12272904166768432,4.438399977516383
10,134,Attention:greedy_rollout,30.916006028633234,0.1227290416676728,3.3785999985411763
10,134,PointerNet:batch_greedy_mean,33.521488351004145,8.560688341584735,4.827999975532293
10,134,PointerNet:greedy_rollout,33.50795408065877,8.516857062689537,5.495499994140118
10,134,POMO,30.878109620610765,0.0,5.169099953491241
10,135,Reference:exact_dp,33.53544989151321,0.0,12.672399985603988
10,135,Attention:batch_greedy_mean,33.53544989151322,2.118780985669486e-14,4.377400036901236
10,135,Attention:greedy_rollout,35.59102307660962,6.129553030438443,4.00019995868206
10,135,PointerNet:batch_greedy_mean,33.53544989151322,2.118780985669486e-14,6.550699996296316
10,135,PointerNet:greedy_rollout,33.53544989151322,2.118780985669486e-14,5.826899956446141
10,135,POMO,33.53544989151322,2.118780985669486e-14,5.54859999101609
10,136,Reference:exact_dp,33.434317130188795,0.0,8.890400000382215
10,136,Attention:batch_greedy_mean,33.4445279483452,0.030539933316545517,4.317099985200912
10,136,Attention:greedy_rollout,33.4445279483452,0.030539933316545517,4.040099971462041
10,136,PointerNet:batch_greedy_mean,33.72980358551351,0.8837819363085191,5.623200035188347
10,136,PointerNet:greedy_rollout,33.72980358551351,0.8837819363085191,4.893300007097423
10,136,POMO,33.434317130188795,0.0,5.922599986661226
10,137,Reference:exact_dp,27.68947007150605,0.0,13.289900030940771
10,137,Attention:batch_greedy_mean,28.984794736921046,4.678040648917848,4.56630002008751
10,137,Attention:greedy_rollout,27.689470071506054,1.2830558582832662e-14,4.1877999901771545
10,137,PointerNet:batch_greedy_mean,27.68947007150605,0.0,6.304000038653612
10,137,PointerNet:greedy_rollout,27.68947007150605,0.0,5.955400003585964
10,137,POMO,27.68947007150605,0.0,6.778999988455325
10,138,Reference:exact_dp,30.25323523909235,0.0,16.449799994006753
10,138,Attention:batch_greedy_mean,30.253235239092355,1.1743252087663628e-14,4.393800045363605
10,138,Attention:greedy_rollout,30.253235239092355,1.1743252087663628e-14,4.18260000878945
10,138,PointerNet:batch_greedy_mean,30.253235239092355,1.1743252087663628e-14,7.269599998835474
10,138,PointerNet:greedy_rollout,30.816771449875507,1.8627304033089667,5.8868000051006675
10,138,POMO,30.25323523909236,2.3486504175327256e-14,5.612900014966726
10,139,Reference:exact_dp,25.366219794484195,0.0,7.3154999990947545
10,139,Attention:batch_greedy_mean,25.366219794484195,0.0,3.437700041104108
10,139,Attention:greedy_rollout,25.394863068531254,0.1129189697129718,2.7667999966070056
10,139,PointerNet:batch_greedy_mean,25.394863068531258,0.1129189697129858,7.573800045065582
10,139,PointerNet:greedy_rollout,25.394863068531258,0.1129189697129858,5.813099967781454
10,139,POMO,25.366219794484195,0.0,6.327400042209774
10,140,Reference:exact_dp,26.994425549721647,0.0,12.614100007340312
10,140,Attention:batch_greedy_mean,26.99442554972165,1.3160916027854259e-14,4.478000046219677
10,140,Attention:greedy_rollout,31.978659201278795,18.46393672047799,4.056999983731657
10,140,PointerNet:batch_greedy_mean,26.99442554972165,1.3160916027854259e-14,5.600900040008128
10,140,PointerNet:greedy_rollout,26.99442554972165,1.3160916027854259e-14,5.747999995946884
10,140,POMO,26.994425549721647,0.0,5.860499979462475
10,141,Reference:exact_dp,27.766307496787373,0.0,9.54890000866726
10,141,Attention:batch_greedy_mean,27.766307496787373,0.0,3.090200014412403
10,141,Attention:greedy_rollout,27.766307496787377,1.2795052706275612e-14,3.805799991823733
10,141,PointerNet:batch_greedy_mean,27.766307496787377,1.2795052706275612e-14,5.587999999988824
10,141,PointerNet:greedy_rollout,27.766307496787377,1.2795052706275612e-14,4.632600001059473
10,141,POMO,27.766307496787373,0.0,5.531700036954135
10,142,Reference:exact_dp,28.920289634175518,0.0,10.560399969108403
10,142,Attention:batch_greedy_mean,28.920289634175518,0.0,4.497899964917451
10,142,Attention:greedy_rollout,28.92028963417552,1.2284502415917054e-14,2.761299954727292
10,142,PointerNet:batch_greedy_mean,29.039914470349206,0.413636369783538,7.580099976621568
10,142,PointerNet:greedy_rollout,29.446905780904515,1.8209227963840575,6.1441000434570014
10,142,POMO,28.92028963417552,1.2284502415917054e-14,4.301899985875934
10,143,Reference:exact_dp,30.751605492391793,0.0,14.845199999399483
10,143,Attention:batch_greedy_mean,30.751605492391796,1.155293722690177e-14,4.836199979763478
10,143,Attention:greedy_rollout,31.067816982404604,1.0282763613465484,4.3314999784342945
10,143,PointerNet:batch_greedy_mean,38.977782215715614,26.75039755358154,7.671500032301992
10,143,PointerNet:greedy_rollout,31.388122471189785,2.0698658447458036,4.151600005570799
10,143,POMO,30.75160549239179,-1.155293722690177e-14,6.545500014908612
10,144,Reference:exact_dp,28.568357073136102,0.0,13.617699965834618
10,144,Attention:batch_greedy_mean,28.959149962181716,1.3679221666306132,4.697099968325347
10,144,Attention:greedy_rollout,31.23716579393061,9.341834792817295,4.510200000368059
10,144,PointerNet:batch_greedy_mean,28.959149962181716,1.3679221666306132,6.075300043448806
10,144,PointerNet:greedy_rollout,28.959149962181716,1.3679221666306132,4.227700002957135
10,144,POMO,28.568357073136102,0.0,5.413000006228685
10,145,Reference:exact_dp,28.721850487293466,0.0,14.15059994906187
10,145,Attention:batch_greedy_mean,28.721850487293466,0.0,4.813399980776012
10,145,Attention:greedy_rollout,28.721850487293466,0.0,4.276500025298446
10,145,PointerNet:batch_greedy_mean,28.721850487293466,0.0,6.131800008006394
10,145,PointerNet:greedy_rollout,28.721850487293466,0.0,4.197599948383868
10,145,POMO,28.721850487293466,0.0,4.431899986229837
10,146,Reference:exact_dp,24.580296753241427,0.0,9.304900013376027
10,146,Attention:batch_greedy_mean,24.580296753241427,0.0,4.599400039296597
10,146,Attention:greedy_rollout,24.58029675324143,1.4453501983583664e-14,4.246299969963729
10,146,PointerNet:batch_greedy_mean,29.02376380657131,18.077353165982093,7.520600047428161
10,146,PointerNet:greedy_rollout,29.02376380657131,18.077353165982093,6.026299961376935
10,146,POMO,24.580296753241427,0.0,5.711700010579079
10,147,Reference:exact_dp,31.4804789192853,0.0,10.314499959349632
10,147,Attention:batch_greedy_mean,31.480478919285304,1.1285449906621554e-14,3.879199968650937
10,147,Attention:greedy_rollout,31.480478919285307,2.2570899813243107e-14,4.502900002989918
10,147,PointerNet:batch_greedy_mean,41.38346106083039,31.457533307977766,8.07030004216358
10,147,PointerNet:greedy_rollout,31.480478919285304,1.1285449906621554e-14,6.928899965714663
10,147,POMO,31.480478919285304,1.1285449906621554e-14,6.592400022782385
10,148,Reference:exact_dp,28.68890497511574,0.0,16.466000000946224
10,148,Attention:batch_greedy_mean,28.688904975115747,2.476716125541957e-14,3.944500000216067
10,148,Attention:greedy_rollout,28.688904975115747,2.476716125541957e-14,4.953199997544289
10,148,PointerNet:batch_greedy_mean,32.521875123790196,13.36046165581819,7.481899985577911
10,148,PointerNet:greedy_rollout,33.17580293125547,15.639836933586645,6.40929996734485
10,148,POMO,28.688904975115747,2.476716125541957e-14,7.696200045756996
10,149,Reference:exact_dp,27.28424795695819,0.0,9.991700004320592
10,149,Attention:batch_greedy_mean,27.28424795695819,0.0,5.209399969317019
10,149,Attention:greedy_rollout,27.28424795695819,0.0,5.308200023137033
10,149,PointerNet:batch_greedy_mean,27.28424795695819,0.0,7.990500016603619
10,149,PointerNet:greedy_rollout,27.28424795695819,0.0,7.033900008536875
10,149,POMO,27.284247956958193,1.302111637603142e-14,5.328300001565367
10,150,Reference:exact_dp,28.435268724316575,0.0,11.073999979998916
10,150,Attention:batch_greedy_mean,29.69286258611843,4.422655097774464,5.2476999699138105
10,150,Attention:greedy_rollout,29.58253558563415,4.034661576229396,3.4267999581061304
10,150,PointerNet:batch_greedy_mean,29.45230920299062,3.5766867144262875,6.611199991311878
10,150,PointerNet:greedy_rollout,29.45230920299062,3.5766867144262875,5.5472999811172485
10,150,POMO,28.435268724316575,0.0,6.307500007096678
10,151,Reference:exact_dp,34.46224907467969,0.0,16.300799965392798
10,151,Attention:batch_greedy_mean,35.35179917455986,2.581230545785079,4.566799965687096
10,151,Attention:greedy_rollout,35.35179917455986,2.581230545785079,5.070500017609447
10,151,PointerNet:batch_greedy_mean,34.46224907467969,0.0,5.990699981339276
10,151,PointerNet:greedy_rollout,34.46224907467969,0.0,6.202899967320263
10,151,POMO,34.46224907467969,0.0,6.154699949547648
10,152,Reference:exact_dp,28.459265312785554,0.0,10.875800042413175
10,152,Attention:batch_greedy_mean,28.459265312785558,1.248350454501865e-14,4.719300020951778
10,152,Attention:greedy_rollout,29.239763845302395,2.742511178481462,4.93669998832047
10,152,PointerNet:batch_greedy_mean,31.77010954029651,11.633625081753364,6.106399989221245
10,152,PointerNet:greedy_rollout,32.137789348258806,12.925576240440211,6.512399995699525
10,152,POMO,28.459265312785554,0.0,5.546500033233315
10,153,Reference:exact_dp,22.90237637643629,0.0,14.974299992900342
10,153,Attention:batch_greedy_mean,23.202729288483546,1.3114486772485394,4.340299987234175
10,153,Attention:greedy_rollout,23.20272928848355,1.3114486772485547,4.865699971560389
10,153,PointerNet:batch_greedy_mean,28.63034008227871,25.010346575806803,6.041000015102327
10,153,PointerNet:greedy_rollout,28.66766560910065,25.17332323031826,6.8598000216297805
10,153,POMO,22.90237637643629,0.0,7.34429998556152
10,154,Reference:exact_dp,35.919403448910835,0.0,15.290999959688634
10,154,Attention:batch_greedy_mean,35.91940344891084,1.9781585091487526e-14,3.7825999897904694
10,154,Attention:greedy_rollout,36.24676366545059,0.9113743133439439,3.359600028488785
10,154,PointerNet:batch_greedy_mean,36.196286791380295,0.7708461608035319,6.756699993275106
10,154,PointerNet:greedy_rollout,36.52364700792005,1.6822204741474758,5.746999988332391
10,154,POMO,35.919403448910835,0.0,5.7891999604180455
10,155,Reference:exact_dp,28.712720155889528,0.0,11.91360002849251
10,155,Attention:batch_greedy_mean,29.569515636469117,2.9840275526937265,3.691100049763918
10,155,Attention:greedy_rollout,28.71272015588953,1.2373309319046776e-14,2.915999968536198
10,155,PointerNet:batch_greedy_mean,32.04124505194917,11.592509793527508,4.362400039099157
10,155,PointerNet:greedy_rollout,29.174323139219105,1.6076602315050716,4.252700018696487
10,155,POMO,28.71272015588953,1.2373309319046776e-14,4.657700017560273
10,156,Reference:exact_dp,23.75483862427347,0.0,7.827900000847876
10,156,Attention:batch_greedy_mean,24.81142394785899,4.447874137548827,3.2799000036902726
10,156,Attention:greedy_rollout,23.75483862427347,0.0,3.046700032427907
10,156,PointerNet:batch_greedy_mean,25.13113748886027,5.793762215586891,5.268300010357052
10,156,PointerNet:greedy_rollout,27.302999022990896,14.936579678936646,5.050599982496351
10,156,POMO,23.754838624273475,1.4955747479463918e-14,3.5040999646298587
10,157,Reference:exact_dp,24.1262950905725,0.0,11.721400020178407
10,157,Attention:batch_greedy_mean,24.814878545380193,2.854078722914898,4.351200012024492
10,157,Attention:greedy_rollout,24.1262950905725,0.0,2.812399994581938
10,157,PointerNet:batch_greedy_mean,26.104969335641297,8.201318261426614,4.661499988287687
10,157,PointerNet:greedy_rollout,26.357511001744847,9.24806690292123,5.625999998301268
10,157,POMO,24.1262950905725,0.0,5.646000034175813
10,158,Reference:exact_dp,29.153562770495782,0.0,15.156499983277172
10,158,Attention:batch_greedy_mean,29.800560415406633,2.2192747075346495,4.321300017181784
10,158,Attention:greedy_rollout,30.577752909181562,4.885132393242519,5.339200026355684
10,158,PointerNet:batch_greedy_mean,32.09465784149079,10.08828695877775,6.22709997696802
10,158,PointerNet:greedy_rollout,32.32495095457006,10.878218243993885,6.420199992135167
10,158,POMO,29.153562770495782,0.0,7.108299992978573
10,159,Reference:exact_dp,21.41424994978064,0.0,11.552300013136119
10,159,Attention:batch_greedy_mean,22.197255492347573,3.6564696144071753,3.015400026924908
10,159,Attention:greedy_rollout,23.17335857670782,8.21466374518151,3.080099995713681
10,159,PointerNet:batch_greedy_mean,23.07323071858481,7.747087909661595,3.8293999969027936
10,159,PointerNet:greedy_rollout,22.575120905394684,5.4210208545078435,4.776999994646758
10,159,POMO,21.414249949780647,3.318083693925403e-14,5.506300018168986
10,160,Reference:exact_dp,28.32967560676712,0.0,14.457100012805313
10,160,Attention:batch_greedy_mean,28.32967560676712,0.0,4.405000014230609
10,160,Attention:greedy_rollout,28.32967560676712,0.0,3.9496999816037714
10,160,PointerNet:batch_greedy_mean,28.329675606767115,-1.2540608399878263e-14,5.781100015155971
10,160,PointerNet:greedy_rollout,28.329675606767115,-1.2540608399878263e-14,4.529800033196807
10,160,POMO,28.32967560676712,0.0,4.095699987374246
10,161,Reference:exact_dp,28.133763070264877,0.0,10.65269997343421
10,161,Attention:batch_greedy_mean,28.385402943679846,0.894440863763912,2.8486999799497426
10,161,Attention:greedy_rollout,28.169646483687426,0.1275457297800148,3.5561000113375485
10,161,PointerNet:batch_greedy_mean,38.5498078360822,37.02329027156075,4.974700044840574
10,161,PointerNet:greedy_rollout,28.804453585336667,2.3839346105130743,7.177599996794015
10,161,POMO,28.133763070264877,0.0,6.293000013101846
10,162,Reference:exact_dp,31.022528253010837,0.0,8.14569997601211
10,162,Attention:batch_greedy_mean,31.022528253010837,0.0,3.390900033991784
10,162,Attention:greedy_rollout,32.409080186348135,4.4695001065966595,2.6630000211298466
10,162,PointerNet:batch_greedy_mean,32.7983631339943,5.724339636345123,3.7182000232860446
10,162,PointerNet:greedy_rollout,31.02252825301084,1.145204430092089e-14,5.771199997980148
10,162,POMO,31.022528253010837,0.0,3.9952999795787036
10,163,Reference:exact_dp,31.191302278951387,0.0,11.816800048109144
10,163,Attention:batch_greedy_mean,31.19130227895139,1.1390078064159425e-14,4.446999984793365
10,163,Attention:greedy_rollout,32.58839577305236,4.4791124192456895,3.9853000198490918
10,163,PointerNet:batch_greedy_mean,35.94071722130505,15.226728592087923,5.6508000125177205
10,163,PointerNet:greedy_rollout,36.77381477428605,17.897657639969314,6.01830001687631
10,163,POMO,31.191302278951387,0.0,6.149299966637045
10,164,Reference:exact_dp,28.854883241208288,0.0,13.502300018444657
10,164,Attention:batch_greedy_mean,29.24199056811821,1.3415660831962302,2.847099967766553
10,164,Attention:greedy_rollout,29.24199056811821,1.3415660831962302,3.805599990300834
10,164,PointerNet:batch_greedy_mean,35.246202783197745,22.149871439652454,5.6449000257998705
10,164,PointerNet:greedy_rollout,33.92070797435518,17.556212897483775,5.463799985591322
10,164,POMO,29.162268133701595,1.065278587072304,5.612600012682378
10,165,Reference:exact_dp,24.600767583901163,0.0,11.797000013757497
10,165,Attention:batch_greedy_mean,25.981362142070783,5.611997891777514,2.729600004386157
10,165,Attention:greedy_rollout,25.704081633463094,4.484876521836431,3.149600001052022
10,165,PointerNet:batch_greedy_mean,27.651350035245034,12.400354748850129,3.8648999761790037
10,165,PointerNet:greedy_rollout,27.832547871105383,13.136908335002968,3.743799985386431
10,165,POMO,24.600767583901167,1.4441474912048723e-14,4.379899997729808
10,166,Reference:exact_dp,34.046140169067904,0.0,12.401300016790628
10,166,Attention:batch_greedy_mean,34.046140169067904,0.0,3.1925999792292714
10,166,Attention:greedy_rollout,34.046140169067904,0.0,2.753000007942319
10,166,PointerNet:batch_greedy_mean,40.60449043254706,19.263124192379504,5.130500008817762
10,166,PointerNet:greedy_rollout,34.511719350674646,1.3674947565120372,5.725700000766665
10,166,POMO,34.046140169067904,0.0,5.441799992695451
10,167,Reference:exact_dp,26.7820955708464,0.0,8.431399997789413
10,167,Attention:batch_greedy_mean,26.782095570846405,1.3265256519612305e-14,4.168900020886213
10,167,Attention:greedy_rollout,26.7820955708464,0.0,3.9733999874442816
10,167,PointerNet:batch_greedy_mean,26.7820955708464,0.0,5.673799954820424
10,167,PointerNet:greedy_rollout,26.7820955708464,0.0,5.598600022494793
10,167,POMO,26.782095570846405,1.3265256519612305e-14,5.448599986266345
10,168,Reference:exact_dp,28.268065741927447,0.0,15.069799963384867
10,168,Attention:batch_greedy_mean,33.94999438323163,20.100167776519278,4.263299982994795
10,168,Attention:greedy_rollout,31.323318395745016,10.808141886008107,3.950499987695366
10,168,PointerNet:batch_greedy_mean,28.268065741927447,0.0,5.153500009328127
10,168,PointerNet:greedy_rollout,31.065165105738323,9.894908938400384,6.139999954029918
10,168,POMO,28.268065741927447,0.0,7.668700010981411
10,169,Reference:exact_dp,28.182260253497706,0.0,16.614000021945685
10,169,Attention:batch_greedy_mean,30.166263394411363,7.039900714377308,5.307000013999641
10,169,Attention:greedy_rollout,28.561016198531718,1.3439516264030116,6.393499963451177
10,169,PointerNet:batch_greedy_mean,29.10223194258815,3.2643644647922363,11.684400029480457
10,169,PointerNet:greedy_rollout,29.592658094301825,5.0045589960410455,10.179499979130924
10,169,POMO,29.32414481522499,4.051784886861816,7.791400013957173
10,170,Reference:exact_dp,32.27477802555989,0.0,21.79859997704625
10,170,Attention:batch_greedy_mean,33.39586689093406,3.4735757577831428,6.117999961134046
10,170,Attention:greedy_rollout,32.66127089093759,1.1975074315665797,5.487299989908934
10,170,PointerNet:batch_greedy_mean,36.51587689846881,13.14059811519137,10.254900029394776
10,170,PointerNet:greedy_rollout,33.003136505038334,2.256742025930043,6.903100002091378
10,170,POMO,32.27477802555989,0.0,6.9343000068329275
10,171,Reference:exact_dp,32.53272900460972,0.0,13.10479996027425
10,171,Attention:batch_greedy_mean,33.50037096697563,2.97436456138924,4.603100009262562
10,171,Attention:greedy_rollout,32.53272900460973,2.184085865220283e-14,4.494799999520183
10,171,PointerNet:batch_greedy_mean,33.50037096697563,2.97436456138924,6.637999962549657
10,171,PointerNet:greedy_rollout,33.50037096697563,2.97436456138924,6.4400999690406024
10,171,POMO,32.97115803948738,1.3476552637669414,8.677200006786734
10,172,Reference:exact_dp,30.397308487422166,0.0,14.060100016649812
10,172,Attention:batch_greedy_mean,30.39730848742217,1.1687592933665645e-14,5.283600010443479
10,172,Attention:greedy_rollout,30.397308487422166,0.0,3.3068000338971615
10,172,PointerNet:batch_greedy_mean,33.61722670479161,10.592774089527659,7.24649999756366
10,172,PointerNet:greedy_rollout,32.31295577003176,6.30202928460675,7.4693000060506165
10,172,POMO,30.39730848742217,1.1687592933665645e-14,16.695700003765523
10,173,Reference:exact_dp,32.581955944312135,0.0,15.361600031610578
10,173,Attention:batch_greedy_mean,33.28862037148185,2.168882765594298,5.519600003026426
10,173,Attention:greedy_rollout,33.548275279410106,2.9658113120942406,3.6318000056780875
10,173,PointerNet:batch_greedy_mean,40.58377600404995,24.559053708789705,9.75790002848953
10,173,PointerNet:greedy_rollout,38.734345908116964,18.882813463747432,8.49999999627471
10,173,POMO,32.581955944312135,0.0,8.629499992821366
10,174,Reference:exact_dp,23.21998383567487,0.0,14.133300050161779
10,174,Attention:batch_greedy_mean,23.500295136626672,1.207198518894466,4.724300000816584
10,174,Attention:greedy_rollout,23.219983835674874,1.5300241825931678e-14,4.718700016383082
10,174,PointerNet:batch_greedy_mean,23.91871675076581,3.009187775649593,8.43019998865202
10,174,PointerNet:greedy_rollout,23.91871675076581,3.009187775649593,7.395800028461963
10,174,POMO,23.219983835674878,3.0600483651863356e-14,13.816800026688725
10,175,Reference:exact_dp,26.06422076344017,0.0,10.182500001974404
10,175,Attention:batch_greedy_mean,26.43496991067147,1.4224447782123772,4.882199980784208
10,175,Attention:greedy_rollout,26.4805470618029,1.5973095921083647,4.675999982282519
10,175,PointerNet:batch_greedy_mean,31.021955168150537,19.021226261498278,8.150100009515882
10,175,PointerNet:greedy_rollout,27.163053739963036,4.215867362757232,6.761500029824674
10,175,POMO,26.064220763440172,1.363061535982626e-14,7.1647000149823725
10,176,Reference:exact_dp,27.81480091310551,0.0,11.116999958176166
10,176,Attention:batch_greedy_mean,27.814800913105515,1.277274530887103e-14,5.327499995473772
10,176,Attention:greedy_rollout,32.286027204015625,16.07498937302623,3.3230999833904207
10,176,PointerNet:batch_greedy_mean,28.46936160174868,2.353281947579066,5.113899998832494
10,176,PointerNet:greedy_rollout,28.46936160174868,2.353281947579066,4.242900002282113
10,176,POMO,27.81480091310551,0.0,6.107399996835738
10,177,Reference:exact_dp,21.643190258379988,0.0,10.069200012367219
10,177,Attention:batch_greedy_mean,24.381536222868032,12.652228861813885,5.187299975659698
10,177,Attention:greedy_rollout,24.72131744684124,14.222150947776461,4.467000020667911
10,177,PointerNet:batch_greedy_mean,23.93007667743921,10.566309272145157,5.830399983096868
10,177,PointerNet:greedy_rollout,25.171679183590566,16.30299823217785,7.367699989117682
10,177,POMO,21.643190258379995,3.282985212796836e-14,4.242400056682527
10,178,Reference:exact_dp,28.172217668906224,0.0,13.03510001162067
10,178,Attention:batch_greedy_mean,28.23632925313662,0.2275702430808501,3.203400003258139
10,178,Attention:greedy_rollout,30.547146293468476,8.430037892201396,2.854399965144694
10,178,PointerNet:batch_greedy_mean,30.522270620274366,8.341739294318682,6.219299975782633
10,178,PointerNet:greedy_rollout,30.522270620274366,8.341739294318682,7.357200025580823
10,178,POMO,28.172217668906228,1.2610699379629043e-14,4.370899987407029
10,179,Reference:exact_dp,26.334588515014644,0.0,13.437099987640977
10,179,Attention:batch_greedy_mean,28.311017008356046,7.505066928289168,4.392300033941865
10,179,Attention:greedy_rollout,26.97517829371541,2.4325034672006853,4.80039999820292
10,179,PointerNet:batch_greedy_mean,28.935338546993712,9.87579521318988,5.900499993003905
10,179,PointerNet:greedy_rollout,28.935338546993712,9.87579521318988,5.921300034970045
10,179,POMO,26.667775001171016,1.265204831153544,6.263399962335825
10,180,Reference:exact_dp,30.909318160021165,0.0,10.316900035832077
10,180,Attention:batch_greedy_mean,30.909318160021165,0.0,5.243799998424947
10,180,Attention:greedy_rollout,30.909318160021165,0.0,4.2575999977998435
10,180,PointerNet:batch_greedy_mean,41.87241403813544,35.46857883230242,6.928199960384518
10,180,PointerNet:greedy_rollout,34.370266548801055,11.197103639951404,8.028700016438961
10,180,POMO,30.90931816002116,-1.1493989160186859e-14,4.9085000064224005
10,181,Reference:exact_dp,31.46296574147786,0.0,12.250900035724044
10,181,Attention:batch_greedy_mean,31.46296574147786,0.0,4.435500013642013
10,181,Attention:greedy_rollout,31.46296574147786,0.0,3.355699998792261
10,181,PointerNet:batch_greedy_mean,35.02856822653952,11.332696715113224,6.986200052779168
10,181,PointerNet:greedy_rollout,33.47875460377777,6.406862210203168,6.056400015950203
10,181,POMO,31.462965741477856,-1.12917317076595e-14,5.301900033373386
10,182,Reference:exact_dp,28.90659153285533,0.0,18.539900018367916
10,182,Attention:batch_greedy_mean,29.60974768468375,2.4325114603332265,7.653800013940781
10,182,Attention:greedy_rollout,29.566157687176737,2.2817154128038304,4.944899992551655
10,182,PointerNet:batch_greedy_mean,33.294033469701745,15.17799818030996,7.9548999783582985
10,182,PointerNet:greedy_rollout,29.79012876015461,3.0565251053381615,8.887300034984946
10,182,POMO,29.38687578643571,1.661504273288279,6.490800005849451
10,183,Reference:exact_dp,27.34082752854874,0.0,10.121400002390146
10,183,Attention:batch_greedy_mean,27.34082752854874,0.0,4.743100027553737
10,183,Attention:greedy_rollout,30.052424955129368,9.91775915981048,4.910599964205176
10,183,PointerNet:batch_greedy_mean,27.691134165702543,1.2812583554320738,7.222599990200251
10,183,PointerNet:greedy_rollout,27.691134165702543,1.2812583554320738,9.487300005275756
10,183,POMO,27.34082752854874,0.0,6.681900005787611
10,184,Reference:exact_dp,28.789784689507396,0.0,14.22029995592311
10,184,Attention:batch_greedy_mean,32.38628718813435,12.492286890696048,4.53809997998178
10,184,Attention:greedy_rollout,32.33661078883648,12.319738190406634,5.05969999358058
10,184,PointerNet:batch_greedy_mean,34.16013542663588,18.65366759441498,6.235799985006452
10,184,PointerNet:greedy_rollout,29.945546348284914,4.01448524621562,5.671999999321997
10,184,POMO,30.613633856261213,6.335056640484462,7.652600004803389
10,185,Reference:exact_dp,20.655359473928662,0.0,7.6688999542966485
10,185,Attention:batch_greedy_mean,21.03668756214239,1.846145978214723,4.474600020330399
10,185,Attention:greedy_rollout,21.352477226413136,3.3749969511030793,4.445599974133074
10,185,PointerNet:batch_greedy_mean,21.03668756214239,1.846145978214723,5.760400032158941
10,185,PointerNet:greedy_rollout,21.03668756214239,1.846145978214723,6.756899994798005
10,185,POMO,20.65535947392866,-1.7199960539465606e-14,6.114199990406632
10,186,Reference:exact_dp,25.779351440100374,0.0,11.576000018976629
10,186,Attention:batch_greedy_mean,25.779351440100378,1.378123761978811e-14,4.440599994268268
10,186,Attention:greedy_rollout,25.779351440100378,1.378123761978811e-14,4.155500035267323
10,186,PointerNet:batch_greedy_mean,32.792747762918985,27.205480087870292,6.804700009524822
10,186,PointerNet:greedy_rollout,25.779351440100374,0.0,5.839099991135299
10,186,POMO,25.779351440100378,1.378123761978811e-14,5.853699985891581
10,187,Reference:exact_dp,26.478550882927056,0.0,12.914700026158243
10,187,Attention:batch_greedy_mean,26.47855088292706,1.3417326705334291e-14,2.882000000681728
10,187,Attention:greedy_rollout,26.47855088292706,1.3417326705334291e-14,2.9406999819912016
10,187,PointerNet:batch_greedy_mean,26.571474613983447,0.35093963966248254,6.839000037871301
10,187,PointerNet:greedy_rollout,26.57147461398345,0.3509396396624959,6.014499987941235
10,187,POMO,26.47855088292706,1.3417326705334291e-14,6.003800022881478
10,188,Reference:exact_dp,25.313606403691228,0.0,10.155399970244616
10,188,Attention:batch_greedy_mean,25.31360640369123,1.4034798606501382e-14,3.940099966712296
10,188,Attention:greedy_rollout,26.689748679805152,5.436373838511036,4.896899976301938
10,188,PointerNet:batch_greedy_mean,28.34588527096845,11.978849709992543,6.192400003783405
10,188,PointerNet:greedy_rollout,28.493357282390452,12.56142972277373,5.855800001882017
10,188,POMO,26.084637027180992,3.0459137714068776,6.801899988204241
10,189,Reference:exact_dp,31.79418280188568,0.0,13.28710000962019
10,189,Attention:batch_greedy_mean,31.794182801885682,1.1174099680240227e-14,3.983000002335757
10,189,Attention:greedy_rollout,31.79418280188568,0.0,2.718700037803501
10,189,PointerNet:batch_greedy_mean,35.133424719024504,10.502682009303847,4.710700013674796
10,189,PointerNet:greedy_rollout,34.495324845608636,8.49571149714455,7.066899968776852
10,189,POMO,31.794182801885682,1.1174099680240227e-14,6.572700047399849
10,190,Reference:exact_dp,30.768525500039907,0.0,14.703999971970916
10,190,Attention:batch_greedy_mean,30.792893470831416,0.07919772038305053,3.7464999477379024
10,190,Attention:greedy_rollout,30.768525500039907,0.0,3.8454000023193657
10,190,PointerNet:batch_greedy_mean,30.792893470831416,0.07919772038305053,5.584399972576648
10,190,PointerNet:greedy_rollout,30.792893470831416,0.07919772038305053,4.3957000016234815
10,190,POMO,30.768525500039907,0.0,4.701700003352016
10,191,Reference:exact_dp,27.304336215101348,0.0,13.225500006228685
10,191,Attention:batch_greedy_mean,28.941882659211668,5.997386023999493,4.601399996317923
10,191,Attention:greedy_rollout,27.304336215101348,0.0,4.283100017346442
10,191,PointerNet:batch_greedy_mean,28.80404155432513,5.492553737286366,4.283800022676587
10,191,PointerNet:greedy_rollout,29.31500331187805,7.363911288437233,4.230900027323514
10,191,POMO,27.30433621510135,1.3011536522303676e-14,4.606700036674738
10,192,Reference:exact_dp,32.45019596395831,0.0,12.221199984196573
10,192,Attention:batch_greedy_mean,32.90537703069414,1.4027066808514552,4.943300038576126
10,192,Attention:greedy_rollout,32.90537703069414,1.4027066808514552,4.833599959965795
10,192,PointerNet:batch_greedy_mean,37.38848410989826,15.21805338687259,6.395400036126375
10,192,PointerNet:greedy_rollout,34.10733532909148,5.106716048721912,7.122899987734854
10,192,POMO,32.450195963958315,2.189640816188857e-14,4.544000024907291
10,193,Reference:exact_dp,25.03049715663512,0.0,14.177099976222962
10,193,Attention:batch_greedy_mean,25.03049715663512,0.0,2.914200013037771
10,193,Attention:greedy_rollout,25.030497156635125,1.4193540210441815e-14,2.7406999724917114
10,193,PointerNet:batch_greedy_mean,28.343519200472745,13.235941831700304,4.312500008381903
10,193,PointerNet:greedy_rollout,25.03049715663512,0.0,5.10559999383986
10,193,POMO,25.03049715663512,0.0,4.338999977335334
10,194,Reference:exact_dp,39.22535932361964,0.0,7.709100027568638
10,194,Attention:batch_greedy_mean,39.812151677036766,1.495951505697962,4.843100032303482
10,194,Attention:greedy_rollout,39.22535932361964,0.0,4.144399950746447
10,194,PointerNet:batch_greedy_mean,39.22535932361966,3.6228743242244574e-14,5.614499968942255
10,194,PointerNet:greedy_rollout,39.22535932361966,3.6228743242244574e-14,5.313599947839975
10,194,POMO,39.22535932361965,1.8114371621122287e-14,5.3866999805904925
10,195,Reference:exact_dp,34.33893798544695,0.0,9.615899994969368
10,195,Attention:batch_greedy_mean,36.03548683574678,4.940597903810659,4.263899987563491
10,195,Attention:greedy_rollout,37.059585987670786,7.922924125891333,3.9139000000432134
10,195,PointerNet:batch_greedy_mean,36.263276392114065,5.603954343266715,4.740600008517504
10,195,PointerNet:greedy_rollout,34.338937985446954,2.069204167179639e-14,6.360599945764989
10,195,POMO,34.33893798544695,0.0,5.365500051993877
10,196,Reference:exact_dp,27.255086822482728,0.0,13.340600009541959
10,196,Attention:batch_greedy_mean,27.25508682248273,1.3035048106579014e-14,4.37069998588413
10,196,Attention:greedy_rollout,27.25508682248273,1.3035048106579014e-14,3.099899971857667
10,196,PointerNet:batch_greedy_mean,27.255086822482724,-1.3035048106579014e-14,5.050000036135316
10,196,PointerNet:greedy_rollout,27.255086822482724,-1.3035048106579014e-14,4.933400021400303
10,196,POMO,27.255086822482728,0.0,6.50130002759397
10,197,Reference:exact_dp,23.921121834112306,0.0,16.793300048448145
10,197,Attention:batch_greedy_mean,27.403728683299065,14.558710387154363,5.199700011871755
10,197,Attention:greedy_rollout,23.921121834112306,0.0,4.519699956290424
10,197,PointerNet:batch_greedy_mean,23.921121834112306,0.0,4.2505000019446015
10,197,PointerNet:greedy_rollout,25.086474690068364,4.871648010647339,4.898500046692789
10,197,POMO,23.921121834112306,0.0,6.350199982989579
10,198,Reference:exact_dp,32.497017952949506,0.0,15.332699986174703
10,198,Attention:batch_greedy_mean,32.497017952949506,0.0,3.7621999508701265
10,198,Attention:greedy_rollout,32.49701795294951,2.186485962462318e-14,3.857599978800863
10,198,PointerNet:batch_greedy_mean,37.23615042554553,14.583284163050077,6.312000041361898
10,198,PointerNet:greedy_rollout,37.18936557607339,14.439317570361862,5.782500025816262
10,198,POMO,32.497017952949506,0.0,5.537399963941425
10,199,Reference:exact_dp,29.75092090898287,0.0,8.947999973315746
10,199,Attention:batch_greedy_mean,30.35668009668769,2.0361023094310977,3.191599971614778
10,199,Attention:greedy_rollout,30.027088968633258,0.9282672643824039,2.7174000279046595
10,199,PointerNet:batch_greedy_mean,37.87121440494607,27.294259296395072,3.6365000414662063
10,199,PointerNet:greedy_rollout,33.71393922895803,13.32065764316756,6.243699986953288
10,199,POMO,29.750920908982874,1.194152506965863e-14,3.68190003791824
10,200,Reference:exact_dp,26.105960769932604,0.0,7.120100024621934
10,200,Attention:batch_greedy_mean,27.16298244388195,4.048966759985197,4.931300005409867
10,200,Attention:greedy_rollout,26.153041192997094,0.18034357547458688,4.07289998838678
10,200,PointerNet:batch_greedy_mean,26.19804564271615,0.3527350462029464,5.802700005006045
10,200,PointerNet:greedy_rollout,26.19804564271615,0.3527350462029464,6.141399964690208
10,200,POMO,26.105960769932604,0.0,3.75579996034503
10,201,Reference:exact_dp,25.334490568398643,0.0,6.586299976333976
10,201,Attention:batch_greedy_mean,25.334490568398646,1.4023229198979955e-14,3.7569000269286335
10,201,Attention:greedy_rollout,25.334490568398646,1.4023229198979955e-14,4.57220000680536
10,201,PointerNet:batch_greedy_mean,29.447723443139953,16.235703905852418,6.714999966789037
10,201,PointerNet:greedy_rollout,30.057345076386117,18.64199516953618,10.007800010498613
10,201,POMO,25.334490568398643,0.0,6.406300002709031
10,202,Reference:exact_dp,27.91420961544897,0.0,10.24959998903796
10,202,Attention:batch_greedy_mean,28.02901070959551,0.4112639968247689,4.387799999676645
10,202,Attention:greedy_rollout,28.02901070959551,0.4112639968247689,4.053600016050041
10,202,PointerNet:batch_greedy_mean,36.93005328624649,32.298402122078166,6.785300036426634
10,202,PointerNet:greedy_rollout,32.50800644289355,16.456840049313698,5.567300016991794
10,202,POMO,27.914209615448975,1.2727258725012475e-14,4.354599979706109
10,203,Reference:exact_dp,26.539230911228834,0.0,9.85399994533509
10,203,Attention:batch_greedy_mean,26.539230911228834,0.0,2.9178999830037355
10,203,Attention:greedy_rollout,26.539230911228834,0.0,2.7032000361941755
10,203,PointerNet:batch_greedy_mean,26.539230911228834,0.0,6.747500039637089
10,203,PointerNet:greedy_rollout,26.539230911228834,0.0,4.41509997472167
10,203,POMO,26.539230911228834,0.0,4.120900004636496
10,204,Reference:exact_dp,30.026982672490956,0.0,11.270099959801883
10,204,Attention:batch_greedy_mean,30.026982672490963,2.366347439934615e-14,4.190100007690489
10,204,Attention:greedy_rollout,30.02698267249096,1.1831737199673075e-14,3.7637000204995275
10,204,PointerNet:batch_greedy_mean,38.51267456895088,28.26022177790791,5.648799997288734
10,204,PointerNet:greedy_rollout,35.70207438827623,18.899973326272562,6.053199991583824
10,204,POMO,30.02698267249096,1.1831737199673075e-14,5.700999987311661
10,205,Reference:exact_dp,26.09906772585466,0.0,11.950199957937002
10,205,Attention:batch_greedy_mean,33.45786449790176,28.195630776333115,3.123599977698177
10,205,Attention:greedy_rollout,26.09906772585466,0.0,3.47880000481382
10,205,PointerNet:batch_greedy_mean,32.53355250824933,24.654079026816888,5.96629997016862
10,205,PointerNet:greedy_rollout,30.787754493773956,17.964958814504005,6.005200033541769
10,205,POMO,26.09906772585466,0.0,5.909100000280887
10,206,Reference:exact_dp,27.693496478154017,0.0,10.392400028649718
10,206,Attention:batch_greedy_mean,27.693496478154017,0.0,4.5559999998658895
10,206,Attention:greedy_rollout,29.72854042430437,7.348454348318548,3.2922999816946685
10,206,PointerNet:batch_greedy_mean,27.693496478154017,0.0,5.422900023404509
10,206,PointerNet:greedy_rollout,27.693496478154017,0.0,5.978900007903576
10,206,POMO,27.693496478154017,0.0,5.698200024198741
10,207,Reference:exact_dp,25.06593535357314,0.0,7.308900007046759
10,207,Attention:batch_greedy_mean,26.141436348155445,4.290687658017094,2.8762000147253275
10,207,Attention:greedy_rollout,25.402098898137854,1.3411170970597592,3.7293999921530485
10,207,PointerNet:batch_greedy_mean,27.96948629276048,11.583652866851587,5.9560000081546605
10,207,PointerNet:greedy_rollout,27.759958804203066,10.747747541150087,5.6287000188604
10,207,POMO,25.06593535357314,0.0,6.260699999984354
10,208,Reference:exact_dp,26.163110832793446,0.0,15.381600009277463
10,208,Attention:batch_greedy_mean,26.16311083279345,1.3579095014754316e-14,3.561600053217262
10,208,Attention:greedy_rollout,26.163110832793446,0.0,2.8155000181868672
10,208,PointerNet:batch_greedy_mean,37.29856066619789,42.56164301168276,5.652700026985258
10,208,PointerNet:greedy_rollout,32.38527590731051,23.782206612518173,6.577199965249747
10,208,POMO,26.16311083279345,1.3579095014754316e-14,5.909800005611032
10,209,Reference:exact_dp,29.257827899151916,0.0,11.513400007970631
10,209,Attention:batch_greedy_mean,29.257827899151916,0.0,4.374200012534857
10,209,Attention:greedy_rollout,29.257827899151916,0.0,4.011799988802522
10,209,PointerNet:batch_greedy_mean,34.812517533384344,18.985311053775934,7.724700029939413
10,209,PointerNet:greedy_rollout,29.257827899151916,0.0,4.620500025339425
10,209,POMO,29.257827899151913,-1.2142780014450362e-14,5.699099972844124
10,210,Reference:exact_dp,30.22757750217441,0.0,11.074500042013824
10,210,Attention:batch_greedy_mean,30.227577502174412,1.1753219981141188e-14,3.1232000328600407
10,210,Attention:greedy_rollout,30.56172712796584,1.1054462626632666,2.9427999979816377
10,210,PointerNet:batch_greedy_mean,34.540616603031665,14.268556918089118,6.133700022473931
10,210,PointerNet:greedy_rollout,32.40452594299242,7.201862076646449,6.5805999911390245
10,210,POMO,30.227577502174412,1.1753219981141188e-14,7.188700023107231
10,211,Reference:exact_dp,31.67269120921572,0.0,7.409799960441887
10,211,Attention:batch_greedy_mean,32.05197525376351,1.197511263070151,3.5447999835014343
10,211,Attention:greedy_rollout,32.05197525376351,1.197511263070151,3.062099975068122
10,211,PointerNet:batch_greedy_mean,32.05197525376351,1.197511263070151,5.510199989657849
10,211,PointerNet:greedy_rollout,32.05197525376351,1.197511263070151,4.376499971840531
10,211,POMO,31.67269120921572,0.0,5.113599996548146
10,212,Reference:exact_dp,27.662381475686075,0.0,13.902300037443638
10,212,Attention:batch_greedy_mean,27.742308640319557,0.28893811873621145,3.750200034119189
10,212,Attention:greedy_rollout,27.742528298399808,0.2897321865949178,4.950099973939359
10,212,PointerNet:batch_greedy_mean,27.742308640319557,0.28893811873621145,5.7218000292778015
10,212,PointerNet:greedy_rollout,27.742308640319557,0.28893811873621145,4.38570004189387
10,212,POMO,27.66238147568608,1.2843123004153378e-14,4.761199990753084
10,213,Reference:exact_dp,30.298049935474193,0.0,15.861399995628744
10,213,Attention:batch_greedy_mean,30.298049935474197,1.1725882313768449e-14,3.182700020261109
10,213,Attention:greedy_rollout,30.298049935474197,1.1725882313768449e-14,3.6137999850325286
10,213,PointerNet:batch_greedy_mean,30.298049935474197,1.1725882313768449e-14,6.482900003902614
10,213,PointerNet:greedy_rollout,34.78408843377699,14.80636050127555,6.122699996922165
10,213,POMO,30.298049935474193,0.0,4.490500024985522
10,214,Reference:exact_dp,23.232759397983163,0.0,13.22180003626272
10,214,Attention:batch_greedy_mean,23.23275939798316,-1.52918283099377e-14,3.4293000353500247
10,214,Attention:greedy_rollout,23.232759397983163,0.0,3.5513999755494297
10,214,PointerNet:batch_greedy_mean,25.48829917971736,9.708445488959008,6.605200003832579
10,214,PointerNet:greedy_rollout,26.090083342037623,12.298685210429653,4.433499998413026
10,214,POMO,23.232759397983163,0.0,5.239600024651736
10,215,Reference:exact_dp,25.199027701268705,0.0,9.925899968948215
10,215,Attention:batch_greedy_mean,29.59291609633506,17.436737826377065,3.589299973100424
10,215,Attention:greedy_rollout,25.199027701268705,0.0,4.929099988657981
10,215,PointerNet:batch_greedy_mean,32.32642326285796,28.2844070258727,5.893099994864315
10,215,PointerNet:greedy_rollout,27.72309195096331,10.01651444498997,6.104900036007166
10,215,POMO,25.1990277012687,-1.4098614124788756e-14,6.03009999031201
10,216,Reference:exact_dp,27.367286367865315,0.0,12.127699970733374
10,216,Attention:batch_greedy_mean,28.285972672467967,3.3568775955857055,3.0338999931700528
10,216,Attention:greedy_rollout,27.537840681761754,0.623205061707191,3.6085000028833747
10,216,PointerNet:batch_greedy_mean,29.86315140690336,9.11988498051707,6.080700026359409
10,216,PointerNet:greedy_rollout,29.466258716622995,7.669640024018951,5.852699978277087
10,216,POMO,27.36728636786532,1.2981607423716292e-14,5.721700028516352
10,217,Reference:exact_dp,26.367700213382342,0.0,11.538300022948533
10,217,Attention:batch_greedy_mean,26.367700213382346,1.3473733583323282e-14,4.803600022569299
10,217,Attention:greedy_rollout,26.367700213382346,1.3473733583323282e-14,4.069100017659366
10,217,PointerNet:batch_greedy_mean,29.051462596146912,10.178219416354278,5.168000003322959
10,217,PointerNet:greedy_rollout,31.83663099081989,20.741023044026853,4.902500018943101
10,217,POMO,26.367700213382342,0.0,6.905700021889061
10,218,Reference:exact_dp,25.99573593440694,0.0,9.792600001674145
10,218,Attention:batch_greedy_mean,26.87879394725729,3.3969340782599935,5.00769994687289
10,218,Attention:greedy_rollout,25.995735934406945,1.3666524724534796e-14,4.0756999514997005
10,218,PointerNet:batch_greedy_mean,29.738487026884155,14.397557745320281,5.826499953400344
10,218,PointerNet:greedy_rollout,28.589594289045273,9.978014706655035,6.255599961150438
10,218,POMO,25.995735934406945,1.3666524724534796e-14,4.853099992033094
10,219,Reference:exact_dp,29.733280486983826,0.0,7.878799980971962
10,219,Attention:batch_greedy_mean,31.808859673989872,6.980659896961791,5.175700003746897
10,219,Attention:greedy_rollout,30.02294420236307,0.9742070522828762,4.172799992375076
10,219,PointerNet:batch_greedy_mean,31.545512180000824,6.0949604730306435,7.425500021781772
10,219,PointerNet:greedy_rollout,31.545512180000824,6.0949604730306435,7.332600012887269
10,219,POMO,29.733280486983826,0.0,5.734499951358885
10,220,Reference:exact_dp,23.280568579752476,0.0,12.27059995289892
10,220,Attention:batch_greedy_mean,24.136264225199003,3.6755788094915385,4.5127999619580805
10,220,Attention:greedy_rollout,23.280568579752476,0.0,4.892500001005828
10,220,PointerNet:batch_greedy_mean,30.355190119692015,30.38852558821292,4.4281999580562115
10,220,PointerNet:greedy_rollout,27.89257607915632,19.81054493409147,5.1382000092417
10,220,POMO,23.280568579752476,0.0,6.111800030339509
10,221,Reference:exact_dp,34.099002697002284,0.0,11.508300027344376
10,221,Attention:batch_greedy_mean,34.445388378944095,1.0158234978885838,3.273800015449524
10,221,Attention:greedy_rollout,35.32872137378051,3.6063186002983416,4.512100014835596
10,221,PointerNet:batch_greedy_mean,34.445388378944095,1.0158234978885838,5.908799997996539
10,221,PointerNet:greedy_rollout,40.137519418204676,17.708778097880412,5.492200027219951
10,221,POMO,34.368414556714086,0.7900872119508838,6.983799976296723
10,222,Reference:exact_dp,31.52612410063834,0.0,15.115099959075451
10,222,Attention:batch_greedy_mean,31.52612410063833,-3.3807330715245445e-14,5.354199965950102
10,222,Attention:greedy_rollout,32.84612035775828,4.186991883005408,4.5797000057064
10,222,PointerNet:batch_greedy_mean,31.526124100638334,-2.2538220476830293e-14,7.135100022424012
10,222,PointerNet:greedy_rollout,31.526124100638334,-2.2538220476830293e-14,5.8169999974779785
10,222,POMO,31.526124100638334,-2.2538220476830293e-14,4.134899994824082
10,223,Reference:exact_dp,29.988890417457096,0.0,10.96970000071451
10,223,Attention:batch_greedy_mean,29.9888904174571,1.1846766016832685e-14,4.59600001340732
10,223,Attention:greedy_rollout,35.3959908029943,18.030344938636432,4.406599968206137
10,223,PointerNet:batch_greedy_mean,38.58609555009153,28.6679667468785,6.410400033928454
10,223,PointerNet:greedy_rollout,33.13013750853419,10.474702622703624,6.529300007969141
10,223,POMO,29.9888904174571,1.1846766016832685e-14,6.478699971921742
10,224,Reference:exact_dp,32.62056943114435,0.0,11.441700044088066
10,224,Attention:batch_greedy_mean,34.02837497579389,4.31569886485625,4.462399985641241
10,224,Attention:greedy_rollout,34.02837497579388,4.315698864856228,3.2316999859176576
10,224,PointerNet:batch_greedy_mean,38.49815188557926,18.018025304068782,6.564099981915206
10,224,PointerNet:greedy_rollout,36.75436628578299,12.672362643344668,7.312400033697486
10,224,POMO,32.620569431144354,2.1782045750608895e-14,5.263899976853281
10,225,Reference:exact_dp,28.61726549186504,0.0,11.148000019602478
10,225,Attention:batch_greedy_mean,30.985215845318294,8.274551438628489,5.4160000290721655
10,225,Attention:greedy_rollout,29.91763395305519,4.543999710803264,4.128200002014637
10,225,PointerNet:batch_greedy_mean,30.71582439514404,7.3331915793126745,7.790900010149926
10,225,PointerNet:greedy_rollout,29.029776428807462,1.4414757310047148,5.875199974980205
10,225,POMO,28.617265491865044,1.241458125973085e-14,8.096300007309765
10,226,Reference:exact_dp,29.122280459851464,0.0,17.569299961905926
10,226,Attention:batch_greedy_mean,30.24598689482351,3.8585798132162403,7.88059999467805
10,226,Attention:greedy_rollout,29.12228045985146,-1.2199297660423058e-14,7.160900044254959
10,226,PointerNet:batch_greedy_mean,30.840309780311394,5.899363969207145,11.71500002965331
10,226,PointerNet:greedy_rollout,30.840309780311394,5.899363969207145,16.17309998255223
10,226,POMO,29.12228045985146,-1.2199297660423058e-14,136.74839999293908
10,227,Reference:exact_dp,30.681294867552566,0.0,29.94909998960793
10,227,Attention:batch_greedy_mean,30.681294867552577,3.4738237360617944e-14,41.2771999835968
10,227,Attention:greedy_rollout,30.68129486755257,1.1579412453539317e-14,6.915699981618673
10,227,PointerNet:batch_greedy_mean,36.90324594211523,20.2792975375455,17.520299996249378
10,227,PointerNet:greedy_rollout,32.85294336858275,7.078086209871283,12.601400027051568
10,227,POMO,30.68129486755257,1.1579412453539317e-14,9.598099975846708
10,228,Reference:exact_dp,15.524655424113227,0.0,23.40359997469932
10,228,Attention:batch_greedy_mean,16.54603695161212,6.579093059369684,7.908400031737983
10,228,Attention:greedy_rollout,15.524655424113226,-1.1442165966796113e-14,6.154000002425164
10,228,PointerNet:batch_greedy_mean,20.134420648024665,29.693188660093877,14.06060002045706
10,228,PointerNet:greedy_rollout,17.1110905405055,10.21881048598469,11.736700020264834
10,228,POMO,15.524655424113226,-1.1442165966796113e-14,13.50909995380789
10,229,Reference:exact_dp,25.311009080294482,0.0,18.652300001122057
10,229,Attention:batch_greedy_mean,25.878934985206282,2.243790056374915,8.804499986581504
10,229,Attention:greedy_rollout,25.338462478595613,0.10846425843410443,5.942200019489974
10,229,PointerNet:batch_greedy_mean,25.562997053865278,0.9955666831433316,13.486299954820424
10,229,PointerNet:greedy_rollout,25.75050565532175,1.736385039541669,14.126699999906123
10,229,POMO,25.311009080294482,0.0,12.945000024046749
10,230,Reference:exact_dp,26.976184760813627,0.0,18.396000028587878
10,230,Attention:batch_greedy_mean,26.976184760813627,0.0,5.898899980820715
10,230,Attention:greedy_rollout,26.97618476081363,1.3169815191810495e-14,8.254399988800287
10,230,PointerNet:batch_greedy_mean,28.652319203808144,6.213385835899662,9.99190000584349
10,230,PointerNet:greedy_rollout,28.652319203808144,6.213385835899662,10.40840003406629
10,230,POMO,26.97618476081363,1.3169815191810495e-14,7.573499984573573
10,231,Reference:exact_dp,26.62795349058616,0.0,16.2459000130184
10,231,Attention:batch_greedy_mean,26.627953490586158,-1.3342045531424333e-14,4.954300005920231
10,231,Attention:greedy_rollout,26.62795349058616,0.0,5.699400033336133
10,231,PointerNet:batch_greedy_mean,26.627953490586158,-1.3342045531424333e-14,8.337299979757518
10,231,PointerNet:greedy_rollout,26.627953490586158,-1.3342045531424333e-14,7.631700020283461
10,231,POMO,26.62795349058616,0.0,7.077399990521371
10,232,Reference:exact_dp,27.322527409628297,0.0,14.787800027988851
10,232,Attention:batch_greedy_mean,27.56178290418538,0.875671166763192,5.433199985418469
10,232,Attention:greedy_rollout,27.322527409628297,0.0,5.15450001694262
10,232,PointerNet:batch_greedy_mean,32.9924321715024,20.751757979300493,6.50859996676445
10,232,PointerNet:greedy_rollout,29.04649870274436,6.30970651898237,8.511400024872273
10,232,POMO,27.322527409628297,0.0,6.678599980659783
10,233,Reference:exact_dp,33.33670919801097,0.0,16.146200010553002
10,233,Attention:batch_greedy_mean,35.55924383722203,6.666928718158127,4.344800021499395
10,233,Attention:greedy_rollout,33.54451377985241,0.6233506151046107,4.123500024434179
10,233,PointerNet:batch_greedy_mean,33.46200240754995,0.37584156490904186,4.399799974635243
10,233,PointerNet:greedy_rollout,33.46200240754995,0.37584156490904186,4.16029995540157
10,233,POMO,33.53486468496202,0.5944062618000328,5.05509995855391
10,234,Reference:exact_dp,26.299280203661066,0.0,8.699700003489852
10,234,Attention:batch_greedy_mean,26.29928020366107,1.3508786747349593e-14,3.3594000269658864
10,234,Attention:greedy_rollout,29.82420157235212,13.403109672181662,4.386599990539253
10,234,PointerNet:batch_greedy_mean,34.60416385651533,31.578368641808517,5.69240003824234
10,234,PointerNet:greedy_rollout,30.198062988946923,14.824674877387386,4.517499997746199
10,234,POMO,26.29928020366107,1.3508786747349593e-14,4.488000005949289
10,235,Reference:exact_dp,25.450766318568732,0.0,12.671299977228045
10,235,Attention:batch_greedy_mean,25.450766318568732,0.0,4.668200039304793
10,235,Attention:greedy_rollout,30.24807250112613,18.84935849282193,3.873899986501783
10,235,PointerNet:batch_greedy_mean,28.378881397611416,11.505017343648108,4.496500012464821
10,235,PointerNet:greedy_rollout,29.189387137612464,14.689619841882937,4.017900035250932
10,235,POMO,25.450766318568732,0.0,4.0627000271342695
10,236,Reference:exact_dp,36.62464982056753,0.0,8.804899989627302
10,236,Attention:batch_greedy_mean,41.33915563725847,12.8724939072138,4.422799975145608
10,236,Attention:greedy_rollout,38.43194596631983,4.934644166174032,4.079199978150427
10,236,PointerNet:batch_greedy_mean,39.122146372954035,6.819168414230062,7.038499985355884
10,236,PointerNet:greedy_rollout,39.21638266882887,7.076471340910648,4.733100009616464
10,236,POMO,36.62464982056752,-1.9400669746774653e-14,5.983999988529831
10,237,Reference:exact_dp,36.23179469253604,0.0,8.07790004182607
10,237,Attention:batch_greedy_mean,37.59683766799212,3.7675279048136256,3.1766000320203602
10,237,Attention:greedy_rollout,36.23179469253604,0.0,2.8880999889224768
10,237,PointerNet:batch_greedy_mean,38.46852387343827,6.173387765864686,5.041499971412122
10,237,PointerNet:greedy_rollout,38.80186237034042,7.093404286522495,4.076499957591295
10,237,POMO,36.23179469253604,0.0,5.292699963320047
10,238,Reference:exact_dp,27.772241796348965,0.0,15.021700004581362
10,238,Attention:batch_greedy_mean,27.772241796348965,0.0,3.2363999634981155
10,238,Attention:greedy_rollout,27.772241796348965,0.0,3.1535999733023345
10,238,PointerNet:batch_greedy_mean,27.772241796348965,0.0,3.8092999602667987
10,238,PointerNet:greedy_rollout,27.772241796348965,0.0,4.14539995836094
10,238,POMO,27.772241796348965,0.0,4.244600015226752
10,239,Reference:exact_dp,33.59104315887698,0.0,7.635399990249425
10,239,Attention:batch_greedy_mean,35.14139809132748,4.615381919274504,2.841799985617399
10,239,Attention:greedy_rollout,33.59104315887698,0.0,2.66990001546219
10,239,PointerNet:batch_greedy_mean,35.141398091327474,4.615381919274482,6.750899949111044
10,239,PointerNet:greedy_rollout,34.732562784888955,3.3982857293620903,6.1716000200249255
10,239,POMO,33.59104315887698,0.0,5.003300029784441
10,240,Reference:exact_dp,27.141270039427578,0.0,11.410099978093058
10,240,Attention:batch_greedy_mean,27.141270039427578,0.0,3.8925999542698264
10,240,Attention:greedy_rollout,27.141270039427575,-1.3089710517008028e-14,2.649499976541847
10,240,PointerNet:batch_greedy_mean,29.59803102105754,9.051753945416243,4.543299961369485
10,240,PointerNet:greedy_rollout,27.530422681833443,1.4338040992206718,5.801300052553415
10,240,POMO,27.14127003942757,-2.6179421034016056e-14,6.194299960043281
10,241,Reference:exact_dp,24.32363945934603,0.0,10.026599979028106
10,241,Attention:batch_greedy_mean,24.32363945934603,0.0,2.861199958715588
10,241,Attention:greedy_rollout,26.726913362658067,9.880404235265917,2.5266999728046358
10,241,PointerNet:batch_greedy_mean,27.005432785337234,11.025460768210662,3.9684000075794756
10,241,PointerNet:greedy_rollout,25.92715370417544,6.592410841763567,4.207500023767352
10,241,POMO,24.323639459346033,1.460601191996134e-14,4.606999980751425
10,242,Reference:exact_dp,31.536245390251572,0.0,12.982800020836294
10,242,Attention:batch_greedy_mean,32.025354751873444,1.5509435431177352,4.470999992918223
10,242,Attention:greedy_rollout,34.86890000510101,10.567696228922745,4.179300041869283
10,242,PointerNet:batch_greedy_mean,33.16859746796433,5.17611420609173,4.591799981426448
10,242,PointerNet:greedy_rollout,32.889904319910926,4.292390907377306,6.347000016830862
10,242,POMO,32.025354751873444,1.5509435431177352,6.2191999750211835
10,243,Reference:exact_dp,26.02581167615214,0.0,13.821500004269183
10,243,Attention:batch_greedy_mean,26.059851077488986,0.13079093078981824,3.1196000054478645
10,243,Attention:greedy_rollout,26.059851077488982,0.13079093078980458,4.665300017222762
10,243,PointerNet:batch_greedy_mean,29.9978446578723,15.261898576480496,6.84639997780323
10,243,PointerNet:greedy_rollout,26.059851077488986,0.13079093078981824,7.300900004338473
10,243,POMO,26.059851077488982,0.13079093078980458,7.354200002737343
10,244,Reference:exact_dp,27.400573475024185,0.0,17.823199974372983
10,244,Attention:batch_greedy_mean,27.400573475024185,0.0,5.255200027022511
10,244,Attention:greedy_rollout,27.69236655157676,1.0649159471736878,9.98610001988709
10,244,PointerNet:batch_greedy_mean,29.656647542693424,8.233674633582638,14.060699963010848
10,244,PointerNet:greedy_rollout,29.656647542693424,8.233674633582638,11.186700023245066
10,244,POMO,27.400573475024185,0.0,8.316600054968148
10,245,Reference:exact_dp,28.240380076555258,0.0,20.17780003370717
10,245,Attention:batch_greedy_mean,28.464021013924977,0.7919190066261983,6.013999984133989
10,245,Attention:greedy_rollout,28.464021013924977,0.7919190066261983,5.225699977017939
10,245,PointerNet:batch_greedy_mean,29.220070510820488,3.469112071471567,6.671600043773651
10,245,PointerNet:greedy_rollout,29.220070510820488,3.469112071471567,8.46440001623705
10,245,POMO,28.24038007655526,1.2580261558695914e-14,6.7393999779596925
10,246,Reference:exact_dp,29.564111832860622,0.0,14.483300037682056
10,246,Attention:batch_greedy_mean,30.720421513673294,3.9111937045490057,3.9018000243231654
10,246,Attention:greedy_rollout,29.739452241175037,0.593085323535828,3.6192999687045813
10,246,PointerNet:batch_greedy_mean,33.00160644356593,11.627254795067184,6.640600040555
10,246,PointerNet:greedy_rollout,33.00160644356593,11.627254795067184,4.497100017033517
10,246,POMO,29.739452241175037,0.593085323535828,7.543399988207966
10,247,Reference:exact_dp,32.50105430594199,0.0,12.671300035435706
10,247,Attention:batch_greedy_mean,33.0877197921505,1.805066016277672,6.013399979565293
10,247,Attention:greedy_rollout,35.70755982160248,9.865850767414214,5.437700019683689
10,247,PointerNet:batch_greedy_mean,36.44661676570409,12.13979836660485,10.539300041273236
10,247,PointerNet:greedy_rollout,32.71987418299622,0.6732700883928691,8.614599995780736
10,247,POMO,33.0877197921505,1.805066016277672,5.633900000248104
10,248,Reference:exact_dp,26.40596653655691,0.0,13.934699993114918
10,248,Attention:batch_greedy_mean,26.405966536556907,-1.3454208062719682e-14,5.964299954939634
10,248,Attention:greedy_rollout,26.405966536556907,-1.3454208062719682e-14,4.283700021915138
10,248,PointerNet:batch_greedy_mean,26.405966536556907,-1.3454208062719682e-14,5.689900019206107
10,248,PointerNet:greedy_rollout,26.405966536556907,-1.3454208062719682e-14,6.5753000089898705
10,248,POMO,26.405966536556907,-1.3454208062719682e-14,4.470900050364435
10,249,Reference:exact_dp,28.071880970139393,0.0,12.515600014012307
10,249,Attention:batch_greedy_mean,28.071880970139397,1.2655773521480773e-14,3.6469000042416155
10,249,Attention:greedy_rollout,28.071880970139393,0.0,3.9978999993763864
10,249,PointerNet:batch_greedy_mean,28.966559229126325,3.1870976509861197,7.963099982589483
10,249,PointerNet:greedy_rollout,28.966559229126325,3.1870976509861197,5.9575000195764005
10,249,POMO,28.071880970139393,0.0,5.586099985521287
10,250,Reference:exact_dp,23.541718764160592,0.0,9.679599956143647
10,250,Attention:batch_greedy_mean,23.541718764160596,1.5091139752332258e-14,2.9545999714173377
10,250,Attention:greedy_rollout,23.541718764160592,0.0,3.193699987605214
10,250,PointerNet:batch_greedy_mean,23.687670717774978,0.61997152831755,8.113600022625178
10,250,PointerNet:greedy_rollout,23.687670717774978,0.61997152831755,6.848699995316565
10,250,POMO,23.541718764160592,0.0,8.616900013294071
10,251,Reference:exact_dp,29.240574017279855,0.0,14.433200005441904
10,251,Attention:batch_greedy_mean,29.240574017279858,1.2149945061615438e-14,5.2272999892011285
10,251,Attention:greedy_rollout,29.240574017279855,0.0,4.424899991136044
10,251,PointerNet:batch_greedy_mean,29.541156520365703,1.0279637564851438,6.721700017806143
10,251,PointerNet:greedy_rollout,29.541156520365703,1.0279637564851438,4.857100022491068
10,251,POMO,29.240574017279858,1.2149945061615438e-14,4.236400010995567
10,252,Reference:exact_dp,30.070356886436503,0.0,15.94929996645078
10,252,Attention:batch_greedy_mean,30.070356886436507,1.1814670814242925e-14,4.7587999724783
10,252,Attention:greedy_rollout,31.52248091350924,4.829088103466213,5.522300023585558
10,252,PointerNet:batch_greedy_mean,30.128398850798398,0.1930205370727572,5.398600012995303
10,252,PointerNet:greedy_rollout,31.580522877871132,5.022108640538958,6.916499987710267
10,252,POMO,30.070356886436503,0.0,7.794499979354441
10,253,Reference:exact_dp,34.09773500172288,0.0,13.175200030673295
10,253,Attention:batch_greedy_mean,34.09773500172288,0.0,3.0670000123791397
10,253,Attention:greedy_rollout,34.09773500172288,0.0,3.2459000358358026
10,253,PointerNet:batch_greedy_mean,35.67252088681424,4.618447193081266,6.529700011014938
10,253,PointerNet:greedy_rollout,35.902736041108874,5.293609793421146,5.179799976758659
10,253,POMO,34.09773500172288,0.0,4.596099955961108
10,254,Reference:exact_dp,25.94876263038679,0.0,11.076800001319498
10,254,Attention:batch_greedy_mean,26.082373272761842,0.5149017865637704,3.1558999908156693
10,254,Attention:greedy_rollout,26.082373272761842,0.5149017865637704,2.8542999643832445
10,254,PointerNet:batch_greedy_mean,30.121856883595974,16.082054904315036,5.573900009039789
10,254,PointerNet:greedy_rollout,30.121856883595974,16.082054904315036,6.19449996156618
10,254,POMO,26.08237327276184,0.5149017865637567,5.84200001321733
10,255,Reference:exact_dp,31.446057241371776,0.0,13.474599982146174
10,255,Attention:batch_greedy_mean,31.446057241371783,2.2595606511371473e-14,4.357700003311038
10,255,Attention:greedy_rollout,33.09147753729857,5.232517015716718,4.267300013452768
10,255,PointerNet:batch_greedy_mean,33.664628843941344,7.055166202682862,4.555599996820092
10,255,PointerNet:greedy_rollout,31.71963935566055,0.8700045038677815,4.762299999129027
10,255,POMO,31.446057241371776,0.0,6.102600018493831
10,256,Reference:exact_dp,25.24579705192269,0.0,12.18469999730587
10,256,Attention:batch_greedy_mean,25.24579705192269,0.0,4.780900024343282
10,256,Attention:greedy_rollout,25.24579705192269,0.0,4.193299973849207
10,256,PointerNet:batch_greedy_mean,31.60267220383178,25.179934461308513,5.668500030878931
10,256,PointerNet:greedy_rollout,28.39172155019468,12.461181129681947,6.563999981153756
10,256,POMO,25.245797051922686,-1.4072495597955109e-14,5.842200014740229
10,257,Reference:exact_dp,31.662432748167358,0.0,10.186499974224716
10,257,Attention:batch_greedy_mean,31.662432748167358,0.0,3.748799965251237
10,257,Attention:greedy_rollout,31.66243274816736,1.1220596051660413e-14,2.893799974117428
10,257,PointerNet:batch_greedy_mean,36.686109218214106,15.866362859744317,4.714099981356412
10,257,PointerNet:greedy_rollout,36.686109218214106,15.866362859744317,5.805700027849525
10,257,POMO,31.662432748167358,0.0,5.753199977334589
10,258,Reference:exact_dp,25.535529106804795,0.0,15.674199967179447
10,258,Attention:batch_greedy_mean,26.031800569431695,1.9434547862752232,4.428099957294762
10,258,Attention:greedy_rollout,25.537466445126398,0.007586834459158351,3.9754000026732683
10,258,PointerNet:batch_greedy_mean,26.3102871596757,3.0340395518354235,5.4499999969266355
10,258,PointerNet:greedy_rollout,26.64547585748212,4.34667613909571,5.576299969106913
10,258,POMO,25.579539134015842,0.17234820953570842,5.727599957026541
10,259,Reference:exact_dp,23.440864553968837,0.0,11.212600045837462
10,259,Attention:batch_greedy_mean,24.253812818276593,3.4680814030390104,3.007100021932274
10,259,Attention:greedy_rollout,24.1223009946253,2.907044828007789,3.468699986115098
10,259,PointerNet:batch_greedy_mean,23.440864553968844,3.03121386211754e-14,5.025799968279898
10,259,PointerNet:greedy_rollout,23.440864553968844,3.03121386211754e-14,4.626099951565266
10,259,POMO,23.440864553968844,3.03121386211754e-14,4.2440000106580555
10,260,Reference:exact_dp,30.371758937512787,0.0,11.253000004217029
10,260,Attention:batch_greedy_mean,31.086237205674408,2.3524428388609184,3.3848999883048236
10,260,Attention:greedy_rollout,31.086237205674408,2.3524428388609184,3.0737000051885843
10,260,PointerNet:batch_greedy_mean,37.26407960166899,22.69318901923508,5.632599990349263
10,260,PointerNet:greedy_rollout,31.439342284825724,3.515052748539836,4.842299968004227
10,260,POMO,30.371758937512794,2.3394849709625942e-14,4.121000005397946
10,261,Reference:exact_dp,29.934751986383816,0.0,10.3075000224635
10,261,Attention:batch_greedy_mean,29.934751986383816,0.0,3.3096999977715313
10,261,Attention:greedy_rollout,31.16209723964939,4.100068221122554,2.5514999870210886
10,261,PointerNet:batch_greedy_mean,29.934751986383812,-1.1868191459934247e-14,3.6231999984011054
10,261,PointerNet:greedy_rollout,29.934751986383812,-1.1868191459934247e-14,4.816800006665289
10,261,POMO,29.93475198638381,-2.3736382919868493e-14,3.7911999970674515
10,262,Reference:exact_dp,28.85028024652291,0.0,7.306600047741085
10,262,Attention:batch_greedy_mean,29.099918358573397,0.8652883435354981,4.115300020202994
10,262,Attention:greedy_rollout,29.869677942500328,3.5334065640498493,4.351900017354637
10,262,PointerNet:batch_greedy_mean,31.330948983174977,8.598421628680859,6.771399988792837
10,262,PointerNet:greedy_rollout,32.40947999376121,12.336794363261898,7.2123000281862915
10,262,POMO,29.099918358573397,0.8652883435354981,5.099900008644909
10,263,Reference:exact_dp,32.925748960097714,0.0,15.852799988351762
10,263,Attention:batch_greedy_mean,34.2705011297416,4.084196144705988,4.175300011411309
10,263,Attention:greedy_rollout,34.10300026148876,3.5754731132091813,3.8634000229649246
10,263,PointerNet:batch_greedy_mean,36.481964325911385,10.80071214210921,6.571900041308254
10,263,PointerNet:greedy_rollout,36.56708463049538,11.059234141676027,4.661999992094934
10,263,POMO,33.471109482453464,1.6563344482054627,4.683200037106872
10,264,Reference:exact_dp,22.198182278688755,0.0,13.293099997099489
10,264,Attention:batch_greedy_mean,22.318725337297764,0.5430312135274947,3.9647999801672995
10,264,Attention:greedy_rollout,22.68340770491495,2.1858790964701273,4.170899977907538
10,264,PointerNet:batch_greedy_mean,25.333203684186955,14.122874414397257,4.718099953606725
10,264,PointerNet:greedy_rollout,26.43440735247801,19.08365748422663,5.430499964859337
10,264,POMO,22.19818227868875,-1.600452520930628e-14,5.391199956648052
10,265,Reference:exact_dp,29.703568828235372,0.0,12.362800014670938
10,265,Attention:batch_greedy_mean,29.703568828235376,1.1960561706724585e-14,4.461499978788197
10,265,Attention:greedy_rollout,30.385009807923012,2.294138403463092,4.0216000052168965
10,265,PointerNet:batch_greedy_mean,40.18773140398742,35.29596943848074,5.244100000709295
10,265,PointerNet:greedy_rollout,29.703568828235376,1.1960561706724585e-14,5.693899991456419
10,265,POMO,29.703568828235376,1.1960561706724585e-14,4.557700012810528
10,266,Reference:exact_dp,29.223578569555006,0.0,11.237600003369153
10,266,Attention:batch_greedy_mean,29.223578569555002,-1.2157011059903876e-14,3.3831000328063965
10,266,Attention:greedy_rollout,29.77258263786768,1.8786339496581124,2.946100023109466
10,266,PointerNet:batch_greedy_mean,29.223578569555002,-1.2157011059903876e-14,4.342300002463162
10,266,PointerNet:greedy_rollout,29.223578569555002,-1.2157011059903876e-14,5.620100011583418
10,266,POMO,29.223578569555002,-1.2157011059903876e-14,4.582100023981184
10,267,Reference:exact_dp,27.31870320965439,0.0,11.13419997273013
10,267,Attention:batch_greedy_mean,27.318703209654387,-1.3004693713078506e-14,3.5114000202156603
10,267,Attention:greedy_rollout,27.31870320965439,0.0,2.634800039231777
10,267,PointerNet:batch_greedy_mean,27.31870320965439,0.0,5.705200019292533
10,267,PointerNet:greedy_rollout,29.105187878565964,6.539419734536418,5.321300006471574
10,267,POMO,27.318703209654394,1.3004693713078506e-14,4.441199998836964
10,268,Reference:exact_dp,27.233121512175984,0.0,17.234399972949177
10,268,Attention:batch_greedy_mean,29.530752461417677,8.436898973238957,4.797800036612898
10,268,Attention:greedy_rollout,27.233121512175988,1.3045561733391727e-14,3.630499995779246
10,268,PointerNet:batch_greedy_mean,30.025421416784305,10.253322974231498,6.600500026252121
10,268,PointerNet:greedy_rollout,30.025421416784305,10.253322974231498,6.952199968509376
10,268,POMO,27.233121512175984,0.0,6.60800002515316
10,269,Reference:exact_dp,27.503989746831998,0.0,13.37310002418235
10,269,Attention:batch_greedy_mean,28.28739364891804,2.8483282218219927,3.358400019351393
10,269,Attention:greedy_rollout,28.597709176847957,3.976584634023641,3.980300039984286
10,269,PointerNet:batch_greedy_mean,35.74751266357678,29.972098566879,5.929499980993569
10,269,PointerNet:greedy_rollout,31.81273670480477,15.665897921115493,5.884600046556443
10,269,POMO,27.503989746831998,0.0,5.172999983187765
10,270,Reference:exact_dp,28.021839244883836,0.0,12.776200019288808
10,270,Attention:batch_greedy_mean,28.021839244883836,0.0,2.9976999503560364
10,270,Attention:greedy_rollout,29.20697696828769,4.229335958453316,2.597799990326166
10,270,PointerNet:batch_greedy_mean,33.63133181105919,20.01828829704504,3.7306000012904406
10,270,PointerNet:greedy_rollout,28.021839244883836,0.0,4.4519000221043825
10,270,POMO,28.021839244883832,-1.2678374348497296e-14,5.679699999745935
10,271,Reference:exact_dp,28.815152359036723,0.0,12.573799991514534
10,271,Attention:batch_greedy_mean,28.815152359036723,0.0,3.1055999570526183
10,271,Attention:greedy_rollout,28.815152359036723,0.0,2.488899976015091
10,271,PointerNet:batch_greedy_mean,28.815152359036727,1.2329324636336112e-14,3.6320999497547746
10,271,PointerNet:greedy_rollout,28.815152359036727,1.2329324636336112e-14,6.519799993839115
10,271,POMO,28.815152359036723,0.0,8.819799986667931
10,272,Reference:exact_dp,29.74084656328951,0.0,19.700500008184463
10,272,Attention:batch_greedy_mean,29.740846563289512,1.1945570114287796e-14,11.098100047092885
10,272,Attention:greedy_rollout,30.130565176172862,1.310381707037219,7.0107999490574
10,272,PointerNet:batch_greedy_mean,30.13056517617286,1.310381707037207,12.407700007315725
10,272,PointerNet:greedy_rollout,29.740846563289512,1.1945570114287796e-14,21.793400053866208
10,272,POMO,29.740846563289516,2.3891140228575593e-14,11.528100003488362
10,273,Reference:exact_dp,30.67656869527021,0.0,22.196999983862042
10,273,Attention:batch_greedy_mean,31.571219773202415,2.9163987889888925,8.244299970101565
10,273,Attention:greedy_rollout,30.734937781220346,0.19027253839878178,7.649200037121773
10,273,PointerNet:batch_greedy_mean,34.694028560490125,13.09618394784596,7.595499977469444
10,273,PointerNet:greedy_rollout,34.91443867811054,13.814680595270548,6.222600000910461
10,273,POMO,30.67656869527021,0.0,6.693499977700412
10,274,Reference:exact_dp,28.48769296855721,0.0,13.752800005022436
10,274,Attention:batch_greedy_mean,28.48769296855721,0.0,5.319700052496046
10,274,Attention:greedy_rollout,29.807555498379106,4.633097286181343,4.115199961233884
10,274,PointerNet:batch_greedy_mean,29.531815489510034,3.665170507507426,6.544600008055568
10,274,PointerNet:greedy_rollout,28.48769296855721,0.0,7.4095000163652
10,274,POMO,28.487692968557212,1.2471047349189514e-14,5.7147000334225595
10,275,Reference:exact_dp,27.717598948204827,0.0,12.810499989427626
10,275,Attention:batch_greedy_mean,28.0047127193288,1.0358536886997156,4.338000027928501
10,275,Attention:greedy_rollout,27.766844372225346,0.1776684340968451,4.372299998067319
10,275,PointerNet:batch_greedy_mean,34.56315207692285,24.69749685573462,6.772900000214577
10,275,PointerNet:greedy_rollout,27.766844372225343,0.17766843409683228,5.1235000137239695
10,275,POMO,27.717598948204827,0.0,4.154600028414279
10,276,Reference:exact_dp,30.9796758407753,0.0,14.965999987907708
10,276,Attention:batch_greedy_mean,30.9796758407753,0.0,4.768200044054538
10,276,Attention:greedy_rollout,30.9796758407753,0.0,3.2816000166349113
10,276,PointerNet:batch_greedy_mean,40.29797787066384,30.07875898308735,4.438299976754934
10,276,PointerNet:greedy_rollout,35.711349926854744,15.27347836174463,4.209499980788678
10,276,POMO,30.979675840775297,-1.1467885258258371e-14,5.912400025408715
10,277,Reference:exact_dp,23.43247733741538,0.0,15.243000001646578
10,277,Attention:batch_greedy_mean,26.17356751208182,11.697824925620022,3.124200040474534
10,277,Attention:greedy_rollout,24.38520594599969,4.065846708674958,2.7154000126756728
10,277,PointerNet:batch_greedy_mean,26.93329610997172,14.940028415034337,4.089499998372048
10,277,PointerNet:greedy_rollout,26.17356751208182,11.697824925620022,4.636299971025437
10,277,POMO,23.916541509942462,2.0657831673399722,3.8826000527478755
10,278,Reference:exact_dp,25.811874579267823,0.0,8.042300003580749
10,278,Attention:batch_greedy_mean,26.627877836796827,3.1613482973624123,3.363700001500547
10,278,Attention:greedy_rollout,29.637790869620382,14.822310865501983,4.4253000523895025
10,278,PointerNet:batch_greedy_mean,29.41529804736518,13.960332315389593,6.0742999776266515
10,278,PointerNet:greedy_rollout,27.61984089021082,7.0043975511765515,4.598200030159205
10,278,POMO,25.811874579267823,0.0,5.796700017526746
10,279,Reference:exact_dp,22.440194469876797,0.0,12.354100006632507
10,279,Attention:batch_greedy_mean,22.71548301426001,1.226765413074976,5.113199993502349
10,279,Attention:greedy_rollout,22.440194469876793,-1.5831920189326266e-14,3.980299981776625
10,279,PointerNet:batch_greedy_mean,25.97176613355938,15.737705252168313,5.2181999781169
10,279,PointerNet:greedy_rollout,23.448988031214714,4.495476020460067,5.27910003438592
10,279,POMO,22.71548301426001,1.226765413074976,5.4509000037796795
10,280,Reference:exact_dp,29.7368127947751,0.0,11.58019999274984
10,280,Attention:batch_greedy_mean,30.155165281064832,1.4068504556185568,2.764899982139468
10,280,Attention:greedy_rollout,29.862656005970127,0.4231899768933437,2.4998000008054078
10,280,PointerNet:batch_greedy_mean,32.82232871404389,10.376081460252962,4.341499996371567
10,280,PointerNet:greedy_rollout,39.6587582861763,33.36586728334427,5.592700035776943
10,280,POMO,29.7368127947751,0.0,4.9548999522812665
10,281,Reference:exact_dp,24.894359490436862,0.0,9.48509998852387
10,281,Attention:batch_greedy_mean,24.89435949043687,2.8542318432938764e-14,4.1998999658972025
10,281,Attention:greedy_rollout,25.305378474974965,1.6510526599248128,3.8918000063858926
10,281,PointerNet:batch_greedy_mean,25.305378474974965,1.6510526599248128,4.733400011900812
10,281,PointerNet:greedy_rollout,25.305378474974965,1.6510526599248128,3.722399997059256
10,281,POMO,24.89435949043687,2.8542318432938764e-14,5.111699982080609
10,282,Reference:exact_dp,30.831564957666767,0.0,9.496700018644333
10,282,Attention:batch_greedy_mean,30.98124273949828,0.4854692975754836,3.3609000383876264
10,282,Attention:greedy_rollout,30.981242739498278,0.4854692975754721,4.011399985756725
10,282,PointerNet:batch_greedy_mean,36.50098268682023,18.38835536547641,4.303299996536225
10,282,PointerNet:greedy_rollout,36.50098268682023,18.38835536547641,5.446699971798807
10,282,POMO,30.981242739498278,0.4854692975754721,5.658900015987456
10,283,Reference:exact_dp,27.507119566063064,0.0,15.954700007569045
10,283,Attention:batch_greedy_mean,28.041680564667853,1.9433550551192724,4.738799994811416
10,283,Attention:greedy_rollout,28.041680564667853,1.9433550551192724,3.91579995630309
10,283,PointerNet:batch_greedy_mean,28.411353071064777,3.287270783951192,5.507499969098717
10,283,PointerNet:greedy_rollout,30.407489690232747,10.544070662156926,6.159700045827776
10,283,POMO,27.665369109329163,0.5753039422613299,5.2893999963998795
10,284,Reference:exact_dp,26.246230126890378,0.0,11.643300007563084
10,284,Attention:batch_greedy_mean,26.261111003055333,0.05669719457999185,3.1644999980926514
10,284,Attention:greedy_rollout,26.24623012689038,1.3536091322923343e-14,2.447800012305379
10,284,PointerNet:batch_greedy_mean,28.590338338422903,8.931218693883533,3.4836000413633883
10,284,PointerNet:greedy_rollout,28.59581137953404,8.952071369047463,5.2915000123903155
10,284,POMO,26.261111003055333,0.05669719457999185,5.370700033381581
10,285,Reference:exact_dp,27.933329538414355,0.0,12.382499990053475
10,285,Attention:batch_greedy_mean,27.933329538414355,0.0,4.2150000226683915
10,285,Attention:greedy_rollout,27.933329538414352,-1.2718547117395198e-14,3.8306000060401857
10,285,PointerNet:batch_greedy_mean,28.02572372663771,0.3307668285525852,5.922199983615428
10,285,PointerNet:greedy_rollout,28.02572372663771,0.3307668285525852,3.583799989428371
10,285,POMO,27.933329538414352,-1.2718547117395198e-14,3.7985999952070415
10,286,Reference:exact_dp,30.618081487154928,0.0,6.457799987401813
10,286,Attention:batch_greedy_mean,30.61808148715493,1.1603319039734594e-14,3.3502999576739967
10,286,Attention:greedy_rollout,30.61808148715493,1.1603319039734594e-14,2.462900010868907
10,286,PointerNet:batch_greedy_mean,41.23111171150833,34.66262322414239,3.652899991720915
10,286,PointerNet:greedy_rollout,31.11392439680126,1.6194447384116806,4.1371999541297555
10,286,POMO,30.61808148715493,1.1603319039734594e-14,4.8531999927945435
10,287,Reference:exact_dp,30.9159959900786,0.0,7.027500018011779
10,287,Attention:batch_greedy_mean,31.29095149839646,1.2128204067505681,2.9543000273406506
10,287,Attention:greedy_rollout,31.065798361714236,0.4845464842333106,3.0297000193968415
10,287,PointerNet:batch_greedy_mean,31.845989041482845,3.0081290336002575,5.897400027606636
10,287,PointerNet:greedy_rollout,31.845989041482845,3.0081290336002575,5.927100020926446
10,287,POMO,31.065798361714236,0.4845464842333106,5.258899996988475
10,288,Reference:exact_dp,35.35028735896428,0.0,14.615499996580184
10,288,Attention:batch_greedy_mean,36.48173171826229,3.2006652387539694,3.4641000092960894
10,288,Attention:greedy_rollout,35.35028735896428,0.0,4.623499989975244
10,288,PointerNet:batch_greedy_mean,36.24953986917715,2.5438336641550148,5.849700013641268
10,288,PointerNet:greedy_rollout,35.39922402773741,0.1384335812498592,7.311600027605891
10,288,POMO,35.35028735896428,0.0,6.679799989797175
10,289,Reference:exact_dp,29.270286946512222,0.0,13.774999999441206
10,289,Attention:batch_greedy_mean,29.270286946512222,0.0,4.4525000266730785
10,289,Attention:greedy_rollout,29.270286946512222,0.0,4.234599997289479
10,289,PointerNet:batch_greedy_mean,30.749535369592543,5.053754429478133,7.002199999988079
10,289,PointerNet:greedy_rollout,30.534673343290798,4.319692523305576,6.988500012084842
10,289,POMO,29.27028694651222,-1.2137611378025229e-14,9.985099954064935
10,290,Reference:exact_dp,23.470655938596682,0.0,11.442100047133863
10,290,Attention:batch_greedy_mean,23.470655938596686,1.513683165947734e-14,4.745399986859411
10,290,Attention:greedy_rollout,24.681480901908586,5.158888471117434,3.367199969943613
10,290,PointerNet:batch_greedy_mean,26.736161652783803,13.913142107021859,6.166899984236807
10,290,PointerNet:greedy_rollout,23.698969468170365,0.9727616056875042,5.1392000168561935
10,290,POMO,23.660798731822965,0.8101298648138735,4.394100047647953
10,291,Reference:exact_dp,26.541567729902017,0.0,12.410999974235892
10,291,Attention:batch_greedy_mean,26.541567729902017,0.0,4.34410001616925
10,291,Attention:greedy_rollout,27.841363270975727,4.897207106607144,4.1368999518454075
10,291,PointerNet:batch_greedy_mean,26.87849519272607,1.2694331633035671,5.951999977696687
10,291,PointerNet:greedy_rollout,26.541567729902013,-1.3385470349582912e-14,4.907299997285008
10,291,POMO,26.541567729902013,-1.3385470349582912e-14,4.756799957249314
10,292,Reference:exact_dp,25.010432359713718,0.0,12.362800014670938
10,292,Attention:batch_greedy_mean,25.010432359713718,0.0,5.605900019872934
10,292,Attention:greedy_rollout,25.60285088603751,2.3686856660584787,3.0015999800525606
10,292,PointerNet:batch_greedy_mean,30.706441127085245,22.77453138533718,6.3390000141225755
10,292,PointerNet:greedy_rollout,27.12819882699043,8.467532415345074,5.9708000044338405
10,292,POMO,25.01043235971372,1.4204927078842258e-14,6.452999950852245
10,293,Reference:exact_dp,27.677847363298365,0.0,12.922000023536384
10,293,Attention:batch_greedy_mean,27.886138722201018,0.752556209190072,4.947800014633685
10,293,Attention:greedy_rollout,29.14634414929128,5.305675570493191,4.283900023438036
10,293,PointerNet:batch_greedy_mean,31.224334955360828,12.8134516586908,6.328399991616607
10,293,PointerNet:greedy_rollout,27.886138722201018,0.752556209190072,7.49250000808388
10,293,POMO,27.886138722201014,0.7525562091900593,5.967999983113259
10,294,Reference:exact_dp,26.348173791366285,0.0,15.362200036179274
10,294,Attention:batch_greedy_mean,26.348173791366285,0.0,5.030200001783669
10,294,Attention:greedy_rollout,28.876361595236183,9.595305632522923,5.290700006298721
10,294,PointerNet:batch_greedy_mean,27.239632739613576,3.383380401640595,7.149000011850148
10,294,PointerNet:greedy_rollout,27.239632739613576,3.383380401640595,6.4215000020340085
10,294,POMO,26.34817379136629,1.3483718860108046e-14,6.497599999420345
10,295,Reference:exact_dp,34.032965060574824,0.0,11.831799987703562
10,295,Attention:batch_greedy_mean,34.032965060574824,0.0,4.4864999945275486
10,295,Attention:greedy_rollout,35.89150330690206,5.460994194949655,3.9321999647654593
10,295,PointerNet:batch_greedy_mean,34.032965060574824,0.0,5.97090000519529
10,295,PointerNet:greedy_rollout,34.032965060574824,0.0,4.87289996817708
10,295,POMO,34.032965060574824,0.0,3.9828000008128583
10,296,Reference:exact_dp,32.00060266353127,0.0,7.816299970727414
10,296,Attention:batch_greedy_mean,32.000602663531275,2.2204042318548377e-14,4.288500000257045
10,296,Attention:greedy_rollout,32.00060266353127,0.0,4.065899993292987
10,296,PointerNet:batch_greedy_mean,32.00060266353127,0.0,5.121700000017881
10,296,PointerNet:greedy_rollout,32.00060266353127,0.0,3.991799952927977
10,296,POMO,32.00060266353127,0.0,6.2636000220663846
10,297,Reference:exact_dp,30.62788248827918,0.0,11.850800015963614
10,297,Attention:batch_greedy_mean,30.62788248827918,0.0,3.9000000106170774
10,297,Attention:greedy_rollout,33.38734761599602,9.009650369309224,3.475499979685992
10,297,PointerNet:batch_greedy_mean,32.13087344321224,4.90726368533061,4.361600033007562
10,297,PointerNet:greedy_rollout,30.627882488279184,1.1599605947815915e-14,5.662399984430522
10,297,POMO,30.627882488279184,1.1599605947815915e-14,6.66579999960959
10,298,Reference:exact_dp,28.854935033798437,0.0,9.533400007057935
10,298,Attention:batch_greedy_mean,29.765410377526248,3.1553539894002545,4.73220000276342
10,298,Attention:greedy_rollout,29.39213426941815,1.8617239477076615,2.9823000077158213
10,298,PointerNet:batch_greedy_mean,29.725410801155498,3.016730990166682,4.44340001558885
10,298,PointerNet:greedy_rollout,29.725410801155498,3.016730990166682,4.358599951956421
10,298,POMO,29.11843630310869,0.9131930777234774,3.788999980315566
10,299,Reference:exact_dp,31.28951606928466,0.0,11.917399999219924
10,299,Attention:batch_greedy_mean,31.28951606928466,0.0,2.808000019285828
10,299,Attention:greedy_rollout,32.21847105183393,2.9689017257163006,2.8055000002495944
10,299,PointerNet:batch_greedy_mean,36.05258987723096,15.222587007735694,3.927399986423552
10,299,PointerNet:greedy_rollout,32.385967144401995,3.5042123140845485,3.7241000100038946
10,299,POMO,31.28951606928466,0.0,4.498300026170909
20,0,LKH,40.83330007903253,0.0,58.23590001091361
20,0,Attention:batch_greedy_mean,43.13072537933373,5.626352256257885,9.801200008951128
20,0,Attention:greedy_rollout,40.83330007903253,0.0,4.678800003603101
20,0,PointerNet:batch_greedy_mean,49.3832380161469,20.938640571705022,9.516099991742522
20,0,PointerNet:greedy_rollout,45.17622692049198,10.635747865231915,9.926499973516911
20,0,POMO,40.83330007903253,0.0,9.984900010749698
20,1,LKH,34.977075920957205,0.0,25.30420001130551
20,1,Attention:batch_greedy_mean,38.26356193474544,9.396114246986185,6.480200041551143
20,1,Attention:greedy_rollout,37.896362248518884,8.346284675593854,4.487700003664941
20,1,PointerNet:batch_greedy_mean,45.3771631411948,29.734009909062113,8.075200021266937
20,1,PointerNet:greedy_rollout,39.627803513701004,13.296501981051033,7.407299999613315
20,1,POMO,35.25282622669676,0.788374380873661,10.362999979406595
20,2,LKH,41.1483391084042,0.0,17.913600022438914
20,2,Attention:batch_greedy_mean,42.9582335157089,4.398462845697315,4.1331000393256545
20,2,Attention:greedy_rollout,41.1483391084042,0.0,3.989199991337955
20,2,PointerNet:batch_greedy_mean,46.72565181482588,13.554162397000757,6.954199983738363
20,2,PointerNet:greedy_rollout,43.882249384632395,6.644035544243426,7.642100041266531
20,2,POMO,41.24244047300041,0.22868812359181337,11.833099997602403
20,3,LKH,39.29825032836047,0.0,30.543799977749586
20,3,Attention:batch_greedy_mean,40.90719621413854,4.094192164624026,4.566799965687096
20,3,Attention:greedy_rollout,40.842969756744154,3.9307587881817345,5.008599953725934
20,3,PointerNet:batch_greedy_mean,42.65771068998175,8.548625787537546,9.937399998307228
20,3,PointerNet:greedy_rollout,42.25233675993677,7.517094035722037,9.964199969545007
20,3,POMO,40.01633598392281,1.8272713150389752,11.388799990527332
20,4,LKH,39.2780651397143,0.0,18.553500005509704
20,4,Attention:batch_greedy_mean,39.553167236761084,0.7003962544189225,4.681000020354986
20,4,Attention:greedy_rollout,39.553167236761084,0.7003962544189225,4.506700031924993
20,4,PointerNet:batch_greedy_mean,40.7685704707905,3.794752429312361,9.98600001912564
20,4,PointerNet:greedy_rollout,40.7685704707905,3.794752429312361,9.331699984613806
20,4,POMO,39.2780651397143,0.0,8.49720003316179
20,5,LKH,36.97182946539722,0.0,21.894000004976988
20,5,Attention:batch_greedy_mean,43.1908580045457,16.82099216910273,4.757600021548569
20,5,Attention:greedy_rollout,37.33436779752913,0.980579910094035,3.707099996972829
20,5,PointerNet:batch_greedy_mean,47.2601682332502,27.827507907018962,8.309700002428144
20,5,PointerNet:greedy_rollout,42.990066780944616,16.277899694360542,8.62290000077337
20,5,POMO,37.13575433185508,0.4433777522729371,9.50009998632595
20,6,LKH,35.30768914684214,0.0,25.863599963486195
20,6,Attention:batch_greedy_mean,38.688463721200876,9.575179390240866,5.86720003047958
20,6,Attention:greedy_rollout,35.513138648439934,0.5818831720856837,3.8930000155232847
20,6,PointerNet:batch_greedy_mean,37.716452454004234,6.82220605586569,7.322799996472895
20,6,PointerNet:greedy_rollout,38.38153173966906,8.705873046641571,10.25420002406463
20,6,POMO,36.51165246927285,3.4099182119325904,11.853299976792186
20,7,LKH,40.52749821393616,0.0,54.166899994015694
20,7,Attention:batch_greedy_mean,43.99813445378374,8.563657745481397,6.346700014546514
20,7,Attention:greedy_rollout,43.837012663381394,8.166096095976611,6.183399993460625
20,7,PointerNet:batch_greedy_mean,44.92656634870587,10.854526750079534,8.907300012651831
20,7,PointerNet:greedy_rollout,44.40777009324771,9.574417495075588,8.033999998588115
20,7,POMO,42.31991766230305,4.422724143753161,11.60239998716861
20,8,LKH,41.09700681005893,0.0,25.254299980588257
20,8,Attention:batch_greedy_mean,42.80952912428066,4.167024431089642,5.223500018473715
20,8,Attention:greedy_rollout,41.15488287740324,0.14082793818002376,4.344500019215047
20,8,PointerNet:batch_greedy_mean,45.17976805565076,9.934449154561138,9.844499989412725
20,8,PointerNet:greedy_rollout,43.275177633268754,5.300071689592476,11.793199984822422
20,8,POMO,41.300237939330636,0.4945156473584443,9.214500023517758
20,9,LKH,43.213288044910996,0.0,16.387299983762205
20,9,Attention:batch_greedy_mean,46.41755871301288,7.41501240260109,4.261399968527257
20,9,Attention:greedy_rollout,44.758885295576526,3.5766712522759465,4.405499959830195
20,9,PointerNet:batch_greedy_mean,47.00328670030478,8.770447301892153,6.967299967072904
20,9,PointerNet:greedy_rollout,49.339029078538914,14.175595773368407,7.369200000539422
20,9,POMO,43.213288044910996,0.0,9.19479998992756
20,10,LKH,36.3658532080682,0.0,21.024400019086897
20,10,Attention:batch_greedy_mean,37.635134063970874,3.490309573215421,5.310800042934716
20,10,Attention:greedy_rollout,36.51101759691245,0.3991777341609133,7.872999995015562
20,10,PointerNet:batch_greedy_mean,42.42776694654028,16.66924656982108,10.432399983983487
20,10,PointerNet:greedy_rollout,41.67346857129569,14.595052487452524,10.72219997877255
20,10,POMO,36.3658532080682,0.0,11.608200031332672
20,11,LKH,39.4459340170875,0.0,21.378799981903285
20,11,Attention:batch_greedy_mean,41.83536637655712,6.0574870870963355,6.479500036220998
20,11,Attention:greedy_rollout,40.72422373182868,3.240612110204914,5.919500021263957
20,11,PointerNet:batch_greedy_mean,44.58670334784133,13.03244417669742,8.153599977958947
20,11,PointerNet:greedy_rollout,43.98499843818138,11.507052714552552,8.590099983848631
20,11,POMO,39.44593401708751,1.801307925557807e-14,10.26149996323511
20,12,LKH,34.80551507722354,0.0,22.378999972715974
20,12,Attention:batch_greedy_mean,38.49381052512085,10.596870753712542,7.025900005828589
20,12,Attention:greedy_rollout,34.805515077223546,2.041465940623513e-14,6.771800050046295
20,12,PointerNet:batch_greedy_mean,38.86466596325708,11.662378439242865,8.13699996797368
20,12,PointerNet:greedy_rollout,37.48828206259979,7.7078789939581425,7.006300031207502
20,12,POMO,34.80551507722354,0.0,7.849399989936501
20,13,LKH,34.13940918560019,0.0,20.229100016877055
20,13,Attention:batch_greedy_mean,38.44710479235684,12.617955932798061,6.545900017954409
20,13,Attention:greedy_rollout,35.383765959299616,3.6449276756209508,6.050500029232353
20,13,PointerNet:batch_greedy_mean,39.12676894801618,14.60880513573628,7.9956999979913235
20,13,PointerNet:greedy_rollout,40.71076430783293,19.248590643462272,6.847499986179173
20,13,POMO,36.0582303040384,5.620545768693494,10.229700012132525
20,14,LKH,37.39558703008528,0.0,13.503999973181635
20,14,Attention:batch_greedy_mean,40.576698143046606,8.506648419242827,4.596699960529804
20,14,Attention:greedy_rollout,37.4430546419355,0.1269337256613397,3.82539996644482
20,14,PointerNet:batch_greedy_mean,39.15371207623162,4.701423846433814,7.581599988043308
20,14,PointerNet:greedy_rollout,39.39056492800868,5.334794975456356,6.944600027054548
20,14,POMO,37.422069499107714,0.0708170966834335,9.51629999326542
20,15,LKH,37.93798319157936,0.0,17.2387000056915
20,15,Attention:batch_greedy_mean,40.998224790946686,8.066431955314293,6.247500015888363
20,15,Attention:greedy_rollout,38.311416857195795,0.9843266146507182,5.95020002219826
20,15,PointerNet:batch_greedy_mean,44.82599967342138,18.15599012488061,10.17999998293817
20,15,PointerNet:greedy_rollout,44.452566007804954,17.171663510229912,7.048900006338954
20,15,POMO,38.31141685719579,0.9843266146506996,11.182099988218397
20,16,LKH,39.00602168767563,0.0,23.363100015558302
20,16,Attention:batch_greedy_mean,42.265106153979325,8.355336753897772,6.198800052516162
20,16,Attention:greedy_rollout,39.00602168767562,-1.8216231879515255e-14,5.799899983685464
20,16,PointerNet:batch_greedy_mean,40.42367502372657,3.6344473871296197,10.345300019253045
20,16,PointerNet:greedy_rollout,40.77682890175223,4.539830358131884,10.52089995937422
20,16,POMO,40.692810933101065,4.324432927130317,21.195399982389063
20,17,LKH,36.099792793516656,0.0,30.74030001880601
20,17,Attention:batch_greedy_mean,39.18223049857746,8.538657611393258,11.413300002459437
20,17,Attention:greedy_rollout,36.710377524787916,1.6913801549047056,11.125200020615011
20,17,PointerNet:batch_greedy_mean,38.67860628176451,7.143568670873355,26.453099970240146
20,17,PointerNet:greedy_rollout,40.82638028278778,13.093115288240648,25.42570000514388
20,17,POMO,36.322193788209454,0.6160727735056141,30.942599987611175
20,18,LKH,32.10900856276395,0.0,47.37409995868802
20,18,Attention:batch_greedy_mean,34.293458264307716,6.80322999470318,9.973099979106337
20,18,Attention:greedy_rollout,35.865468955563884,11.699085586704209,12.342200032435358
20,18,PointerNet:batch_greedy_mean,39.85732996425347,24.131300679507962,30.397100024856627
20,18,PointerNet:greedy_rollout,39.00168160703729,21.466477330809315,24.80640000430867
20,18,POMO,32.10900856276395,0.0,12.634899991098791
20,19,LKH,40.27308212088043,0.0,36.52280004462227
20,19,Attention:batch_greedy_mean,44.22937159976172,9.823657069519559,7.081100018694997
20,19,Attention:greedy_rollout,41.645959948448315,3.4089216798633992,7.183699985034764
20,19,PointerNet:batch_greedy_mean,49.32911515023592,22.486565597769825,69.36780002433807
20,19,PointerNet:greedy_rollout,50.93180929872293,26.46613225640423,12.75530003476888
20,19,POMO,40.37940057020047,0.2639938234697768,11.730999976862222
20,20,LKH,36.396595773934656,0.0,18.353599996771663
20,20,Attention:batch_greedy_mean,36.60115198740427,0.5620201810634938,4.082900006324053
20,20,Attention:greedy_rollout,36.601151987404265,0.5620201810634743,4.360999970231205
20,20,PointerNet:batch_greedy_mean,43.69751801558799,20.059354690753445,14.130399969872087
20,20,PointerNet:greedy_rollout,45.7720809743659,25.759236546912106,12.931099976412952
20,20,POMO,36.39659577393465,-1.9522230600174806e-14,13.276299985591322
20,21,LKH,41.37649802950644,0.0,19.45950003573671
20,21,Attention:batch_greedy_mean,43.114885869664384,4.201389491489251,4.294399986974895
20,21,Attention:greedy_rollout,43.39300105157879,4.873546863812252,5.758200015407056
20,21,PointerNet:batch_greedy_mean,45.25843780081135,9.381992087722395,10.692999989259988
20,21,PointerNet:greedy_rollout,50.38713664114733,21.777190049325128,9.863799961749464
20,21,POMO,42.308784600417916,2.253179015407827,9.63939999928698
20,22,LKH,38.43860814944335,0.0,15.255200036335737
20,22,Attention:batch_greedy_mean,40.329475889710814,4.919188886642479,6.472800043411553
20,22,Attention:greedy_rollout,38.991270274800534,1.4377787125083272,5.945999990217388
20,22,PointerNet:batch_greedy_mean,46.28560234292786,20.414355699292276,10.58439997723326
20,22,PointerNet:greedy_rollout,46.6012935378309,21.235642447437993,9.04080003965646
20,22,POMO,38.43860814944335,0.0,11.64400001289323
20,23,LKH,41.530625726843915,0.0,35.543099977076054
20,23,Attention:batch_greedy_mean,45.3211268582699,9.127002218451862,4.418500000610948
20,23,Attention:greedy_rollout,44.84876009569058,7.989608417341857,4.3876999989151955
20,23,PointerNet:batch_greedy_mean,47.08403203853277,13.371833952646972,8.518200018443167
20,23,PointerNet:greedy_rollout,47.83977511624165,15.19155870873316,8.379400009289384
20,23,POMO,41.74556439426641,0.5175425692745235,12.73880002554506
20,24,LKH,33.94803157908126,0.0,25.153899972792715
20,24,Attention:batch_greedy_mean,34.73646410393135,2.322469045115177,4.585899994708598
20,24,Attention:greedy_rollout,35.58311077637869,4.816418275941993,5.462600034661591
20,24,PointerNet:batch_greedy_mean,34.73646410393135,2.322469045115177,10.291499958839267
20,24,PointerNet:greedy_rollout,37.42967156337525,10.25579340641174,9.949700033757836
20,24,POMO,34.32032026863869,1.0966429340393127,11.443099996540695
20,25,LKH,36.65187350646609,0.0,38.83129998575896
20,25,Attention:batch_greedy_mean,38.80576365337281,5.876616775201767,6.2473000143654644
20,25,Attention:greedy_rollout,38.925488554883565,6.203271022465923,6.3236000132746994
20,25,PointerNet:batch_greedy_mean,38.030608117927926,3.7617029623836338,10.165699990466237
20,25,PointerNet:greedy_rollout,37.61305227713716,2.6224546761613654,10.384799970779568
20,25,POMO,37.7307935194543,2.9436967602703072,10.985699947923422
20,26,LKH,39.03376291031668,0.0,28.752399957738817
20,26,Attention:batch_greedy_mean,41.91003962809995,7.3686893174807535,5.376700020860881
20,26,Attention:greedy_rollout,41.95879811907975,7.4936029495377685,4.038000013679266
20,26,PointerNet:batch_greedy_mean,45.5935751877181,16.805482711141977,6.525800039526075
20,26,PointerNet:greedy_rollout,43.739378472854455,12.055244515752468,7.145399984437972
20,26,POMO,41.563369753972296,6.4805610708544705,8.420700032729656
20,27,LKH,36.816631386895864,0.0,14.67080001020804
20,27,Attention:batch_greedy_mean,37.03549707267746,0.5944750443939179,6.315500009804964
20,27,Attention:greedy_rollout,38.767843659485564,5.29981206614192,4.79300000006333
20,27,PointerNet:batch_greedy_mean,41.39255973841557,12.428970764414954,6.917999999132007
20,27,PointerNet:greedy_rollout,38.669745067209426,5.033360224730231,7.622100005391985
20,27,POMO,37.124679663004926,0.8367095644136137,7.898800016846508
20,28,LKH,41.28869947726602,0.0,21.534100000280887
20,28,Attention:batch_greedy_mean,43.96539356030078,6.4828733210852905,6.858800014015287
20,28,Attention:greedy_rollout,45.287645994790445,9.685329322921115,5.917400005273521
20,28,PointerNet:batch_greedy_mean,46.80704094985951,13.365258636039009,10.175300005357713
20,28,PointerNet:greedy_rollout,45.94820211762001,11.285176572150357,9.967799996957183
20,28,POMO,41.28869947726602,0.0,11.446199961937964
20,29,LKH,41.49550795739962,0.0,32.50790003221482
20,29,Attention:batch_greedy_mean,43.823372595927886,5.609919610860326,11.71500002965331
20,29,Attention:greedy_rollout,45.00911247959272,8.467433452797504,9.682999982032925
20,29,PointerNet:batch_greedy_mean,48.51347316320593,16.912590184487296,27.644399960990995
20,29,PointerNet:greedy_rollout,47.04472138129907,13.37304613693709,24.207200040109456
20,29,POMO,42.43444779436078,2.262750555855592,31.39540000120178
20,30,LKH,40.35231101985566,0.0,28.950900014024228
20,30,Attention:batch_greedy_mean,40.89828379988587,1.3530148986053232,11.41569996252656
20,30,Attention:greedy_rollout,40.35231101985566,0.0,9.840000013355166
20,30,PointerNet:batch_greedy_mean,46.06426821910952,14.155217024480326,25.62440000474453
20,30,PointerNet:greedy_rollout,40.35231101985566,0.0,24.851599999237806
20,30,POMO,40.352311019855655,-1.760847688278553e-14,33.08750002179295
20,31,LKH,40.859483493726955,0.0,45.69900000933558
20,31,Attention:batch_greedy_mean,45.26281107303426,10.776757811887986,10.180499986745417
20,31,Attention:greedy_rollout,45.43329658353731,11.194006136941411,10.867800039704889
20,31,PointerNet:batch_greedy_mean,44.910174127262955,9.913709834726353,9.484399983193725
20,31,PointerNet:greedy_rollout,43.5288548363882,6.533052095656237,35.3822999750264
20,31,POMO,41.03729697977376,0.43518290208954963,23.884499969426543
20,32,LKH,40.49589776836555,0.0,20.513699972070754
20,32,Attention:batch_greedy_mean,43.2521976289472,6.806368082879757,4.28330001886934
20,32,Attention:greedy_rollout,41.195808532330716,1.728349789819743,4.126999992877245
20,32,PointerNet:batch_greedy_mean,43.252197628947194,6.8063680828797395,8.195900009013712
20,32,PointerNet:greedy_rollout,47.23386016583162,16.638629512566602,9.610000008251518
20,32,POMO,41.73352719663506,3.0561846914684634,11.666500009596348
20,33,LKH,41.38992941715256,0.0,25.436699972487986
20,33,Attention:batch_greedy_mean,41.452933358762024,0.15222046158734542,4.313600016757846
20,33,Attention:greedy_rollout,41.90094810705856,1.2346449899821026,3.9417999796569347
20,33,PointerNet:batch_greedy_mean,47.515976069668675,14.800814446369648,8.294600003864616
20,33,PointerNet:greedy_rollout,45.82127538080024,10.706338537053094,9.857299970462918
20,33,POMO,41.38992941715256,0.0,11.554500029888004
20,34,LKH,39.65719912647949,0.0,21.645299973897636
20,34,Attention:batch_greedy_mean,41.53639964832413,4.7386113069943905,6.417699973098934
20,34,Attention:greedy_rollout,41.225303298381725,3.9541475607015237,6.087700021453202
20,34,PointerNet:batch_greedy_mean,47.67743177619084,20.223900896612154,10.506199963856488
20,34,PointerNet:greedy_rollout,41.46570088174004,4.560336572163506,9.80679999338463
20,34,POMO,39.81968846532027,0.40973478314126005,8.659700048156083
20,35,LKH,42.15657022343347,0.0,30.903699982445687
20,35,Attention:batch_greedy_mean,44.12026512922105,4.658099307841769,6.833699997514486
20,35,Attention:greedy_rollout,43.72263471981314,3.714876442934985,7.0952000096440315
20,35,PointerNet:batch_greedy_mean,43.6711580401672,3.592768122990755,11.66030002059415
20,35,PointerNet:greedy_rollout,44.314869143088195,5.119721334576212,9.531599993351847
20,35,POMO,42.522260664582305,0.8674577633110202,11.250900046434253
20,36,LKH,40.94268293142734,0.0,32.23500004969537
20,36,Attention:batch_greedy_mean,42.22750849799642,3.1381078976210715,4.987999971490353
20,36,Attention:greedy_rollout,40.94268293142734,0.0,4.314800025895238
20,36,PointerNet:batch_greedy_mean,47.81861445421176,16.79404237944187,7.056300004478544
20,36,PointerNet:greedy_rollout,45.71959059352708,11.667304925034637,7.8520000097341835
20,36,POMO,41.638516766719405,1.699531602404946,9.775600046850741
20,37,LKH,38.372859944417236,0.0,20.033399981912225
20,37,Attention:batch_greedy_mean,41.660816205157225,8.568442032995629,5.880299955606461
20,37,Attention:greedy_rollout,42.01298985488382,9.486209565143911,5.923199991229922
20,37,PointerNet:batch_greedy_mean,42.60666516808651,11.03333249020767,8.97989998338744
20,37,PointerNet:greedy_rollout,41.97487914831472,9.386892739073863,7.186300004832447
20,37,POMO,38.978078549830116,1.5772048429268333,10.506999969948083
20,38,LKH,39.25340457630267,0.0,12.668700015638024
20,38,Attention:batch_greedy_mean,41.31889256058924,5.261933344588172,6.513800006359816
20,38,Attention:greedy_rollout,40.675813565196016,3.6236576272725523,6.060499988961965
20,38,PointerNet:batch_greedy_mean,42.458923190853604,8.16621806223175,10.376699967309833
20,38,PointerNet:greedy_rollout,43.53440851535284,10.906070403978699,9.929199994076043
20,38,POMO,40.00312473882677,1.9099493932220748,8.456400013528764
20,39,LKH,41.006247885969366,0.0,28.091699990909547
20,39,Attention:batch_greedy_mean,43.8415569942216,6.9143344110309535,6.346600013785064
20,39,Attention:greedy_rollout,43.239721933584846,5.44666767324421,6.4848000183701515
20,39,PointerNet:batch_greedy_mean,43.568622191700534,6.248741198796456,10.123400017619133
20,39,PointerNet:greedy_rollout,45.26346855356783,10.381882974118954,10.72379999095574
20,39,POMO,41.45386595978262,1.0915850556676,11.358699994161725
20,40,LKH,42.655724491008826,0.0,29.093799996189773
20,40,Attention:batch_greedy_mean,44.944576822421844,5.36587376893686,6.035500031430274
20,40,Attention:greedy_rollout,44.04418617838385,3.2550418588428713,6.163100013509393
20,40,PointerNet:batch_greedy_mean,46.98994508693951,10.160935367172742,10.19780000206083
20,40,PointerNet:greedy_rollout,48.00408149395488,12.538427296137952,10.4925999767147
20,40,POMO,43.127673837347935,1.1064150286290146,11.367900006007403
20,41,LKH,36.41948999219117,0.0,20.494500000495464
20,41,Attention:batch_greedy_mean,37.09211363640915,1.8468782631558132,6.2886999803595245
20,41,Attention:greedy_rollout,41.81045882917538,14.802428145314806,4.690799978561699
20,41,PointerNet:batch_greedy_mean,40.566238337315724,11.386069233846152,10.002699971664697
20,41,PointerNet:greedy_rollout,40.6929544877729,11.734004228225116,8.91929998761043
20,41,POMO,37.09211363640916,1.8468782631558327,7.169500051531941
20,42,LKH,38.11539311737599,0.0,26.306700019631535
20,42,Attention:batch_greedy_mean,39.51091048224575,3.6612960033555964,4.632900003343821
20,42,Attention:greedy_rollout,40.91992137108543,7.357993777141231,4.183200013358146
20,42,PointerNet:batch_greedy_mean,41.2688939269239,8.273562336971677,7.170500000938773
20,42,PointerNet:greedy_rollout,43.099331762043924,13.075920873542996,7.076899986714125
20,42,POMO,39.17601567201854,2.7826619848216683,12.051300029270351
20,43,LKH,36.337217217585454,0.0,19.332700001541525
20,43,Attention:batch_greedy_mean,37.221176505547234,2.432655430570468,5.361599964089692
20,43,Attention:greedy_rollout,38.88886736456141,7.022139674859537,5.323000019416213
20,43,PointerNet:batch_greedy_mean,45.676589519105384,25.701946975180384,6.812200008425862
20,43,PointerNet:greedy_rollout,38.01218032951064,4.609497479940721,10.168000007979572
20,43,POMO,38.56133840698275,6.120780179944345,12.129099981393665
20,44,LKH,39.206867809002844,0.0,33.83969998685643
20,44,Attention:batch_greedy_mean,40.77004335401603,3.986994198639466,4.287299991119653
20,44,Attention:greedy_rollout,39.20686780900285,1.812291507757073e-14,4.065899993292987
20,44,PointerNet:batch_greedy_mean,44.941587093606636,14.626823322231727,10.208699968643486
20,44,PointerNet:greedy_rollout,45.790430285664996,16.791860315733782,9.381300013046712
20,44,POMO,39.206867809002844,0.0,8.461700053885579
20,45,LKH,41.67788757788165,0.0,30.171899998094887
20,45,Attention:batch_greedy_mean,42.43452367136309,1.8154377235831516,6.33679999737069
20,45,Attention:greedy_rollout,41.67788757788166,3.40968689659398e-14,4.670099995564669
20,45,PointerNet:batch_greedy_mean,44.21178589232844,6.079718675069146,6.626600050367415
20,45,PointerNet:greedy_rollout,42.206705528162814,1.2688213847042675,6.944399967323989
20,45,POMO,43.12807498552847,3.479512739067979,8.833699976094067
20,46,LKH,33.10590065909459,0.0,21.54990000417456
20,46,Attention:batch_greedy_mean,33.964915397571005,2.5947481306189335,4.384899977594614
20,46,Attention:greedy_rollout,34.529202844969525,4.2992401884222415,4.477499984204769
20,46,PointerNet:batch_greedy_mean,38.304390463026294,15.702607995664422,8.878700027707964
20,46,PointerNet:greedy_rollout,38.155250356212754,15.252113963348856,9.888599975965917
20,46,POMO,34.66978379942939,4.723880363318812,11.81890000589192
20,47,LKH,33.89156499407854,0.0,21.439299976918846
20,47,Attention:batch_greedy_mean,33.891564994078536,-2.096517926759194e-14,6.377200013957918
20,47,Attention:greedy_rollout,34.503207469569304,1.8047041368482866,6.297099986113608
20,47,PointerNet:batch_greedy_mean,40.478174534093064,19.43436232928553,10.387899994384497
20,47,PointerNet:greedy_rollout,35.01025631827463,3.3007957124185334,10.047600022517145
20,47,POMO,33.891564994078536,-2.096517926759194e-14,7.03909998992458
20,48,LKH,39.316753658206245,0.0,33.53489999426529
20,48,Attention:batch_greedy_mean,41.29828641172027,5.039919548648789,6.303699978161603
20,48,Attention:greedy_rollout,40.96788011146543,4.199549300567858,6.077199999708682
20,48,PointerNet:batch_greedy_mean,43.74528948165432,11.263737240227979,9.951400046702474
20,48,PointerNet:greedy_rollout,42.762371794836284,8.763740176983978,6.91459997324273
20,48,POMO,39.9349509036015,1.5723506848236952,9.19919996522367
20,49,LKH,37.58347792848384,0.0,32.78160002082586
20,49,Attention:batch_greedy_mean,43.28482373856585,15.169819623747657,4.172599990852177
20,49,Attention:greedy_rollout,41.84427842227694,11.336897830213639,4.150900000240654
20,49,PointerNet:batch_greedy_mean,44.1022813120297,17.34486466619786,7.462000008672476
20,49,PointerNet:greedy_rollout,48.02059273551579,27.77048687961327,7.490399992093444
20,49,POMO,37.58347792848384,0.0,9.072299988474697
20,50,LKH,36.122598247988236,0.0,18.14209995791316
20,50,Attention:batch_greedy_mean,37.89060450936295,4.894460385260854,6.414300005417317
20,50,Attention:greedy_rollout,40.66939716274983,12.587131422681697,5.586899991612881
20,50,PointerNet:batch_greedy_mean,46.20094089592581,27.9003813035483,8.743999991565943
20,50,PointerNet:greedy_rollout,41.4532565864083,14.75712876970843,11.07810001121834
20,50,POMO,37.54780505014455,3.945471453553826,11.619299999438226
20,51,LKH,37.57191806454153,0.0,39.46890000952408
20,51,Attention:batch_greedy_mean,38.979135590267774,3.7453970896798756,4.525800002738833
20,51,Attention:greedy_rollout,38.84931041325427,3.3998592952279507,5.407600023318082
20,51,PointerNet:batch_greedy_mean,41.30849063484026,9.945120618755743,9.933000023011118
20,51,PointerNet:greedy_rollout,39.524240841478196,5.196228666268629,10.33560000360012
20,51,POMO,38.670254382700705,2.9232905178608144,11.320699995849282
20,52,LKH,35.88218785705081,0.0,19.56179999979213
20,52,Attention:batch_greedy_mean,38.86814540906542,8.321559331638898,6.320199987385422
20,52,Attention:greedy_rollout,36.480046430629486,1.666170903403255,6.079700018744916
20,52,PointerNet:batch_greedy_mean,45.76916233713472,27.553990072935687,9.905599988996983
20,52,PointerNet:greedy_rollout,43.5227122978787,21.293362799577825,9.955700021237135
20,52,POMO,35.8821878570508,-1.980210177235554e-14,11.028299981262535
20,53,LKH,38.65474162054358,0.0,22.769699979107827
20,53,Attention:batch_greedy_mean,39.0076855276212,0.9130675624282004,6.590000004507601
20,53,Attention:greedy_rollout,40.1562050119187,3.884292918354796,6.0115999658592045
20,53,PointerNet:batch_greedy_mean,42.171496263426754,9.097860949131645,9.9474000162445
20,53,PointerNet:greedy_rollout,47.54256357288785,22.992837565937098,10.254400025587529
20,53,POMO,38.65474162054357,-3.676354858274219e-14,10.148599976673722
20,54,LKH,30.258253058722705,0.0,28.692200023215264
20,54,Attention:batch_greedy_mean,32.04388549024305,5.901307084896597,6.542800052557141
20,54,Attention:greedy_rollout,31.120959125881946,2.8511430104209015,6.715899973642081
20,54,PointerNet:batch_greedy_mean,37.01792571830735,22.339930353765094,10.022000002209097
20,54,PointerNet:greedy_rollout,36.48132190704695,20.56651729446187,11.009100009687245
20,54,POMO,30.2582530587227,-1.174130466787256e-14,6.938399979844689
20,55,LKH,36.264201140254855,0.0,12.954700039699674
20,55,Attention:batch_greedy_mean,41.18587424151086,13.571712450581828,4.112199996598065
20,55,Attention:greedy_rollout,36.842694719310586,1.5952194198856295,5.012699984945357
20,55,PointerNet:batch_greedy_mean,38.66581697264755,6.62255270177948,11.103999975603074
20,55,PointerNet:greedy_rollout,38.32409468740717,5.680239691991288,9.369900042656809
20,55,POMO,37.50590589512293,3.42405103607736,10.038999957032502
20,56,LKH,37.930541493978424,0.0,29.098400031216443
20,56,Attention:batch_greedy_mean,44.01386194165386,16.038053262807168,4.803600022569299
20,56,Attention:greedy_rollout,37.930541493978424,0.0,4.29970002733171
20,56,PointerNet:batch_greedy_mean,45.85698279365409,20.89725320935376,7.539599959272891
20,56,PointerNet:greedy_rollout,40.72546282861231,7.368524741671788,6.9741999614052474
20,56,POMO,38.98549282656257,2.7812714794794644,8.948099974077195
20,57,LKH,34.65334586313933,0.0,26.47510002134368
20,57,Attention:batch_greedy_mean,36.304542659922895,4.76489861413336,5.770599993411452
20,57,Attention:greedy_rollout,34.78687933562647,0.38534077781269493,4.2971999500878155
20,57,PointerNet:batch_greedy_mean,42.39202049014003,22.3316809221366,10.213299945462495
20,57,PointerNet:greedy_rollout,39.50031692631321,13.987021865988392,9.939499956090003
20,57,POMO,34.76783658718085,0.33038865711177134,7.252300041727722
20,58,LKH,39.547647467182415,0.0,27.528600010555238
20,58,Attention:batch_greedy_mean,41.00475988023226,3.6844477645831866,6.663499982096255
20,58,Attention:greedy_rollout,45.276644115629715,14.486314649187056,5.799499980639666
20,58,PointerNet:batch_greedy_mean,43.02629347113582,8.796088330766253,8.930199954193085
20,58,PointerNet:greedy_rollout,42.82808241129543,8.294892753950034,6.705500010866672
20,58,POMO,41.00475988023226,3.6844477645831866,7.251899980474263
20,59,LKH,35.570617618960775,0.0,14.298500027507544
20,59,Attention:batch_greedy_mean,36.85821612647901,3.6198373649601283,5.065000033937395
20,59,Attention:greedy_rollout,38.389833751395244,7.925687888342141,4.0757000097073615
20,59,PointerNet:batch_greedy_mean,42.900717882723846,20.607177368367623,7.865099993068725
20,59,PointerNet:greedy_rollout,35.81408573074344,0.6844641113369051,7.865099993068725
20,59,POMO,36.3831807275253,2.2843660384783195,7.600800017826259
20,60,LKH,34.950023081236345,0.0,19.098700024187565
20,60,Attention:batch_greedy_mean,38.57926334448945,10.384085454872091,4.604099958669394
20,60,Attention:greedy_rollout,39.2863639055293,12.407261689681143,3.7482999614439905
20,60,PointerNet:batch_greedy_mean,37.58706053549123,7.545166560049102,8.402000006753951
20,60,PointerNet:greedy_rollout,39.16260993288056,12.053173303641756,7.624399964697659
20,60,POMO,34.950023081236345,0.0,11.007699999026954
20,61,LKH,38.33757044670313,0.0,29.46490002796054
20,61,Attention:batch_greedy_mean,42.82182408177714,11.696760078492744,6.333200028166175
20,61,Attention:greedy_rollout,38.941018732288825,1.574038935056163,6.444700004067272
20,61,PointerNet:batch_greedy_mean,48.377423627158144,26.18802668889102,8.819499984383583
20,61,PointerNet:greedy_rollout,49.16608332556757,28.24517243187914,7.701199967414141
20,61,POMO,38.55886450009628,0.5772250322977229,11.58160000341013
20,62,LKH,38.90975482991689,0.0,16.89780002925545
20,62,Attention:batch_greedy_mean,38.9097548299169,1.8261300768047475e-14,4.4300000299699605
20,62,Attention:greedy_rollout,38.94730003636817,0.09649304297957026,3.88329999987036
20,62,PointerNet:batch_greedy_mean,42.70466499757452,9.753107374348707,9.694400010630488
20,62,PointerNet:greedy_rollout,41.70071345335512,7.172902105495457,9.96820000000298
20,62,POMO,38.90975482991689,0.0,11.240300023928285
20,63,LKH,33.907004468771426,0.0,16.321800008881837
20,63,Attention:batch_greedy_mean,34.421545385490184,1.517506263912678,6.561199959833175
20,63,Attention:greedy_rollout,36.21231077146812,6.798908776562361,7.754200021736324
20,63,PointerNet:batch_greedy_mean,38.28633019001716,12.915696298914057,10.640699998475611
20,63,PointerNet:greedy_rollout,37.26389194133019,9.900277317775103,10.096599988173693
20,63,POMO,34.04502521280033,0.407056731171947,11.926500010304153
20,64,LKH,43.66115648669634,0.0,30.03080002963543
20,64,Attention:batch_greedy_mean,47.951020398275034,9.825355663416344,4.059400002006441
20,64,Attention:greedy_rollout,45.23464835278883,3.603871250116647,4.00780001655221
20,64,PointerNet:batch_greedy_mean,53.090738461106056,21.597187828231096,7.8304000198841095
20,64,PointerNet:greedy_rollout,47.51841241957776,8.834525338458981,7.574999995995313
20,64,POMO,43.69582848752766,0.07941154935253698,11.361800017766654
20,65,LKH,33.750552580009284,0.0,16.643300012219697
20,65,Attention:batch_greedy_mean,37.111196382289606,9.957300089572037,4.393499984871596
20,65,Attention:greedy_rollout,36.5873151629692,8.405084853751847,4.1674000094644725
20,65,PointerNet:batch_greedy_mean,36.468487996178325,8.053010123985038,7.229500042740256
20,65,PointerNet:greedy_rollout,37.2936831677535,10.497992823509621,6.952699972316623
20,65,POMO,35.014891959439936,3.7461294194618016,10.01420000102371
20,66,LKH,39.67469995135059,0.0,32.51229994930327
20,66,Attention:batch_greedy_mean,42.34714407596947,6.735889944715015,6.486699974630028
20,66,Attention:greedy_rollout,41.01057268075857,3.367064479494585,6.243900046683848
20,66,PointerNet:batch_greedy_mean,43.539683909512846,9.74168415363324,9.463399997912347
20,66,PointerNet:greedy_rollout,44.70133708449755,12.669628602889658,7.703299983404577
20,66,POMO,39.96206022731162,0.7242909872371843,9.077299968339503
20,67,LKH,40.16866978185946,0.0,20.8180999616161
20,67,Attention:batch_greedy_mean,40.31583601708552,0.3663706964290069,6.784599972888827
20,67,Attention:greedy_rollout,42.485235403045266,5.767095683691252,6.1243000091053545
20,67,PointerNet:batch_greedy_mean,47.76917418700792,18.92147399060977,9.467100026085973
20,67,PointerNet:greedy_rollout,48.57149689544511,20.91885830229919,6.937499972991645
20,67,POMO,40.215520909184,0.11663599411923369,8.435599971562624
20,68,LKH,39.553534616107356,0.0,21.77960000699386
20,68,Attention:batch_greedy_mean,41.83143022571622,5.759019090752098,6.20800000615418
20,68,Attention:greedy_rollout,41.4151135678542,4.706479382474084,6.036699982360005
20,68,PointerNet:batch_greedy_mean,47.11961198315547,19.12870098837384,10.137000004760921
20,68,PointerNet:greedy_rollout,40.76092567507745,3.0525490849012793,10.615799983497709
20,68,POMO,40.030158355380955,1.2050092207928838,11.133900028653443
20,69,LKH,36.51634247070824,0.0,18.894899985753
20,69,Attention:batch_greedy_mean,38.96290370354953,6.69990767778512,6.193899956997484
20,69,Attention:greedy_rollout,36.51634247070824,0.0,6.268899946007878
20,69,PointerNet:batch_greedy_mean,39.16944309650771,7.2655157835910655,9.901099954731762
20,69,PointerNet:greedy_rollout,41.12590522458378,12.62328711472987,8.588200027588755
20,69,POMO,36.786483820058876,0.7397820566704706,8.345999987795949
20,70,LKH,39.09727316043673,0.0,28.29699998255819
20,70,Attention:batch_greedy_mean,40.25362692966928,2.9576327855076316,6.000599998515099
20,70,Attention:greedy_rollout,42.70569704357119,9.229349239593251,4.594099998939782
20,70,PointerNet:batch_greedy_mean,52.11005572633275,33.283094993601516,6.432399968616664
20,70,PointerNet:greedy_rollout,41.82161101656032,6.968101956737993,6.664100044872612
20,70,POMO,40.54821899307217,3.711117720873895,7.847099972423166
20,71,LKH,38.60199426043921,0.0,15.78940002946183
20,71,Attention:batch_greedy_mean,40.616909368680645,5.219717651495517,4.801600007340312
20,71,Attention:greedy_rollout,40.49576304305093,4.905883281145714,4.097199998795986
20,71,PointerNet:batch_greedy_mean,45.091839248548,16.812201318727787,10.266700002830476
20,71,PointerNet:greedy_rollout,39.33722325085774,1.9046399143476829,10.911399964243174
20,71,POMO,39.67880698706827,2.7895261559908997,11.118400027044117
20,72,LKH,39.01971591165303,0.0,26.71489998465404
20,72,Attention:batch_greedy_mean,39.01971591165304,1.8209838774041418e-14,4.474999965168536
20,72,Attention:greedy_rollout,39.05680824909416,0.09506050101726411,3.7844000034965575
20,72,PointerNet:batch_greedy_mean,41.80903966591779,7.148498365749865,7.014200033154339
20,72,PointerNet:greedy_rollout,44.509179950861736,14.068436714500287,7.487200025934726
20,72,POMO,40.07892178657419,2.7145402014698816,11.290599999483675
20,73,LKH,36.910552035268566,0.0,15.034299984108657
20,73,Attention:batch_greedy_mean,41.0549652033567,11.228261132827514,6.3239000155590475
20,73,Attention:greedy_rollout,39.40428769624333,6.75615921049342,6.198899995069951
20,73,PointerNet:batch_greedy_mean,38.6187156839715,4.627846386775144,10.26170002296567
20,73,PointerNet:greedy_rollout,41.62823032674516,12.781381018004783,7.085399993229657
20,73,POMO,37.64370440993162,1.98629479711525,11.119200033135712
20,74,LKH,42.11616966321872,0.0,43.87880000285804
20,74,Attention:batch_greedy_mean,48.146246883742194,14.317724685656103,4.264599992893636
20,74,Attention:greedy_rollout,46.462721431906964,10.320387165892281,5.287499981932342
20,74,PointerNet:batch_greedy_mean,43.297198464014805,2.804217026952268,7.305999984964728
20,74,PointerNet:greedy_rollout,43.29545354650859,2.800073921061659,8.395500015467405
20,74,POMO,42.321615877091,0.487808401179703,11.365000042133033
20,75,LKH,41.33405882372351,0.0,24.74449999863282
20,75,Attention:batch_greedy_mean,43.161762241451655,4.421785495401536,6.312099983915687
20,75,Attention:greedy_rollout,44.392749794502784,7.399928915337371,5.374499945901334
20,75,PointerNet:batch_greedy_mean,44.80749946093016,8.4033379156394,7.463399961125106
20,75,PointerNet:greedy_rollout,43.778886597381224,5.9148020862991455,7.166099967435002
20,75,POMO,41.81105113088673,1.1539933912549964,8.159499964676797
20,76,LKH,40.67755812892438,0.0,47.59950004518032
20,76,Attention:batch_greedy_mean,41.8181053987257,2.803873492569147,4.361800034530461
20,76,Attention:greedy_rollout,41.19530780483382,1.2728140520836273,6.14269997458905
20,76,PointerNet:batch_greedy_mean,41.71398203909118,2.5479009995681907,9.990699996706098
20,76,PointerNet:greedy_rollout,41.8181053987257,2.803873492569147,7.655300025362521
20,76,POMO,41.04375723523306,0.9002484985653209,9.377400041557848
20,77,LKH,31.462734261280588,0.0,22.429499949794263
20,77,Attention:batch_greedy_mean,32.23901552172986,2.4673038713122883,6.533699983265251
20,77,Attention:greedy_rollout,35.191730741075325,11.852105569806765,6.00049999775365
20,77,PointerNet:batch_greedy_mean,36.16092226651033,14.932548348194711,10.104099987074733
20,77,PointerNet:greedy_rollout,35.51968534776615,12.89446445688677,10.10600000154227
20,77,POMO,31.53584800292954,0.2323820334297203,10.978999955113977
20,78,LKH,38.36468120144305,0.0,28.404700045939535
20,78,Attention:batch_greedy_mean,47.91257200070991,24.887189207003566,4.941100021824241
20,78,Attention:greedy_rollout,39.67624080799652,3.4186641605773076,3.7623000098392367
20,78,PointerNet:batch_greedy_mean,38.57437769473882,0.5465873473435399,8.140700054354966
20,78,PointerNet:greedy_rollout,41.24466965264551,7.5068744506969525,6.703099992591888
20,78,POMO,38.711751343219596,0.9046605651541126,6.934399949386716
20,79,LKH,35.90818388737534,0.0,38.583200017455965
20,79,Attention:batch_greedy_mean,40.889342393260435,13.871931038084002,6.253400002606213
20,79,Attention:greedy_rollout,36.07525717264128,0.4652791290975944,6.005199975334108
20,79,PointerNet:batch_greedy_mean,40.858594290118724,13.78630124617319,6.73250004183501
20,79,PointerNet:greedy_rollout,40.858594290118724,13.78630124617319,6.676499964669347
20,79,POMO,35.908183887375344,1.978776587500751e-14,10.497400013264269
20,80,LKH,42.46221555180873,0.0,35.93429998727515
20,80,Attention:batch_greedy_mean,45.31258642226921,6.712722907693556,5.254699965007603
20,80,Attention:greedy_rollout,45.460938909438205,7.062098194030147,4.440499993506819
20,80,PointerNet:batch_greedy_mean,44.53510803186706,4.881734156168003,6.986099993810058
20,80,PointerNet:greedy_rollout,43.92200513673787,3.437855434434482,10.683399974368513
20,80,POMO,42.46221555180872,-3.346705896178014e-14,12.284500000532717
20,81,LKH,40.36254672269243,0.0,29.534599976614118
20,81,Attention:batch_greedy_mean,43.781515981615215,8.470648005470355,4.740500007756054
20,81,Attention:greedy_rollout,41.35335189726185,2.4547637724068045,4.378199984785169
20,81,PointerNet:batch_greedy_mean,50.62220099962411,25.418748592401265,7.008599990513176
20,81,PointerNet:greedy_rollout,43.22100195241852,7.0819496335671595,8.630500000435859
20,81,POMO,41.1514195830815,1.9544675062477008,10.320000001229346
20,82,LKH,40.095046464455294,0.0,21.629399969242513
20,82,Attention:batch_greedy_mean,43.98700128772127,9.706822080169523,5.613899964373559
20,82,Attention:greedy_rollout,41.24823866811302,2.8761463206684197,4.04329999582842
20,82,PointerNet:batch_greedy_mean,45.23723269466963,12.824991323486657,9.510000003501773
20,82,PointerNet:greedy_rollout,44.12132752391223,10.041841610100832,7.384099997580051
20,82,POMO,41.24823866811301,2.8761463206684024,10.033899976406246
20,83,LKH,37.67533409909846,0.0,22.827400011010468
20,83,Attention:batch_greedy_mean,38.53069029838951,2.2703347421981315,4.519300011452287
20,83,Attention:greedy_rollout,37.67533409909846,0.0,6.166800041683018
20,83,PointerNet:batch_greedy_mean,50.739759251900196,34.67633523418273,10.803299956023693
20,83,PointerNet:greedy_rollout,40.1752250480389,6.635351772501628,7.6565000344999135
20,83,POMO,38.08476274527119,1.0867286408019732,8.090600022114813
20,84,LKH,37.22322667043376,0.0,28.766500006895512
20,84,Attention:batch_greedy_mean,39.01216112807094,4.805962883003168,6.330500007607043
20,84,Attention:greedy_rollout,39.00695186942745,4.791968237429824,5.83760003792122
20,84,PointerNet:batch_greedy_mean,40.67846961853501,9.28249175895795,9.084899968001992
20,84,PointerNet:greedy_rollout,42.54103796354128,14.286271687809995,7.323300000280142
20,84,POMO,38.40027803538027,3.162142216653759,7.422399998176843
20,85,LKH,36.69690482449956,0.0,21.580100001301616
20,85,Attention:batch_greedy_mean,36.69690482449956,0.0,4.057600046508014
20,85,Attention:greedy_rollout,38.30770661573381,4.389475894323497,3.806699998676777
20,85,PointerNet:batch_greedy_mean,41.87395950388357,14.107605816193264,10.144300002139062
20,85,PointerNet:greedy_rollout,39.2301448906246,6.903143679937276,7.74279999313876
20,85,POMO,36.696904824499555,-1.9362470463332596e-14,8.81259999005124
20,86,LKH,40.491826238695,0.0,21.09970001038164
20,86,Attention:batch_greedy_mean,44.15327523558154,9.042439763775262,6.232600018847734
20,86,Attention:greedy_rollout,41.40346471820642,2.251413591813352,4.213200008962303
20,86,PointerNet:batch_greedy_mean,44.28718862486654,9.373156853430823,7.960800023283809
20,86,PointerNet:greedy_rollout,43.61797325050549,7.720439659555467,9.415799984708428
20,86,POMO,41.615229078926895,2.774394105144967,8.390600036364049
20,87,LKH,38.098482902312156,0.0,20.264999999199063
20,87,Attention:batch_greedy_mean,39.48167758951691,3.6305768152274958,6.465999991632998
20,87,Attention:greedy_rollout,39.08573865509382,2.591325631818658,5.996000021696091
20,87,PointerNet:batch_greedy_mean,40.674807161384884,6.762275195258163,9.867699991445988
20,87,PointerNet:greedy_rollout,40.88214367642531,7.306487193337071,10.259700007736683
20,87,POMO,39.10405548278707,2.639403209448753,11.523100023623556
20,88,LKH,38.7869231806542,0.0,26.923199999146163
20,88,Attention:batch_greedy_mean,42.795804091794544,10.33565073586414,6.47920003393665
20,88,Attention:greedy_rollout,43.93621562901958,13.275846667140895,5.995800020173192
20,88,PointerNet:batch_greedy_mean,41.12101346948553,6.017724783066863,10.439999983645976
20,88,PointerNet:greedy_rollout,40.08279139001788,3.3409925384595187,9.932100016158074
20,88,POMO,39.42161074976942,1.6363442033262023,9.094499982893467
20,89,LKH,40.42544228321026,0.0,22.77229999890551
20,89,Attention:batch_greedy_mean,45.84505073369719,13.406429576004511,4.181600001174957
20,89,Attention:greedy_rollout,42.692452521791104,5.6078798660970826,3.7734000361524522
20,89,PointerNet:batch_greedy_mean,47.03990149429587,16.362119589802898,8.123799983877689
20,89,PointerNet:greedy_rollout,45.83420027803985,13.37958891565669,9.39780002227053
20,89,POMO,42.16394457504371,4.300515204395163,12.216000002808869
20,90,LKH,34.85629107139967,0.0,22.213999996893108
20,90,Attention:batch_greedy_mean,35.531503450993235,1.937132032236194,5.594999995082617
20,90,Attention:greedy_rollout,34.99300768991056,0.3922293919076048,3.7646000273525715
20,90,PointerNet:batch_greedy_mean,42.111605569624594,20.814935482846213,6.763799989130348
20,90,PointerNet:greedy_rollout,38.049086098974804,9.15988170122579,8.331599994562566
20,90,POMO,34.993007689910556,0.39222939190758443,11.775600025430322
20,91,LKH,40.600883515210555,0.0,37.13909996440634
20,91,Attention:batch_greedy_mean,43.91913071890452,8.172844816174578,4.103299987036735
20,91,Attention:greedy_rollout,41.762912695294716,2.8620785546423475,4.5556999975815415
20,91,PointerNet:batch_greedy_mean,45.75406857220708,12.692297829100093,9.262199979275465
20,91,PointerNet:greedy_rollout,48.9706827896852,20.61482054039296,7.975700020324439
20,91,POMO,41.36446854804402,1.8807103853969134,11.218799976631999
20,92,LKH,39.672876913786496,0.0,19.35700001195073
20,92,Attention:batch_greedy_mean,42.164478065338145,6.280364181720853,4.305400012526661
20,92,Attention:greedy_rollout,42.6831520280441,7.587740916292156,4.141000041272491
20,92,PointerNet:batch_greedy_mean,51.822143005255384,30.62360745319926,7.250100024975836
20,92,PointerNet:greedy_rollout,42.87366252120838,8.067944289438708,9.911099972669035
20,92,POMO,39.672876913786496,0.0,9.660599986091256
20,93,LKH,35.884121031427995,0.0,16.166299988981336
20,93,Attention:batch_greedy_mean,36.87225080314755,2.7536685957951534,6.409699970390648
20,93,Attention:greedy_rollout,35.884121031427995,0.0,6.224700016900897
20,93,PointerNet:batch_greedy_mean,38.47819722606035,7.229036465350276,7.409200014080852
20,93,PointerNet:greedy_rollout,35.884121031427995,0.0,10.020199988503009
20,93,POMO,35.884121031427995,0.0,10.908000054769218
20,94,LKH,37.40457268782148,0.0,21.919500024523586
20,94,Attention:batch_greedy_mean,39.765963729024456,6.313107921085331,6.471600034274161
20,94,Attention:greedy_rollout,41.91511417427478,12.058796992812278,5.963099945802242
20,94,PointerNet:batch_greedy_mean,43.05830861655938,15.115092948458402,9.254299977328628
20,94,PointerNet:greedy_rollout,43.05830861655938,15.115092948458402,26.48070000577718
20,94,POMO,37.40457268782148,0.0,23.00950000062585
20,95,LKH,35.35021781120036,0.0,23.799500020686537
20,95,Attention:batch_greedy_mean,36.66295222177337,3.7135115194596646,6.538000016007572
20,95,Attention:greedy_rollout,36.465946407087564,3.156214204523792,5.920100025832653
20,95,PointerNet:batch_greedy_mean,36.66295222177337,3.7135115194596646,9.687299956567585
20,95,PointerNet:greedy_rollout,36.66295222177337,3.7135115194596646,10.737100034020841
20,95,POMO,35.55079526435608,0.5674008975757221,10.71060000685975
20,96,LKH,41.26264643596781,0.0,16.227599990088493
20,96,Attention:batch_greedy_mean,48.188450219204356,16.784681501183268,6.402099970728159
20,96,Attention:greedy_rollout,41.49156975279237,0.5547955271841585,6.586800038348883
20,96,PointerNet:batch_greedy_mean,46.625821373281624,12.997651388251347,7.8357000020332634
20,96,PointerNet:greedy_rollout,48.83428121472651,18.349852548862838,10.655999998562038
20,96,POMO,41.491569752792365,0.5547955271841414,9.719499968923628
20,97,LKH,31.18641371784294,0.0,24.733100028242916
20,97,Attention:batch_greedy_mean,33.25856987838667,6.644419519639011,5.781599960755557
20,97,Attention:greedy_rollout,33.46778933570211,7.315286837722885,4.043499997351319
20,97,PointerNet:batch_greedy_mean,38.20382089134,22.50148810628436,9.400499984622002
20,97,PointerNet:greedy_rollout,33.91654247397608,8.754224775037631,11.115900008007884
20,97,POMO,31.18641371784294,0.0,14.246100035961717
20,98,LKH,43.53137429371731,0.0,29.964599991217256
20,98,Attention:batch_greedy_mean,49.346586747815344,13.358669576708756,8.140899997670203
20,98,Attention:greedy_rollout,43.896086410856576,0.8378143880284062,8.84530000621453
20,98,PointerNet:batch_greedy_mean,45.360770383496046,4.202477223520052,9.649899962823838
20,98,PointerNet:greedy_rollout,45.086362261903105,3.5721086076765927,8.29999998677522
20,98,POMO,43.78974100857321,0.5935183968983603,7.847200031392276
20,99,LKH,38.96043300905436,0.0,30.348200001753867
20,99,Attention:batch_greedy_mean,40.17630913293758,3.1207972550013796,5.253600014839321
20,99,Attention:greedy_rollout,41.45491509497568,6.402603598737223,6.191299995407462
20,99,PointerNet:batch_greedy_mean,46.08473484852307,18.285992452427383,9.176300023682415
20,99,PointerNet:greedy_rollout,41.535477024698736,6.609382434342903,8.595800027251244
20,99,POMO,38.96043300905436,0.0,11.531599971931428
20,100,LKH,36.17291526119946,0.0,19.64770001359284
20,100,Attention:batch_greedy_mean,36.24066636299515,0.1872978755139445,4.09810000564903
20,100,Attention:greedy_rollout,36.23014382987334,0.1582083397498894,5.726700008381158
20,100,PointerNet:batch_greedy_mean,46.30360783432146,28.00629282978635,10.144100000616163
20,100,PointerNet:greedy_rollout,39.762016589694916,9.922068217557428,7.59180000750348
20,100,POMO,36.230143829873334,0.15820833974986978,7.986499986145645
20,101,LKH,41.7650313856271,0.0,19.46969999698922
20,101,Attention:batch_greedy_mean,44.99353497195128,7.730159607722044,6.442299985792488
20,101,Attention:greedy_rollout,48.68953147694756,16.579659733485652,6.069099996238947
20,101,PointerNet:batch_greedy_mean,46.757421652606396,11.95351733579055,10.454600036609918
20,101,PointerNet:greedy_rollout,49.28063813491968,17.99497450366811,10.89709997177124
20,101,POMO,44.37709205991034,6.254181040031852,11.248799972236156
20,102,LKH,37.49230254120373,0.0,19.28900001803413
20,102,Attention:batch_greedy_mean,41.26520710419637,10.063144451707794,6.289199984166771
20,102,Attention:greedy_rollout,38.557235005255606,2.840402941061106,6.437700008973479
20,102,PointerNet:batch_greedy_mean,42.712143841876426,13.922434598238228,10.077500017359853
20,102,PointerNet:greedy_rollout,42.192827363869675,12.53730633774789,9.499199979472905
20,102,POMO,37.562080122960346,0.18611175368579513,8.08220001636073
20,103,LKH,40.1796833831844,0.0,22.65939995413646
20,103,Attention:batch_greedy_mean,41.51647142569768,3.3270248293513016,4.426100000273436
20,103,Attention:greedy_rollout,40.48564194167682,0.7614757826102418,3.979800036177039
20,103,PointerNet:batch_greedy_mean,47.620677700434044,18.51929555115354,9.702100011054426
20,103,PointerNet:greedy_rollout,48.326752494501186,20.276588627192666,9.981299983337522
20,103,POMO,40.179683383184404,1.7684129787281238e-14,10.683000029530376
20,104,LKH,40.96878595593652,0.0,31.789599976036698
20,104,Attention:batch_greedy_mean,41.25628444784532,0.7017500890019411,6.159399985335767
20,104,Attention:greedy_rollout,42.38609552442261,3.459486375823926,6.227999983821064
20,104,PointerNet:batch_greedy_mean,46.99951960349195,14.720313299109502,7.615599955897778
20,104,PointerNet:greedy_rollout,44.007893981715036,7.418106138285848,10.307100019417703
20,104,POMO,41.30988757340127,0.8325890296862083,10.554099979344755
20,105,LKH,40.927806687128296,0.0,16.240699973423034
20,105,Attention:batch_greedy_mean,41.73993414666155,1.984292649106611,6.903100002091378
20,105,Attention:greedy_rollout,44.057465776619935,7.646779397235353,5.966899974737316
20,105,PointerNet:batch_greedy_mean,43.546565650072274,6.398483512598227,11.028300039470196
20,105,PointerNet:greedy_rollout,45.77235070668667,11.836803414833309,11.471099976915866
20,105,POMO,40.927806687128296,0.0,11.065100028645247
20,106,LKH,38.660174945999415,0.0,18.751600000541657
20,106,Attention:batch_greedy_mean,38.685024748107445,0.06427752109952861,6.454200018197298
20,106,Attention:greedy_rollout,39.168452387231014,1.314731353237695,4.899199993815273
20,106,PointerNet:batch_greedy_mean,44.697338661591985,15.615976192620154,8.279700006823987
20,106,PointerNet:greedy_rollout,41.675802339429474,7.800345957156922,7.398799993097782
20,106,POMO,38.86686666852384,0.5346373181526795,7.889300002716482
20,107,LKH,42.71258205768252,0.0,28.106700046919286
20,107,Attention:batch_greedy_mean,48.161453141258505,12.757063190929063,5.175700003746897
20,107,Attention:greedy_rollout,47.52387598263434,11.26434809877394,6.501000025309622
20,107,PointerNet:batch_greedy_mean,47.47327922090699,11.145889416835631,10.444199957419187
20,107,PointerNet:greedy_rollout,49.2250435958201,15.247173606462436,8.489400031976402
20,107,POMO,44.35450917056152,3.844129841323131,9.792400000151247
20,108,LKH,32.92439570938787,0.0,13.008900044951588
20,108,Attention:batch_greedy_mean,32.92439570938788,2.1581041062433232e-14,7.341300020925701
20,108,Attention:greedy_rollout,34.11811731188637,3.6256446831555005,6.610199983697385
20,108,PointerNet:batch_greedy_mean,39.934177774907006,21.29054129768099,9.368100028950721
20,108,PointerNet:greedy_rollout,36.99708207306779,12.3698135559665,6.964000000152737
20,108,POMO,32.92439570938788,2.1581041062433232e-14,9.76370001444593
20,109,LKH,36.95853827991138,0.0,42.330100026447326
20,109,Attention:batch_greedy_mean,41.41679529693242,12.06286077456776,5.142799986060709
20,109,Attention:greedy_rollout,36.95853827991138,0.0,4.144199949223548
20,109,PointerNet:batch_greedy_mean,46.58431181149022,26.044789592803987,7.114799984265119
20,109,PointerNet:greedy_rollout,42.55971299566696,15.155292867196732,8.865800045896322
20,109,POMO,36.95853827991138,0.0,9.61720000486821
20,110,LKH,32.9743727720125,0.0,19.454599998425692
20,110,Attention:batch_greedy_mean,36.4533925861526,10.550677758738061,6.423200014978647
20,110,Attention:greedy_rollout,37.36328565172233,13.310072370610746,6.041900021955371
20,110,PointerNet:batch_greedy_mean,41.42192383670674,25.618534499810792,7.096599962096661
20,110,PointerNet:greedy_rollout,38.95740190741144,18.14448200960815,6.698399956803769
20,110,POMO,32.9743727720125,0.0,9.717899956740439
20,111,LKH,39.94801841520263,0.0,17.79870002064854
20,111,Attention:batch_greedy_mean,40.88306092209843,2.34064803209352,4.854900005739182
20,111,Attention:greedy_rollout,41.209625063003436,3.1581207225054397,5.903100012801588
20,111,PointerNet:batch_greedy_mean,40.652354417150626,1.7631312638024395,10.693499993067235
20,111,PointerNet:greedy_rollout,40.378646702891416,1.0779715860071382,10.87649998953566
20,111,POMO,40.81195562369321,2.1626534751015223,12.498299998696893
20,112,LKH,41.92927938070346,0.0,21.245400013867766
20,112,Attention:batch_greedy_mean,46.192313135010515,10.167200145750584,6.136599986348301
20,112,Attention:greedy_rollout,45.96381484441126,9.62223897786461,6.24489999609068
20,112,PointerNet:batch_greedy_mean,49.54313894341039,18.158813304602013,11.082699988037348
20,112,PointerNet:greedy_rollout,46.888497008549756,11.8275765791687,12.364500027615577
20,112,POMO,43.64359579793067,4.088590222745793,12.967200018465519
20,113,LKH,37.32587128323789,0.0,22.083699994254857
20,113,Attention:batch_greedy_mean,37.67751314678012,0.9420861495071049,7.456599967554212
20,113,Attention:greedy_rollout,37.41474815657909,0.2381106462774298,7.49839999480173
20,113,PointerNet:batch_greedy_mean,41.12635539592828,10.181903280572833,14.044700015801936
20,113,PointerNet:greedy_rollout,41.12635539592828,10.181903280572833,11.163100018166006
20,113,POMO,37.698470902838665,0.9982342187631724,9.786900016479194
20,114,LKH,33.51096818247261,0.0,19.93670000229031
20,114,Attention:batch_greedy_mean,35.83017016182815,6.92072507940419,6.25239999499172
20,114,Attention:greedy_rollout,33.51096818247261,0.0,5.796799960080534
20,114,PointerNet:batch_greedy_mean,35.8795043947887,7.067943245981515,8.118799945805222
20,114,PointerNet:greedy_rollout,35.36042706970126,5.518965841744855,11.799099971540272
20,114,POMO,33.51096818247261,0.0,12.626399984583259
20,115,LKH,32.226817063891446,0.0,26.940400013700128
20,115,Attention:batch_greedy_mean,34.3039022039956,6.445207219770468,4.323399974964559
20,115,Attention:greedy_rollout,36.52243603616555,13.329330550261306,3.819500037934631
20,115,PointerNet:batch_greedy_mean,39.63995611991784,23.003013426145802,7.969799975398928
20,115,PointerNet:greedy_rollout,38.026420499814805,17.99620305171722,8.367299975361675
20,115,POMO,32.226817063891446,0.0,13.030400034040213
20,116,LKH,40.77008728654138,0.0,26.997199980542064
20,116,Attention:batch_greedy_mean,44.61463869820702,9.429833653887613,6.590600009076297
20,116,Attention:greedy_rollout,40.8822674196403,0.2751530363682811,6.900799984578043
20,116,PointerNet:batch_greedy_mean,51.65540689171049,26.69927961808034,9.742499969433993
20,116,PointerNet:greedy_rollout,50.51292352050871,23.897020787550613,9.323999984189868
20,116,POMO,40.882267419640286,0.27515303636824623,11.908399988897145
20,117,LKH,33.71425775525158,0.0,23.685700027272105
20,117,Attention:batch_greedy_mean,36.98767616242523,9.709299937542772,6.446100014727563
20,117,Attention:greedy_rollout,34.19041519811432,1.4123325695597522,6.5750000067055225
20,117,PointerNet:batch_greedy_mean,44.96357443841487,33.366644951307016,12.719299993477762
20,117,PointerNet:greedy_rollout,45.637557733678314,35.36574960357676,11.743800016120076
20,117,POMO,34.02849675900583,0.9320656145998186,12.207099993247539
20,118,LKH,41.0068165344593,0.0,54.131300013978034
20,118,Attention:batch_greedy_mean,48.40056826820034,18.03054311111384,5.695600004401058
20,118,Attention:greedy_rollout,44.49845754859711,8.51478195388242,6.328999996185303
20,118,PointerNet:batch_greedy_mean,45.42294784258046,10.769261506584288,10.303899995051324
20,118,PointerNet:greedy_rollout,45.93111811433929,12.008495162607787,11.327099986374378
20,118,POMO,41.63799075287654,1.5391934116291321,9.832300012931228
20,119,LKH,35.89115665427522,0.0,25.951299990992993
20,119,Attention:batch_greedy_mean,36.731189065677235,2.340499693263444,4.8127000336535275
20,119,Attention:greedy_rollout,36.731189065677235,2.340499693263444,6.0267000226303935
20,119,PointerNet:batch_greedy_mean,39.145102188264026,9.06614842573263,8.675999997649342
20,119,PointerNet:greedy_rollout,36.03901121269599,0.411952615082847,12.574699998367578
20,119,POMO,35.891156654275214,-1.9797153449371017e-14,14.357000007294118
20,120,LKH,29.040820985902045,0.0,23.26129999710247
20,120,Attention:batch_greedy_mean,29.70541286166011,2.2884748199119263,6.5525000100024045
20,120,Attention:greedy_rollout,31.266218813976383,7.6629990218068045,5.996999971102923
20,120,PointerNet:batch_greedy_mean,39.369385371359606,35.56567629569286,10.166299995034933
20,120,PointerNet:greedy_rollout,36.68854337713037,26.33438770529572,9.906500054057688
20,120,POMO,29.255743794372812,0.7400713932126857,11.208599957171828
20,121,LKH,34.43506472210119,0.0,23.79770000698045
20,121,Attention:batch_greedy_mean,34.97871659057699,1.5787740573836375,4.730199987534434
20,121,Attention:greedy_rollout,34.43506472210119,0.0,4.352500021923333
20,121,PointerNet:batch_greedy_mean,37.58545741445026,9.148792713977622,8.883300004526973
20,121,PointerNet:greedy_rollout,36.68098070078335,6.522177312013833,9.367700025904924
20,121,POMO,34.435064722101195,2.0634279084251527e-14,9.67479997780174
20,122,LKH,42.24729916385758,0.0,24.749799980781972
20,122,Attention:batch_greedy_mean,45.63601139676791,8.021133421493037,6.253899948205799
20,122,Attention:greedy_rollout,43.54787270740997,3.078477368477616,5.9089999995194376
20,122,PointerNet:batch_greedy_mean,43.83774149528047,3.7646012003141327,7.130299985874444
20,122,PointerNet:greedy_rollout,45.08272420885598,6.7114942283081875,8.623200003057718
20,122,POMO,42.896199809058906,1.5359577015433334,8.233900007326156
20,123,LKH,38.50979359934933,0.0,16.861799987964332
20,123,Attention:batch_greedy_mean,39.14328974421799,1.6450260717039058,4.362199979368597
20,123,Attention:greedy_rollout,39.470021586250084,2.4934643817903477,3.9311000145971775
20,123,PointerNet:batch_greedy_mean,41.36620702140986,7.417368817341043,10.053400008473545
20,123,PointerNet:greedy_rollout,39.873147583759845,3.540278607033488,8.086799993179739
20,123,POMO,38.50979359934934,1.8450961933280934e-14,11.326300038490444
20,124,LKH,37.57900776447732,0.0,32.36229997128248
20,124,Attention:batch_greedy_mean,39.15688338319278,4.19882192899993,5.7755999732762575
20,124,Attention:greedy_rollout,41.18697788072533,9.601025495033303,6.19620003271848
20,124,PointerNet:batch_greedy_mean,43.74583949825447,16.410310172176853,11.106299993116409
20,124,PointerNet:greedy_rollout,39.521023099859526,5.167819617680158,10.54309995379299
20,124,POMO,37.84567398351949,0.7096148485704459,10.665800014976412
20,125,LKH,39.365278584722894,0.0,16.657200001645833
20,125,Attention:batch_greedy_mean,44.55207234922997,13.176062639424565,4.67760005267337
20,125,Attention:greedy_rollout,41.3676754475475,5.086708223123577,4.90709999576211
20,125,PointerNet:batch_greedy_mean,48.28322369813508,22.654342694968545,7.202000007964671
20,125,PointerNet:greedy_rollout,45.3865580699195,15.295914830724408,8.123100036755204
20,125,POMO,39.36527858472289,-1.804998621388778e-14,8.936199999880046
20,126,LKH,35.165757809825415,0.0,19.037900026887655
20,126,Attention:batch_greedy_mean,35.22610555659408,0.1716094022344706,6.182200042530894
20,126,Attention:greedy_rollout,38.420602027622834,9.255720395389877,6.042400025762618
20,126,PointerNet:batch_greedy_mean,38.55580959107057,9.64020681589852,9.422600036486983
20,126,PointerNet:greedy_rollout,39.641670110238344,12.728041649545647,7.324900012463331
20,126,POMO,35.16575780982542,2.0205528901230516e-14,11.824499990325421
20,127,LKH,36.66923497969686,0.0,31.400099978782237
20,127,Attention:batch_greedy_mean,37.73621820978773,2.909750450702449,4.194499982986599
20,127,Attention:greedy_rollout,36.66923497969687,1.937708098228708e-14,5.167299997992814
20,127,PointerNet:batch_greedy_mean,41.429348917246706,12.981219652347372,8.567199984099716
20,127,PointerNet:greedy_rollout,44.555706478048826,21.507052172532568,7.471400022041053
20,127,POMO,37.06872821377022,1.089450691552616,9.440599998924881
20,128,LKH,39.96470804037739,0.0,18.938300025183707
20,128,Attention:batch_greedy_mean,46.83383370161291,17.187979089689495,4.449900006875396
20,128,Attention:greedy_rollout,45.46407700344176,13.760563338804364,4.929399990942329
20,128,PointerNet:batch_greedy_mean,49.39807198286288,23.604235849676964,10.78910002252087
20,128,PointerNet:greedy_rollout,50.44930077051296,26.234628611680876,10.71940001565963
20,128,POMO,40.077704119777344,0.28273965941598506,12.278700014576316
20,129,LKH,41.53139354973908,0.0,20.85049997549504
20,129,Attention:batch_greedy_mean,46.975075486218955,13.107390509206923,4.172599990852177
20,129,Attention:greedy_rollout,42.2643042003739,1.7647148048549544,4.101699974853545
20,129,PointerNet:batch_greedy_mean,41.86164313927632,0.7951806123281736,9.985099954064935
20,129,PointerNet:greedy_rollout,41.704520783784155,0.41685871637736915,10.333300044294447
20,129,POMO,45.188077760700835,8.8046268097949,12.121300038415939
20,130,LKH,40.06160011345177,0.0,21.724399994127452
20,130,Attention:batch_greedy_mean,42.54636504302156,6.2023606708995755,4.698399978224188
20,130,Attention:greedy_rollout,40.429478733416964,0.9182823924241394,4.020799999125302
20,130,PointerNet:batch_greedy_mean,43.67344347605591,9.015724165723892,9.505400026682764
20,130,PointerNet:greedy_rollout,52.66769831727822,31.466786569000817,10.086399968713522
20,130,POMO,41.269669476996654,3.015529484902538,11.475200008135289
20,131,LKH,37.11439413795327,0.0,19.898400001693517
20,131,Attention:batch_greedy_mean,41.23265045487433,11.096116244316443,5.143999995198101
20,131,Attention:greedy_rollout,38.292205430865444,3.173462265163968,4.181399999652058
20,131,PointerNet:batch_greedy_mean,43.19435217794006,16.381671265837564,7.412300037685782
20,131,PointerNet:greedy_rollout,41.227584656007934,11.082467095558773,7.412099977955222
20,131,POMO,37.437846669097674,0.8715015795277152,9.971699968446046
20,132,LKH,39.05970983143123,0.0,21.509099984541535
20,132,Attention:batch_greedy_mean,39.49951780189573,1.1259888318744955,6.368600006680936
20,132,Attention:greedy_rollout,40.370545049253806,3.355977869471405,4.477799986489117
20,132,PointerNet:batch_greedy_mean,39.974326286392355,2.341585380199466,8.963000029325485
20,132,PointerNet:greedy_rollout,41.6724775653426,6.6891631944712575,9.182700014207512
20,132,POMO,39.05970983143123,0.0,10.803999961353838
20,133,LKH,40.272801240371784,0.0,30.66930000204593
20,133,Attention:batch_greedy_mean,41.16939089408182,2.226290762240905,7.001100049819797
20,133,Attention:greedy_rollout,42.55356974139991,5.663297388764091,6.385899963788688
20,133,PointerNet:batch_greedy_mean,44.42433376918449,10.308526849259675,8.409400004893541
20,133,PointerNet:greedy_rollout,45.173885288128425,12.169712304103422,11.099700001068413
20,133,POMO,41.21541368762902,2.3405683692851826,9.614799986593425
20,134,LKH,39.97883392836252,0.0,22.326999984215945
20,134,Attention:batch_greedy_mean,41.57302738082517,3.9875936734904758,4.648200003430247
20,134,Attention:greedy_rollout,40.97225339787285,2.4848635437702415,4.120600002352148
20,134,PointerNet:batch_greedy_mean,44.676843112763244,11.751241151302755,9.83179995091632
20,134,PointerNet:greedy_rollout,46.5994407627659,16.56027998782243,7.805300003383309
20,134,POMO,39.978833928362526,1.7772972994492815e-14,12.84539996413514
20,135,LKH,33.15287344032723,0.0,30.784200003836304
20,135,Attention:batch_greedy_mean,36.455619214902015,9.962170490348269,7.1013999986462295
20,135,Attention:greedy_rollout,38.38660668878966,15.786665544640577,6.373200041707605
20,135,PointerNet:batch_greedy_mean,33.34814902919252,0.5890155772372944,7.062399992719293
20,135,PointerNet:greedy_rollout,34.396069730782656,3.7498900138870104,10.850500024389476
20,135,POMO,33.152873440327234,2.143231225610129e-14,12.03370001167059
20,136,LKH,41.62113559138381,0.0,17.113099980633706
20,136,Attention:batch_greedy_mean,45.75095922935198,9.922419413330712,4.584899987094104
20,136,Attention:greedy_rollout,41.621135591383805,-1.7071680665704686e-14,4.676099983043969
20,136,PointerNet:batch_greedy_mean,51.58850812684855,23.94786301200329,14.166700013447553
20,136,PointerNet:greedy_rollout,45.9960191034206,10.511206505721708,14.294699998572469
20,136,POMO,41.62113559138381,0.0,10.526999947614968
20,137,LKH,40.384656829221065,0.0,17.366499989293516
20,137,Attention:batch_greedy_mean,40.83213625242259,1.1080431488964553,5.822299979627132
20,137,Attention:greedy_rollout,46.25661950532784,14.540083133399337,4.86720004118979
20,137,PointerNet:batch_greedy_mean,45.753495189899006,13.294252773724747,9.10450000083074
20,137,PointerNet:greedy_rollout,43.77880699500531,8.404553690124084,8.70279996888712
20,137,POMO,41.335818587684486,2.355255270549161,11.950999964028597
20,138,LKH,40.964406305655736,0.0,31.097900005988777
20,138,Attention:batch_greedy_mean,42.79568194362417,4.470406880315503,6.24210003297776
20,138,Attention:greedy_rollout,47.20864527488493,15.243084258655754,6.893299985677004
20,138,PointerNet:batch_greedy_mean,49.90920918132989,21.83554866859915,10.241399984806776
20,138,PointerNet:greedy_rollout,46.243512240092954,12.88705588712111,10.96400001551956
20,138,POMO,40.964406305655736,0.0,11.992299987468868
20,139,LKH,35.33677689054895,0.0,19.4240000564605
20,139,Attention:batch_greedy_mean,37.247756394955566,5.407905509678,6.264200026635081
20,139,Attention:greedy_rollout,35.61445587332618,0.7858073293931314,6.5805999911390245
20,139,PointerNet:batch_greedy_mean,40.38203814143809,14.27764978825369,7.526899978984147
20,139,PointerNet:greedy_rollout,38.00514276778068,7.551242959980903,7.362600008491427
20,139,POMO,35.33677689054895,0.0,11.466900003142655
20,140,LKH,36.50834722226704,0.0,25.013200007379055
20,140,Attention:batch_greedy_mean,37.01357382268399,1.3838659891697338,4.504000011365861
20,140,Attention:greedy_rollout,36.926322169374906,1.1448750187544379,4.040000028908253
20,140,PointerNet:batch_greedy_mean,39.63913635086367,8.575543312152769,10.608000040519983
20,140,PointerNet:greedy_rollout,40.49390155055143,10.91683034572853,9.839800011832267
20,140,POMO,36.926322169374906,1.1448750187544379,11.547299975063652
20,141,LKH,40.50709845926377,0.0,24.72059999126941
20,141,Attention:batch_greedy_mean,44.809849823363976,10.622215680116643,6.177000002935529
20,141,Attention:greedy_rollout,44.319668028344836,9.412102357603318,4.696100018918514
20,141,PointerNet:batch_greedy_mean,47.016599190260536,16.070024708244866,7.742499990854412
20,141,PointerNet:greedy_rollout,46.333325145898435,14.383223948992164,6.998000026214868
20,141,POMO,41.22056806932783,1.7613446462514832,10.873099963646382
20,142,LKH,40.17647370029223,0.0,35.69039999274537
20,142,Attention:batch_greedy_mean,43.37739816717841,7.967161306301761,5.134299979545176
20,142,Attention:greedy_rollout,46.776392844852445,16.42732309907082,4.127599997445941
20,142,PointerNet:batch_greedy_mean,44.166873295050536,9.93217977397873,7.331100001465529
20,142,PointerNet:greedy_rollout,44.01861439127798,9.563160569161163,10.053200006950647
20,142,POMO,41.74585836250001,3.906227992817514,9.9476000177674
20,143,LKH,38.78963668166452,0.0,34.55809998558834
20,143,Attention:batch_greedy_mean,39.049627645812,0.6702588278440333,5.698599969036877
20,143,Attention:greedy_rollout,41.72759646038605,7.574084291720834,6.331700016744435
20,143,PointerNet:batch_greedy_mean,40.075357745622085,3.314599398053436,10.854399995878339
20,143,PointerNet:greedy_rollout,39.631088168892425,2.169268802730635,10.680300008971244
20,143,POMO,39.049627645812,0.6702588278440333,10.702200001105666
20,144,LKH,38.648546526331906,0.0,17.512899998109788
20,144,Attention:batch_greedy_mean,40.51157629955044,4.8204394231209235,4.251100006513298
20,144,Attention:greedy_rollout,42.002677103765684,8.678542607413588,5.042199976742268
20,144,PointerNet:batch_greedy_mean,38.79242522093787,0.3722745291545168,13.495000021066517
20,144,PointerNet:greedy_rollout,39.901185846364406,3.241103308190532,15.662699996028095
20,144,POMO,38.92752605940642,0.7218370628360855,16.31709997309372
20,145,LKH,37.36163528283962,0.0,29.478700016625226
20,145,Attention:batch_greedy_mean,39.70580085406351,6.274258483275159,9.716600005049258
20,145,Attention:greedy_rollout,38.08630366850212,1.9396056413926308,8.305400027893484
20,145,PointerNet:batch_greedy_mean,39.3605808653589,5.350262555122692,17.952100024558604
20,145,PointerNet:greedy_rollout,41.07205717446443,9.931101418703228,18.34359997883439
20,145,POMO,37.528694455386294,0.4471409543024023,14.504399965517223
20,146,LKH,39.01596634963473,0.0,25.76079999562353
20,146,Attention:batch_greedy_mean,39.459104436070376,1.1357865199711867,7.416599954012781
20,146,Attention:greedy_rollout,39.94947641105268,2.3926360122736976,7.955700042657554
20,146,PointerNet:batch_greedy_mean,41.52649114671613,6.434608781911935,15.797300031408668
20,146,PointerNet:greedy_rollout,41.52649114671613,6.434608781911935,14.64989996748045
20,146,POMO,39.211477093227955,0.5011044500120532,13.007399975322187
20,147,LKH,38.73663545789767,0.0,23.251799982972443
20,147,Attention:batch_greedy_mean,41.11890554288813,6.149914820505557,5.287299980409443
20,147,Attention:greedy_rollout,39.81394965398047,2.781124853380003,4.7771999961696565
20,147,PointerNet:batch_greedy_mean,41.38260470345275,6.830663567647603,7.459599990397692
20,147,PointerNet:greedy_rollout,39.670424676523595,2.410610027401188,10.096099984366447
20,147,POMO,40.97088484173568,5.767794124160288,10.276700020767748
20,148,LKH,36.0667055290322,0.0,21.831099991686642
20,148,Attention:batch_greedy_mean,39.7493208763169,10.210567594870428,4.747200000565499
20,148,Attention:greedy_rollout,36.0667055290322,0.0,5.843000020831823
20,148,PointerNet:batch_greedy_mean,40.658232378960825,12.730652225035188,10.39919996401295
20,148,PointerNet:greedy_rollout,42.44897118070071,17.695726732043916,10.107800015248358
20,148,POMO,36.066705529032205,1.9700793996505803e-14,9.857400029432029
20,149,LKH,40.86011378782664,0.0,15.41900000302121
20,149,Attention:batch_greedy_mean,41.896576834901644,2.536613217616134,6.648399983532727
20,149,Attention:greedy_rollout,40.86011378782664,0.0,6.400700018275529
20,149,PointerNet:batch_greedy_mean,44.8619042113997,9.793879782990961,7.819399994332343
20,149,PointerNet:greedy_rollout,43.50395718977669,6.470474888245967,10.171800036914647
20,149,POMO,40.935052447047696,0.18340296263046738,11.126599973067641
20,150,LKH,38.0888293299812,0.0,24.189800024032593
20,150,Attention:batch_greedy_mean,41.834190471313434,9.833227240681069,4.426500003319234
20,150,Attention:greedy_rollout,39.024345158948435,2.4561422480655035,4.807899997103959
20,150,PointerNet:batch_greedy_mean,47.086231563678055,23.62215482063831,7.567399996332824
20,150,PointerNet:greedy_rollout,46.92398677919094,23.196190601361543,6.632100034039468
20,150,POMO,39.12867334369337,2.730049812514631,11.586899985559285
20,151,LKH,32.64171760933809,0.0,21.43889997387305
20,151,Attention:batch_greedy_mean,32.641717609338095,2.1767933423847443e-14,6.973100011236966
20,151,Attention:greedy_rollout,35.55183292426355,8.915325320052833,8.260399976279587
20,151,PointerNet:batch_greedy_mean,38.546278422197446,18.089001576222792,7.657099980860949
20,151,PointerNet:greedy_rollout,35.196398558142036,7.826429293270737,7.448499964084476
20,151,POMO,32.641717609338095,2.1767933423847443e-14,8.58150003477931
20,152,LKH,36.262665695885346,0.0,25.762499950360507
20,152,Attention:batch_greedy_mean,40.45673545444896,11.565806534293223,4.775299981702119
20,152,Attention:greedy_rollout,37.15327508765319,2.4559953734148725,4.9774000071920455
20,152,PointerNet:batch_greedy_mean,45.71920119761745,26.077882914176165,7.677999965380877
20,152,PointerNet:greedy_rollout,42.4706170966076,17.119401681015013,8.663099957630038
20,152,POMO,36.262665695885346,0.0,10.730899986810982
20,153,LKH,35.65732073621998,0.0,38.57999999308959
20,153,Attention:batch_greedy_mean,37.58560980349391,5.407834990011499,4.300499975215644
20,153,Attention:greedy_rollout,40.43623929686579,13.402348976241182,3.9888000464998186
20,153,PointerNet:batch_greedy_mean,36.39521000246368,2.0693906637078463,6.681600003503263
20,153,PointerNet:greedy_rollout,36.2502241771226,1.6627818037387145,7.525300025008619
20,153,POMO,36.1973674412634,1.5145465051580687,8.416399999987334
20,154,LKH,33.942583540856596,0.0,17.40470004733652
20,154,Attention:batch_greedy_mean,33.942583540856596,0.0,4.394099989440292
20,154,Attention:greedy_rollout,34.78692125422507,2.4875469846075444,3.818799974396825
20,154,PointerNet:batch_greedy_mean,34.00448798475054,0.18237988224859136,7.090199971571565
20,154,PointerNet:greedy_rollout,34.59082529452415,1.90981854073444,7.593100017402321
20,154,POMO,33.94258354085659,-2.0933666846686017e-14,10.735100018791854
20,155,LKH,36.37783825002461,0.0,28.1787000130862
20,155,Attention:batch_greedy_mean,38.07765153046352,4.672661604452981,4.3258999940007925
20,155,Attention:greedy_rollout,37.40526587574912,2.8243229261260967,6.151100038550794
20,155,PointerNet:batch_greedy_mean,38.337269935424,5.386333492199916,9.062699973583221
20,155,PointerNet:greedy_rollout,38.021197785433,4.5174744142672685,8.471700013615191
20,155,POMO,36.99780545966188,1.704244230721583,10.067700000945479
20,156,LKH,41.79572085646121,0.0,20.523699990008026
20,156,Attention:batch_greedy_mean,42.102209311866865,0.7333010392576494,4.96930000372231
20,156,Attention:greedy_rollout,46.034844679683445,10.142482857947668,4.516699991654605
20,156,PointerNet:batch_greedy_mean,46.41437785752108,11.050549928117519,9.430300036910921
20,156,PointerNet:greedy_rollout,42.38598779046224,1.412266428011086,10.765599959995598
20,156,POMO,42.104554241399654,0.7389114928752397,10.824099997989833
20,157,LKH,34.94272516310528,0.0,15.349699999205768
20,157,Attention:batch_greedy_mean,37.42440046683877,7.102122951628849,4.4710999936796725
20,157,Attention:greedy_rollout,34.94272516310528,0.0,5.026300030294806
20,157,PointerNet:batch_greedy_mean,37.736412552930325,7.995047257432559,11.313900002278388
20,157,PointerNet:greedy_rollout,37.511876318578615,7.352463620055616,11.781600012909621
20,157,POMO,34.94272516310528,0.0,11.522199958562851
20,158,LKH,35.685142015729056,0.0,28.790300013497472
20,158,Attention:batch_greedy_mean,39.22276948605187,9.913446522823193,6.71909999800846
20,158,Attention:greedy_rollout,36.65389804561111,2.7147321690776787,7.567199994809926
20,158,PointerNet:batch_greedy_mean,45.47390692971973,27.430926041084692,13.979799987282604
20,158,PointerNet:greedy_rollout,42.330202753369136,18.621365538383213,13.680699979886413
20,158,POMO,38.28547880513315,7.286889283663037,14.095099992118776
20,159,LKH,41.07861077025672,0.0,26.98289998807013
20,159,Attention:batch_greedy_mean,43.006161333785,4.692346034554663,7.014899980276823
20,159,Attention:greedy_rollout,41.75612406202925,1.6493091637439041,6.805500015616417
20,159,PointerNet:batch_greedy_mean,42.41034573710144,3.2419182194179106,11.458199995104223
20,159,PointerNet:greedy_rollout,43.036452521155134,4.766085595854687,8.139100042171776
20,159,POMO,42.403661896356205,3.22564736551145,11.221499997191131
20,160,LKH,43.91523277885134,0.0,24.897899944335222
20,160,Attention:batch_greedy_mean,47.22194784817285,7.529767827882168,4.198500013444573
20,160,Attention:greedy_rollout,45.67242496262083,4.0013272675073175,5.429500015452504
20,160,PointerNet:batch_greedy_mean,48.320264162903094,10.030759500318815,9.464200004003942
20,160,PointerNet:greedy_rollout,47.05490834672618,7.149399807774312,11.907699983567
20,160,POMO,45.75001525364307,4.178009220698753,12.108900002203882
20,161,LKH,37.12539999271742,0.0,19.664499966893345
20,161,Attention:batch_greedy_mean,39.42970538414133,6.206816335651403,6.1083000036887825
20,161,Attention:greedy_rollout,39.359690595064215,6.018226343110319,5.2217000047676265
20,161,PointerNet:batch_greedy_mean,38.71102034726746,4.270985241535649,8.390699978917837
20,161,PointerNet:greedy_rollout,40.910448835457466,10.195307911786884,10.401700041256845
20,161,POMO,38.14765998223854,2.7535325941852364,10.57280000532046
20,162,LKH,35.73321738860347,0.0,33.53319998132065
20,162,Attention:batch_greedy_mean,37.99008397485605,6.31587847718512,6.182499986607581
20,162,Attention:greedy_rollout,38.65110608084023,8.165759776133036,5.635000008624047
20,162,PointerNet:batch_greedy_mean,42.44141151572124,18.772992239028667,9.788900031708181
20,162,PointerNet:greedy_rollout,39.21277005824446,9.737585708559047,9.98160004382953
20,162,POMO,36.49216010151075,2.12391373733206,11.174399987794459
20,163,LKH,32.991049585815865,0.0,25.446199986618012
20,163,Attention:batch_greedy_mean,33.48514294183221,1.4976587960050016,6.519000045955181
20,163,Attention:greedy_rollout,34.01887422460123,3.1154651085343557,6.504699995275587
20,163,PointerNet:batch_greedy_mean,33.4851429418322,1.49765879600498,9.980599978007376
20,163,PointerNet:greedy_rollout,33.4851429418322,1.49765879600498,8.317500003613532
20,163,POMO,33.17573973545523,0.5598189568323739,6.775799964088947
20,164,LKH,41.074981327564814,0.0,16.72559999860823
20,164,Attention:batch_greedy_mean,42.300917821428456,2.9846306784342578,5.727199953980744
20,164,Attention:greedy_rollout,43.72447220997795,6.450376352660929,4.195199988316745
20,164,PointerNet:batch_greedy_mean,48.371540211171094,17.76399805374876,7.602600031532347
20,164,PointerNet:greedy_rollout,43.988784853480425,7.093864517377639,10.151800001040101
20,164,POMO,42.16744627043171,2.6596845757633005,10.010999976657331
20,165,LKH,36.9970493076425,0.0,25.054799974896014
20,165,Attention:batch_greedy_mean,38.19203118224712,3.2299383247241122,5.605900019872934
20,165,Attention:greedy_rollout,37.07258679313052,0.2041716485547305,6.181699980515987
20,165,PointerNet:batch_greedy_mean,45.65520182464898,23.402278503377723,8.832700026687235
20,165,PointerNet:greedy_rollout,37.77902784393823,2.1136240617280744,8.210700005292892
20,165,POMO,37.625886385221584,1.6996952171782684,12.25879997946322
20,166,LKH,41.41585693037532,0.0,38.198099995497614
20,166,Attention:batch_greedy_mean,44.340922197552736,7.062669914315133,6.652100011706352
20,166,Attention:greedy_rollout,43.62224170985072,5.327391349609352,6.658800004515797
20,166,PointerNet:batch_greedy_mean,41.963159004049224,1.3214795352272448,9.194599988404661
20,166,PointerNet:greedy_rollout,42.74412173537808,3.20714070274031,11.487099982332438
20,166,POMO,42.192558749192834,1.8753730488378806,14.981699991039932
20,167,LKH,37.48278086008811,0.0,22.26990001508966
20,167,Attention:batch_greedy_mean,37.97685244820223,1.3181294898004958,6.618799990974367
20,167,Attention:greedy_rollout,37.81900645475275,0.897013473785919,5.317900038789958
20,167,PointerNet:batch_greedy_mean,45.01445843334164,20.093700094896906,7.595799979753792
20,167,PointerNet:greedy_rollout,42.73056756217869,14.000526592941384,10.604299954138696
20,167,POMO,38.1273325353292,1.7195940654643689,12.727199995424598
20,168,LKH,43.03177150264996,0.0,38.81759999785572
20,168,Attention:batch_greedy_mean,44.211739035869826,2.742084492494579,7.188500021584332
20,168,Attention:greedy_rollout,44.308000423092594,2.9657828991865736,6.988199951592833
20,168,PointerNet:batch_greedy_mean,43.98434388975861,2.2136490175636667,10.797400027513504
20,168,PointerNet:greedy_rollout,44.0043724899374,2.2601927676334417,9.083100012503564
20,168,POMO,43.03177150264996,0.0,10.247000027447939
20,169,LKH,38.349608529715844,0.0,25.92240000376478
20,169,Attention:batch_greedy_mean,38.40134372892301,0.13490411295092464,6.291700003203005
20,169,Attention:greedy_rollout,38.49504162955155,0.37922968554689473,4.628800030332059
20,169,PointerNet:batch_greedy_mean,39.934555858717,4.132890503362061,7.6905000023543835
20,169,PointerNet:greedy_rollout,42.83795469123874,11.703760047628718,12.07060000160709
20,169,POMO,38.906096712027896,1.45109221096963,10.525799996685237
20,170,LKH,44.2937585169125,0.0,23.51450000423938
20,170,Attention:batch_greedy_mean,44.61006443474106,0.7141094556421335,6.878199987113476
20,170,Attention:greedy_rollout,46.49379265486864,4.966916810900377,6.265999982133508
20,170,PointerNet:batch_greedy_mean,49.38811266465335,11.5012911938726,9.675400040578097
20,170,PointerNet:greedy_rollout,47.605693181809166,7.477203957826442,9.219500003382564
20,170,POMO,46.27492820655333,4.47279652026903,12.171900016255677
20,171,LKH,42.27882206000302,0.0,22.146100003737956
20,171,Attention:batch_greedy_mean,47.44212265725069,12.212498706609662,4.252699960488826
20,171,Attention:greedy_rollout,44.43147057803158,5.091552728156595,5.3727999911643565
20,171,PointerNet:batch_greedy_mean,44.23396933724846,4.624412843079332,9.386699995957315
20,171,PointerNet:greedy_rollout,44.91244077150633,6.229167661685609,7.839100027922541
20,171,POMO,42.59973638800984,0.7590427366953747,9.245799970813096
20,172,LKH,37.18979082267226,0.0,22.201299958396703
20,172,Attention:batch_greedy_mean,43.01341403088275,15.659198611733514,6.411099981050938
20,172,Attention:greedy_rollout,39.01941120261262,4.91968451413005,6.209000013768673
20,172,PointerNet:batch_greedy_mean,45.04096617186237,21.111103815092584,8.052000019233674
20,172,PointerNet:greedy_rollout,42.762873759599195,14.985518373847325,9.96090000262484
20,172,POMO,38.01010582162119,2.205753194096581,12.806600017938763
20,173,LKH,33.12719507957516,0.0,23.23140000225976
20,173,Attention:batch_greedy_mean,33.40329552279232,0.8334555417503254,4.903499968349934
20,173,Attention:greedy_rollout,34.12394361546911,3.0088527975267767,4.1800999897532165
20,173,PointerNet:batch_greedy_mean,35.972375120283765,8.588653623930945,10.632799996528774
20,173,PointerNet:greedy_rollout,37.39832137852064,12.893111803416401,9.3149000313133
20,173,POMO,33.224831318653436,0.2947313795923374,8.040199987590313
20,174,LKH,43.142120751275776,0.0,15.523000038228929
20,174,Attention:batch_greedy_mean,44.11490986126056,2.254847682600337,4.32780000846833
20,174,Attention:greedy_rollout,45.14472600174834,4.641879480190696,4.146900027990341
20,174,PointerNet:batch_greedy_mean,49.60457467279079,14.979453510810337,9.844200045336038
20,174,PointerNet:greedy_rollout,51.60241775614729,19.61029466689194,8.08669999241829
20,174,POMO,43.14212075127577,-1.6469814728314865e-14,12.494999973569065
20,175,LKH,36.842130235465326,0.0,24.24489997792989
20,175,Attention:batch_greedy_mean,41.75052511416784,13.322777068893672,6.007499992847443
20,175,Attention:greedy_rollout,38.72423962757935,5.108579173042091,4.11300000268966
20,175,PointerNet:batch_greedy_mean,41.93117807739228,13.81312049385268,7.7325000311248
20,175,PointerNet:greedy_rollout,39.158536297486705,6.2873836209165175,9.706699987873435
20,175,POMO,38.43064188137688,4.311671544937985,12.20260001718998
20,176,LKH,38.421720029121204,0.0,27.187200030311942
20,176,Attention:batch_greedy_mean,38.47663766919112,0.1429338406200781,4.85530000878498
20,176,Attention:greedy_rollout,40.322306380234444,4.946645672480872,5.237600009422749
20,176,PointerNet:batch_greedy_mean,42.074200983579324,9.50629214852894,9.361300035379827
20,176,PointerNet:greedy_rollout,41.67262356980889,8.461108816116798,10.353599966038018
20,176,POMO,38.421720029121204,0.0,10.886600008234382
20,177,LKH,39.01585720216429,0.0,32.73560001980513
20,177,Attention:batch_greedy_mean,42.82128487207898,9.753541105598444,5.17820002278313
20,177,Attention:greedy_rollout,43.8893515737213,12.491060612367285,6.292100006248802
20,177,PointerNet:batch_greedy_mean,42.61268972200612,9.218899129152804,9.47190000442788
20,177,PointerNet:greedy_rollout,39.04063178155599,0.06349874427549922,11.844799970276654
20,177,POMO,39.77356011359382,1.9420383550806477,12.483800004702061
20,178,LKH,40.26060866189883,0.0,24.86119995592162
20,178,Attention:batch_greedy_mean,40.56799193720355,0.7634839251588839,7.084399985615164
20,178,Attention:greedy_rollout,44.01652578710438,9.329012277849671,6.114099989645183
20,178,PointerNet:batch_greedy_mean,42.40389676667938,5.323536270351725,10.15640003606677
20,178,PointerNet:greedy_rollout,42.40389676667938,5.323536270351725,10.772999958135188
20,178,POMO,40.26060866189883,0.0,10.952600045129657
20,179,LKH,38.8299841131363,0.0,28.467099997214973
20,179,Attention:batch_greedy_mean,39.23158105083481,1.0342444038308338,6.193399953190237
20,179,Attention:greedy_rollout,38.829984113136305,1.8298816030669492e-14,4.941799968946725
20,179,PointerNet:batch_greedy_mean,43.71027623558187,12.568359822724103,11.392600019462407
20,179,PointerNet:greedy_rollout,42.81406795618493,10.260328285070822,11.776699975598603
20,179,POMO,39.91906493209713,2.8047418607940955,14.316899992991239
20,180,LKH,41.00516021379903,0.0,32.265700050629675
20,180,Attention:batch_greedy_mean,43.30088130849877,5.5986151077814394,5.368600017391145
20,180,Attention:greedy_rollout,45.413341407972766,10.750308427499565,5.827300017699599
20,180,PointerNet:batch_greedy_mean,47.49976856643454,15.838514759539821,12.439300015103072
20,180,PointerNet:greedy_rollout,45.37584857721767,10.658874006661765,13.090399967040867
20,180,POMO,41.00516021379903,0.0,12.514400004874915
20,181,LKH,37.779881291195814,0.0,27.1103999693878
20,181,Attention:batch_greedy_mean,39.96737565694678,5.790103862133458,6.308299954980612
20,181,Attention:greedy_rollout,39.84961201533573,5.478393931910643,5.859200027771294
20,181,PointerNet:batch_greedy_mean,45.410298255581736,20.19703795671827,6.341200030874461
20,181,PointerNet:greedy_rollout,40.81241405356346,8.026845661567346,22.4313999642618
20,181,POMO,38.74334041593931,2.5501909794724993,20.56630002334714
20,182,LKH,39.600291375880396,0.0,37.280699994880706
20,182,Attention:batch_greedy_mean,45.07860576434208,13.834025453152082,10.859200032427907
20,182,Attention:greedy_rollout,45.66924446377733,15.325526345983889,8.353999990504235
20,182,PointerNet:batch_greedy_mean,45.78370542930723,15.614567061476242,21.74860000377521
20,182,PointerNet:greedy_rollout,44.28450148363618,11.828726367929766,20.609600003808737
20,182,POMO,40.35492153485567,1.9056176930932933,18.08900001924485
20,183,LKH,39.61748311703154,0.0,28.225400019437075
20,183,Attention:batch_greedy_mean,40.6345544038622,2.567228422427012,10.157599986996502
20,183,Attention:greedy_rollout,41.73804081858451,5.352580564718766,9.344300022348762
20,183,PointerNet:batch_greedy_mean,49.3878418707705,24.661735135664607,19.78689996758476
20,183,PointerNet:greedy_rollout,47.627818111205094,20.219192043347938,19.08599998569116
20,183,POMO,40.63455440386219,2.567228422426994,20.313400018494576
20,184,LKH,36.99766184601009,0.0,23.277900007087737
20,184,Attention:batch_greedy_mean,37.77397639755953,2.0982800339669563,8.942000044044107
20,184,Attention:greedy_rollout,37.24987789461947,0.6817080756593362,8.029700024053454
20,184,PointerNet:batch_greedy_mean,42.22628341542985,14.132302714647423,14.022600022144616
20,184,PointerNet:greedy_rollout,39.302146576632055,6.228730724156521,11.081799981184304
20,184,POMO,37.70130646558566,1.901862400127463,13.472800026647747
20,185,LKH,39.01744496419333,0.0,31.084699963685125
20,185,Attention:batch_greedy_mean,40.471622603568214,3.7269935043399065,7.781099993735552
20,185,Attention:greedy_rollout,42.34116296917443,8.518543456731477,6.574999948497862
20,185,PointerNet:batch_greedy_mean,41.64489097714021,6.734028882101603,14.365400013048202
20,185,PointerNet:greedy_rollout,40.88850543221502,4.795445908205364,13.074200018309057
20,185,POMO,39.65631961975922,1.6374077189118708,13.113600027281791
20,186,LKH,41.50014230921305,0.0,36.76940000150353
20,186,Attention:batch_greedy_mean,43.77354809487113,5.478067445454007,6.401900027412921
20,186,Attention:greedy_rollout,42.86054930860038,3.2780779141697685,5.942999967373908
20,186,PointerNet:batch_greedy_mean,48.347766514276096,16.50024270770482,7.794799981638789
20,186,PointerNet:greedy_rollout,45.82564022860933,10.422850811371848,8.225099998526275
20,186,POMO,42.33085009577653,2.0016986456913166,10.25430002482608
20,187,LKH,40.29430119996305,0.0,38.21069997502491
20,187,Attention:batch_greedy_mean,44.509432731271865,10.460862717015376,6.401900027412921
20,187,Attention:greedy_rollout,45.55158290983601,13.047209042746166,6.047300004865974
20,187,PointerNet:batch_greedy_mean,46.20710308720594,14.674040028390683,10.07349998690188
20,187,PointerNet:greedy_rollout,45.75542374615208,13.553089105796525,10.2511000004597
20,187,POMO,40.752492235611456,1.137111258921211,11.350799992214888
20,188,LKH,34.13342457838989,0.0,22.53959997324273
20,188,Attention:batch_greedy_mean,35.14837507628941,2.9734798381235144,4.878100007772446
20,188,Attention:greedy_rollout,38.366731869838624,12.402234301825278,4.437499970663339
20,188,PointerNet:batch_greedy_mean,36.93587978559217,8.210296042127963,7.592300011310726
20,188,PointerNet:greedy_rollout,40.18753417769763,17.736601803326334,11.570999980904162
20,188,POMO,34.28247188757384,0.4366608713451856,12.384300003759563
20,189,LKH,38.681123705682815,0.0,18.397699983324856
20,189,Attention:batch_greedy_mean,41.821048282947295,8.117459568019687,4.300499975215644
20,189,Attention:greedy_rollout,43.17739635957432,11.623945281690292,4.042399988975376
20,189,PointerNet:batch_greedy_mean,46.93017592251182,21.325782259053405,8.082900021690875
20,189,PointerNet:greedy_rollout,47.7382863822249,23.41494198942172,7.953500025905669
20,189,POMO,40.29300749231993,4.167106930247495,9.689099970273674
20,190,LKH,36.67385490008566,0.0,20.11889999266714
20,190,Attention:batch_greedy_mean,36.67385490008566,0.0,8.25860002078116
20,190,Attention:greedy_rollout,37.07194529621362,1.0854882782639586,7.132700004149228
20,190,PointerNet:batch_greedy_mean,40.64262286920011,10.821791109571038,13.9121999964118
20,190,PointerNet:greedy_rollout,39.08440707087932,6.572944615069725,13.78790003946051
20,190,POMO,36.673854900085665,1.9374639990693768e-14,13.109599996823817
20,191,LKH,36.419892842200156,0.0,40.273599966894835
20,191,Attention:batch_greedy_mean,38.22194968635597,4.948001500069625,6.3859999645501375
20,191,Attention:greedy_rollout,42.57686901549813,16.905530721836218,7.796699996106327
20,191,PointerNet:batch_greedy_mean,41.56353426304035,14.123164620847536,10.9148999908939
20,191,PointerNet:greedy_rollout,40.409705816511746,10.955037653731225,11.920800025109202
20,191,POMO,37.57445050919225,3.170129225790302,9.372000000439584
20,192,LKH,35.59898539232137,0.0,17.550599994137883
20,192,Attention:batch_greedy_mean,38.29009230022598,7.559504514656977,5.076900008134544
20,192,Attention:greedy_rollout,37.35640907468808,4.936724075135541,4.399200028274208
20,192,PointerNet:batch_greedy_mean,37.88327593554699,6.416729347905347,11.222300003282726
20,192,PointerNet:greedy_rollout,37.79160717972701,6.159225503877946,10.566000011749566
20,192,POMO,35.59898539232137,0.0,11.603699997067451
20,193,LKH,33.37154012756504,0.0,16.747799993027
20,193,Attention:batch_greedy_mean,33.57900262040035,0.6216749123422888,5.226000037509948
20,193,Attention:greedy_rollout,34.16050779625459,2.3641931588223595,3.958999994210899
20,193,PointerNet:batch_greedy_mean,37.05820498307199,11.04733207222206,7.41540000308305
20,193,PointerNet:greedy_rollout,35.771157998999556,7.19061170764612,10.164299979805946
20,193,POMO,33.57900262040035,0.6216749123422888,11.108700011391193
20,194,LKH,34.74470531118027,0.0,28.522100008558482
20,194,Attention:batch_greedy_mean,34.744705311180276,2.0450388898001658e-14,4.4704999891109765
20,194,Attention:greedy_rollout,39.389247427343555,13.367625583713757,4.072100040502846
20,194,PointerNet:batch_greedy_mean,41.95731175001963,20.758864909752052,17.942800011951476
20,194,PointerNet:greedy_rollout,39.885602369216265,14.796202794046264,19.073600007686764
20,194,POMO,34.82619819903139,0.2345476443712895,14.731999952346087
20,195,LKH,38.34066233739643,0.0,21.42819995060563
20,195,Attention:batch_greedy_mean,42.36600694351419,10.498891674574834,5.704000010155141
20,195,Attention:greedy_rollout,38.34066233739643,0.0,4.278100037481636
20,195,PointerNet:batch_greedy_mean,44.97287271768893,17.29811113310795,7.39480002084747
20,195,PointerNet:greedy_rollout,42.12261216611614,9.864070149437405,10.868699988350272
20,195,POMO,38.34066233739643,0.0,12.296499975491315
20,196,LKH,44.01127274289126,0.0,25.356800004374236
20,196,Attention:batch_greedy_mean,45.97273958255626,4.456737370726954,9.767300041858107
20,196,Attention:greedy_rollout,44.96093998083705,2.1577818107956905,6.0053999768570065
20,196,PointerNet:batch_greedy_mean,46.610572739240915,5.905986885529227,14.394300000276417
20,196,PointerNet:greedy_rollout,47.402256283684544,7.704806813024967,11.309300025459379
20,196,POMO,44.707009411786515,1.5808146993604804,11.67360000545159
20,197,LKH,36.393246604744164,0.0,24.0761999739334
20,197,Attention:batch_greedy_mean,37.6515443840888,3.45750351160099,5.970300000626594
20,197,Attention:greedy_rollout,37.44904653361934,2.901087502145363,7.05239997478202
20,197,PointerNet:batch_greedy_mean,45.670840806020806,25.492625876547187,10.414800024591386
20,197,PointerNet:greedy_rollout,44.399796829056655,22.000098840505125,10.388499998953193
20,197,POMO,36.40724800070757,0.038472511440019376,12.46779999928549
20,198,LKH,42.408804952578926,0.0,27.102600026410073
20,198,Attention:batch_greedy_mean,45.615562210146436,7.5615364808163585,6.80960004683584
20,198,Attention:greedy_rollout,44.16823463662683,4.148736768261396,5.274299997836351
20,198,PointerNet:batch_greedy_mean,46.31155001571814,9.202676348704525,11.697999958414584
20,198,PointerNet:greedy_rollout,49.33695664439964,16.33658788444452,9.973100037313998
20,198,POMO,43.08072370742338,1.584385024750845,12.307099997997284
20,199,LKH,43.761141368623775,0.0,34.332499955780804
20,199,Attention:batch_greedy_mean,52.56024877705246,20.107125027450813,5.406900017987937
20,199,Attention:greedy_rollout,45.56424224187558,4.120324143429699,7.740299974102527
20,199,PointerNet:batch_greedy_mean,59.71874816570991,36.4652435882935,16.95409999229014
20,199,PointerNet:greedy_rollout,53.411405708288136,22.05213126955479,14.416599995456636
20,199,POMO,44.867635989467196,2.5284866578840295,13.202200003433973
20,200,LKH,37.68332308581735,0.0,19.167999969795346
20,200,Attention:batch_greedy_mean,38.47922112458847,2.1120696732573148,6.568099954165518
20,200,Attention:greedy_rollout,39.88707186890301,5.84807443352858,6.984200037550181
20,200,PointerNet:batch_greedy_mean,40.1047449170222,6.425712046919209,11.068299994803965
20,200,PointerNet:greedy_rollout,41.80667267980027,10.942107161283776,11.213199992198497
20,200,POMO,37.99616168703253,0.8301778495032058,12.347200012300164
20,201,LKH,39.93224081824428,0.0,23.78689998295158
20,201,Attention:batch_greedy_mean,41.266327934779675,3.3408771689212946,7.208099996205419
20,201,Attention:greedy_rollout,41.93551356514419,5.016680020582898,6.168200052343309
20,201,PointerNet:batch_greedy_mean,40.52687161090206,1.4890994857120718,11.189599987119436
20,201,PointerNet:greedy_rollout,41.558479194471865,4.072494663221068,9.391200030222535
20,201,POMO,40.273344303076485,0.8542057190949313,10.624999995343387
20,202,LKH,41.78591445385196,0.0,21.70979999937117
20,202,Attention:batch_greedy_mean,47.1465001961256,12.828690749831098,5.316800030414015
20,202,Attention:greedy_rollout,46.34122938555048,10.901556161297782,5.927400023210794
20,202,PointerNet:batch_greedy_mean,49.276772678465534,17.92675432025407,9.393899992574006
20,202,PointerNet:greedy_rollout,49.276772678465534,17.92675432025407,11.171000020112842
20,202,POMO,42.91343404037795,2.698324546112819,11.169600009452552
20,203,LKH,40.33396287558466,0.0,28.001700004097074
20,203,Attention:batch_greedy_mean,42.32122400030163,4.927016794374849,6.5116999903693795
20,203,Attention:greedy_rollout,42.26651175733823,4.791368722470357,6.255500018596649
20,203,PointerNet:batch_greedy_mean,42.34337493268944,4.981935604252611,10.224000026937574
20,203,PointerNet:greedy_rollout,46.692464889933134,15.764634965232894,10.098300001118332
20,203,POMO,40.33396287558466,0.0,9.841800027061254
20,204,LKH,36.37841274648841,0.0,19.838100008200854
20,204,Attention:batch_greedy_mean,41.256729738635165,13.409922599269148,5.930399987846613
20,204,Attention:greedy_rollout,37.615552410324696,3.4007521781051557,5.0243999576196074
20,204,PointerNet:batch_greedy_mean,43.90651822007712,20.69388108285564,8.357799961231649
20,204,PointerNet:greedy_rollout,41.82797823411792,14.98021787153305,10.291700018569827
20,204,POMO,36.378412746488415,1.9531988399595265e-14,10.015400010161102
20,205,LKH,39.5118774177378,0.0,28.45719998003915
20,205,Attention:batch_greedy_mean,42.2047124580545,6.815254592554049,5.453599966131151
20,205,Attention:greedy_rollout,41.75759010662525,5.683639542471598,4.415800038259476
20,205,PointerNet:batch_greedy_mean,42.9687691314528,8.748993820686241,6.923399982042611
20,205,PointerNet:greedy_rollout,46.72076887075161,18.24487198317125,8.334400015883148
20,205,POMO,40.735824981864766,3.0976699770219165,8.85109999217093
20,206,LKH,36.946397069073456,0.0,34.58930004853755
20,206,Attention:batch_greedy_mean,39.511019981949566,6.941469578431146,5.143999995198101
20,206,Attention:greedy_rollout,37.28060226360635,0.9045677550319065,4.1943000396713614
20,206,PointerNet:batch_greedy_mean,44.733613889603156,21.077066881436483,8.601900015491992
20,206,PointerNet:greedy_rollout,42.29302626330936,14.471314169660618,8.232499996665865
20,206,POMO,37.29555527990859,0.945039945795969,12.17150001320988
20,207,LKH,37.05407135732793,0.0,18.846199964173138
20,207,Attention:batch_greedy_mean,37.68705721230159,1.7082761267163158,6.452500005252659
20,207,Attention:greedy_rollout,38.22013926665116,3.146935995449328,6.688599998597056
20,207,PointerNet:batch_greedy_mean,40.498877459879814,9.296700676511843,12.044600036460906
20,207,PointerNet:greedy_rollout,38.43903049372673,3.7376706139605127,13.304399966727942
20,207,POMO,37.20730450732644,0.4135393072486473,12.25430000340566
20,208,LKH,31.657071913510528,0.0,28.118800022639334
20,208,Attention:batch_greedy_mean,31.773584369798858,0.3680455874335145,6.789600010961294
20,208,Attention:greedy_rollout,32.25503568229501,1.8888789538658624,4.475299967452884
20,208,PointerNet:batch_greedy_mean,39.41133792336989,24.494577486650044,12.391099997330457
20,208,PointerNet:greedy_rollout,32.96302227659665,4.125303713034711,11.70170004479587
20,208,POMO,31.65707191351052,-2.244499231329277e-14,11.89879997400567
20,209,LKH,39.265227473322334,0.0,28.919000003952533
20,209,Attention:batch_greedy_mean,39.859614763944855,1.5137752379668774,5.677099979948252
20,209,Attention:greedy_rollout,42.58276265159321,8.449041026248683,6.903900008182973
20,209,PointerNet:batch_greedy_mean,45.834402032100925,16.730259778176084,11.690700019244105
20,209,PointerNet:greedy_rollout,45.21478258897464,15.152223732040184,10.816199996042997
20,209,POMO,39.91820635558111,1.662995286866547,11.353699956089258
20,210,LKH,39.15540389685332,0.0,23.29689997714013
20,210,Attention:batch_greedy_mean,39.688626313153584,1.3618105375823077,7.241199957206845
20,210,Attention:greedy_rollout,44.993524899753304,14.910128416193288,6.196700036525726
20,210,PointerNet:batch_greedy_mean,43.984783990237986,12.333878884525493,12.007499986793846
20,210,PointerNet:greedy_rollout,41.8282897897537,6.826352500261601,11.61139999749139
20,210,POMO,40.739709223934256,4.046198402791228,9.68529999954626
20,211,LKH,39.65469868351717,0.0,22.845300030894578
20,211,Attention:batch_greedy_mean,39.95668280446088,0.7615342720262228,4.175799957010895
20,211,Attention:greedy_rollout,39.65469868351717,0.0,4.129900014959276
20,211,PointerNet:batch_greedy_mean,47.69099295796196,20.265679834266777,6.562299968209118
20,211,PointerNet:greedy_rollout,42.38809773674818,6.8930016970906225,7.035099959466606
20,211,POMO,39.95668280446088,0.7615342720262228,8.059399959165603
20,212,LKH,36.48366106118388,0.0,38.21339999558404
20,212,Attention:batch_greedy_mean,41.68134213712259,14.246599504424976,4.147599975112826
20,212,Attention:greedy_rollout,36.79884583388256,0.8639066462384548,4.396299947984517
20,212,PointerNet:batch_greedy_mean,44.08432144944188,20.833052843878605,10.398800019174814
20,212,PointerNet:greedy_rollout,43.36703979297529,18.867017540393867,10.413800016976893
20,212,POMO,38.164530311075396,4.607183602195683,10.947599948849529
20,213,LKH,35.1192352635554,0.0,29.320500034373254
20,213,Attention:batch_greedy_mean,37.990140431213916,8.174737137963147,4.633299948181957
20,213,Attention:greedy_rollout,35.19832755509868,0.2252107454781427,4.22989996150136
20,213,PointerNet:batch_greedy_mean,38.45934250162467,9.51076301349712,11.047999956645072
20,213,PointerNet:greedy_rollout,40.041988334702154,14.01725588328879,10.363300039898604
20,213,POMO,35.1192352635554,0.0,10.622300032991916
20,214,LKH,36.33574838287335,0.0,24.3796999566257
20,214,Attention:batch_greedy_mean,36.33574838287335,0.0,4.9217999912798405
20,214,Attention:greedy_rollout,36.42641473742919,0.24952383971972386,4.124400031287223
20,214,PointerNet:batch_greedy_mean,41.54331807303847,14.331807990556433,8.800300012808293
20,214,PointerNet:greedy_rollout,38.31050551918208,5.434750140551729,10.140299971681088
20,214,POMO,36.33574838287335,0.0,10.241600044537336
20,215,LKH,40.13613194343373,0.0,25.857999979052693
20,215,Attention:batch_greedy_mean,42.71105011120249,6.415461687732502,4.38839994603768
20,215,Attention:greedy_rollout,40.28748495263956,0.37709914203774897,3.985899966210127
20,215,PointerNet:batch_greedy_mean,44.97064305436954,12.045284079067148,9.961300005670637
20,215,PointerNet:greedy_rollout,45.49546230873351,13.352882068588482,9.341099997982383
20,215,POMO,40.27126587545058,0.3366889769230916,12.676900019869208
20,216,LKH,36.67123141437764,0.0,35.11380002601072
20,216,Attention:batch_greedy_mean,38.49403705269371,4.970669290372975,7.112800027243793
20,216,Attention:greedy_rollout,37.10704997482673,1.1884481203383368,5.95009996322915
20,216,PointerNet:batch_greedy_mean,41.07512813814515,12.009132374106441,12.515400012489408
20,216,PointerNet:greedy_rollout,37.699509730777365,2.804046323889119,11.130600003525615
20,216,POMO,36.86704448352522,0.5339691676424339,11.152999999467283
20,217,LKH,34.228002329230875,0.0,19.184199976734817
20,217,Attention:batch_greedy_mean,38.271504263993705,11.813432451795938,4.892700002528727
20,217,Attention:greedy_rollout,35.7673069004392,4.497208327854276,6.5026999800466
20,217,PointerNet:batch_greedy_mean,37.3209142384624,9.03620339709444,11.675400019157678
20,217,PointerNet:greedy_rollout,38.83554496000441,13.461324988980364,11.677399976179004
20,217,POMO,34.228002329230875,0.0,13.617100019473583
20,218,LKH,33.47545855640135,0.0,26.905700040515512
20,218,Attention:batch_greedy_mean,35.05335810980341,4.713601012346187,6.154800008516759
20,218,Attention:greedy_rollout,33.545132295753085,0.20813378623132225,7.497999991755933
20,218,PointerNet:batch_greedy_mean,41.01269972041029,22.515721931963288,9.779500018339604
20,218,PointerNet:greedy_rollout,34.86666028894417,4.155885512961212,10.564700001850724
20,218,POMO,33.516581500747286,0.12284505162685061,10.80839999485761
20,219,LKH,41.018496738261256,0.0,15.54639998357743
20,219,Attention:batch_greedy_mean,42.33105284610666,3.199912752095266,6.677400029730052
20,219,Attention:greedy_rollout,41.041670907703036,0.05649687649368247,6.019399967044592
20,219,PointerNet:batch_greedy_mean,49.64935639231464,21.041384595654094,10.917200008407235
20,219,PointerNet:greedy_rollout,43.284176744809066,5.5235568992328,9.78020002366975
20,219,POMO,41.01849673826125,-1.7322495758293348e-14,8.610900025814772
20,220,LKH,43.925320167263905,0.0,15.640099998563528
20,220,Attention:batch_greedy_mean,47.60827136260711,8.384574503541103,4.282000008970499
20,220,Attention:greedy_rollout,44.616666510333225,1.5739130424928753,3.916500019840896
20,220,PointerNet:batch_greedy_mean,45.80816843156185,4.286475903028643,10.403600055724382
20,220,PointerNet:greedy_rollout,45.80816843156185,4.286475903028643,9.917299961671233
20,220,POMO,44.4822641490476,1.2679338014222798,10.825000004842877
20,221,LKH,34.63117046314196,0.0,17.766300006769598
20,221,Attention:batch_greedy_mean,36.85785236431772,6.429704429267333,4.599100037012249
20,221,Attention:greedy_rollout,39.145590337663386,13.035712666212454,4.134999995585531
20,221,PointerNet:batch_greedy_mean,43.69914834532803,26.184439511904845,6.895200000144541
20,221,PointerNet:greedy_rollout,42.5915958255174,22.986301808215632,9.947699960321188
20,221,POMO,34.75010398231746,0.3434291061634213,11.188200034666806
20,222,LKH,37.89885866488872,0.0,28.54309999383986
20,222,Attention:batch_greedy_mean,39.690560812083795,4.727588667082979,5.073299980722368
20,222,Attention:greedy_rollout,38.49120778491266,1.5629735060404857,3.8503000396303833
20,222,PointerNet:batch_greedy_mean,39.705648039023465,4.767397852560238,7.825399981811643
20,222,PointerNet:greedy_rollout,39.63605221333671,4.5837621755544005,7.611200038809329
20,222,POMO,38.49120778491266,1.5629735060404857,10.54599997587502
20,223,LKH,40.709745194829196,0.0,19.184900040272623
20,223,Attention:batch_greedy_mean,43.0579378899649,5.768134101301032,4.0760000119917095
20,223,Attention:greedy_rollout,45.7590980228874,12.403302462083586,5.653599975630641
20,223,PointerNet:batch_greedy_mean,44.494421437358184,9.296732820154581,9.13130003027618
20,223,PointerNet:greedy_rollout,45.20160159127189,11.033860258632206,7.4346999754197896
20,223,POMO,42.8212123827837,5.186638181716485,9.453199978452176
20,224,LKH,43.60960685514783,0.0,32.53220004262403
20,224,Attention:batch_greedy_mean,44.15517183342985,1.2510201710695212,6.7897000117227435
20,224,Attention:greedy_rollout,48.162834273215815,10.440881600221315,6.4202999928966165
20,224,PointerNet:batch_greedy_mean,45.79479367674829,5.010792298262862,10.695200006011873
20,224,PointerNet:greedy_rollout,46.28129113888252,6.126366359157665,12.31520000146702
20,224,POMO,43.9440089473938,0.766808316701191,7.681899995077401
20,225,LKH,36.815899849172226,0.0,17.927000008057803
20,225,Attention:batch_greedy_mean,37.24153520827842,1.1561183098876917,8.583599992562085
20,225,Attention:greedy_rollout,38.9574031918862,5.816789353206926,4.420400015078485
20,225,PointerNet:batch_greedy_mean,44.54389765184522,20.990924666606382,7.6972999959252775
20,225,PointerNet:greedy_rollout,42.89748546820334,16.518910698763907,7.505299989134073
20,225,POMO,37.06586113383698,0.6789492737887722,11.928000021725893
20,226,LKH,33.243307877816676,0.0,21.115000010468066
20,226,Attention:batch_greedy_mean,35.95102576607676,8.145151794797624,5.617800052277744
20,226,Attention:greedy_rollout,37.3732495968781,12.423377764453274,6.581699999514967
20,226,PointerNet:batch_greedy_mean,45.35013241771268,36.41883227864611,11.327700049150735
20,226,PointerNet:greedy_rollout,35.71721844974239,7.4418303407662965,9.317500051110983
20,226,POMO,33.24330787781667,-2.1374008217583147e-14,11.085700010880828
20,227,LKH,33.20614623851591,0.0,19.722600001841784
20,227,Attention:batch_greedy_mean,33.35778026710988,0.4566444642651333,6.466999999247491
20,227,Attention:greedy_rollout,33.46613263400247,0.7829466075921748,5.613400018773973
20,227,PointerNet:batch_greedy_mean,40.16519154586114,20.957100102370234,6.77850004285574
20,227,PointerNet:greedy_rollout,40.16519154586114,20.957100102370234,7.136399974115193
20,227,POMO,33.46613263400248,0.7829466075921961,8.527400030288845
20,228,LKH,36.8436259267641,0.0,20.005400001537055
20,228,Attention:batch_greedy_mean,36.8436259267641,0.0,4.2780000367201865
20,228,Attention:greedy_rollout,37.944769440011534,2.988694748546828,6.112199975177646
20,228,PointerNet:batch_greedy_mean,43.123760337297234,17.045375563785363,9.92830004543066
20,228,PointerNet:greedy_rollout,44.31207323516877,20.270663162333896,9.40659997286275
20,228,POMO,36.843625926764105,1.9285363964243943e-14,9.050699998624623
20,229,LKH,40.33106419558189,0.0,25.109500042162836
20,229,Attention:batch_greedy_mean,42.81003780508486,6.146561363918917,6.4712000312283635
20,229,Attention:greedy_rollout,43.72043390795872,8.403868779510475,5.005099985282868
20,229,PointerNet:batch_greedy_mean,48.25428181652492,19.645446454177602,10.551800020039082
20,229,PointerNet:greedy_rollout,46.763920676625304,15.950128292791515,9.842699975706637
20,229,POMO,41.33602503643654,2.491778634903316,10.239800030831248
20,230,LKH,38.331468120200945,0.0,19.018299994058907
20,230,Attention:batch_greedy_mean,40.08072230920871,4.563493846680753,4.580700013320893
20,230,Attention:greedy_rollout,42.27855163935704,10.297240655585417,3.827700042165816
20,230,PointerNet:batch_greedy_mean,45.20304860424424,17.926734406559092,7.302000012714416
20,230,PointerNet:greedy_rollout,43.009837321677885,12.205035264515233,6.925599998794496
20,230,POMO,39.481389017613985,2.999939615688822,8.933299977798015
20,231,LKH,35.2280384571745,0.0,16.726700006984174
20,231,Attention:batch_greedy_mean,41.09122740257462,16.643529421962548,6.190699990838766
20,231,Attention:greedy_rollout,38.634411602646566,9.669494228618706,5.88050001533702
20,231,PointerNet:batch_greedy_mean,42.39944008831391,20.357084712103497,9.912399982567877
20,231,PointerNet:greedy_rollout,41.546732771167484,17.936548813736543,10.024000017438084
20,231,POMO,36.58559003782242,3.853611044220501,7.315700000617653
20,232,LKH,35.81173587538521,0.0,44.17890001786873
20,232,Attention:batch_greedy_mean,40.71926773840686,13.703697246339821,10.109600028954446
20,232,Attention:greedy_rollout,36.78367341817348,2.714019633592569,15.683599980548024
20,232,PointerNet:batch_greedy_mean,38.97218216170456,8.82516920519244,24.58149997983128
20,232,PointerNet:greedy_rollout,37.83508302082657,5.6499555131369315,19.15979996556416
20,232,POMO,37.32138687336729,4.21552030662585,26.57250000629574
20,233,LKH,38.160911395431775,0.0,47.89570003049448
20,233,Attention:batch_greedy_mean,39.96645951611257,4.731407229694566,10.784900048747659
20,233,Attention:greedy_rollout,39.37411908706122,3.179189509018579,7.445600000210106
20,233,PointerNet:batch_greedy_mean,39.760201840759905,4.190912603621883,13.302400009706616
20,233,PointerNet:greedy_rollout,39.43233477558011,3.331742701251459,12.903499999083579
20,233,POMO,38.318712384392505,0.4135147280041651,13.174100022297353
20,234,LKH,37.09061676382175,0.0,37.56769996834919
20,234,Attention:batch_greedy_mean,38.74554587717639,4.46185385347612,4.344700020737946
20,234,Attention:greedy_rollout,40.788989758398046,9.971182248400073,6.651800009422004
20,234,PointerNet:batch_greedy_mean,49.11204123173593,32.41095866499556,9.421099966857582
20,234,PointerNet:greedy_rollout,39.87580208994588,7.509137267409377,10.694800002966076
20,234,POMO,37.09061676382174,-1.9156940427401165e-14,13.032000046223402
20,235,LKH,39.13273569068641,0.0,20.003399986308068
20,235,Attention:batch_greedy_mean,40.51695769249805,3.537248233174478,4.97080001514405
20,235,Attention:greedy_rollout,39.33532769418418,0.5177046785052317,6.202600023243576
20,235,PointerNet:batch_greedy_mean,43.49812863988072,11.155348258039808,10.5432000127621
20,235,PointerNet:greedy_rollout,43.49812863988072,11.155348258039808,11.478999978862703
20,235,POMO,40.54436931288349,3.6072960330576853,12.096899969037622
20,236,LKH,37.37482116178938,0.0,18.75280000967905
20,236,Attention:batch_greedy_mean,38.20257943717023,2.2147484580531476,5.409100034739822
20,236,Attention:greedy_rollout,39.92044398111395,6.811063545441444,5.451900011394173
20,236,PointerNet:batch_greedy_mean,45.725937601310335,22.34423116934892,11.485999973956496
20,236,PointerNet:greedy_rollout,45.17779871412684,20.877631811426387,10.191400011535734
20,236,POMO,37.80332874004367,1.1465140566140837,11.877000040840358
20,237,LKH,33.47185282377025,0.0,19.25909996498376
20,237,Attention:batch_greedy_mean,33.47185282377025,0.0,6.389699992723763
20,237,Attention:greedy_rollout,36.28349692478353,8.40002528637008,12.50760001130402
20,237,PointerNet:batch_greedy_mean,35.287452505361586,5.424258080813433,19.7139999945648
20,237,PointerNet:greedy_rollout,36.27876465825415,8.385887238636974,15.820800035726279
20,237,POMO,33.47185282377025,0.0,14.011799998115748
20,238,LKH,41.80976848593421,0.0,28.817999991588295
20,238,Attention:batch_greedy_mean,48.540919136032834,16.09946884150565,6.22140004998073
20,238,Attention:greedy_rollout,41.80976848593421,0.0,6.570499972440302
20,238,PointerNet:batch_greedy_mean,47.147574541209124,12.766887377218271,12.003000010736287
20,238,PointerNet:greedy_rollout,48.117308104230716,15.086282097970752,15.053400013130158
20,238,POMO,41.80976848593421,0.0,9.953700006008148
20,239,LKH,34.605898827787165,0.0,20.220000005792826
20,239,Attention:batch_greedy_mean,35.88050214278798,3.683196675063274,4.129399952944368
20,239,Attention:greedy_rollout,35.41561389875021,2.3398180610551718,4.197100002784282
20,239,PointerNet:batch_greedy_mean,44.45309854799933,28.45526356421425,8.56649997876957
20,239,PointerNet:greedy_rollout,39.96987089796653,15.500166884474353,10.04230004036799
20,239,POMO,34.60589882778716,-2.0532416721670658e-14,10.840400005690753
20,240,LKH,36.23456114749008,0.0,22.723999980371445
20,240,Attention:batch_greedy_mean,36.84501350012374,1.6847240129357632,6.232399959117174
20,240,Attention:greedy_rollout,36.39019710118919,0.4295234957189058,6.1864000163041055
20,240,PointerNet:batch_greedy_mean,42.98317327099806,18.624793318285963,10.378999984823167
20,240,PointerNet:greedy_rollout,42.529941454718006,17.37396592607551,9.986499964725226
20,240,POMO,37.023050964830716,2.1760711110344175,12.568300007842481
20,241,LKH,44.004672112723526,0.0,25.581599969882518
20,241,Attention:batch_greedy_mean,47.22794903028327,7.324851573266841,5.365499993786216
20,241,Attention:greedy_rollout,46.25899707648909,5.122921852458812,6.4131999970413744
20,241,PointerNet:batch_greedy_mean,52.53514486091865,19.38537963956018,10.659499967005104
20,241,PointerNet:greedy_rollout,50.90131346994187,15.672520725871392,6.958499958273023
20,241,POMO,44.16620676989439,0.36708524212399524,9.599799988791347
20,242,LKH,36.32870614982494,0.0,35.9794000396505
20,242,Attention:batch_greedy_mean,38.99586712514982,7.341745022036067,5.026400031056255
20,242,Attention:greedy_rollout,37.421839208127324,3.0090063042546666,7.630600011907518
20,242,PointerNet:batch_greedy_mean,40.19498946602166,10.64250210357506,11.81880000513047
20,242,PointerNet:greedy_rollout,37.65044630332582,3.638280284604225,10.463699989486486
20,242,POMO,36.87435913439062,1.5019884889798476,11.112999985925853
20,243,LKH,40.18216505186148,0.0,19.652499991934747
20,243,Attention:batch_greedy_mean,44.29802918872087,10.243012370157775,4.284300026483834
20,243,Attention:greedy_rollout,41.64715771901726,3.6458778795641558,5.510199989657849
20,243,PointerNet:batch_greedy_mean,46.72566976637589,16.28459966273338,10.193000023718923
20,243,PointerNet:greedy_rollout,46.72566976637589,16.28459966273338,10.43769996613264
20,243,POMO,40.18216505186148,0.0,11.093400011304766
20,244,LKH,39.43349179074383,0.0,20.256099989637733
20,244,Attention:batch_greedy_mean,40.614862496197766,2.9958561917949096,4.4377000303938985
20,244,Attention:greedy_rollout,43.09491962154273,9.285071304941708,4.369899979792535
20,244,PointerNet:batch_greedy_mean,41.815022379634385,6.039360149814501,10.040299966931343
20,244,PointerNet:greedy_rollout,44.027792074954505,11.650756946888201,8.302000002004206
20,244,POMO,40.596288070633356,2.948753019539772,8.94310005242005
20,245,LKH,37.339517900494506,0.0,23.221499985083938
20,245,Attention:batch_greedy_mean,39.75742127774688,6.475454192246952,6.447600026149303
20,245,Attention:greedy_rollout,37.95012304056621,1.6352785852749814,5.8253000024706125
20,245,PointerNet:batch_greedy_mean,42.53847967177371,13.923483921602395,7.377900008577853
20,245,PointerNet:greedy_rollout,38.620137817908855,3.4296637702368105,7.1429000236094
20,245,POMO,37.339517900494506,0.0,9.94449999416247
20,246,LKH,38.915759340631205,0.0,23.588999989442527
20,246,Attention:batch_greedy_mean,39.446264292437306,1.3632136717738692,6.355000019539148
20,246,Attention:greedy_rollout,39.89560663475008,2.517867595855534,6.168199994135648
20,246,PointerNet:batch_greedy_mean,38.91575934063121,1.825848313894356e-14,9.867099986877292
20,246,PointerNet:greedy_rollout,41.66471245032782,7.063855765051165,10.10010001482442
20,246,POMO,39.446264292437306,1.3632136717738692,11.41879998613149
20,247,LKH,37.27071628807147,0.0,16.86340000014752
20,247,Attention:batch_greedy_mean,37.81941612047979,1.4722009316035856,4.615399986505508
20,247,Attention:greedy_rollout,38.83659023780675,4.201351907573732,4.139899974688888
20,247,PointerNet:batch_greedy_mean,38.743368380431114,3.9512309905108243,8.40079999761656
20,247,PointerNet:greedy_rollout,38.66707304889003,3.7465251540268043,7.8495999914593995
20,247,POMO,37.27071628807147,0.0,13.636299991048872
20,248,LKH,41.813643212984445,0.0,21.05209999717772
20,248,Attention:batch_greedy_mean,44.24436063434642,5.813216057210633,5.533199990168214
20,248,Attention:greedy_rollout,46.962386358511175,12.313548282078141,4.208300029858947
20,248,PointerNet:batch_greedy_mean,44.990366864906875,7.597337633894474,9.976000001188368
20,248,PointerNet:greedy_rollout,45.38713886338452,8.54624322544177,8.499299990944564
20,248,POMO,42.05506055669474,0.5773650061550445,11.190699995495379
20,249,LKH,40.67080280320489,0.0,23.886699986178428
20,249,Attention:batch_greedy_mean,41.01571148663312,0.8480498531026063,4.492000036407262
20,249,Attention:greedy_rollout,43.62181669250294,7.255853550708628,6.386799970641732
20,249,PointerNet:batch_greedy_mean,41.2132447785379,1.3337380576374085,11.147200013510883
20,249,PointerNet:greedy_rollout,42.213924369914515,3.7941753305838932,8.827599987853318
20,249,POMO,42.1880970878438,3.730672079380109,11.67360000545159
20,250,LKH,41.33162828996623,0.0,29.729100002441555
20,250,Attention:batch_greedy_mean,43.94093733925263,6.313104896280695,6.138400000054389
20,250,Attention:greedy_rollout,42.70188078215004,3.3152637553271886,6.006899988278747
20,250,PointerNet:batch_greedy_mean,44.26403583822262,7.0948270600030146,10.02450002124533
20,250,PointerNet:greedy_rollout,45.07230543177307,9.05039868152238,10.150999994948506
20,250,POMO,42.381921870587554,2.541137680937418,10.030499950516969
20,251,LKH,39.78080512163885,0.0,26.51920000789687
20,251,Attention:batch_greedy_mean,43.15017168958617,8.469830003803896,4.380700003821403
20,251,Attention:greedy_rollout,44.02587846456057,10.671159947470759,5.475200014188886
20,251,PointerNet:batch_greedy_mean,42.11066741625616,5.856749976510608,11.083699995651841
20,251,PointerNet:greedy_rollout,45.87523181041916,15.320018461529914,8.173400012310594
20,251,POMO,40.036006076636184,0.6415178230229377,10.1773000205867
20,252,LKH,37.439597338413456,0.0,28.388400038238615
20,252,Attention:batch_greedy_mean,38.659153673741656,3.257397039569442,4.67750005191192
20,252,Attention:greedy_rollout,38.36894461678685,2.482257674870533,5.598399962764233
20,252,PointerNet:batch_greedy_mean,48.35023638943866,29.141977549611,10.677000042051077
20,252,PointerNet:greedy_rollout,45.20454295645249,20.73992823120486,10.70459996117279
20,252,POMO,38.25270586991762,2.17178759737863,11.404999997466803
20,253,LKH,37.005301086915175,0.0,24.958599999081343
20,253,Attention:batch_greedy_mean,38.52872280161671,4.116766165808082,4.254100029356778
20,253,Attention:greedy_rollout,38.39943137402719,3.7673799325063944,4.02849999954924
20,253,PointerNet:batch_greedy_mean,40.83474511542428,10.348366088185063,9.866400039754808
20,253,PointerNet:greedy_rollout,39.525587586475915,6.810609360105696,9.799899999052286
20,253,POMO,37.14177904785336,0.3688065140117038,12.287499965168536
20,254,LKH,35.745667957045114,0.0,26.885900006163865
20,254,Attention:batch_greedy_mean,35.890890168273344,0.40626520506692093,8.014400023967028
20,254,Attention:greedy_rollout,38.46799573007076,7.6158257171107175,5.705200019292533
20,254,PointerNet:batch_greedy_mean,43.436514161785986,21.515463675158664,6.730600027367473
20,254,PointerNet:greedy_rollout,40.75180860542415,14.004887681480232,7.423700008075684
20,254,POMO,35.745667957045114,0.0,7.836100005079061
20,255,LKH,34.589086761259345,0.0,15.261800028383732
20,255,Attention:batch_greedy_mean,36.66327717473262,5.996661397248628,5.225300032179803
20,255,Attention:greedy_rollout,38.71258361321599,11.921381100396863,6.5670000039972365
20,255,PointerNet:batch_greedy_mean,38.551536360691415,11.455779757302276,7.193299999926239
20,255,PointerNet:greedy_rollout,42.31077538199659,22.32406040099831,8.613100042566657
20,255,POMO,34.589086761259345,0.0,9.503699955530465
20,256,LKH,43.20287377377307,0.0,24.600999953690916
20,256,Attention:batch_greedy_mean,46.730701739477716,8.165725234339074,6.621000007726252
20,256,Attention:greedy_rollout,43.820112286556665,1.4286978130568186,5.964200012385845
20,256,PointerNet:batch_greedy_mean,49.76693666064246,15.193579300398753,10.179199976846576
20,256,PointerNet:greedy_rollout,49.46568494846474,14.496283759932654,9.181100002024323
20,256,POMO,43.202873773773064,-1.644665443972029e-14,11.125800025183707
20,257,LKH,43.91505864881936,0.0,25.297999964095652
20,257,Attention:batch_greedy_mean,46.32186086624818,5.480585228578591,4.5347000123001635
20,257,Attention:greedy_rollout,47.88216454855159,9.03358898244096,3.8124999846331775
20,257,PointerNet:batch_greedy_mean,49.77110102641386,13.334930107743205,7.590599998366088
20,257,PointerNet:greedy_rollout,48.17594785151498,9.702569764893546,10.231500025838614
20,257,POMO,44.16845107996962,0.5770057901472769,10.71510004112497
20,258,LKH,31.76233809331325,0.0,23.03280000342056
20,258,Attention:batch_greedy_mean,33.817003206057585,6.468872369244416,5.813399970065802
20,258,Attention:greedy_rollout,33.72851124215202,6.190265789194827,6.0190000222064555
20,258,PointerNet:batch_greedy_mean,35.484898021603534,11.720043774340322,10.44089999049902
20,258,PointerNet:greedy_rollout,35.676636335090244,12.32370938901708,7.212100026663393
20,258,POMO,31.85519288220794,0.29234242335024796,11.986600002273917
20,259,LKH,35.68628510139399,0.0,19.742899981793016
20,259,Attention:batch_greedy_mean,39.476444211145285,10.620772375108443,4.044499946758151
20,259,Attention:greedy_rollout,35.698040733287094,0.0329415960773206,4.34260000474751
20,259,PointerNet:batch_greedy_mean,39.917978946252774,11.858039672203038,9.785300004296005
20,259,PointerNet:greedy_rollout,40.034289072489486,12.183963555583572,9.49550000950694
20,259,POMO,37.69421624930624,5.626618579678977,8.41110001783818
20,260,LKH,36.66379797399773,0.0,17.473400046583265
20,260,Attention:batch_greedy_mean,41.47351379811676,13.118433140860425,5.371199978981167
20,260,Attention:greedy_rollout,37.86455529189755,3.2750489154217153,4.170099971815944
20,260,PointerNet:batch_greedy_mean,43.410191380008,18.400694360128398,7.216400001198053
20,260,PointerNet:greedy_rollout,40.778373299255,11.222447080292557,7.073500019032508
20,260,POMO,38.36868803844909,4.650063983170768,7.463000016286969
20,261,LKH,34.95563418593719,0.0,34.8119999980554
20,261,Attention:batch_greedy_mean,40.51218947877466,15.89602197826207,4.2642000480555
20,261,Attention:greedy_rollout,39.23641502584912,12.246325777245099,6.155600014608353
20,261,PointerNet:batch_greedy_mean,43.39550853506253,24.144532192526317,8.34439997561276
20,261,PointerNet:greedy_rollout,42.08892933336509,20.406710716459127,7.2898000362329185
20,261,POMO,35.85829011993259,2.5822902516771964,10.291700018569827
20,262,LKH,34.13925491838495,0.0,27.47030003229156
20,262,Attention:batch_greedy_mean,36.32289920363089,6.396285714103227,4.4457000331021845
20,262,Attention:greedy_rollout,35.818658559205254,4.919274438868606,5.136399995535612
20,262,PointerNet:batch_greedy_mean,41.4136984083555,21.308149540349394,8.514299988746643
20,262,PointerNet:greedy_rollout,41.37423481567441,21.192553600205326,8.280300011392683
20,262,POMO,34.62190691598196,1.4137742570857583,10.903000016696751
20,263,LKH,39.32374140286628,0.0,25.82910005003214
20,263,Attention:batch_greedy_mean,42.254495315780886,7.452886750753026,5.8617000468075275
20,263,Attention:greedy_rollout,41.92001439451965,6.602304101878068,6.114999996498227
20,263,PointerNet:batch_greedy_mean,43.156991442639054,9.747928104047007,7.8075999626889825
20,263,PointerNet:greedy_rollout,42.431615366091414,7.903301802810148,6.460500007960945
20,263,POMO,39.32374140286628,0.0,8.206899976357818
20,264,LKH,40.674107093915765,0.0,46.36799998115748
20,264,Attention:batch_greedy_mean,44.71199860571302,9.927425087596484,4.321199958212674
20,264,Attention:greedy_rollout,43.17136950808551,6.139685890101075,3.938000008929521
20,264,PointerNet:batch_greedy_mean,46.613760559552325,14.603033453007363,9.715599997434765
20,264,PointerNet:greedy_rollout,45.25728595484876,11.268050335685356,7.950600003823638
20,264,POMO,42.41209409196672,4.2729567339683125,9.67780000064522
20,265,LKH,43.5462739976419,0.0,17.347500019241124
20,265,Attention:batch_greedy_mean,46.42692943229254,6.61515939298649,4.683699982706457
20,265,Attention:greedy_rollout,43.54627399764189,-1.631695827290705e-14,5.2717000362463295
20,265,PointerNet:batch_greedy_mean,47.69994495439803,9.538522071902314,7.870999979786575
20,265,PointerNet:greedy_rollout,52.766697036521606,21.173850693584047,11.69740001205355
20,265,POMO,43.7321550413382,0.426858664661806,12.53300003008917
20,266,LKH,38.36088763977592,0.0,27.619000000413507
20,266,Attention:batch_greedy_mean,41.43022218203438,8.001208342937053,4.150699998717755
20,266,Attention:greedy_rollout,39.37536156518782,2.64455279277743,5.996900028549135
20,266,PointerNet:batch_greedy_mean,43.752892383663564,14.055995769755716,10.397200006991625
20,266,PointerNet:greedy_rollout,44.11805565107234,15.007911353247433,10.31490002060309
20,266,POMO,38.58805859694838,0.5921942143406262,11.05720002669841
20,267,LKH,36.53411964253285,0.0,22.192100004758686
20,267,Attention:batch_greedy_mean,36.69271168128809,0.4340929528533257,6.29390001995489
20,267,Attention:greedy_rollout,43.00791939689799,17.719873416159647,5.978700006380677
20,267,PointerNet:batch_greedy_mean,40.58887002916784,11.098530432123706,7.840899983420968
20,267,PointerNet:greedy_rollout,40.56063257897851,11.021239804990444,9.295299998484552
20,267,POMO,39.301886033017404,7.575839838391323,11.497800005599856
20,268,LKH,39.68803964261437,0.0,40.087200002744794
20,268,Attention:batch_greedy_mean,43.33211657376353,9.18180127807671,7.174100028350949
20,268,Attention:greedy_rollout,42.859019293836276,7.9897613481949845,8.179500000551343
20,268,PointerNet:batch_greedy_mean,43.82252517647869,10.41745969590543,12.733399984426796
20,268,PointerNet:greedy_rollout,43.886039268711464,10.577493027873217,13.861000014003366
20,268,POMO,39.88498220866852,0.49622648996420504,15.941299963742495
20,269,LKH,38.71734286301361,0.0,33.94230001140386
20,269,Attention:batch_greedy_mean,39.53241443139229,2.1051846746366185,17.227499978616834
20,269,Attention:greedy_rollout,39.18613113008789,1.2107965898716249,9.570399997755885
20,269,PointerNet:batch_greedy_mean,49.568922551380865,28.027697372625447,22.04299997538328
20,269,PointerNet:greedy_rollout,41.19036105133778,6.387365468425841,24.487100017722696
20,269,POMO,38.99902278252879,0.7275290572284185,34.350500034634024
20,270,LKH,39.239077420372,0.0,68.51730000926182
20,270,Attention:batch_greedy_mean,41.14355708061331,4.853528129212726,13.95809999667108
20,270,Attention:greedy_rollout,41.946208523094974,6.899069195030302,30.75069998158142
20,270,PointerNet:batch_greedy_mean,42.3067996748791,7.818028496547716,19.709500018507242
20,270,PointerNet:greedy_rollout,41.35367643158017,5.389013071215381,18.32910004304722
20,270,POMO,40.992430198315745,4.4683843077142456,16.672900004778057
20,271,LKH,36.768050131872094,0.0,34.562000015284866
20,271,Attention:batch_greedy_mean,37.61671151035337,2.308148991957611,11.324099963530898
20,271,Attention:greedy_rollout,37.45443741389355,1.866803595947198,6.960100028663874
20,271,PointerNet:batch_greedy_mean,40.68388297705406,10.65009656791008,13.257200014777482
20,271,PointerNet:greedy_rollout,40.68388297705406,10.65009656791008,12.830500025302172
20,271,POMO,37.71878605861662,2.5857665101484133,12.76979997055605
20,272,LKH,39.253696967375596,0.0,28.318800032138824
20,272,Attention:batch_greedy_mean,39.482414757642246,0.5826656033360147,7.25389999570325
20,272,Attention:greedy_rollout,39.48241475764224,0.5826656033359967,9.32820001617074
20,272,PointerNet:batch_greedy_mean,43.85791669760408,11.729391333649746,10.847500001545995
20,272,PointerNet:greedy_rollout,46.27865588814274,17.89629885461668,13.275599980261177
20,272,POMO,40.820596512989695,3.9917247715963553,10.174700000789016
20,273,LKH,39.17674970124365,0.0,45.1314999954775
20,273,Attention:batch_greedy_mean,39.47991858055653,0.7738489834526879,7.258100027684122
20,273,Attention:greedy_rollout,43.978884472797226,12.25761403938299,7.027299958281219
20,273,PointerNet:batch_greedy_mean,41.82695295348133,6.764734880886637,16.37180004036054
20,273,PointerNet:greedy_rollout,41.82695295348133,6.764734880886637,15.305799955967814
20,273,POMO,39.49690728619443,0.8172132384443682,21.293099969625473
20,274,LKH,40.91707397825458,0.0,58.251600014045835
20,274,Attention:batch_greedy_mean,47.11476088916051,15.146945537209472,6.763899989891797
20,274,Attention:greedy_rollout,46.005638505296474,12.436286450361086,7.1983999805524945
20,274,PointerNet:batch_greedy_mean,48.01693748990503,17.35183585078367,7.959400012623519
20,274,PointerNet:greedy_rollout,45.72835009669703,11.758602584826589,11.130300001241267
20,274,POMO,41.18745406658732,0.6608001551539021,12.24840001668781
20,275,LKH,37.368537079026176,0.0,22.872000001370907
20,275,Attention:batch_greedy_mean,40.74173195661409,9.026831503878125,11.442699993494898
20,275,Attention:greedy_rollout,38.224694225604296,2.2911176446847175,5.886300001293421
20,275,PointerNet:batch_greedy_mean,40.70173036740893,8.919785329925512,12.741700047627091
20,275,PointerNet:greedy_rollout,39.14545007291064,4.755104515134452,9.069800027646124
20,275,POMO,38.1733585838445,2.1537410017317558,14.904599986039102
20,276,LKH,40.42363872805342,0.0,28.016700001899153
20,276,Attention:batch_greedy_mean,45.296085853763614,12.053460002671128,11.079699965193868
20,276,Attention:greedy_rollout,41.80755072766232,3.423521590718362,8.67190002463758
20,276,PointerNet:batch_greedy_mean,46.62702241795924,15.345930957968811,24.038600036874413
20,276,PointerNet:greedy_rollout,42.56636952400444,5.300687576311631,27.15499995974824
20,276,POMO,41.12302588364924,1.7301439890181327,14.740300015546381
20,277,LKH,35.29543533410888,0.0,28.13400002196431
20,277,Attention:batch_greedy_mean,36.878977151635745,4.486534313961436,6.5302999573759735
20,277,Attention:greedy_rollout,36.65462765227637,3.850901130135624,5.353800021111965
20,277,PointerNet:batch_greedy_mean,38.1902150098187,8.201569546621675,13.459699985105544
20,277,PointerNet:greedy_rollout,40.83492950751694,15.694647540031303,13.911499991081655
20,277,POMO,37.290398767156674,5.652185372310442,14.422199979890138
20,278,LKH,39.57215325630862,0.0,27.93139999266714
20,278,Attention:batch_greedy_mean,40.92114445470393,3.4089405993601165,9.925600024871528
20,278,Attention:greedy_rollout,41.72132371201023,5.431017215013421,10.532299987971783
20,278,PointerNet:batch_greedy_mean,42.59742686367705,7.644955754046926,16.2519000004977
20,278,PointerNet:greedy_rollout,46.59010073153052,17.73456053747365,16.375200008042157
20,278,POMO,40.86725875330752,3.2727698404747123,14.204800012521446
20,279,LKH,41.689567438575644,0.0,22.288600041065365
20,279,Attention:batch_greedy_mean,42.10486489853571,0.9961663924000991,50.77859997982159
20,279,Attention:greedy_rollout,43.301594992070974,3.866740895957847,7.364100019913167
20,279,PointerNet:batch_greedy_mean,48.28397872516859,15.817893280636655,16.166399989742786
20,279,PointerNet:greedy_rollout,48.81369735434435,17.088519630877002,12.108099996112287
20,279,POMO,43.22969095272394,3.6942659969247162,20.47139999922365
20,280,LKH,41.395743390140794,0.0,33.85480004362762
20,280,Attention:batch_greedy_mean,46.53858825081,12.423607935240213,16.966499970294535
20,280,Attention:greedy_rollout,45.303738142676224,9.440571499595766,16.547000035643578
20,280,PointerNet:batch_greedy_mean,46.52476273133923,12.390209526760215,20.85230004740879
20,280,PointerNet:greedy_rollout,46.52476273133923,12.390209526760215,13.205900031607598
20,280,POMO,43.122297035947774,4.17084826701818,19.224699994083494
20,281,LKH,33.15090016382317,0.0,23.682700004428625
20,281,Attention:batch_greedy_mean,35.13408905928247,5.9823078277178015,7.792700023856014
20,281,Attention:greedy_rollout,33.73239630741147,1.7540885487715268,8.863699971698225
20,281,PointerNet:batch_greedy_mean,37.80108463869401,14.02732490487689,21.989300032146275
20,281,PointerNet:greedy_rollout,36.73815818691576,10.820997334507643,27.231299958657473
20,281,POMO,33.246060074028655,0.28705075800425595,16.304599994327873
20,282,LKH,40.73863389556001,0.0,33.226999978069216
20,282,Attention:batch_greedy_mean,44.28173078814673,8.697142132134376,7.511399977374822
20,282,Attention:greedy_rollout,41.71509667453179,2.3968962274854495,7.140000001527369
20,282,PointerNet:batch_greedy_mean,47.65682727946092,16.981898317054046,18.609800026752055
20,282,PointerNet:greedy_rollout,46.6064504915702,14.403567412332183,13.711700041312724
20,282,POMO,42.018217139804776,3.1409576657017637,14.574199973139912
20,283,LKH,31.385962140030145,0.0,22.270500019658357
20,283,Attention:batch_greedy_mean,32.58437530466382,3.8183094699690696,9.49860003311187
20,283,Attention:greedy_rollout,32.647898332281606,4.020702588696391,5.969200050458312
20,283,PointerNet:batch_greedy_mean,32.5622168049857,3.747709436810108,19.737299997359514
20,283,PointerNet:greedy_rollout,32.5622168049857,3.747709436810108,17.733699991367757
20,283,POMO,31.755641346960157,1.1778488907896747,20.37969999946654
20,284,LKH,36.517817085714235,0.0,28.881200007162988
20,284,Attention:batch_greedy_mean,39.4319120000115,7.979926367058942,17.46390003245324
20,284,Attention:greedy_rollout,38.300800429838034,4.88250253277407,6.864700000733137
20,284,PointerNet:batch_greedy_mean,44.18811700996797,21.004267331341538,12.403499975334853
20,284,PointerNet:greedy_rollout,41.5584862857882,13.803314662107427,11.580999998841435
20,284,POMO,36.684361925445415,0.4560646090654004,15.970700012985617
20,285,LKH,36.863178719125436,0.0,24.054699984844774
20,285,Attention:batch_greedy_mean,40.36970619196302,9.512276463066703,8.574399980716407
20,285,Attention:greedy_rollout,38.43091326880935,4.252846889925249,7.853800023440272
20,285,PointerNet:batch_greedy_mean,42.668468181697335,15.748206379066238,14.78490000590682
20,285,PointerNet:greedy_rollout,41.86766226435272,13.575832901873012,15.058699995279312
20,285,POMO,36.86317871912544,1.9275134712988137e-14,13.004200009163469
20,286,LKH,39.858022344515625,0.0,28.00960000604391
20,286,Attention:batch_greedy_mean,43.15176628952375,8.263691350610465,6.5187999862246215
20,286,Attention:greedy_rollout,43.13345823248716,8.217758170889844,6.251399987377226
20,286,PointerNet:batch_greedy_mean,43.23561193261831,8.474052121573553,11.08260004548356
20,286,PointerNet:greedy_rollout,43.55880353745106,9.284909223411725,11.477199965156615
20,286,POMO,40.997342699371956,2.8584467764319434,13.587400026153773
20,287,LKH,38.09851102551843,0.0,17.973900015931576
20,287,Attention:batch_greedy_mean,42.26324256070172,10.931481107998554,4.419100005179644
20,287,Attention:greedy_rollout,47.1188766782599,23.67642569206871,6.67309999698773
20,287,PointerNet:batch_greedy_mean,40.266032910888114,5.68925615995302,11.27210003323853
20,287,PointerNet:greedy_rollout,38.81688529471563,1.8855704589505817,13.587399967946112
20,287,POMO,39.580427578503055,3.889696770543183,15.521999972406775
20,288,LKH,39.361604272934606,0.0,43.682899966370314
20,288,Attention:batch_greedy_mean,42.5041451553293,7.98377235999888,7.948899990878999
20,288,Attention:greedy_rollout,43.58687527256868,10.734498955723232,7.607699953950942
20,288,PointerNet:batch_greedy_mean,51.19568959485975,30.065048263447856,14.71380004659295
20,288,PointerNet:greedy_rollout,50.34393573267399,27.90112766641205,14.164799998980016
20,288,POMO,40.755376757762484,3.540944304920641,13.539400009904057
20,289,LKH,43.535677360746234,0.0,23.30409997375682
20,289,Attention:batch_greedy_mean,47.339414439067994,8.737057303147381,8.023999980650842
20,289,Attention:greedy_rollout,47.69160415610998,9.546025345894634,6.439800024963915
20,289,PointerNet:batch_greedy_mean,51.738613872875675,18.841871792089275,14.452699979301542
20,289,PointerNet:greedy_rollout,48.50377157687794,11.41154684459134,12.854700034949929
20,289,POMO,44.573703404601254,2.384311228819771,15.303699998185039
20,290,LKH,35.059490093518264,0.0,19.730999949388206
20,290,Attention:batch_greedy_mean,38.78237555809021,10.618766715207377,7.970199978444725
20,290,Attention:greedy_rollout,36.179903087555616,3.195748115699184,11.18309999583289
20,290,PointerNet:batch_greedy_mean,44.799497740112145,27.781372805517773,20.207400026265532
20,290,PointerNet:greedy_rollout,39.75390873573224,13.389865710231398,17.69169996259734
20,290,POMO,35.05949009351827,2.026677324355793e-14,16.786199994385242
20,291,LKH,40.94124335247892,0.0,26.409199985209852
20,291,Attention:batch_greedy_mean,41.67718926657643,1.797566106533367,10.881799971684813
20,291,Attention:greedy_rollout,41.64499036043449,1.7189194815036308,11.495399987325072
20,291,PointerNet:batch_greedy_mean,45.42742751541748,10.957615830851228,32.978100003674626
20,291,PointerNet:greedy_rollout,46.37163522557259,13.263866527797742,18.67399999173358
20,291,POMO,40.94124335247893,1.7355182148298827e-14,24.5740000391379
20,292,LKH,40.46799879892751,0.0,36.11669997917488
20,292,Attention:batch_greedy_mean,41.64974212170641,2.9201921465170604,8.615900005679578
20,292,Attention:greedy_rollout,40.46799879892752,1.7558138698445626e-14,7.62429996393621
20,292,PointerNet:batch_greedy_mean,47.35448751354765,17.01712197046583,16.99690002715215
20,292,PointerNet:greedy_rollout,44.098332558556585,8.970875425955796,15.868299989961088
20,292,POMO,41.46763317244528,2.470184845276471,14.563699951395392
20,293,LKH,40.93865980448745,0.0,43.41300000669435
20,293,Attention:batch_greedy_mean,43.930174125713236,7.307308875064527,8.069199975579977
20,293,Attention:greedy_rollout,43.14265993737395,5.3836645933507326,8.068100025411695
20,293,PointerNet:batch_greedy_mean,47.31566872713772,15.57698506278718,15.651100024115294
20,293,PointerNet:greedy_rollout,44.34167616288703,8.312476213563212,20.447899994906038
20,293,POMO,42.12340574572572,2.8939538980912225,22.521200007759035
20,294,LKH,34.61970553351011,0.0,26.298899960238487
20,294,Attention:batch_greedy_mean,35.17181765404148,1.5947914981453548,12.428199988789856
20,294,Attention:greedy_rollout,35.3888905915345,2.221812826454746,20.003799989353865
20,294,PointerNet:batch_greedy_mean,39.545652541380825,14.228737454461168,19.9612999567762
20,294,PointerNet:greedy_rollout,35.664224919633064,3.017123831720393,25.274000014178455
20,294,POMO,34.72952315141599,0.3172112997887422,14.266600017435849
20,295,LKH,34.092677606497446,0.0,29.770899971481413
20,295,Attention:batch_greedy_mean,35.61791126750281,4.473786654746895,7.754200021736324
20,295,Attention:greedy_rollout,34.152393129708706,0.1751564482570273,7.657800044398755
20,295,PointerNet:batch_greedy_mean,34.523321698953126,1.2631571430857829,10.320100001990795
20,295,PointerNet:greedy_rollout,34.53538628436316,1.2985447578378084,12.80839997343719
20,295,POMO,34.14032854429867,0.13976883350500172,11.134000029414892
20,296,LKH,38.41975333411255,0.0,33.71809999225661
20,296,Attention:batch_greedy_mean,40.82277148019544,6.254642306485801,6.965400010813028
20,296,Attention:greedy_rollout,39.518747380885785,2.8604921984167153,8.137999975588173
20,296,PointerNet:batch_greedy_mean,43.90460717019559,14.276129751236816,8.852799946907908
20,296,PointerNet:greedy_rollout,41.77808409817808,8.74115649535859,12.09750003181398
20,296,POMO,38.41975333411254,-1.8494203478636488e-14,12.204099970404059
20,297,LKH,40.613813550084835,0.0,21.21380000608042
20,297,Attention:batch_greedy_mean,40.83519516499062,0.5450894549283842,5.669500038493425
20,297,Attention:greedy_rollout,40.613813550084835,0.0,5.9846999938599765
20,297,PointerNet:batch_greedy_mean,44.7024216301185,10.06703809035713,6.996800017077476
20,297,PointerNet:greedy_rollout,47.30516105974908,16.475545940576346,12.277200003154576
20,297,POMO,41.46415971553601,2.0937363205317663,12.051499972585589
20,298,LKH,41.556470691752565,0.0,39.645700016990304
20,298,Attention:batch_greedy_mean,41.556470691752565,0.0,4.33959998190403
20,298,Attention:greedy_rollout,43.546043694571466,4.787637086837016,6.529100006446242
20,298,PointerNet:batch_greedy_mean,43.90285750512929,5.646261037856607,9.947800019290298
20,298,PointerNet:greedy_rollout,43.10319448695771,3.721980643346871,11.013799987267703
20,298,POMO,42.50574921856951,2.2843097862142177,11.362899967934936
20,299,LKH,38.32719856842363,0.0,26.27770003164187
20,299,Attention:batch_greedy_mean,40.470659592161624,5.592532467280063,8.42000002739951
20,299,Attention:greedy_rollout,39.768965057787774,3.7617319898563104,6.644799956120551
20,299,PointerNet:batch_greedy_mean,42.54720792928644,11.01048216015327,15.106899954844266
20,299,PointerNet:greedy_rollout,48.788978715649115,27.295968758448623,11.95360004203394
20,299,POMO,39.30815531600064,2.559427206310815,11.620700010098517
50,0,LKH,57.325178773661236,0.0,338.5087000206113
50,0,Attention:batch_greedy_mean,67.84689550037413,18.354442065076,9.862599952612072
50,0,Attention:greedy_rollout,68.30746734036074,19.15787931523287,11.297399993054569
50,0,PointerNet:batch_greedy_mean,83.82165399465057,46.2213564577028,29.662300017662346
50,0,PointerNet:greedy_rollout,70.78843454384699,23.485763251333484,20.354000036604702
50,0,POMO,66.28869362705998,15.636261491289316,48.606299969833344
50,1,LKH,59.69048783694816,0.0,287.7411000081338
50,1,Attention:batch_greedy_mean,73.82141263885556,23.673662779415956,10.254899971187115
50,1,Attention:greedy_rollout,66.0577481058592,10.667127208449013,10.636300023179501
50,1,PointerNet:batch_greedy_mean,82.86065779987887,38.817189811252426,23.61670002574101
50,1,PointerNet:greedy_rollout,82.04679787782321,37.45372311572329,25.737899995874614
50,1,POMO,65.74403776381396,10.141565509402128,51.10189999686554
50,2,LKH,56.5174559403804,0.0,200.65970002906397
50,2,Attention:batch_greedy_mean,70.22551614241655,24.25455989472814,327.4731999845244
50,2,Attention:greedy_rollout,62.67448560261382,10.894031869956068,17.32869999250397
50,2,PointerNet:batch_greedy_mean,74.91721458036663,32.55588620159393,125.07080001523718
50,2,PointerNet:greedy_rollout,70.50589311106113,24.750649048033875,56.15730001591146
50,2,POMO,64.55200273630996,14.216044693174275,62.89550004294142
50,3,LKH,59.33499626508737,0.0,232.40310000255704
50,3,Attention:batch_greedy_mean,66.56313611976275,12.18191676019099,10.259900009259582
50,3,Attention:greedy_rollout,68.62915311038532,15.663870279480607,10.490000015124679
50,3,PointerNet:batch_greedy_mean,78.03761457716179,31.520383398218925,25.23329999530688
50,3,PointerNet:greedy_rollout,73.87285395267962,24.50132064160305,23.272399965208024
50,3,POMO,66.47920433130052,12.040462654274735,46.24950001016259
50,4,LKH,58.95659294692796,0.0,294.4144999491982
50,4,Attention:batch_greedy_mean,64.2459717375211,8.971649354559172,11.199000000488013
50,4,Attention:greedy_rollout,64.2924516478152,9.05048686529514,9.520700026769191
50,4,PointerNet:batch_greedy_mean,77.73948011767158,31.858840940235044,21.365199994761497
50,4,PointerNet:greedy_rollout,70.87492951687419,20.215443217139388,27.22589997574687
50,4,POMO,62.542402959759585,6.08211878196477,40.78839998692274
50,5,LKH,55.61520425427221,0.0,304.9271999625489
50,5,Attention:batch_greedy_mean,67.81669599608348,21.939129605685103,17.616599972825497
50,5,Attention:greedy_rollout,64.94831318159342,16.78157808186827,17.07709999755025
50,5,PointerNet:batch_greedy_mean,82.41650133934273,48.190593641507164,37.35100000631064
50,5,PointerNet:greedy_rollout,73.20592302101466,31.62933410496497,27.889500022865832
50,5,POMO,59.0076679628433,6.09988537138294,55.75330002466217
50,6,LKH,54.956716468133365,0.0,252.77699995785952
50,6,Attention:batch_greedy_mean,61.99953025982716,12.815201206166618,13.119500013999641
50,6,Attention:greedy_rollout,65.75498857152652,19.648684996772932,10.532899992540479
50,6,PointerNet:batch_greedy_mean,73.86149927102669,34.39940378143817,23.638600017875433
50,6,PointerNet:greedy_rollout,69.27311861300147,26.050322990401853,29.280600021593273
50,6,POMO,57.35514684865286,4.364217032344394,64.46439999854192
50,7,LKH,60.009354389546985,0.0,338.4606000036001
50,7,Attention:batch_greedy_mean,71.4459879501768,19.058084655251616,12.237399991136044
50,7,Attention:greedy_rollout,66.27938914006842,10.448428939628133,8.46589996945113
50,7,PointerNet:batch_greedy_mean,78.98700992745178,31.62449543234964,22.262000013142824
50,7,PointerNet:greedy_rollout,81.4451953855319,35.72083255026457,25.220700015779585
50,7,POMO,65.06382885332154,8.42281093538142,54.04839996481314
50,8,LKH,58.15828953197373,0.0,316.2428999785334
50,8,Attention:batch_greedy_mean,69.46140255414713,19.43508502938223,14.40560002811253
50,8,Attention:greedy_rollout,63.742924046103894,9.602473798786495,14.224699989426881
50,8,PointerNet:batch_greedy_mean,75.18933736360657,29.28395585339501,31.6103000077419
50,8,PointerNet:greedy_rollout,69.33488517782189,19.217545316052657,25.279900000896305
50,8,POMO,62.63461183835624,7.696791536349366,62.106699973810464
50,9,LKH,61.12531671697474,0.0,382.23719998495653
50,9,Attention:batch_greedy_mean,68.43993950286941,11.966601039898368,14.074699953198433
50,9,Attention:greedy_rollout,72.6614081390324,18.872853412723583,11.972200009040534
50,9,PointerNet:batch_greedy_mean,77.79079618254997,27.26444681299649,23.528899997472763
50,9,PointerNet:greedy_rollout,76.71121187361709,25.498264865945615,26.99320000829175
50,9,POMO,65.8430168354799,7.718078812334464,47.70449997158721
50,10,LKH,58.23672409862879,0.0,257.01900001149625
50,10,Attention:batch_greedy_mean,67.18324540077921,15.362336121445871,16.39820000855252
50,10,Attention:greedy_rollout,67.41058798850852,15.752712797414606,10.417299985419959
50,10,PointerNet:batch_greedy_mean,70.2921523868845,20.700732183765734,22.129699995275587
50,10,PointerNet:greedy_rollout,70.72848150263282,21.449965803104217,23.12030002940446
50,10,POMO,62.16018489880595,6.737090488696531,42.11340000620112
50,11,LKH,59.605820680524396,0.0,271.01079997373745
50,11,Attention:batch_greedy_mean,72.67545362758932,21.92677291889934,14.194399991538376
50,11,Attention:greedy_rollout,70.20344149513117,17.779506587801155,12.777999974787235
50,11,PointerNet:batch_greedy_mean,80.04888486284979,34.29709372159515,23.6105999792926
50,11,PointerNet:greedy_rollout,69.29274219900584,16.251636850034267,27.487199986353517
50,11,POMO,66.0113707261947,10.74651765974804,54.937400040216744
50,12,LKH,54.28455296483107,0.0,209.00929998606443
50,12,Attention:batch_greedy_mean,62.66660461330464,15.44095178218376,9.704800031613559
50,12,Attention:greedy_rollout,61.01608077188178,12.400448082186132,8.645599998999387
50,12,PointerNet:batch_greedy_mean,71.86767593593832,32.39065629314236,20.454099983908236
50,12,PointerNet:greedy_rollout,71.04616150082501,30.877307853770397,20.352399966213852
50,12,POMO,58.82956252468391,8.372565143526884,44.45240000495687
50,13,LKH,55.16413276431505,0.0,216.15140000358224
50,13,Attention:batch_greedy_mean,69.97665970829703,26.85173536085029,12.433300027623773
50,13,Attention:greedy_rollout,60.27616742899365,9.266953740611529,12.61299999896437
50,13,PointerNet:batch_greedy_mean,66.0385099219428,19.712767359341587,24.04789999127388
50,13,PointerNet:greedy_rollout,72.75608358790706,31.89019738378269,18.472300027497113
50,13,POMO,60.8513890367198,10.309699414115984,46.1916999774985
50,14,LKH,58.448486408856674,0.0,346.9893999863416
50,14,Attention:batch_greedy_mean,67.54008867959259,15.554897704516545,9.538199985399842
50,14,Attention:greedy_rollout,68.4162317750539,17.053898190743944,8.509600011166185
50,14,PointerNet:batch_greedy_mean,79.98143748311644,36.840904525111675,21.559300017543137
50,14,PointerNet:greedy_rollout,75.43226872778412,29.057693983935057,21.732599998358637
50,14,POMO,61.98706301333388,6.054180051343481,46.853600011672825
50,15,LKH,56.90633444635302,0.0,280.92950000427663
50,15,Attention:batch_greedy_mean,66.0440403678274,16.057449509577395,11.481399997137487
50,15,Attention:greedy_rollout,67.27751479591707,18.22500157577574,9.661799995228648
50,15,PointerNet:batch_greedy_mean,71.93633828847676,26.411829172186252,21.337600017432123
50,15,PointerNet:greedy_rollout,68.16436010966919,19.78343144545601,20.606399979442358
50,15,POMO,62.763967371773234,10.293463781158394,48.055200022645295
50,16,LKH,54.55924303501209,0.0,272.4263000418432
50,16,Attention:batch_greedy_mean,66.17820609187345,21.296048864543756,9.653100045397878
50,16,Attention:greedy_rollout,64.17706642268294,17.628219991063375,9.354399982839823
50,16,PointerNet:batch_greedy_mean,64.68322802092165,18.55594840165347,23.54099997319281
50,16,PointerNet:greedy_rollout,71.3074198705404,30.69723094358287,18.848099978640676
50,16,POMO,58.66318223158449,7.521987051650993,44.739200035110116
50,17,LKH,54.7910298751748,0.0,273.7768000224605
50,17,Attention:batch_greedy_mean,61.23146695183256,11.754546485675474,9.595300012733787
50,17,Attention:greedy_rollout,62.15800296458608,13.445582436020562,11.217299965210259
50,17,PointerNet:batch_greedy_mean,65.34000845890928,19.25311243056978,24.94849998038262
50,17,PointerNet:greedy_rollout,65.28191499249972,19.14708509992477,18.10789998853579
50,17,POMO,60.89647193994642,11.143141639573251,41.13989998586476
50,18,LKH,57.280045875328334,0.0,252.39219999639317
50,18,Attention:batch_greedy_mean,70.18413095661127,22.52806345401512,13.697999995201826
50,18,Attention:greedy_rollout,68.97161356040172,20.411240086155694,9.589500026777387
50,18,PointerNet:batch_greedy_mean,86.27340885046038,50.61686409650743,20.88179998099804
50,18,PointerNet:greedy_rollout,70.19091393626834,22.539905238625135,19.421899982262403
50,18,POMO,61.33391087300312,7.077272609903526,44.33409997727722
50,19,LKH,59.10044350718048,0.0,280.5602999869734
50,19,Attention:batch_greedy_mean,78.60359991671186,33.000017008606406,9.842699975706637
50,19,Attention:greedy_rollout,66.34808943059187,12.263268248622921,12.355900020338595
50,19,PointerNet:batch_greedy_mean,75.66394864622484,28.026025112708258,27.15179999358952
50,19,PointerNet:greedy_rollout,75.15322761906666,27.16186742310288,19.98839998850599
50,19,POMO,64.00077480803161,8.291530503076102,44.27459998987615
50,20,LKH,57.982993664984086,0.0,220.48620000714436
50,20,Attention:batch_greedy_mean,71.8965135527629,23.99586328392903,12.732399976812303
50,20,Attention:greedy_rollout,66.49574114714738,14.681455620157372,11.94609998492524
50,20,PointerNet:batch_greedy_mean,77.620060327653,33.86694170385295,20.92600002652034
50,20,PointerNet:greedy_rollout,76.48213179403376,31.904420520152105,20.86109999800101
50,20,POMO,65.42937444868488,12.84235309878052,42.61730000143871
50,21,LKH,57.330549227274865,0.0,246.83980003464967
50,21,Attention:batch_greedy_mean,68.35871756918792,19.236111445913775,10.031300014816225
50,21,Attention:greedy_rollout,62.5323535588898,9.07335513391557,8.698999998159707
50,21,PointerNet:batch_greedy_mean,75.83843774712777,32.28276855761888,18.857199989724904
50,21,PointerNet:greedy_rollout,77.07701398576427,34.44318086018801,17.41329999640584
50,21,POMO,67.79302463297988,18.249389804777095,44.136500044260174
50,22,LKH,58.905998659221275,0.0,337.9380999831483
50,22,Attention:batch_greedy_mean,68.37951003328814,16.082422146634574,9.7296999883838
50,22,Attention:greedy_rollout,67.77245572456032,15.051874625931779,10.752799978945404
50,22,PointerNet:batch_greedy_mean,77.18446399140014,31.0298878691831,22.95180002693087
50,22,PointerNet:greedy_rollout,68.29631708419885,15.94119213444078,22.359700000379235
50,22,POMO,64.93560367890484,10.235977925721283,40.887099981773645
50,23,LKH,52.069129442599255,0.0,347.27420000126585
50,23,Attention:batch_greedy_mean,59.619878099782255,14.50139216463549,14.70940001308918
50,23,Attention:greedy_rollout,64.05763994945092,23.0242192162397,9.247299982234836
50,23,PointerNet:batch_greedy_mean,62.3315404674793,19.70920415751002,26.37269999831915
50,23,PointerNet:greedy_rollout,59.44702761496405,14.169428702467846,25.620800035540015
50,23,POMO,55.091105624029105,5.803777043672797,37.474800017662346
50,24,LKH,55.90557853786111,0.0,241.35530000785366
50,24,Attention:batch_greedy_mean,63.96511459635507,14.416336024562874,10.264199983794242
50,24,Attention:greedy_rollout,68.91486628813063,23.270106652163868,8.46440001623705
50,24,PointerNet:batch_greedy_mean,76.07554657582999,36.078632160669095,20.37069998914376
50,24,PointerNet:greedy_rollout,77.0351937726788,37.79518214002206,22.8612000355497
50,24,POMO,61.2887648521466,9.629068252356635,51.14339996362105
50,25,LKH,59.996625793887155,0.0,243.21060004876927
50,25,Attention:batch_greedy_mean,67.59625627670843,12.666763142529216,9.82749997638166
50,25,Attention:greedy_rollout,74.20579726242521,23.683284318942107,8.768399944528937
50,25,PointerNet:batch_greedy_mean,76.29289624999315,27.16197826206147,24.259400030132383
50,25,PointerNet:greedy_rollout,75.30299117118145,25.512043677052592,23.564299975987524
50,25,POMO,64.6440661776651,7.746169592509737,46.99239996261895
50,26,LKH,59.44855838595518,0.0,248.56049998197705
50,26,Attention:batch_greedy_mean,66.9903008524526,12.686165436568725,12.978999991901219
50,26,Attention:greedy_rollout,66.82895465899894,12.414760716531333,10.701500053983182
50,26,PointerNet:batch_greedy_mean,70.41217636880407,18.442193184349883,22.008600004483014
50,26,PointerNet:greedy_rollout,69.69725366141276,17.239602698051044,22.476300015114248
50,26,POMO,63.21457595253875,6.3349182365931,44.16210000636056
50,27,LKH,56.837115914026214,0.0,379.95769997360185
50,27,Attention:batch_greedy_mean,71.31341495958856,25.469798762237854,11.358499992638826
50,27,Attention:greedy_rollout,66.93934483367676,17.773999889317967,12.799800024367869
50,27,PointerNet:batch_greedy_mean,69.57056203530033,22.40339946265951,21.54230000451207
50,27,PointerNet:greedy_rollout,70.53468797227018,24.099695837775062,20.57789999525994
50,27,POMO,59.67868676157905,4.999498658325831,46.22710001422092
50,28,LKH,59.153623822278604,0.0,217.6096000475809
50,28,Attention:batch_greedy_mean,69.27379126799727,17.10827974989958,10.265199991408736
50,28,Attention:greedy_rollout,66.16175789045847,11.847345294068775,11.793000041507185
50,28,PointerNet:batch_greedy_mean,75.13235977813379,27.012268942071522,20.64300002530217
50,28,PointerNet:greedy_rollout,74.22266931202813,25.474424922846705,17.449199978727847
50,28,POMO,64.60969688390891,9.223565200371418,43.60790003556758
50,29,LKH,56.76447194474094,0.0,288.00800000317395
50,29,Attention:batch_greedy_mean,69.75562438341956,22.88606234428683,13.557100028265268
50,29,Attention:greedy_rollout,63.34545094105208,11.59348228010927,12.423699954524636
50,29,PointerNet:batch_greedy_mean,78.2375978807966,37.82846065574134,23.69699999690056
50,29,PointerNet:greedy_rollout,66.055210288399,16.367171269914042,26.231199968606234
50,29,POMO,63.92912263095531,12.62171643768485,57.381800026632845
50,30,LKH,59.46508829610849,0.0,267.07890001125634
50,30,Attention:batch_greedy_mean,70.33959010124175,18.287203663069164,14.61159996688366
50,30,Attention:greedy_rollout,66.74391706901389,12.240507802931724,13.622900005429983
50,30,PointerNet:batch_greedy_mean,73.81029669591281,24.12374859072243,30.040299985557795
50,30,PointerNet:greedy_rollout,70.09665930949453,17.87867691450445,20.81630000611767
50,30,POMO,66.22871580926395,11.374114975623572,51.391699991654605
50,31,LKH,56.356184640240556,0.0,213.31020002253354
50,31,Attention:batch_greedy_mean,68.82747959949708,22.129416742579703,11.91509998170659
50,31,Attention:greedy_rollout,60.99267792796708,8.227124169821607,8.686500019393861
50,31,PointerNet:batch_greedy_mean,74.55989489452911,32.30117576357428,24.763099965639412
50,31,PointerNet:greedy_rollout,76.4243486606871,35.60951499565689,20.956600026693195
50,31,POMO,61.823357413829655,9.701105226497749,53.133899986278266
50,32,LKH,51.29691714038728,0.0,314.9862999562174
50,32,Attention:batch_greedy_mean,59.989762181556515,16.946135412736435,11.46449998486787
50,32,Attention:greedy_rollout,57.46601192850531,12.026248616919235,8.245500037446618
50,32,PointerNet:batch_greedy_mean,65.25140116896418,27.203358031023278,26.993800012860447
50,32,PointerNet:greedy_rollout,61.99706444409021,20.859240477199076,23.991099966224283
50,32,POMO,54.34837914596388,5.948626497817575,57.81930004013702
50,33,LKH,61.15892943475248,0.0,274.92349996464327
50,33,Attention:batch_greedy_mean,67.88418603108377,10.996360888733582,12.995700002647936
50,33,Attention:greedy_rollout,74.91382950548324,22.490419956427125,9.47639998048544
50,33,PointerNet:batch_greedy_mean,80.68753351615463,31.930912234551585,22.867800027597696
50,33,PointerNet:greedy_rollout,70.85512155065204,15.85409065448728,26.43760002683848
50,33,POMO,67.97291148297946,11.141434474415524,46.31509998580441
50,34,LKH,61.831414758499314,0.0,228.45389996655285
50,34,Attention:batch_greedy_mean,73.80596754654067,19.366454471099324,14.454099989961833
50,34,Attention:greedy_rollout,74.90793219385432,21.14866283818537,14.10929998382926
50,34,PointerNet:batch_greedy_mean,86.61935985993114,40.08956482436703,32.769199984613806
50,34,PointerNet:greedy_rollout,81.69356412113515,32.12307116085452,33.66779995849356
50,34,POMO,68.85026213838147,11.351587873731042,53.87730000074953
50,35,LKH,56.92529854232758,0.0,280.22439999040216
50,35,Attention:batch_greedy_mean,61.38349284958718,7.83165731479589,11.210799973923713
50,35,Attention:greedy_rollout,62.79468737834732,10.310686085652188,8.621199987828732
50,35,PointerNet:batch_greedy_mean,68.20467077733332,19.814340062913868,18.990500015206635
50,35,PointerNet:greedy_rollout,65.09106112688686,14.3446987431915,23.21070001926273
50,35,POMO,59.847893580439504,5.134088204981106,48.01879997830838
50,36,LKH,58.43838549009602,0.0,234.64979999698699
50,36,Attention:batch_greedy_mean,76.12923523390718,30.272653146465455,9.601500001735985
50,36,Attention:greedy_rollout,65.98385799945528,12.91184286848248,10.630199976731092
50,36,PointerNet:batch_greedy_mean,85.33283815928753,46.02189544361987,20.428899966645986
50,36,PointerNet:greedy_rollout,77.28792883878515,32.255414297651505,23.11180002288893
50,36,POMO,61.792137295453905,5.738953561484468,46.72959999879822
50,37,LKH,55.902380461956405,0.0,284.4914000015706
50,37,Attention:batch_greedy_mean,68.59765677043887,22.709723993099125,9.78160003433004
50,37,Attention:greedy_rollout,68.94405490488397,23.329372264930466,10.320899949874729
50,37,PointerNet:batch_greedy_mean,72.01200317873163,28.81741812003589,22.16660004341975
50,37,PointerNet:greedy_rollout,66.61418116299495,19.161618186059744,17.85639999434352
50,37,POMO,61.32395740060307,9.698293514238173,40.94170004827902
50,38,LKH,53.90551527361751,0.0,214.50000000186265
50,38,Attention:batch_greedy_mean,62.83930050129859,16.573044858831835,13.452100043650717
50,38,Attention:greedy_rollout,62.97763217712526,16.829663639163527,10.58320002630353
50,38,PointerNet:batch_greedy_mean,79.44578711880742,47.37970078859417,19.919499987736344
50,38,PointerNet:greedy_rollout,78.27360944125937,45.20519661847683,21.647299989126623
50,38,POMO,58.397936603457936,8.333880692981912,52.076300024054945
50,39,LKH,57.59020009811292,0.0,269.11239995388314
50,39,Attention:batch_greedy_mean,66.16758087074066,14.893820056216125,14.424399996642023
50,39,Attention:greedy_rollout,68.59285613589039,19.105083884120745,10.711300012189895
50,39,PointerNet:batch_greedy_mean,72.98251914765417,26.72732343926274,35.30669998144731
50,39,PointerNet:greedy_rollout,71.45234061815219,24.070311435666454,31.1004999675788
50,39,POMO,61.487803282819726,6.767823654140276,52.833299967460334
50,40,LKH,55.34072240451951,0.0,254.8784000100568
50,40,Attention:batch_greedy_mean,65.11607532396545,17.663941659438137,10.31070004682988
50,40,Attention:greedy_rollout,64.1432080405164,15.905982527033322,11.315399955492467
50,40,PointerNet:batch_greedy_mean,71.99843922608349,30.100287993717252,25.17979999538511
50,40,PointerNet:greedy_rollout,66.15473837731088,19.54079293317685,26.058099989313632
50,40,POMO,61.088861147975585,10.38681551975303,61.02000002283603
50,41,LKH,56.74055357645666,0.0,335.78769996529445
50,41,Attention:batch_greedy_mean,65.81991568589257,16.001539528869174,10.58459997875616
50,41,Attention:greedy_rollout,66.53996215972187,17.270555124318122,12.59349996689707
50,41,PointerNet:batch_greedy_mean,79.66159250146266,40.39622012873103,27.43780001765117
50,41,PointerNet:greedy_rollout,74.19395252266118,30.760008223547626,26.04669996071607
50,41,POMO,59.51350694304686,4.887074925791316,47.663800010923296
50,42,LKH,55.11332493241514,0.0,320.64699998591095
50,42,Attention:batch_greedy_mean,64.89715693340996,17.75220786078979,11.361399956513196
50,42,Attention:greedy_rollout,60.65937080135621,10.06298544996537,13.567799993325025
50,42,PointerNet:batch_greedy_mean,68.21503054776939,23.7723012201146,22.4877999862656
50,42,PointerNet:greedy_rollout,66.04074133652581,19.827176853348703,22.62870001140982
50,42,POMO,58.58051039733424,6.29101123761063,44.81990000931546
50,43,LKH,56.46227143871803,0.0,229.0062999818474
50,43,Attention:batch_greedy_mean,65.97361373338454,16.84548292569093,12.865700002294034
50,43,Attention:greedy_rollout,61.21011366066833,8.408875698710466,8.775199996307492
50,43,PointerNet:batch_greedy_mean,71.96214084333985,27.451728401406573,22.92359998682514
50,43,PointerNet:greedy_rollout,73.00967181860084,29.30700440885153,24.98570003081113
50,43,POMO,61.941583939443724,9.704378447956582,48.00070001510903
50,44,LKH,56.674598400665126,0.0,240.035800030455
50,44,Attention:batch_greedy_mean,67.52794851186184,19.150290284314284,9.68959997408092
50,44,Attention:greedy_rollout,66.50613589829678,17.34734391609958,12.11810001404956
50,44,PointerNet:batch_greedy_mean,71.04818087073387,25.36159562782197,26.63199999369681
50,44,PointerNet:greedy_rollout,71.34919367569167,25.89272035292326,27.856400003656745
50,44,POMO,65.46175427047373,15.50457544963474,55.60930003412068
50,45,LKH,58.127064720651944,0.0,299.67679997207597
50,45,Attention:batch_greedy_mean,68.49609385183999,17.83855624057348,12.195599963888526
50,45,Attention:greedy_rollout,67.36097944589929,15.885740609170362,11.775100021623075
50,45,PointerNet:batch_greedy_mean,76.31021393520524,31.28172616652534,28.027999971527606
50,45,PointerNet:greedy_rollout,71.77381762237562,23.47745059432723,31.88580001005903
50,45,POMO,63.79988349560318,9.759341542900488,49.57989999093115
50,46,LKH,56.092065864948964,0.0,216.61679999670014
50,46,Attention:batch_greedy_mean,67.52646221041911,20.38505119957673,10.32080000732094
50,46,Attention:greedy_rollout,66.01283173202607,17.686576014089074,10.414299962576479
50,46,PointerNet:batch_greedy_mean,80.67994317889072,43.8348578088409,23.154099995736033
50,46,PointerNet:greedy_rollout,71.12751908378324,26.80495536576358,25.596599967684597
50,46,POMO,58.77134004649295,4.776565348822754,49.51550002442673
50,47,LKH,58.67130774513818,0.0,260.4224000242539
50,47,Attention:batch_greedy_mean,68.95335457964318,17.52482981829738,13.682100048754364
50,47,Attention:greedy_rollout,67.47064701186841,14.997687293682985,12.972600001376122
50,47,PointerNet:batch_greedy_mean,80.86668859487762,37.83004283141902,27.992399991489947
50,47,PointerNet:greedy_rollout,72.00834515925237,22.731788205657256,23.92930001951754
50,47,POMO,60.991050304799,3.9537938539524893,47.90880001382902
50,48,LKH,56.99930608898186,0.0,261.76680001663044
50,48,Attention:batch_greedy_mean,69.45089450904437,21.845157905298507,9.714700048789382
50,48,Attention:greedy_rollout,66.18190843530571,16.110024799229755,9.914499998558313
50,48,PointerNet:batch_greedy_mean,78.26914628589066,37.31596339735147,18.447800015565008
50,48,PointerNet:greedy_rollout,74.33460439382895,30.413174289849927,22.24319998640567
50,48,POMO,58.39738300739899,2.4527963835815623,50.01740000443533
50,49,LKH,52.70821541542612,0.0,183.30420000711456
50,49,Attention:batch_greedy_mean,58.55477318027314,11.092308321893798,9.34899999992922
50,49,Attention:greedy_rollout,63.956874681400265,21.341377577131933,8.903499983716756
50,49,PointerNet:batch_greedy_mean,65.14514415110946,23.59580691104831,20.97090001916513
50,49,PointerNet:greedy_rollout,66.6838790056319,26.51515229657257,23.23150000302121
50,49,POMO,63.35804825668636,20.205261660487476,48.514500027522445
50,50,LKH,52.698784357224646,0.0,257.5788999674842
50,50,Attention:batch_greedy_mean,56.65035632533764,7.498411996236608,10.137300007045269
50,50,Attention:greedy_rollout,63.76193562416704,20.993181155659254,10.596100008115172
50,50,PointerNet:batch_greedy_mean,64.5815106712653,22.548387897322755,20.758300030138344
50,50,PointerNet:greedy_rollout,68.99007834285942,30.91398441983482,22.055599954910576
50,50,POMO,56.265104507211625,6.7673670151711205,52.032999985385686
50,51,LKH,57.796945324024385,0.0,310.0459999986924
50,51,Attention:batch_greedy_mean,69.82385564268938,20.80890305056621,12.022499984595925
50,51,Attention:greedy_rollout,62.1763427172526,7.577212547611643,12.582499999552965
50,51,PointerNet:batch_greedy_mean,78.64937628737947,36.078776908452596,26.86750004068017
50,51,PointerNet:greedy_rollout,71.52621674536007,23.75432013641188,22.35569996992126
50,51,POMO,62.00741749732492,7.284938935259571,39.117900014389306
50,52,LKH,54.27237989587333,0.0,313.01459996029735
50,52,Attention:batch_greedy_mean,61.9261410010448,14.10249766060735,11.675700021442026
50,52,Attention:greedy_rollout,60.73550887380607,11.908689079662366,8.719999983441085
50,52,PointerNet:batch_greedy_mean,68.34312503326966,25.926162007990765,25.54880001116544
50,52,PointerNet:greedy_rollout,65.11810924447087,19.98388382710708,19.051500014029443
50,52,POMO,58.65834168927583,8.081388363321052,47.087599989026785
50,53,LKH,60.90438921863818,0.0,247.7618000120856
50,53,Attention:batch_greedy_mean,68.74843000526232,12.879270094089836,9.867000044323504
50,53,Attention:greedy_rollout,68.71181672619875,12.819154099933591,14.506099978461862
50,53,PointerNet:batch_greedy_mean,76.38781183066735,25.422506999365613,25.38869995623827
50,53,PointerNet:greedy_rollout,77.72257024724375,27.614070585669403,24.579000019002706
50,53,POMO,67.81420723606456,11.345353111778378,39.293100009672344
50,54,LKH,58.843733302234234,0.0,280.6565999635495
50,54,Attention:batch_greedy_mean,72.68397053527836,23.520324861030918,11.971900006756186
50,54,Attention:greedy_rollout,67.58034248048209,14.847136114520005,12.705000001005828
50,54,PointerNet:batch_greedy_mean,79.57657559784666,35.23373030926509,23.767200007569045
50,54,PointerNet:greedy_rollout,77.04949902198773,30.939175164574817,19.927099987398833
50,54,POMO,64.82468926381954,10.164134098810164,50.78019999200478
50,55,LKH,59.00343725250409,0.0,216.25560004031286
50,55,Attention:batch_greedy_mean,69.40405501501023,17.62713876819903,11.79950003279373
50,55,Attention:greedy_rollout,68.76364711228938,16.541764877216647,12.372199969831854
50,55,PointerNet:batch_greedy_mean,82.23036443830951,39.36537982762974,28.336499992292374
50,55,PointerNet:greedy_rollout,74.31779465645177,25.955025871476217,20.123700029216707
50,55,POMO,63.78727129780617,8.107720953323028,50.91729998821393
50,56,LKH,56.69675271625512,0.0,245.64679997274652
50,56,Attention:batch_greedy_mean,68.34254271643132,20.54048855047976,9.912399982567877
50,56,Attention:greedy_rollout,64.39457592286718,13.577185355106005,8.815900015179068
50,56,PointerNet:batch_greedy_mean,77.22904571236738,36.214230996382256,20.389200013596565
50,56,PointerNet:greedy_rollout,71.03088852041482,25.282110733742364,25.746400002390146
50,56,POMO,57.995487626761836,2.2906689506652573,49.604700005147606
50,57,LKH,58.67978132107034,0.0,324.03650000924245
50,57,Attention:batch_greedy_mean,72.88660293029983,24.21076099703903,9.539699996821582
50,57,Attention:greedy_rollout,63.1146693468559,7.557778720271256,9.261699975468218
50,57,PointerNet:batch_greedy_mean,79.30144384884684,35.14270514224261,19.35430004959926
50,57,PointerNet:greedy_rollout,76.40949618103527,30.214350600517086,19.55850003287196
50,57,POMO,64.6596568986379,10.190691653822432,50.37910002283752
50,58,LKH,51.8962097184521,0.0,206.16920001339167
50,58,Attention:batch_greedy_mean,66.82858549851939,28.773538300925217,13.768999953754246
50,58,Attention:greedy_rollout,60.23003911063636,16.058647514716487,12.5166000216268
50,58,PointerNet:batch_greedy_mean,63.65859234692424,22.66520559456182,25.29080002568662
50,58,PointerNet:greedy_rollout,71.80535572911093,38.36339131252581,19.008599978405982
50,58,POMO,55.99057547649895,7.889527540180001,44.305299990810454
50,59,LKH,56.91734364514389,0.0,335.8466000063345
50,59,Attention:batch_greedy_mean,65.9351880611,15.843754888103446,15.424799988977611
50,59,Attention:greedy_rollout,67.36669976729219,18.35882606766703,8.809300023131073
50,59,PointerNet:batch_greedy_mean,71.82440751197504,26.19072309447632,27.853599982336164
50,59,PointerNet:greedy_rollout,72.22387328894987,26.892557985902986,22.228999994695187
50,59,POMO,63.614847755137504,11.767070775034384,47.334999951999635
50,60,LKH,58.50191904300178,0.0,305.2043999778107
50,60,Attention:batch_greedy_mean,66.8040451134808,14.191202966139539,9.636700036935508
50,60,Attention:greedy_rollout,69.40656721877897,18.639812768811474,10.903999966103584
50,60,PointerNet:batch_greedy_mean,81.18822052467148,38.778730429328576,25.357000005897135
50,60,PointerNet:greedy_rollout,76.04766018993925,29.99173605577023,24.542300030589104
50,60,POMO,66.79650848008879,14.178320254742555,35.24779999861494
50,61,LKH,56.35321993925602,0.0,249.44249994587153
50,61,Attention:batch_greedy_mean,70.32875803384557,24.799892729561847,10.218799987342209
50,61,Attention:greedy_rollout,59.18279859916386,5.021148149046112,12.253699998836964
50,61,PointerNet:batch_greedy_mean,73.33505761479503,30.13463595131563,21.102799975778908
50,61,PointerNet:greedy_rollout,71.26921058888362,26.468746001924597,25.343100016471
50,61,POMO,63.1417151974757,12.04633074301184,41.463300003670156
50,62,LKH,56.78808453235903,0.0,192.7167999674566
50,62,Attention:batch_greedy_mean,63.76455134940353,12.285089159978918,10.681199957616627
50,62,Attention:greedy_rollout,67.99815304784124,19.740177200543688,8.473600028082728
50,62,PointerNet:batch_greedy_mean,79.69140077310333,40.331200513892156,24.338899995200336
50,62,PointerNet:greedy_rollout,71.49828108873956,25.903667428681022,21.209599974099547
50,62,POMO,64.11726738232534,12.906198387075351,45.31600000336766
50,63,LKH,53.970055675419594,0.0,152.35370001755655
50,63,Attention:batch_greedy_mean,61.059587531517394,13.136046956732518,8.775700000114739
50,63,Attention:greedy_rollout,62.92889573500065,16.59964946758674,12.780999997630715
50,63,PointerNet:batch_greedy_mean,68.70601981891002,27.303963205288767,27.22589997574687
50,63,PointerNet:greedy_rollout,67.44030020729542,24.958737513422257,24.94430000660941
50,63,POMO,64.46813066152244,19.451666029842805,53.81220002891496
50,64,LKH,57.683867127878386,0.0,225.9110000450164
50,64,Attention:batch_greedy_mean,65.95470706377142,14.338220281864167,11.05730002745986
50,64,Attention:greedy_rollout,72.79802031505712,26.20169891465914,8.324599999468774
50,64,PointerNet:batch_greedy_mean,78.5680945666237,36.204624409884694,17.811300000175834
50,64,PointerNet:greedy_rollout,69.21804128891586,19.99549394888445,23.001599998679012
50,64,POMO,64.58633515775712,11.966028585733977,46.93599999882281
50,65,LKH,56.33979352398234,0.0,244.36680000508204
50,65,Attention:batch_greedy_mean,69.00470570082105,22.479514717155645,14.425100001972169
50,65,Attention:greedy_rollout,66.55901139868499,18.13854335542178,11.138299945741892
50,65,PointerNet:batch_greedy_mean,70.40976716966003,24.973420677675154,18.162699998356402
50,65,PointerNet:greedy_rollout,68.12875531155396,20.92475149479094,24.551299982704222
50,65,POMO,64.48879501361203,14.464024413154593,39.283799997065216
50,66,LKH,52.80676351805729,0.0,157.97709999606013
50,66,Attention:batch_greedy_mean,65.33202587406778,23.719049457987474,9.783399989828467
50,66,Attention:greedy_rollout,59.0645149929286,11.850284050700196,9.309199987910688
50,66,PointerNet:batch_greedy_mean,70.57267035934049,33.64324123974791,23.28640001360327
50,66,PointerNet:greedy_rollout,64.7198843070315,22.55983892082408,24.238099984358996
50,66,POMO,60.09060876625399,13.79339456338011,46.90199997276068
50,67,LKH,54.57117728699703,0.0,265.9779999521561
50,67,Attention:batch_greedy_mean,66.48977527213515,21.840463368522617,9.909900021739304
50,67,Attention:greedy_rollout,62.84567973089615,15.162770633263825,10.712700022850186
50,67,PointerNet:batch_greedy_mean,68.03843250248345,24.678329999480024,18.491299997549504
50,67,PointerNet:greedy_rollout,70.80697309819656,29.751595289603785,25.177699979394674
50,67,POMO,57.13421876306575,4.696694488721312,49.35340001247823
50,68,LKH,58.25870348138925,0.0,408.1605999963358
50,68,Attention:batch_greedy_mean,72.76915751299065,24.906929204555272,189.22210001619533
50,68,Attention:greedy_rollout,66.72868815855384,14.53857393148189,14.097800012677908
50,68,PointerNet:batch_greedy_mean,70.93252491869585,21.754382916116995,96.72380000120029
50,68,PointerNet:greedy_rollout,70.54343752740779,21.086521518527963,30.468699987977743
50,68,POMO,64.59035144825536,10.868158040778852,59.99789998168126
50,69,LKH,56.860246198872545,0.0,323.7506999867037
50,69,Attention:batch_greedy_mean,67.01453704174072,17.85833077006537,13.542399974539876
50,69,Attention:greedy_rollout,67.16071428009494,18.115412383540882,13.735299988184124
50,69,PointerNet:batch_greedy_mean,74.54073975888065,31.09464826826353,27.311499987263232
50,69,PointerNet:greedy_rollout,72.33357668338977,27.2129150310011,20.962100010365248
50,69,POMO,62.91681592197854,10.651676923667782,43.590999965090305
50,70,LKH,61.468046619800965,0.0,297.7099000127055
50,70,Attention:batch_greedy_mean,74.88188568523701,21.822458664425795,80.04869997967035
50,70,Attention:greedy_rollout,70.33360864186561,14.423041742160622,39.42889999598265
50,70,PointerNet:batch_greedy_mean,83.39622808493108,35.67411471648474,62.146399985067546
50,70,PointerNet:greedy_rollout,74.34104898529219,20.94259224652893,46.435600030235946
50,70,POMO,66.47896798947558,8.152075176015797,50.92740000691265
50,71,LKH,53.98232518840577,0.0,314.57859999500215
50,71,Attention:batch_greedy_mean,63.29962640788753,17.259910881873086,13.250099960714579
50,71,Attention:greedy_rollout,61.42283122059189,13.783226280486675,13.843799999449402
50,71,PointerNet:batch_greedy_mean,78.42738142497858,45.283444444558825,27.527900005225092
50,71,PointerNet:greedy_rollout,68.35894663965831,26.632090042576255,27.919800020754337
50,71,POMO,59.770194477314,10.721785822874006,45.780599990393966
50,72,LKH,58.62331362822409,0.0,260.0991000072099
50,72,Attention:batch_greedy_mean,67.22943171936824,14.680367857951904,13.427999976556748
50,72,Attention:greedy_rollout,65.84529340048128,12.319296411760975,8.571600017603487
50,72,PointerNet:batch_greedy_mean,68.94516576793944,17.60707728869478,24.668199999723583
50,72,PointerNet:greedy_rollout,72.75290917790853,24.102348835637596,26.25689998967573
50,72,POMO,66.81869878671685,13.979737157926719,48.59090002719313
50,73,LKH,54.28493894581202,0.0,263.84829997550696
50,73,Attention:batch_greedy_mean,63.32074352946502,16.645140915922667,9.31190000846982
50,73,Attention:greedy_rollout,58.48499452794651,7.737054998490543,10.956799960695207
50,73,PointerNet:batch_greedy_mean,75.25069073951869,38.62167334227818,22.922300035133958
50,73,PointerNet:greedy_rollout,67.8152776436215,24.92466411598187,24.62580002611503
50,73,POMO,59.391776053106234,9.407465876293841,55.72040000697598
50,74,LKH,52.163314671907806,0.0,170.82959995605052
50,74,Attention:batch_greedy_mean,62.56906665095341,19.94841018921972,10.65730000846088
50,74,Attention:greedy_rollout,57.48252207234987,10.197218934222924,8.950599993113428
50,74,PointerNet:batch_greedy_mean,66.20380284637221,26.91640334356631,23.279600020032376
50,74,PointerNet:greedy_rollout,66.25470354276324,27.013982833503203,22.393199964426458
50,74,POMO,56.4692430390823,8.254706193917203,47.63909999746829
50,75,LKH,54.961399252254,0.0,232.46510000899434
50,75,Attention:batch_greedy_mean,62.83571380111641,14.326990680717586,9.477499988861382
50,75,Attention:greedy_rollout,66.0978008693943,20.262223612663206,9.820299979764968
50,75,PointerNet:batch_greedy_mean,71.70976139827958,30.472954425989663,19.369499990716577
50,75,PointerNet:greedy_rollout,67.4423627885127,22.708598591122747,23.03880004910752
50,75,POMO,58.97333781385186,7.299556809287991,51.301200001034886
50,76,LKH,57.77453271514781,0.0,230.33220000797883
50,76,Attention:batch_greedy_mean,70.13039597607535,21.386349106183214,10.009600024204701
50,76,Attention:greedy_rollout,65.95798761388795,14.16446748100576,12.939899985212833
50,76,PointerNet:batch_greedy_mean,69.935097128462,21.048312884278577,25.038800027687103
50,76,PointerNet:greedy_rollout,73.63866610403169,27.45869614748868,22.120100038591772
50,76,POMO,62.73070232908214,8.578467676009236,48.16429998027161
50,77,LKH,57.935591574525084,0.0,195.34530001692474
50,77,Attention:batch_greedy_mean,67.66595884418706,16.795146135938527,12.577200017403811
50,77,Attention:greedy_rollout,68.27630870574285,17.848643381704406,12.117000005673617
50,77,PointerNet:batch_greedy_mean,77.88291326789529,34.430168314948666,22.214199998416007
50,77,PointerNet:greedy_rollout,77.38211554957981,33.56576406066349,20.048700040206313
50,77,POMO,66.24435846418217,14.341386121809347,47.97770001459867
50,78,LKH,59.33011491531194,0.0,382.5838000047952
50,78,Attention:batch_greedy_mean,71.61783560522848,20.710765026253675,12.966900016181171
50,78,Attention:greedy_rollout,68.7532069230736,15.8824772566381,11.506000009831041
50,78,PointerNet:batch_greedy_mean,76.63663387224626,29.16987263826764,29.598699999041855
50,78,PointerNet:greedy_rollout,75.74014394506024,27.65885259647996,27.82140002818778
50,78,POMO,65.62057545564622,10.602474897129916,52.64479998731986
50,79,LKH,57.331362634824025,0.0,226.38830001233146
50,79,Attention:batch_greedy_mean,63.63728350885532,10.99907726630759,11.181000038050115
50,79,Attention:greedy_rollout,63.11516731584439,10.088378184660804,12.456800031941384
50,79,PointerNet:batch_greedy_mean,75.91191446704204,32.40905322723287,24.279500008560717
50,79,PointerNet:greedy_rollout,72.67185384720827,26.75759044852385,19.95450002141297
50,79,POMO,62.17955577421015,8.456441494801055,42.50250000040978
50,80,LKH,56.69942611564735,0.0,236.44579999381676
50,80,Attention:batch_greedy_mean,66.02716771101761,16.451209887636033,9.173699945677072
50,80,Attention:greedy_rollout,66.85259265109116,17.907000530719372,8.577999949920923
50,80,PointerNet:batch_greedy_mean,75.5245157802801,33.20155238650217,22.300100012216717
50,80,PointerNet:greedy_rollout,75.64868179552329,33.42054228419521,25.438299984671175
50,80,POMO,63.16748950482798,11.407634666333308,47.83499997574836
50,81,LKH,55.29050894740414,0.0,250.30300003709272
50,81,Attention:batch_greedy_mean,64.03611671004666,15.817556989684963,9.680399962235242
50,81,Attention:greedy_rollout,65.08130578197688,17.707915917153827,8.521599986124784
50,81,PointerNet:batch_greedy_mean,73.11020800685755,32.2292187189028,20.454100042115897
50,81,PointerNet:greedy_rollout,67.54381640179403,22.161683239425447,20.71139996405691
50,81,POMO,63.02743665032852,13.993229308639995,44.860700028948486
50,82,LKH,55.92135821599,0.0,215.27099999366328
50,82,Attention:batch_greedy_mean,66.56019510441466,19.024639650799152,9.638899995479733
50,82,Attention:greedy_rollout,61.2037437382998,9.446096609290459,12.591700011398643
50,82,PointerNet:batch_greedy_mean,80.58544977778203,44.10495801359069,21.177599963266402
50,82,PointerNet:greedy_rollout,75.10050928641591,34.296647438977764,23.075500037521124
50,82,POMO,59.530545542168156,6.4540408912066765,46.23959999298677
50,83,LKH,59.18848464038539,0.0,231.25579999759793
50,83,Attention:batch_greedy_mean,69.49830384744028,17.418623351644847,10.607399977743626
50,83,Attention:greedy_rollout,67.00513668794369,13.206372988006615,10.994500014930964
50,83,PointerNet:batch_greedy_mean,80.82554715162367,36.55620285381476,23.186400008853525
50,83,PointerNet:greedy_rollout,77.19879248160187,30.428736181780398,28.116100002080202
50,83,POMO,63.29741649863951,6.942113627708111,46.983900014311075
50,84,LKH,59.70799732920125,0.0,343.52699998999014
50,84,Attention:batch_greedy_mean,74.3897306045543,24.589224110808843,9.272399998735636
50,84,Attention:greedy_rollout,67.58504228264368,13.192612892393946,10.359100007917732
50,84,PointerNet:batch_greedy_mean,75.64406724696725,26.690009095267698,20.415299979504198
50,84,PointerNet:greedy_rollout,73.45508877678833,23.02386960291469,19.557700026780367
50,84,POMO,62.06435460403501,3.946468446834581,47.74269997142255
50,85,LKH,52.07050743865685,0.0,250.84150000475347
50,85,Attention:batch_greedy_mean,59.87153454079633,14.981661377757282,10.109699971508235
50,85,Attention:greedy_rollout,58.07399548645386,11.529536282836487,10.763500002212822
50,85,PointerNet:batch_greedy_mean,68.42282269654008,31.40417879957776,25.315399980172515
50,85,PointerNet:greedy_rollout,62.43574523742134,19.906158608067255,25.60519997496158
50,85,POMO,59.7943427624585,14.833416657022092,41.49430000688881
50,86,LKH,56.32237077669288,0.0,246.5737999882549
50,86,Attention:batch_greedy_mean,64.9660797936353,15.346848681517738,14.670000004116446
50,86,Attention:greedy_rollout,60.10252385808171,6.7116370089895465,10.39200002560392
50,86,PointerNet:batch_greedy_mean,68.72580823919024,22.022221883511538,24.599900003522635
50,86,PointerNet:greedy_rollout,69.6275879704187,23.62332588320615,23.81699997931719
50,86,POMO,60.7090239242089,7.788473899488781,48.896800028160214
50,87,LKH,57.56009265859744,0.0,251.0797000140883
50,87,Attention:batch_greedy_mean,69.2146759430383,20.247679852718374,10.835899971425533
50,87,Attention:greedy_rollout,62.95114735642876,9.365959033122039,9.229700022842735
50,87,PointerNet:batch_greedy_mean,76.17565645535983,32.34109421465964,19.12020001327619
50,87,PointerNet:greedy_rollout,70.58557862287479,22.629369347152718,23.58280000044033
50,87,POMO,66.85832332767546,16.153953615446788,41.750799980945885
50,88,LKH,58.765870420985856,0.0,213.98499998031184
50,88,Attention:batch_greedy_mean,68.45391197607692,16.485830101193187,10.862299997825176
50,88,Attention:greedy_rollout,68.3456120367362,16.30153956220365,10.790099971927702
50,88,PointerNet:batch_greedy_mean,76.29810759070055,29.83404660582338,27.786799997556955
50,88,PointerNet:greedy_rollout,72.054753325399,22.61326652564575,28.62019999884069
50,88,POMO,66.902464786346,13.845782096089723,48.08430001139641
50,89,LKH,59.1218637233713,0.0,275.8968999842182
50,89,Attention:batch_greedy_mean,67.3996100102526,14.00115924222641,12.839799979701638
50,89,Attention:greedy_rollout,67.92831028467735,14.895414330155498,10.285200027283281
50,89,PointerNet:batch_greedy_mean,85.17671932923662,44.069746731555846,26.843300031032413
50,89,PointerNet:greedy_rollout,74.5236960036525,26.050992492973034,26.718500012066215
50,89,POMO,64.7798279883331,9.570003224923987,48.367900017183274
50,90,LKH,54.1720746071674,0.0,213.58550002332777
50,90,Attention:batch_greedy_mean,60.01389691860414,10.783826083455581,9.55179997254163
50,90,Attention:greedy_rollout,61.1724112027493,12.922408171267818,9.946200007107109
50,90,PointerNet:batch_greedy_mean,68.7740953427024,26.954885596356736,22.02390000456944
50,90,PointerNet:greedy_rollout,66.15515578859781,22.120402935140586,21.182199998293072
50,90,POMO,59.84459959745096,10.471308384288895,54.48710004566237
50,91,LKH,58.328158218905656,0.0,168.97689999314025
50,91,Attention:batch_greedy_mean,74.09014793565032,27.02295117495378,15.475200023502111
50,91,Attention:greedy_rollout,68.14016762734263,16.822079949125932,13.352600042708218
50,91,PointerNet:batch_greedy_mean,76.87315794337977,31.79424876553568,22.974300023633987
50,91,PointerNet:greedy_rollout,72.20542451200397,23.7917100708322,25.933499971870333
50,91,POMO,66.78333557294705,14.495875769485306,55.47160003334284
50,92,LKH,56.29819257111953,0.0,251.22239999473095
50,92,Attention:batch_greedy_mean,62.392413550120395,10.82489632558319,9.591400041244924
50,92,Attention:greedy_rollout,64.25166981940816,14.12741135204525,8.919899992179126
50,92,PointerNet:batch_greedy_mean,67.98964419831343,20.767010614815916,19.3231999874115
50,92,PointerNet:greedy_rollout,70.29271306588727,24.85785041338397,23.67450000019744
50,92,POMO,59.03928584259052,4.868883255902519,46.392799995373935
50,93,LKH,58.03782979326192,0.0,213.38779997313395
50,93,Attention:batch_greedy_mean,68.90725033050137,18.728165019191273,11.729100020602345
50,93,Attention:greedy_rollout,66.62412145538934,14.794301738560655,12.236899987328798
50,93,PointerNet:batch_greedy_mean,70.90404824599003,22.168676014522255,21.9855000032112
50,93,PointerNet:greedy_rollout,71.38071195533693,22.98997431434643,26.523199980147183
50,93,POMO,62.62867164462602,7.910085314556479,45.04389996873215
50,94,LKH,52.98518344181956,0.0,263.0964000127278
50,94,Attention:batch_greedy_mean,63.593076565020006,20.020489567330568,11.662199976854026
50,94,Attention:greedy_rollout,63.25004620213011,19.373081479621362,12.271599960513413
50,94,PointerNet:batch_greedy_mean,73.81470430868545,39.311972732410695,25.227700010873377
50,94,PointerNet:greedy_rollout,69.29318398645289,30.778416691791488,23.483800003305078
50,94,POMO,59.38255738721402,12.073892227662299,47.529199975542724
50,95,LKH,60.70784096918352,0.0,283.2996000070125
50,95,Attention:batch_greedy_mean,78.40046923703498,29.143893087603928,9.73719998728484
50,95,Attention:greedy_rollout,66.87527095317661,10.159198359770025,8.5209000390023
50,95,PointerNet:batch_greedy_mean,77.01270231362442,26.857916677876187,21.58249996136874
50,95,PointerNet:greedy_rollout,74.34469006305874,22.463077052596127,18.92429997678846
50,95,POMO,64.5707650000015,6.363138548740144,38.48739998647943
50,96,LKH,55.93558963711808,0.0,354.7231999691576
50,96,Attention:batch_greedy_mean,65.13115465671692,16.439560357287785,12.451799993868917
50,96,Attention:greedy_rollout,63.76499866043914,13.99718689677596,10.779500007629395
50,96,PointerNet:batch_greedy_mean,67.89660034045328,21.383542715706064,21.496100001968443
50,96,PointerNet:greedy_rollout,68.14869387086681,21.83422810590037,24.04360001673922
50,96,POMO,62.950229345685734,12.540566308633029,46.74160003196448
50,97,LKH,55.017957047961026,0.0,310.8372999704443
50,97,Attention:batch_greedy_mean,65.4945593631182,19.042150740029047,11.991099978331476
50,97,Attention:greedy_rollout,63.38489234999279,15.207644469128546,12.566399993374944
50,97,PointerNet:batch_greedy_mean,71.49678195786788,29.951720845508135,22.73809997132048
50,97,PointerNet:greedy_rollout,67.71194533943572,23.072445747865387,25.017400039359927
50,97,POMO,63.41980462638101,15.271100617378078,45.81560002407059
50,98,LKH,58.75754924836815,0.0,252.0846000406891
50,98,Attention:batch_greedy_mean,68.53832819495796,16.64599540264427,10.044199996627867
50,98,Attention:greedy_rollout,67.15027776621595,14.283659930014675,9.525400004349649
50,98,PointerNet:batch_greedy_mean,78.27318050520118,33.213827851022955,21.11709996825084
50,98,PointerNet:greedy_rollout,74.05342004266777,26.03217967727683,23.906300019007176
50,98,POMO,64.93374332931337,10.511320094101357,43.80470002070069
50,99,LKH,57.32424530566815,0.0,310.6127000064589
50,99,Attention:batch_greedy_mean,66.21329306197471,15.506611048968526,10.246099962387234
50,99,Attention:greedy_rollout,68.29771668540891,19.142810029556063,10.354199970606714
50,99,PointerNet:batch_greedy_mean,69.68989791732365,21.57141807226339,22.78580004349351
50,99,PointerNet:greedy_rollout,75.02807975347731,30.883676450352905,25.60800005448982
50,99,POMO,63.181349499230244,10.217499004706394,43.023800011724234
50,100,LKH,59.64657740460806,0.0,363.8234999962151
50,100,Attention:batch_greedy_mean,73.00834993324347,22.401574591609556,11.325799976475537
50,100,Attention:greedy_rollout,64.55173005553577,8.223695079189502,12.287499965168536
50,100,PointerNet:batch_greedy_mean,78.25109915928915,31.191264552329173,25.887699972372502
50,100,PointerNet:greedy_rollout,76.31011363051658,27.93712053731546,20.481000014115125
50,100,POMO,62.83494312271733,5.3454294560461175,38.31430000718683
50,101,LKH,57.22417087509633,0.0,249.32359997183084
50,101,Attention:batch_greedy_mean,72.40334456349977,26.52580798686477,9.94459999492392
50,101,Attention:greedy_rollout,67.18406302540129,17.405044053926964,13.399299990851432
50,101,PointerNet:batch_greedy_mean,90.7480878931855,58.58349104133305,26.106200006324798
50,101,PointerNet:greedy_rollout,76.46276742214738,33.61970344497135,26.014800008852035
50,101,POMO,62.59563161937226,9.386699120552166,45.256300014443696
50,102,LKH,58.021675288909464,0.0,263.8168000266887
50,102,Attention:batch_greedy_mean,67.00104619937973,15.475890459485967,19.356800010427833
50,102,Attention:greedy_rollout,66.1637578157613,14.032829087250006,13.803699985146523
50,102,PointerNet:batch_greedy_mean,73.14185598594419,26.059538304859785,24.64230003533885
50,102,PointerNet:greedy_rollout,68.79502746228573,18.567806116821203,25.57550003984943
50,102,POMO,60.23097048621952,3.80770666532676,48.72680001426488
50,103,LKH,58.339507099657176,0.0,301.3646000181325
50,103,Attention:batch_greedy_mean,62.872572056183834,7.770146135762084,9.738199994899333
50,103,Attention:greedy_rollout,63.673546126312054,9.143099233840154,9.91929997690022
50,103,PointerNet:batch_greedy_mean,74.06165814925669,26.949406724918834,22.44359999895096
50,103,PointerNet:greedy_rollout,72.4591222394797,24.202493030499898,18.68149999063462
50,103,POMO,61.385827148992156,5.2217102968168225,45.28759996173903
50,104,LKH,58.64842357800426,0.0,415.23879999294877
50,104,Attention:batch_greedy_mean,70.45842778386363,20.13695080849306,13.905500003602356
50,104,Attention:greedy_rollout,68.14898832966097,16.199181788783548,12.1878000209108
50,104,PointerNet:batch_greedy_mean,74.12248887084027,26.38445221337452,20.786400011274964
50,104,PointerNet:greedy_rollout,81.04501976930509,38.18789120821405,18.60730000771582
50,104,POMO,64.51468941351031,10.002427137199568,47.17480001272634
50,105,LKH,58.60094982061809,0.0,290.0975999655202
50,105,Attention:batch_greedy_mean,69.41915772903405,18.46080642298685,15.225999988615513
50,105,Attention:greedy_rollout,64.28692925811406,9.702879313221333,12.427999987266958
50,105,PointerNet:batch_greedy_mean,79.88747160013419,36.32453372287607,20.457099948544055
50,105,PointerNet:greedy_rollout,71.84439472651405,22.599369031449392,25.141699996311218
50,105,POMO,64.55050950860142,10.152667672103235,45.13400001451373
50,106,LKH,53.06759930246462,0.0,177.63600003672764
50,106,Attention:batch_greedy_mean,77.86626242497596,46.73032782426924,9.801900014281273
50,106,Attention:greedy_rollout,62.391494371995876,17.56984523906704,12.86030001938343
50,106,PointerNet:batch_greedy_mean,72.41607237454181,36.46004968455128,21.88950002891943
50,106,PointerNet:greedy_rollout,64.36485450617386,21.288423354746623,19.100299978163093
50,106,POMO,59.08877546628829,11.346238086832065,52.36889998195693
50,107,LKH,59.61336305033364,0.0,258.0520000192337
50,107,Attention:batch_greedy_mean,67.90507412839345,13.909148308004083,10.380599997006357
50,107,Attention:greedy_rollout,71.35937400384714,19.703654268919422,12.439799960702658
50,107,PointerNet:batch_greedy_mean,78.17197102790607,31.1316238976532,25.842599978204817
50,107,PointerNet:greedy_rollout,80.15569417157823,34.45927233445963,21.73789998050779
50,107,POMO,65.96760435695037,10.659088804051581,45.21740000927821
50,108,LKH,57.33475416432003,0.0,205.81399998627603
50,108,Attention:batch_greedy_mean,72.53149194687822,26.505281140658077,11.336399998981506
50,108,Attention:greedy_rollout,65.55171726479448,14.331557220817281,9.21109999762848
50,108,PointerNet:batch_greedy_mean,81.66533121902938,42.4360013561382,21.184600016567856
50,108,PointerNet:greedy_rollout,73.17393098787095,27.62578658339794,23.356500023510307
50,108,POMO,63.88137882459914,11.41824841790834,46.213499968871474
50,109,LKH,58.2866198702893,0.0,294.1835999954492
50,109,Attention:batch_greedy_mean,71.29023967112032,22.309785384311525,9.443200018722564
50,109,Attention:greedy_rollout,65.59346498363152,12.536059098302202,10.997699981089681
50,109,PointerNet:batch_greedy_mean,78.56624974272972,34.79294204668343,24.257199955172837
50,109,PointerNet:greedy_rollout,78.7533836906024,35.114000204265956,24.664899974595755
50,109,POMO,62.951009485072746,8.002504906209266,46.868500008713454
50,110,LKH,53.632454825654925,0.0,278.84559996891767
50,110,Attention:batch_greedy_mean,66.81464008550435,24.578746773201527,14.739899954292923
50,110,Attention:greedy_rollout,58.22781433876672,8.568243851694103,12.660000007599592
50,110,PointerNet:batch_greedy_mean,74.63918330977539,39.16794141235534,27.751000015996397
50,110,PointerNet:greedy_rollout,67.4173323100825,25.702492136969312,29.375000041909516
50,110,POMO,63.57974816444961,18.547152784877614,51.224199996795505
50,111,LKH,57.59281994295196,0.0,324.9095999635756
50,111,Attention:batch_greedy_mean,69.03246668868407,19.86297381698542,10.899399989284575
50,111,Attention:greedy_rollout,66.26146429171463,15.051606011564141,9.789899981115013
50,111,PointerNet:batch_greedy_mean,81.6593035318609,41.78729850829977,17.19280000543222
50,111,PointerNet:greedy_rollout,77.43463701203878,34.451893636638985,16.90210000379011
50,111,POMO,60.95201535774712,5.832663547509186,43.079900031443685
50,112,LKH,60.39876956856113,0.0,310.04979996941984
50,112,Attention:batch_greedy_mean,71.62081111386289,18.57991748087377,9.812899981625378
50,112,Attention:greedy_rollout,69.0821006225838,14.376668789859801,10.541199997533113
50,112,PointerNet:batch_greedy_mean,77.55364834663344,28.40269578438862,23.16779998363927
50,112,PointerNet:greedy_rollout,69.53419393100403,15.125182893126492,20.811199967283756
50,112,POMO,63.54719934319396,5.212738267886267,47.74170002201572
50,113,LKH,57.190863643501565,0.0,253.9711000281386
50,113,Attention:batch_greedy_mean,66.8943019542304,16.966763032667384,11.428300000261515
50,113,Attention:greedy_rollout,66.70416044669118,16.634294705690426,12.662600027397275
50,113,PointerNet:batch_greedy_mean,74.41981237030294,30.125351549502344,25.97550000064075
50,113,PointerNet:greedy_rollout,75.47196101808063,31.9650661135912,25.254899985156953
50,113,POMO,60.233819410339194,5.320702596494871,45.731799968052655
50,114,LKH,60.798178509509256,0.0,288.272500038147
50,114,Attention:batch_greedy_mean,71.25140044244588,17.193314321582303,10.779400006867945
50,114,Attention:greedy_rollout,68.57000495056597,12.782992240205271,10.555799992289394
50,114,PointerNet:batch_greedy_mean,88.84633164980949,46.13321291510946,22.949700010940433
50,114,PointerNet:greedy_rollout,81.00853878012333,33.24172000885361,25.41819994803518
50,114,POMO,64.58671977514005,6.231340080424027,49.10629999358207
50,115,LKH,55.34015151427746,0.0,283.25799998128787
50,115,Attention:batch_greedy_mean,63.1967643337409,14.196948516551277,10.575099964626133
50,115,Attention:greedy_rollout,67.85738738232999,22.61872352269067,12.283199990633875
50,115,PointerNet:batch_greedy_mean,75.41341983887824,36.272521442992414,25.466399965807796
50,115,PointerNet:greedy_rollout,65.28638201373212,17.972900737159332,21.902300009969622
50,115,POMO,58.42270176687795,5.570187591201679,47.180900000967085
50,116,LKH,52.5938362261956,0.0,232.82879998441786
50,116,Attention:batch_greedy_mean,59.94709347114097,13.981214858183144,10.099300008732826
50,116,Attention:greedy_rollout,55.54809009315623,5.617110442856797,8.225500001572073
50,116,PointerNet:batch_greedy_mean,69.64706731235243,32.42439097390479,21.810100006405264
50,116,PointerNet:greedy_rollout,66.09632112404041,25.67313180915977,16.981000022497028
50,116,POMO,56.39497616416525,7.227348698470496,49.286299967207015
50,117,LKH,56.59116951861696,0.0,242.38419998437166
50,117,Attention:batch_greedy_mean,70.67973804344292,24.895347886724995,13.685400015674531
50,117,Attention:greedy_rollout,70.32069830959057,24.260903083928966,9.055100032128394
50,117,PointerNet:batch_greedy_mean,75.28777057354583,33.03801850000325,26.818200014531612
50,117,PointerNet:greedy_rollout,71.84652529756829,26.957131136745172,21.190800005570054
50,117,POMO,66.31782231032282,17.18758045547382,34.99429998919368
50,118,LKH,58.17025763133776,0.0,207.75509998202324
50,118,Attention:batch_greedy_mean,69.02958063384432,18.66817071935464,10.59639995219186
50,118,Attention:greedy_rollout,71.82972757958322,23.481879751701086,9.109200036618859
50,118,PointerNet:batch_greedy_mean,77.63962367293873,33.469623196429396,18.93650001147762
50,118,PointerNet:greedy_rollout,74.02078737114873,27.248512186873818,20.858599978964776
50,118,POMO,66.6951418837473,14.655056724068846,39.67309999279678
50,119,LKH,48.90371917609479,0.0,192.47189996531233
50,119,Attention:batch_greedy_mean,58.427760495972436,19.475085904168218,8.317400002852082
50,119,Attention:greedy_rollout,55.369417975724126,13.221282365759029,9.639500000048429
50,119,PointerNet:batch_greedy_mean,67.56671135371677,38.16272564141678,21.157699986360967
50,119,PointerNet:greedy_rollout,64.0989923627734,31.071815073947167,21.737599978223443
50,119,POMO,53.2559355943157,8.899561202184335,49.10439997911453
50,120,LKH,62.09012831643933,0.0,286.3114000065252
50,120,Attention:batch_greedy_mean,75.24047464859247,21.17944782644518,13.87219998287037
50,120,Attention:greedy_rollout,68.9963449062136,11.122889865160307,12.266399979125708
50,120,PointerNet:batch_greedy_mean,77.0689548750688,24.12432856039627,24.906899954658
50,120,PointerNet:greedy_rollout,77.28603259912082,24.47394568946015,25.084500026423484
50,120,POMO,68.3438718828536,10.072041620758732,41.53370001586154
50,121,LKH,60.0637530309917,0.0,347.447199979797
50,121,Attention:batch_greedy_mean,70.58251311213438,17.512658717338574,11.595299991313368
50,121,Attention:greedy_rollout,70.55933649645876,17.474072024855897,9.801599953789264
50,121,PointerNet:batch_greedy_mean,71.57952521667578,19.172581806105537,21.66990004479885
50,121,PointerNet:greedy_rollout,69.44392571575183,15.6170272608842,23.08949996950105
50,121,POMO,66.75547312952008,11.141028924841894,46.04220000328496
50,122,LKH,61.33172274452144,0.0,231.82589997304603
50,122,Attention:batch_greedy_mean,70.160994282522,14.395929452004907,9.441800008062273
50,122,Attention:greedy_rollout,74.27317381858337,21.100746065734715,8.629899995867163
50,122,PointerNet:batch_greedy_mean,73.57663304175944,19.96505193282181,21.830899990163743
50,122,PointerNet:greedy_rollout,76.87766892250308,25.34731698755405,26.127499993890524
50,122,POMO,67.98726209260418,10.851707811643458,42.17359999893233
50,123,LKH,56.15506519498304,0.0,242.38870001863688
50,123,Attention:batch_greedy_mean,67.1839316892065,19.640020817229498,9.00980003643781
50,123,Attention:greedy_rollout,63.33699510222519,12.789460545197251,9.335100010503083
50,123,PointerNet:batch_greedy_mean,77.5418070253217,38.08515181324976,20.8938000141643
50,123,PointerNet:greedy_rollout,67.69087403086509,20.542775252467653,23.65210000425577
50,123,POMO,59.9502813747207,6.7584574366707955,43.20539999753237
50,124,LKH,53.17479654377254,0.0,291.29399999510497
50,124,Attention:batch_greedy_mean,59.26725764804476,11.457422501385633,9.670100000221282
50,124,Attention:greedy_rollout,58.91014004109459,10.78583063801819,12.879300047643483
50,124,PointerNet:batch_greedy_mean,65.78476116076507,23.714175580553917,26.672400010284036
50,124,PointerNet:greedy_rollout,67.31522799014391,26.592356464836165,21.562200039625168
50,124,POMO,57.216945705354085,7.601626003879722,38.76289998879656
50,125,LKH,63.37738603339519,0.0,247.13560001691803
50,125,Attention:batch_greedy_mean,74.09217469631633,16.906327845826972,11.427099991124123
50,125,Attention:greedy_rollout,69.00422856489165,8.87831272897801,11.511299991980195
50,125,PointerNet:batch_greedy_mean,80.25013547121887,26.622665423488733,19.815699954051524
50,125,PointerNet:greedy_rollout,75.02272994561997,18.374604320362074,22.55320001859218
50,125,POMO,67.64114511985012,6.72757169916766,55.59449997963384
50,126,LKH,57.15869660148995,0.0,308.7240000022575
50,126,Attention:batch_greedy_mean,69.57108825172318,21.71566601102251,10.041400033514947
50,126,Attention:greedy_rollout,63.02749875221248,10.267557694045719,8.999600016977638
50,126,PointerNet:batch_greedy_mean,70.47236998245639,23.292471964133956,22.01959997182712
50,126,PointerNet:greedy_rollout,75.11586720214254,31.416340239263786,25.92520002508536
50,126,POMO,61.397527248937834,7.415898016361329,45.46150000533089
50,127,LKH,55.95695738654295,0.0,246.71410000883043
50,127,Attention:batch_greedy_mean,70.06451265753786,25.211440953699217,9.650000021792948
50,127,Attention:greedy_rollout,63.535411734733714,13.543363867766868,11.619900004006922
50,127,PointerNet:batch_greedy_mean,73.01173996396749,30.478395134339497,23.280699970200658
50,127,PointerNet:greedy_rollout,68.5101171183837,22.433599534594514,22.743200010154396
50,127,POMO,61.817352213686355,10.473040531243688,50.46030000085011
50,128,LKH,57.18149831317777,0.0,266.9262000126764
50,128,Attention:batch_greedy_mean,68.72365674204553,20.185127653795345,13.72409996110946
50,128,Attention:greedy_rollout,64.32460296349178,12.491985801407115,12.587499979417771
50,128,PointerNet:batch_greedy_mean,71.65632337068,25.31382612296193,25.623800000175834
50,128,PointerNet:greedy_rollout,73.66651763547239,28.82928885844805,21.298900013789535
50,128,POMO,63.394597192964284,10.86557551492958,45.85300001781434
50,129,LKH,53.179916067318516,0.0,289.5231999573298
50,129,Attention:batch_greedy_mean,64.12323610091427,20.577918964262757,13.759099994786084
50,129,Attention:greedy_rollout,63.765707442119805,19.90561880804987,10.988299967721105
50,129,PointerNet:batch_greedy_mean,77.0395881822802,44.865945415856984,25.269699981436133
50,129,PointerNet:greedy_rollout,68.59947074882602,28.995071488996814,18.846399965696037
50,129,POMO,59.81941130491802,12.484967500126947,42.302099987864494
50,130,LKH,56.425937805864045,0.0,248.56789998011664
50,130,Attention:batch_greedy_mean,69.14674258275384,22.544250519426537,9.441800008062273
50,130,Attention:greedy_rollout,63.34559743627574,12.263260300996842,8.881299989297986
50,130,PointerNet:batch_greedy_mean,70.32004912651485,24.623624986888316,20.963899965863675
50,130,PointerNet:greedy_rollout,67.40346658578434,19.45475645914646,20.191799965687096
50,130,POMO,63.63672432839096,12.77920545571781,49.06819999450818
50,131,LKH,56.138519391974505,0.0,221.13550000358373
50,131,Attention:batch_greedy_mean,72.57662545216483,29.28133167427337,13.135400018654764
50,131,Attention:greedy_rollout,64.7627499300186,15.362411818928386,13.243100023828447
50,131,PointerNet:batch_greedy_mean,75.94786461394047,35.28654734132137,28.12530001392588
50,131,PointerNet:greedy_rollout,67.50556575963796,20.24821190650866,32.749999954830855
50,131,POMO,60.45343745999944,7.686198558064914,49.221099994610995
50,132,LKH,54.37684143873447,0.0,218.44309999141842
50,132,Attention:batch_greedy_mean,61.19727697746898,12.542904954159548,11.129599995911121
50,132,Attention:greedy_rollout,62.53649468847579,15.00575067225019,10.16529998742044
50,132,PointerNet:batch_greedy_mean,75.51123568011805,38.86653524220483,24.029699969105422
50,132,PointerNet:greedy_rollout,66.72587016099206,22.71008833084033,23.579399974551052
50,132,POMO,60.42237959422235,11.117854578404094,49.33239996898919
50,133,LKH,54.38024021928587,0.0,300.20169995259494
50,133,Attention:batch_greedy_mean,64.85257584016354,19.25761191684415,11.67789997998625
50,133,Attention:greedy_rollout,63.180497730412995,16.182822061176058,10.923699999693781
50,133,PointerNet:batch_greedy_mean,64.28308204591089,18.2103679327128,29.916799976490438
50,133,PointerNet:greedy_rollout,71.67764069817311,31.808245806080027,28.81549997255206
50,133,POMO,56.925316599488546,4.680149204821042,49.82509999535978
50,134,LKH,56.54251034857098,0.0,317.55559996236116
50,134,Attention:batch_greedy_mean,66.03214932183717,16.78319359144977,10.46760001918301
50,134,Attention:greedy_rollout,67.01942623368163,18.529272613690097,12.037299980875105
50,134,PointerNet:batch_greedy_mean,81.86548577616372,44.78572895239828,23.519799986388534
50,134,PointerNet:greedy_rollout,73.05009635330241,29.19500019183112,21.433399990200996
50,134,POMO,59.896615369754194,5.932005849237972,50.69050000747666
50,135,LKH,56.40666241488667,0.0,356.53709998587146
50,135,Attention:batch_greedy_mean,64.19122299856639,13.800782124675479,13.401600008364767
50,135,Attention:greedy_rollout,62.06743299755787,10.035641784714482,9.583800041582435
50,135,PointerNet:batch_greedy_mean,73.14480576833992,29.674053802970224,25.952500000130385
50,135,PointerNet:greedy_rollout,75.39224925781548,33.65841202105621,24.265400017611682
50,135,POMO,62.39248000696139,10.611898197499036,50.38020003121346
50,136,LKH,55.787225292765584,0.0,231.89420002745464
50,136,Attention:batch_greedy_mean,62.74007159421882,12.463151312805785,11.71809999505058
50,136,Attention:greedy_rollout,62.98258980959491,12.89787129413374,13.231799995992333
50,136,PointerNet:batch_greedy_mean,75.1842625813047,34.76967565019674,27.142400038428605
50,136,PointerNet:greedy_rollout,69.53308842039866,24.63980428403851,30.661500000860542
50,136,POMO,59.277260955778104,6.25597642595984,49.56730001140386
50,137,LKH,55.85335605281677,0.0,326.42110000597313
50,137,Attention:batch_greedy_mean,63.06092288157153,12.904447177603876,11.206700000911951
50,137,Attention:greedy_rollout,61.926070464721725,10.872604335829696,12.91509997099638
50,137,PointerNet:batch_greedy_mean,72.57098596258018,29.931289883377232,28.685799974482507
50,137,PointerNet:greedy_rollout,70.70162724073597,26.584384963149194,24.84670002013445
50,137,POMO,63.46814935187204,13.633546553325235,50.34459999296814
50,138,LKH,61.93470391348386,0.0,251.24339998001233
50,138,Attention:batch_greedy_mean,74.07387610841359,19.599951929837026,10.460999968927354
50,138,Attention:greedy_rollout,67.2834460049164,8.636098590063755,8.373000018764287
50,138,PointerNet:batch_greedy_mean,75.99778967681536,22.70630983071482,27.410699985921383
50,138,PointerNet:greedy_rollout,80.82975177180865,30.508013543939995,28.347099956590682
50,138,POMO,66.88524925877489,7.993168663898699,47.859800048172474
50,139,LKH,59.66389722982878,0.0,288.4264999884181
50,139,Attention:batch_greedy_mean,75.61759869223069,26.739288251565817,12.531000014860183
50,139,Attention:greedy_rollout,66.08959008718787,10.769817520647294,12.957600003574044
50,139,PointerNet:batch_greedy_mean,81.4985555822204,36.596098086390946,27.805499965324998
50,139,PointerNet:greedy_rollout,78.94219838527572,32.311501679459205,28.55489996727556
50,139,POMO,62.362583117267405,4.523147184038506,50.2192999701947
50,140,LKH,55.714677015628915,0.0,265.7160999951884
50,140,Attention:batch_greedy_mean,62.93933333346929,12.967240778966982,10.219099989626557
50,140,Attention:greedy_rollout,61.47507179120421,10.3390974948296,12.604599993210286
50,140,PointerNet:batch_greedy_mean,68.84382654520634,23.564974676052554,27.15949999401346
50,140,PointerNet:greedy_rollout,70.98490925257732,27.407916647645376,26.65710001019761
50,140,POMO,61.096706412536854,9.65998491815395,52.65170003985986
50,141,LKH,56.932128039004965,0.0,204.09559999825433
50,141,Attention:batch_greedy_mean,70.92593562687127,24.579807693608352,11.587000044528395
50,141,Attention:greedy_rollout,69.22659824356641,21.594959872461367,10.773600020911545
50,141,PointerNet:batch_greedy_mean,73.6259954036893,29.322401848824526,27.00210001785308
50,141,PointerNet:greedy_rollout,69.81817489649055,22.63405093281807,25.69999999832362
50,141,POMO,62.98401542299301,10.630003817601578,45.8199999993667
50,142,LKH,54.75499607106108,0.0,202.14449998456985
50,142,Attention:batch_greedy_mean,74.35994151805451,35.8048522577741,13.786099967546761
50,142,Attention:greedy_rollout,63.3799702592032,15.751940109626927,12.164899962954223
50,142,PointerNet:batch_greedy_mean,75.42868499461179,37.75671702490924,23.922400025185198
50,142,PointerNet:greedy_rollout,70.57075727452116,28.884599284665036,25.192700035404414
50,142,POMO,61.48050258585826,12.282909318573987,47.52939997706562
50,143,LKH,57.79503852298931,0.0,279.92330002598464
50,143,Attention:batch_greedy_mean,61.89939690805392,7.1015756541662505,9.447799995541573
50,143,Attention:greedy_rollout,67.00625796619619,15.937733893096903,9.404299955349416
50,143,PointerNet:batch_greedy_mean,74.07385434660775,28.166458989629646,21.774900029413402
50,143,PointerNet:greedy_rollout,74.2171844725863,28.41445627389746,24.44519998971373
50,143,POMO,61.97774643198298,7.2371401004082765,47.95249999733642
50,144,LKH,59.90077544584367,0.0,441.1377999931574
50,144,Attention:batch_greedy_mean,64.71006373927192,8.028757987910067,15.557700011413544
50,144,Attention:greedy_rollout,68.8510905670686,14.941901927992419,14.16099997004494
50,144,PointerNet:batch_greedy_mean,76.07228070530886,26.997155110430672,32.49169996706769
50,144,PointerNet:greedy_rollout,76.62650891879204,27.92239891463528,192.96690000919625
50,144,POMO,62.19308675533751,3.8268474697231927,126.2601999915205
50,145,LKH,58.57385381998003,0.0,621.0279999650083
50,145,Attention:batch_greedy_mean,72.65944331940521,24.047571707874326,13.63810000475496
50,145,Attention:greedy_rollout,63.648271524162354,8.663281265012817,12.361400004010648
50,145,PointerNet:batch_greedy_mean,85.87715531931275,46.61346269488475,41.3475000532344
50,145,PointerNet:greedy_rollout,75.28431694903018,28.52887771463328,48.77860000124201
50,145,POMO,62.15022817587125,6.105752178920635,48.037200001999736
50,146,LKH,55.22401724219281,0.0,204.6713000163436
50,146,Attention:batch_greedy_mean,68.99821201782616,24.94239909281619,13.609500019811094
50,146,Attention:greedy_rollout,67.56044004405823,22.338872501365255,11.067999992519617
50,146,PointerNet:batch_greedy_mean,74.63180227184814,35.143739986426056,26.6958000138402
50,146,PointerNet:greedy_rollout,70.9616237828415,28.497757545651147,21.470500039868057
50,146,POMO,58.6344886798071,6.175703268121879,52.75859998073429
50,147,LKH,54.95122096999904,0.0,239.8043000139296
50,147,Attention:batch_greedy_mean,66.5167734743708,21.046943635130578,12.424100015778095
50,147,Attention:greedy_rollout,64.14739700189732,16.73516233045847,11.353300011251122
50,147,PointerNet:batch_greedy_mean,71.73951815509278,30.55127236255481,29.60369997890666
50,147,PointerNet:greedy_rollout,72.16685390886286,31.328936163698344,34.40780000528321
50,147,POMO,59.79687520179522,8.818101119976369,52.387200004886836
50,148,LKH,59.68224492547902,0.0,252.38070002524182
50,148,Attention:batch_greedy_mean,67.32765298641317,12.810188474780782,9.40080004511401
50,148,Attention:greedy_rollout,69.53797571648067,16.513673041802978,12.331800011452287
50,148,PointerNet:batch_greedy_mean,74.7144145522215,25.187004351984555,20.820100035052747
50,148,PointerNet:greedy_rollout,74.40340365773244,24.665893098751038,22.919500013813376
50,148,POMO,61.87360604387988,3.671713624608223,44.70720002427697
50,149,LKH,54.56718030540683,0.0,209.04070005053654
50,149,Attention:batch_greedy_mean,65.21805759889276,19.518833910555898,11.416100023780018
50,149,Attention:greedy_rollout,63.564212185836,16.487991188244873,12.114100041799247
50,149,PointerNet:batch_greedy_mean,70.68610576382386,29.539597553329827,26.949699968099594
50,149,PointerNet:greedy_rollout,71.55823093559957,31.137857105856664,30.90309997787699
50,149,POMO,57.37711085634411,5.149488273373101,49.09749998478219
50,150,LKH,57.56230321017817,0.0,308.4281999617815
50,150,Attention:batch_greedy_mean,69.18400375551042,20.189776810871766,13.651099987328053
50,150,Attention:greedy_rollout,67.11359093705693,16.592956143544125,8.403300016652793
50,150,PointerNet:batch_greedy_mean,78.60462662982741,36.55573569184169,18.14390002982691
50,150,PointerNet:greedy_rollout,68.73214551882553,19.40478696250693,22.836699965409935
50,150,POMO,60.80479132881017,5.633006217268004,46.924700029194355
50,151,LKH,55.69042000331979,0.0,238.3339999942109
50,151,Attention:batch_greedy_mean,71.9663612264525,29.225746945637127,12.930599972605705
50,151,Attention:greedy_rollout,65.72883963580753,18.025397603195202,13.322299986612052
50,151,PointerNet:batch_greedy_mean,83.12579042494473,49.264075257449086,23.523100011516362
50,151,PointerNet:greedy_rollout,78.72814410405329,41.36748133585667,27.754099981393665
50,151,POMO,65.58760375321674,17.77178866545982,43.804300017654896
50,152,LKH,56.70702829096651,0.0,311.71989999711514
50,152,Attention:batch_greedy_mean,65.70678264335761,15.87061537806729,10.55780000751838
50,152,Attention:greedy_rollout,63.745825336928974,12.412565528643208,12.01119995675981
50,152,PointerNet:batch_greedy_mean,78.19976211282797,37.90135803199067,23.84039998287335
50,152,PointerNet:greedy_rollout,67.1961398136476,18.497022042595766,25.134700001217425
50,152,POMO,64.71698855594907,14.12516315241043,42.28960000909865
50,153,LKH,52.832980589751195,0.0,194.637100037653
50,153,Attention:batch_greedy_mean,65.22268755585206,23.450706032103525,8.909500029403716
50,153,Attention:greedy_rollout,67.73472900065225,28.205390353827152,9.152999962680042
50,153,PointerNet:batch_greedy_mean,74.0739622958171,40.204019286745165,30.90319997863844
50,153,PointerNet:greedy_rollout,71.21257749540861,34.78811284257315,26.364799996372312
50,153,POMO,60.564544118410176,14.633971890957046,51.54990003211424
50,154,LKH,54.71416423419713,0.0,204.09479999216273
50,154,Attention:batch_greedy_mean,66.98919239095227,22.43482712120653,9.663700009696186
50,154,Attention:greedy_rollout,59.74448618521555,9.193820323174013,11.112799984402955
50,154,PointerNet:batch_greedy_mean,70.99643903903008,29.75879286968309,27.10159996058792
50,154,PointerNet:greedy_rollout,70.069053884252,28.06382929350833,23.226000019349158
50,154,POMO,64.29118085552469,17.503724593752978,40.0919999810867
50,155,LKH,56.92976524130426,0.0,291.06179997324944
50,155,Attention:batch_greedy_mean,64.96672264637469,14.117320475510017,14.582199975848198
50,155,Attention:greedy_rollout,65.72415868616893,15.447795028819261,9.097300004214048
50,155,PointerNet:batch_greedy_mean,82.39074649070372,44.723495945363126,26.438299973960966
50,155,PointerNet:greedy_rollout,69.48602919382486,22.05571004780932,26.880000019446015
50,155,POMO,61.91942033544111,8.764580484369722,40.11940001510084
50,156,LKH,55.661503195879945,0.0,285.0578000070527
50,156,Attention:batch_greedy_mean,66.9747590525327,20.32509940818516,13.563500018790364
50,156,Attention:greedy_rollout,61.99590596651555,11.380222248659065,12.608099961653352
50,156,PointerNet:batch_greedy_mean,71.33585583010752,28.160131750426366,25.191300024744123
50,156,PointerNet:greedy_rollout,67.96382923438644,22.10203701328912,26.289200002793223
50,156,POMO,61.05740619036415,9.694138111030401,44.30780000984669
50,157,LKH,51.91817893488637,0.0,227.208599972073
50,157,Attention:batch_greedy_mean,65.16100444652753,25.50710711223088,13.375399983488023
50,157,Attention:greedy_rollout,60.166467345935466,15.887091150469198,15.568499977234751
50,157,PointerNet:batch_greedy_mean,75.03310463471816,44.52183449812747,27.915999991819263
50,157,PointerNet:greedy_rollout,62.85075435891745,21.05731681718317,26.025000028312206
50,157,POMO,57.46485771688139,10.683500260961454,45.10570003185421
50,158,LKH,55.0661512686091,0.0,179.5492999954149
50,158,Attention:batch_greedy_mean,66.31113651658633,20.420866519479322,12.31510000070557
50,158,Attention:greedy_rollout,68.39638550774741,24.20767373792713,13.663900026585907
50,158,PointerNet:batch_greedy_mean,70.97253555906993,28.88595611643625,19.050100003369153
50,158,PointerNet:greedy_rollout,68.69305036147558,24.746416408140387,18.517599964980036
50,158,POMO,62.32878962361818,13.18893401425933,48.56259998632595
50,159,LKH,56.217481126584005,0.0,191.16090005263686
50,159,Attention:batch_greedy_mean,66.89934044967421,19.000956835896,9.606400039047003
50,159,Attention:greedy_rollout,63.25523636041349,12.518802146226873,8.662299951538444
50,159,PointerNet:batch_greedy_mean,80.07322700749687,42.434746991237944,24.93540005525574
50,159,PointerNet:greedy_rollout,68.67940215975715,22.16734151626757,23.800899973139167
50,159,POMO,62.88901722348742,11.867369300807386,47.963500022888184
50,160,LKH,58.777011620591054,0.0,225.4073999938555
50,160,Attention:batch_greedy_mean,80.78572744092448,37.4444280399979,14.064699993468821
50,160,Attention:greedy_rollout,66.69163245378547,13.465503969959796,12.287500023376197
50,160,PointerNet:batch_greedy_mean,77.73082552806724,32.246984637164154,23.341999971307814
50,160,PointerNet:greedy_rollout,77.17424386145875,31.300046963297273,25.15760000096634
50,160,POMO,63.93641109972669,8.777920715738073,48.176299955230206
50,161,LKH,58.60313521543392,0.0,203.21619999594986
50,161,Attention:batch_greedy_mean,71.20643793185334,21.506191895856404,11.380999989341944
50,161,Attention:greedy_rollout,64.48306819663816,10.033478515421946,12.359999993350357
50,161,PointerNet:batch_greedy_mean,75.08952527095175,28.132266294134922,23.65210000425577
50,161,PointerNet:greedy_rollout,75.16231483807674,28.256473927152165,22.309500025585294
50,161,POMO,65.40294376905972,11.603148071564222,44.63129997020587
50,162,LKH,58.475866909085276,0.0,234.52080000424758
50,162,Attention:batch_greedy_mean,69.78551785875902,19.340715319804154,15.222600020933896
50,162,Attention:greedy_rollout,68.36981220226356,16.91970690842564,11.888000008184463
50,162,PointerNet:batch_greedy_mean,83.65535262219666,43.05961936786489,23.392700008116663
50,162,PointerNet:greedy_rollout,73.46082960288334,25.625892331097493,29.814000008627772
50,162,POMO,64.47822908869605,10.264682674893704,53.70989994844422
50,163,LKH,59.21813206303355,0.0,260.20170003175735
50,163,Attention:batch_greedy_mean,70.56757182964793,19.165480860716272,13.625099963974208
50,163,Attention:greedy_rollout,70.02124550697684,18.242914910663057,12.37589999800548
50,163,PointerNet:batch_greedy_mean,85.84670960323363,44.966932614246986,21.131500019691885
50,163,PointerNet:greedy_rollout,76.70970026558449,29.537521014564238,21.209499973338097
50,163,POMO,62.93611701379089,6.278456988139725,46.32079997099936
50,164,LKH,56.11690605064086,0.0,279.5083999517374
50,164,Attention:batch_greedy_mean,63.95887888836863,13.974349959085492,11.881300015375018
50,164,Attention:greedy_rollout,66.35556046093674,18.24522257349033,13.821400003507733
50,164,PointerNet:batch_greedy_mean,76.88959602387794,37.01681264197184,20.12329996796325
50,164,PointerNet:greedy_rollout,74.63869861726647,33.005726562885044,21.282200003042817
50,164,POMO,61.96189552454746,10.415737226553407,46.610700024757534
50,165,LKH,55.791700397963126,0.0,212.487599987071
50,165,Attention:batch_greedy_mean,67.59370271771344,21.153688157138852,10.718200006522238
50,165,Attention:greedy_rollout,64.88501439517091,16.298685884002506,9.208599978592247
50,165,PointerNet:batch_greedy_mean,81.44842685119622,45.986636489340235,19.393599999602884
50,165,PointerNet:greedy_rollout,76.6826326995708,37.44451621404673,18.627499986905605
50,165,POMO,60.13575245107161,7.786197628181771,40.94829998211935
50,166,LKH,57.84570282093081,0.0,230.16530001768842
50,166,Attention:batch_greedy_mean,67.22748506179362,16.21863298974062,9.813599986955523
50,166,Attention:greedy_rollout,65.75381926385948,13.67105257137132,10.593699989840388
50,166,PointerNet:batch_greedy_mean,76.98936167670823,33.094349142993735,21.132799971383065
50,166,PointerNet:greedy_rollout,72.2163429212189,24.84305557627045,22.29090000037104
50,166,POMO,62.73483942154636,8.452030768388335,50.55869999341667
50,167,LKH,55.82201597419786,0.0,229.04499998549
50,167,Attention:batch_greedy_mean,65.59202335585869,17.50206833478879,9.607999993022531
50,167,Attention:greedy_rollout,66.70563175594535,19.49699521202912,10.472199996002018
50,167,PointerNet:batch_greedy_mean,72.90788086253653,30.607753213778814,18.686199968215078
50,167,PointerNet:greedy_rollout,75.93948873345464,36.03859948117156,23.479699972085655
50,167,POMO,59.583044434412635,6.737536068122661,44.145099993329495
50,168,LKH,58.76911819754898,0.0,270.11789998505265
50,168,Attention:batch_greedy_mean,77.6273358401598,32.088651694959964,9.532500000204891
50,168,Attention:greedy_rollout,66.44755787797892,13.065432859855608,12.496700044721365
50,168,PointerNet:batch_greedy_mean,79.2454134946988,34.84193046477223,24.54150002449751
50,168,PointerNet:greedy_rollout,72.236630026325,22.915967164090784,20.637799985706806
50,168,POMO,63.47288366946833,8.00380474675138,46.18170001776889
50,169,LKH,55.54460968690549,0.0,244.69559994759038
50,169,Attention:batch_greedy_mean,64.59098561986302,16.286685573902222,9.857400029432029
50,169,Attention:greedy_rollout,64.43615308037369,16.00793208123732,9.323999984189868
50,169,PointerNet:batch_greedy_mean,75.08392153403709,35.177692232011395,18.01040000282228
50,169,PointerNet:greedy_rollout,71.93292145812362,29.50477438512208,19.66389996232465
50,169,POMO,58.786431140345655,5.836428542236059,41.41369997523725
50,170,LKH,56.81807831608323,0.0,360.14299996895716
50,170,Attention:batch_greedy_mean,67.68338812751615,19.12298010324881,9.911299974191934
50,170,Attention:greedy_rollout,66.25023849638038,16.600632157647663,9.506599977612495
50,170,PointerNet:batch_greedy_mean,68.68464732597792,20.885199502665465,24.205800029449165
50,170,PointerNet:greedy_rollout,66.28401320241584,16.66007574855471,17.265799979213625
50,170,POMO,62.456383625661545,9.92343542175432,50.06139999022707
50,171,LKH,56.10115793917105,0.0,295.0344000128098
50,171,Attention:batch_greedy_mean,64.18319666949529,14.406188797542056,12.577700021211058
50,171,Attention:greedy_rollout,65.14346182094847,16.11785605491734,11.66469999589026
50,171,PointerNet:batch_greedy_mean,72.86297663610956,29.877848002910905,20.433099998626858
50,171,PointerNet:greedy_rollout,69.35665289897912,23.627845568144313,22.767199960071594
50,171,POMO,59.361775732544764,5.812032965360733,43.43050002353266
50,172,LKH,61.74208885994771,0.0,299.8385999817401
50,172,Attention:batch_greedy_mean,75.81917686660792,22.799824668374743,11.63359999191016
50,172,Attention:greedy_rollout,73.3116431283608,18.738520970122703,14.156400051433593
50,172,PointerNet:batch_greedy_mean,78.16566692194371,26.60029546335941,24.391200044192374
50,172,PointerNet:greedy_rollout,77.44677511777712,25.435949038674487,18.962100031785667
50,172,POMO,67.13038686817845,8.727106756062716,42.287199990823865
50,173,LKH,58.66735120811991,0.0,304.11579995416105
50,173,Attention:batch_greedy_mean,65.8514380801838,12.245459738890625,10.684199980460107
50,173,Attention:greedy_rollout,67.73672862753718,15.458985675429657,8.671000017784536
50,173,PointerNet:batch_greedy_mean,71.4068999624921,21.714886545975446,26.194000034593046
50,173,PointerNet:greedy_rollout,71.10837458822881,21.206042413564756,25.496300018858165
50,173,POMO,63.40035852093527,8.067531966843397,35.033199994359165
50,174,LKH,56.51971959406787,0.0,239.31890004314482
50,174,Attention:batch_greedy_mean,69.2815572096871,22.579442550806043,10.589900019112974
50,174,Attention:greedy_rollout,70.55396851923653,24.830712229226364,9.176199964713305
50,174,PointerNet:batch_greedy_mean,77.20224413864798,36.59346630366313,25.73110000230372
50,174,PointerNet:greedy_rollout,66.20830477250693,17.141955494513713,27.76789997005835
50,174,POMO,60.198879479626875,6.509515461122625,36.51249996619299
50,175,LKH,60.06771898700745,0.0,250.2680000034161
50,175,Attention:batch_greedy_mean,72.5843796669168,20.837582799867402,9.831500006839633
50,175,Attention:greedy_rollout,71.2160184002471,18.55955178795952,11.338900018017739
50,175,PointerNet:batch_greedy_mean,81.48271154536839,35.65141630064721,25.19910002592951
50,175,PointerNet:greedy_rollout,79.8831903088418,32.98855301317569,21.697399963159114
50,175,POMO,66.69353228376694,11.030572507993256,40.95340002095327
50,176,LKH,55.31529818603728,0.0,238.233299984131
50,176,Attention:batch_greedy_mean,60.88403171901996,10.067257550079228,12.778499978594482
50,176,Attention:greedy_rollout,59.62970239511157,7.7996582329973485,12.180699966847897
50,176,PointerNet:batch_greedy_mean,81.15090785236183,46.70608405550634,19.107699976302683
50,176,PointerNet:greedy_rollout,81.25983240080181,46.902999831090966,22.20329997362569
50,176,POMO,65.68534134593301,18.747152234485,43.24219998670742
50,177,LKH,61.041471224621624,0.0,343.60279998509213
50,177,Attention:batch_greedy_mean,72.08489810932825,18.091678760606545,10.122200008481741
50,177,Attention:greedy_rollout,69.85508584602704,14.438732298854493,8.623700006864965
50,177,PointerNet:batch_greedy_mean,75.48719128528157,23.665419215572793,18.977299972902983
50,177,PointerNet:greedy_rollout,76.66000191498675,25.58675336132012,21.47310000145808
50,177,POMO,65.07956041370919,6.6153208762418645,46.26360000111163
50,178,LKH,53.68403052883761,0.0,287.73760003969073
50,178,Attention:batch_greedy_mean,65.99153662786318,22.925823522908388,10.386600042693317
50,178,Attention:greedy_rollout,62.4741443044511,16.373796246337502,8.235799963586032
50,178,PointerNet:batch_greedy_mean,65.96403220935757,22.874589630380814,27.594100043643266
50,178,PointerNet:greedy_rollout,69.40496825682777,29.284197876210687,21.116500021889806
50,178,POMO,60.99885981220563,13.625708076145088,44.401299965102226
50,179,LKH,55.855520249456475,0.0,311.47129996679723
50,179,Attention:batch_greedy_mean,61.7521781139585,10.55698315612664,13.30469996901229
50,179,Attention:greedy_rollout,64.98159697111345,16.338719397651257,9.24959999974817
50,179,PointerNet:batch_greedy_mean,79.70060578523082,42.690651576209035,21.804100018925965
50,179,PointerNet:greedy_rollout,71.8715514654674,28.674034624477034,25.011699995957315
50,179,POMO,61.742756717387365,10.540115715757171,42.470999993383884
50,180,LKH,55.92346416721408,0.0,280.276799981948
50,180,Attention:batch_greedy_mean,68.0301689937503,21.648703289081908,11.45140000153333
50,180,Attention:greedy_rollout,63.3114733409186,13.210929050485841,12.049200013279915
50,180,PointerNet:batch_greedy_mean,66.72619779505808,19.316996521430198,22.491100011393428
50,180,PointerNet:greedy_rollout,70.46022601678732,25.994029636840022,18.51560000795871
50,180,POMO,63.21086115417533,13.031018545581436,40.549200028181076
50,181,LKH,59.60866930546551,0.0,188.74170002527535
50,181,Attention:batch_greedy_mean,72.82869979818462,22.178033240388007,10.48530003754422
50,181,Attention:greedy_rollout,66.06806640673824,10.836338365769334,12.478500022552907
50,181,PointerNet:batch_greedy_mean,87.08435230271682,46.09343459162251,28.172999969683588
50,181,PointerNet:greedy_rollout,73.84548948268989,23.88380808212238,23.85949995368719
50,181,POMO,66.41397427820307,11.416636291381833,45.563300023786724
50,182,LKH,58.34431955919249,0.0,276.7475000000559
50,182,Attention:batch_greedy_mean,68.593423796803,17.56658457077797,10.568999976385385
50,182,Attention:greedy_rollout,68.66897969300743,17.696084574849113,12.09750003181398
50,182,PointerNet:batch_greedy_mean,78.64412598289884,34.79311538308616,24.014600028749555
50,182,PointerNet:greedy_rollout,76.36228346082103,30.88212192336675,20.40610002586618
50,182,POMO,61.712255162779925,5.7725167231927985,43.34239999298006
50,183,LKH,55.18328223750117,0.0,209.11890000570565
50,183,Attention:batch_greedy_mean,63.00118153444068,14.167151680634662,9.57120000384748
50,183,Attention:greedy_rollout,60.40827476002574,9.468433755058157,8.463499951176345
50,183,PointerNet:batch_greedy_mean,65.21122331699675,18.17206348172028,18.900200026109815
50,183,PointerNet:greedy_rollout,67.53151934120062,22.376771737778046,19.698399992194027
50,183,POMO,58.881948389760936,6.7025120694003375,41.340399999171495
50,184,LKH,54.82920196994713,0.0,322.629300004337
50,184,Attention:batch_greedy_mean,68.96745353461273,25.785988226520296,12.73590000346303
50,184,Attention:greedy_rollout,66.88953526524136,21.9961860869409,13.897099997848272
50,184,PointerNet:batch_greedy_mean,69.43768293277452,26.643614055945157,25.379500002600253
50,184,PointerNet:greedy_rollout,68.0794054272622,24.166325573328148,28.209400014020503
50,184,POMO,59.45159017598499,8.430522495241634,46.46629997296259
50,185,LKH,59.892368562868405,0.0,285.73030000552535
50,185,Attention:batch_greedy_mean,71.85569969294899,19.97471700843288,12.940599990542978
50,185,Attention:greedy_rollout,65.14929692136296,8.77729247420965,9.354599984362721
50,185,PointerNet:batch_greedy_mean,84.53259369548331,41.140842688080234,31.37869999045506
50,185,PointerNet:greedy_rollout,75.37297749353671,25.847381397879545,35.591699997894466
50,185,POMO,62.5409066642468,4.422162898096523,53.26359998434782
50,186,LKH,58.01387014684297,0.0,352.39860002184287
50,186,Attention:batch_greedy_mean,66.22824016867578,14.159320867649145,10.526400001253933
50,186,Attention:greedy_rollout,66.58859489664856,14.780473580027506,11.813999968580902
50,186,PointerNet:batch_greedy_mean,72.97266116858493,25.784852801370988,31.362899986561388
50,186,PointerNet:greedy_rollout,72.18638274097533,24.429524453823415,27.940800006035715
50,186,POMO,63.78499328443329,9.947833376712548,57.24819999886677
50,187,LKH,57.486562356492385,0.0,275.7300999946892
50,187,Attention:batch_greedy_mean,74.38450079485297,29.39458848412454,14.568099984899163
50,187,Attention:greedy_rollout,69.2715481703676,20.500418412206976,11.883599974680692
50,187,PointerNet:batch_greedy_mean,70.4725176760184,22.589549256739325,26.079899980686605
50,187,PointerNet:greedy_rollout,73.29103326669366,27.492461302856736,26.97559999069199
50,187,POMO,60.79875536221923,5.761682156582766,45.12039996916428
50,188,LKH,57.401107328713536,0.0,304.1648000362329
50,188,Attention:batch_greedy_mean,74.67166756810448,30.087503609449982,14.739499951247126
50,188,Attention:greedy_rollout,65.17623473033407,13.54525681376745,13.684900011867285
50,188,PointerNet:batch_greedy_mean,80.55695153891848,40.340413779128944,36.6177000105381
50,188,PointerNet:greedy_rollout,74.4823310328431,29.757655381649922,25.31019999878481
50,188,POMO,64.59569866844893,12.533889457105426,53.99990000296384
50,189,LKH,59.577068670336445,0.0,291.76340001868084
50,189,Attention:batch_greedy_mean,73.40045276544122,23.202524735809074,9.28070000372827
50,189,Attention:greedy_rollout,67.17100040846441,12.746400431595923,8.39929998619482
50,189,PointerNet:batch_greedy_mean,83.32171025473843,39.85533715294136,20.262799982447177
50,189,PointerNet:greedy_rollout,79.41955721910942,33.30558047185795,23.15020002424717
50,189,POMO,64.06097739120476,7.526232526946836,40.8185999840498
50,190,LKH,55.94355287880793,0.0,246.38860003324226
50,190,Attention:batch_greedy_mean,68.12264922270373,21.770330479867294,9.973200038075447
50,190,Attention:greedy_rollout,67.6376062335256,20.903308340195746,8.69119999697432
50,190,PointerNet:batch_greedy_mean,80.34934067934168,43.62573798879861,18.90829997137189
50,190,PointerNet:greedy_rollout,71.28854362815024,27.429417617763015,23.808899975847453
50,190,POMO,64.320286422375,14.973545855612402,44.667899957858026
50,191,LKH,56.016721568968386,0.0,276.11509995767847
50,191,Attention:batch_greedy_mean,68.80246740855019,22.8248735046728,13.53160000871867
50,191,Attention:greedy_rollout,64.49298242049815,15.13166178619308,12.703899992629886
50,191,PointerNet:batch_greedy_mean,70.8321004988067,26.448136404408206,22.52779999980703
50,191,PointerNet:greedy_rollout,69.34283691347792,23.789531002992177,22.484099958091974
50,191,POMO,60.89846700008371,8.714800321016412,45.669700019061565
50,192,LKH,55.39447763907803,0.0,264.5370999816805
50,192,Attention:batch_greedy_mean,68.53540766579519,23.7224549933239,12.608000019099563
50,192,Attention:greedy_rollout,63.76927714148707,15.118473644566038,12.637200008612126
50,192,PointerNet:batch_greedy_mean,79.37313015922558,43.2870812075892,25.15619999030605
50,192,PointerNet:greedy_rollout,70.56418287360613,27.38486918022064,20.72309999493882
50,192,POMO,62.5819182686305,12.975012918042376,41.84520000126213
50,193,LKH,57.91008081653162,0.0,263.1118000135757
50,193,Attention:batch_greedy_mean,70.6672158299811,22.029212934214552,9.77120001334697
50,193,Attention:greedy_rollout,65.18848793799623,12.568463070400067,12.216700008139014
50,193,PointerNet:batch_greedy_mean,77.25515382101158,33.40536350789811,25.665100023616105
50,193,PointerNet:greedy_rollout,74.60654275303209,28.83170201298376,21.696300012990832
50,193,POMO,63.40679303134651,9.4918054634207,43.448699987493455
50,194,LKH,57.218818100801336,0.0,304.1403999668546
50,194,Attention:batch_greedy_mean,69.52334007502158,21.504327391984216,10.219899995718151
50,194,Attention:greedy_rollout,64.5006382729825,12.726268059841633,12.688699993304908
50,194,PointerNet:batch_greedy_mean,73.29027157762319,28.08770612582222,17.418700037524104
50,194,PointerNet:greedy_rollout,72.55284084052579,26.798915546823753,25.96080000512302
50,194,POMO,60.73580850114626,6.146562472068378,42.79740003403276
50,195,LKH,58.369931195787075,0.0,274.7317000175826
50,195,Attention:batch_greedy_mean,70.47292285014841,20.73497673616391,12.87520001642406
50,195,Attention:greedy_rollout,66.14990870608356,13.328741958253362,14.8796999710612
50,195,PointerNet:batch_greedy_mean,75.89074835080177,30.016854219419205,21.621600026264787
50,195,PointerNet:greedy_rollout,73.49005283573085,25.903956592354334,22.833800001535565
50,195,POMO,67.22913202644902,15.177679070660567,48.23980003129691
50,196,LKH,59.24891419441303,0.0,223.01399998832494
50,196,Attention:batch_greedy_mean,73.39840510265209,23.881434960665164,9.459399967454374
50,196,Attention:greedy_rollout,65.47891342482679,10.514959328995129,13.308599998708814
50,196,PointerNet:batch_greedy_mean,75.92385306998015,28.14387251191096,23.227600031532347
50,196,PointerNet:greedy_rollout,79.40432663255869,34.01819714705632,23.069199989549816
50,196,POMO,65.17902712293501,10.008812835056423,45.48380000051111
50,197,LKH,58.15885290790634,0.0,213.80690002115443
50,197,Attention:batch_greedy_mean,68.42137730745674,17.645678837237288,10.066199989523739
50,197,Attention:greedy_rollout,70.3777744102111,21.009564135752875,9.879899967927486
50,197,PointerNet:batch_greedy_mean,66.9666395524388,15.144361011520393,21.70700003625825
50,197,PointerNet:greedy_rollout,72.42029826189128,24.521538236952015,22.623100026976317
50,197,POMO,60.681956659437915,4.338296966631836,53.43420000281185
50,198,LKH,56.470106015069504,0.0,197.34269997570664
50,198,Attention:batch_greedy_mean,70.40511331002989,24.676786141045522,10.348799987696111
50,198,Attention:greedy_rollout,62.362270445449994,10.434130279139405,9.35190002201125
50,198,PointerNet:batch_greedy_mean,77.11221005136709,36.554038044109696,22.537799959536642
50,198,PointerNet:greedy_rollout,72.39895495976266,28.20757754632587,23.301500012166798
50,198,POMO,62.43510111307936,10.56310235439978,49.767700023949146
50,199,LKH,57.69275514749456,0.0,370.26920000789687
50,199,Attention:batch_greedy_mean,66.36299970381808,15.028307339730235,11.783699970692396
50,199,Attention:greedy_rollout,62.65071132866892,8.593724062057854,12.490699999034405
50,199,PointerNet:batch_greedy_mean,67.15560800095285,16.402151066049825,27.3223000112921
50,199,PointerNet:greedy_rollout,75.07134481024019,30.122655120762314,25.817299960181117
50,199,POMO,60.091543091828015,4.157866855553751,46.986999979708344
50,200,LKH,57.70062161327562,0.0,244.4979000138119
50,200,Attention:batch_greedy_mean,65.79517499527813,14.028537571491489,9.952799999155104
50,200,Attention:greedy_rollout,65.15908246087227,12.926136043360446,11.671699990984052
50,200,PointerNet:batch_greedy_mean,75.39601725284427,30.667599663254475,22.304999991320074
50,200,PointerNet:greedy_rollout,70.31213307243036,21.8568034564347,16.965600021649152
50,200,POMO,62.70807793919677,8.678340346976512,46.77519999677315
50,201,LKH,58.17880615836997,0.0,236.97640001773834
50,201,Attention:batch_greedy_mean,69.70305589800324,19.808329700445938,11.965599958784878
50,201,Attention:greedy_rollout,65.7010630636067,12.929548407645564,9.86160000320524
50,201,PointerNet:batch_greedy_mean,75.70177580248476,30.11916331939689,25.414499978069216
50,201,PointerNet:greedy_rollout,69.69592104123315,19.796066030492533,18.79709999775514
50,201,POMO,65.71829417504414,12.959165913701865,43.47059997962788
50,202,LKH,57.13974764375676,0.0,214.32490000734106
50,202,Attention:batch_greedy_mean,66.91685539293137,17.110869670147864,12.562400021124631
50,202,Attention:greedy_rollout,64.10595320933824,12.191523156547614,9.78139997459948
50,202,PointerNet:batch_greedy_mean,74.44448383087176,30.284936319640458,34.059800032991916
50,202,PointerNet:greedy_rollout,73.39057158384865,28.44048951950088,33.132400014437735
50,202,POMO,64.18812666387905,12.335334527667287,45.92370003229007
50,203,LKH,55.776706833840976,0.0,229.112500033807
50,203,Attention:batch_greedy_mean,65.10260523724227,16.720059201743812,9.559900034219027
50,203,Attention:greedy_rollout,63.2665255073464,13.428219589617624,10.172999987844378
50,203,PointerNet:batch_greedy_mean,68.88895187437699,23.508460403726307,18.03570002084598
50,203,PointerNet:greedy_rollout,69.2288895744768,24.11792216544789,25.55640001082793
50,203,POMO,60.58938201660016,8.628467788706429,50.34209997393191
50,204,LKH,55.45845331523831,0.0,334.3211999745108
50,204,Attention:batch_greedy_mean,64.08729382082183,15.559107746000866,9.224799985531718
50,204,Attention:greedy_rollout,63.9843436598577,15.373472996364171,9.390900027938187
50,204,PointerNet:batch_greedy_mean,75.59381887971752,36.30711705936923,24.460499989800155
50,204,PointerNet:greedy_rollout,70.89656576781348,27.837257495843737,22.63440005481243
50,204,POMO,59.52675409423487,7.335763144838214,38.58579997904599
50,205,LKH,58.207337880576056,0.0,325.15410002088174
50,205,Attention:batch_greedy_mean,69.87416258288798,20.043563452856638,14.8427999811247
50,205,Attention:greedy_rollout,65.98891823167597,13.368727439597691,13.295099954120815
50,205,PointerNet:batch_greedy_mean,79.86680806775911,37.21089294896422,20.636799978092313
50,205,PointerNet:greedy_rollout,72.79067323520854,25.054118407808147,22.92070002295077
50,205,POMO,63.477623660565406,9.05433227474239,48.854399996344
50,206,LKH,53.95020893773099,0.0,248.0278000002727
50,206,Attention:batch_greedy_mean,68.37660807285904,26.740209943911275,11.842699954286218
50,206,Attention:greedy_rollout,61.57972192839706,14.141767271878427,10.185900027863681
50,206,PointerNet:batch_greedy_mean,74.17085130996975,37.48019288595768,26.152700011152774
50,206,PointerNet:greedy_rollout,73.3975960729564,36.04691718186202,25.986599968746305
50,206,POMO,58.10697529606972,7.704819759153192,47.83449997194111
50,207,LKH,51.65865723197885,0.0,259.5467999926768
50,207,Attention:batch_greedy_mean,59.580315577805514,15.334619152514147,12.282799987588078
50,207,Attention:greedy_rollout,61.87136849594,19.769602640076087,11.140499962493777
50,207,PointerNet:batch_greedy_mean,66.20412807926688,28.156889138581363,21.592700039036572
50,207,PointerNet:greedy_rollout,70.49043744257754,36.454258046299046,32.12160000111908
50,207,POMO,55.6025119791324,7.634450755162374,59.80200000340119
50,208,LKH,57.56120004730449,0.0,261.1601000535302
50,208,Attention:batch_greedy_mean,66.82920568965923,16.101133462711314,10.13720000628382
50,208,Attention:greedy_rollout,67.40279584693275,17.097620952204466,11.124500015284866
50,208,PointerNet:batch_greedy_mean,69.96423315193783,21.547558241385488,26.939000003039837
50,208,PointerNet:greedy_rollout,70.1370908240859,21.847860653437376,20.486499997787178
50,208,POMO,64.60089921865438,12.22993816245071,48.05240000132471
50,209,LKH,60.07263151206958,0.0,245.7445000181906
50,209,Attention:batch_greedy_mean,69.56690608938402,15.804659024146272,10.929999989457428
50,209,Attention:greedy_rollout,67.5944952352726,12.521282211004458,10.370999982114881
50,209,PointerNet:batch_greedy_mean,78.45161364809643,30.594601357415495,21.21939999051392
50,209,PointerNet:greedy_rollout,75.11538118815035,25.04093677510771,20.629000035114586
50,209,POMO,63.74161271205757,6.10757529283669,47.92069998802617
50,210,LKH,59.32872280035755,0.0,350.923000019975
50,210,Attention:batch_greedy_mean,72.4026860728171,22.03648191863783,12.21439999062568
50,210,Attention:greedy_rollout,70.82432264636074,19.376112114676953,12.167399981990457
50,210,PointerNet:batch_greedy_mean,74.46869953914351,25.518797682081097,17.161900002975017
50,210,PointerNet:greedy_rollout,76.19764130172169,28.432970920558017,18.270200002007186
50,210,POMO,66.49968045567987,12.08682290271567,43.839899997692555
50,211,LKH,53.18325245684396,0.0,245.85209996439517
50,211,Attention:batch_greedy_mean,67.70081389698304,27.297242589515346,12.579999980516732
50,211,Attention:greedy_rollout,60.46017643889122,13.682735910053987,10.088399983942509
50,211,PointerNet:batch_greedy_mean,71.17775707074705,33.8349081386192,20.587600010912865
50,211,PointerNet:greedy_rollout,71.59386537676613,34.61731291229628,23.22259999345988
50,211,POMO,62.05147176354295,16.67483445826332,47.18200000934303
50,212,LKH,59.055410747853685,0.0,321.8633999931626
50,212,Attention:batch_greedy_mean,67.90080070569938,14.97811944042261,12.61869998415932
50,212,Attention:greedy_rollout,62.78653815833794,6.318011107254655,10.044399998150766
50,212,PointerNet:batch_greedy_mean,74.0256668056623,25.34950797603705,25.420400022994727
50,212,PointerNet:greedy_rollout,77.1128460099418,30.577105524144375,23.49349996075034
50,212,POMO,63.367059511832814,7.301022394693668,49.99059997498989
50,213,LKH,54.18633225312182,0.0,322.3267000284977
50,213,Attention:batch_greedy_mean,59.851519635782125,10.455011710695587,10.109300026670098
50,213,Attention:greedy_rollout,63.52147018353958,17.227846104826437,8.825600030831993
50,213,PointerNet:batch_greedy_mean,71.66324764434036,32.253364759176236,18.99389998288825
50,213,PointerNet:greedy_rollout,65.92333232697287,21.660443853301864,23.641099978704005
50,213,POMO,61.03612025046994,12.641172990544103,45.14319996815175
50,214,LKH,60.50596520761335,0.0,275.0994000234641
50,214,Attention:batch_greedy_mean,72.68187547067204,20.123487364063433,9.373700013384223
50,214,Attention:greedy_rollout,71.46915169663914,18.11918287958543,9.280199999921024
50,214,PointerNet:batch_greedy_mean,74.26661950582243,22.74264074788713,17.485100019257516
50,214,PointerNet:greedy_rollout,71.94112825346524,18.89923250809165,18.29169999109581
50,214,POMO,66.84740759603054,10.480689576073821,44.94599997997284
50,215,LKH,51.979712361357336,0.0,239.71520003397018
50,215,Attention:batch_greedy_mean,61.331685084567944,17.991582289252978,12.755400035530329
50,215,Attention:greedy_rollout,59.94281911220468,15.319643740020508,10.965899971779436
50,215,PointerNet:batch_greedy_mean,72.79022740692764,40.03584110065454,21.07299998169765
50,215,PointerNet:greedy_rollout,69.6877481012821,34.067206099218886,22.121199988760054
50,215,POMO,55.94288968126676,7.6244695090997165,48.845100041944534
50,216,LKH,58.800241322439845,0.0,261.27409999025986
50,216,Attention:batch_greedy_mean,72.807894758648,23.82244208726137,9.36680001905188
50,216,Attention:greedy_rollout,73.0907339428564,24.303459133870764,8.983600011561066
50,216,PointerNet:batch_greedy_mean,76.58053739932666,30.23847466779247,18.188899965025485
50,216,PointerNet:greedy_rollout,69.62486097146808,18.40914153680055,22.212499985471368
50,216,POMO,65.60600629385276,11.574382720799548,42.19609999563545
50,217,LKH,60.08378546325821,0.0,296.8076000106521
50,217,Attention:batch_greedy_mean,69.94491471417625,16.412296886567194,10.264500044286251
50,217,Attention:greedy_rollout,71.80141811039508,19.502154461127134,12.582900002598763
50,217,PointerNet:batch_greedy_mean,76.78205879127547,27.791646613591638,24.652899999637157
50,217,PointerNet:greedy_rollout,76.0874339433049,26.635552931053375,23.550500045530498
50,217,POMO,63.80116027316668,6.18698502640397,48.89720003120601
50,218,LKH,59.71160045210261,0.0,377.0545999868773
50,218,Attention:batch_greedy_mean,63.072104687942854,5.627891750340638,12.075699982233346
50,218,Attention:greedy_rollout,67.66853835428417,13.325614858647409,9.407799982000142
50,218,PointerNet:batch_greedy_mean,79.71076520528004,33.492930354830584,22.69670000532642
50,218,PointerNet:greedy_rollout,80.05151347189829,34.06358708491033,18.873099994380027
50,218,POMO,67.52534008567162,13.085798361470419,43.13130001537502
50,219,LKH,52.87666653999923,0.0,226.5389999956824
50,219,Attention:batch_greedy_mean,64.0535245917876,21.137599593827463,10.512100008782
50,219,Attention:greedy_rollout,57.89222962667826,9.485399543643592,12.028399971313775
50,219,PointerNet:batch_greedy_mean,74.18268624294889,40.293802724558006,30.951399996411055
50,219,PointerNet:greedy_rollout,66.71225523223042,26.165773293906646,26.32379997521639
50,219,POMO,57.17872305545819,8.13602066273338,55.44740002369508
50,220,LKH,58.68965064768584,0.0,239.07589999726042
50,220,Attention:batch_greedy_mean,66.9560817794822,14.084989500823204,12.821700016502291
50,220,Attention:greedy_rollout,69.89455025350048,19.09178105877252,12.954500038176775
50,220,PointerNet:batch_greedy_mean,79.26960185491113,35.06572450186628,33.46519998740405
50,220,PointerNet:greedy_rollout,74.31429621346582,26.622488621673323,23.248300014529377
50,220,POMO,66.30735445862496,12.979637341289047,52.17180005274713
50,221,LKH,53.68824762427638,0.0,348.80619996692985
50,221,Attention:batch_greedy_mean,57.91729211123299,7.877039527444643,10.467599960975349
50,221,Attention:greedy_rollout,63.57773032303932,18.420200204655558,12.119000020902604
50,221,PointerNet:batch_greedy_mean,70.9398328954102,32.13288947678956,23.417700023856014
50,221,PointerNet:greedy_rollout,63.26096901984907,17.83019900847754,21.02689997991547
50,221,POMO,55.688193117913066,3.725108533310307,45.01140001229942
50,222,LKH,60.41294761204939,0.0,289.02389999711886
50,222,Attention:batch_greedy_mean,71.41228725415003,18.20692430492634,13.43230000929907
50,222,Attention:greedy_rollout,70.00021637669406,15.869559661632,14.225099992472678
50,222,PointerNet:batch_greedy_mean,81.43356333705457,34.794885129578745,23.6554000293836
50,222,PointerNet:greedy_rollout,74.606594316211,23.494378713828358,17.332699964754283
50,222,POMO,64.22135735022574,6.303962790613385,41.397000022698194
50,223,LKH,54.81759945302314,0.0,249.67809999361634
50,223,Attention:batch_greedy_mean,61.02041200098933,11.315366980419844,11.721500020939857
50,223,Attention:greedy_rollout,59.80728451563496,9.102341423921368,12.37879996187985
50,223,PointerNet:batch_greedy_mean,74.04258881291327,35.070834096566564,24.789399991277605
50,223,PointerNet:greedy_rollout,65.35380686574095,19.220483052613396,21.497199952136725
50,223,POMO,59.01616632650858,7.65915858297201,40.56620004121214
50,224,LKH,53.75938031746042,0.0,237.54709999775514
50,224,Attention:batch_greedy_mean,61.23361525550102,13.903127033651947,12.182500038761646
50,224,Attention:greedy_rollout,65.04529487147305,20.9933866189806,9.395700006280094
50,224,PointerNet:batch_greedy_mean,75.84788902270579,41.08772938751915,21.088800043798983
50,224,PointerNet:greedy_rollout,63.378061591788004,17.892098490583884,25.70440003182739
50,224,POMO,60.53191691665823,12.597869542402767,45.94799998449162
50,225,LKH,57.13259749512594,0.0,237.48750000959262
50,225,Attention:batch_greedy_mean,68.80215126625286,20.425386351675094,11.72980002593249
50,225,Attention:greedy_rollout,68.12938268360448,19.24782990904043,8.895999984815717
50,225,PointerNet:batch_greedy_mean,75.71468325506783,32.524489651511374,20.159100007731467
50,225,PointerNet:greedy_rollout,71.09461769737291,24.437923032360093,26.16950002266094
50,225,POMO,62.71952266137594,9.778874777619949,46.54920002212748
50,226,LKH,59.40211069985804,0.0,257.859900011681
50,226,Attention:batch_greedy_mean,69.78878366275447,17.485360100043128,10.001600021496415
50,226,Attention:greedy_rollout,65.88500290808625,10.913572147266647,8.744599996134639
50,226,PointerNet:batch_greedy_mean,66.68122046142769,12.253958109921232,26.08949999557808
50,226,PointerNet:greedy_rollout,76.91190158696723,29.476715020415988,26.67459996882826
50,226,POMO,65.32018185806632,9.96272874563432,44.866800017189234
50,227,LKH,55.12292485137116,0.0,219.21029995428398
50,227,Attention:batch_greedy_mean,69.3448095004615,25.80030846954699,10.298800014425069
50,227,Attention:greedy_rollout,67.3473515678357,22.17666560587172,9.718300017993897
50,227,PointerNet:batch_greedy_mean,76.22324484356301,38.27866545377442,21.586099988780916
50,227,PointerNet:greedy_rollout,72.09126123013341,30.78272138953848,26.471500052139163
50,227,POMO,61.31311187091666,11.229786946603793,46.5348000288941
50,228,LKH,56.56127423127873,0.0,220.3160000499338
50,228,Attention:batch_greedy_mean,69.4763795111728,22.8338301345268,10.730100038927048
50,228,Attention:greedy_rollout,64.76353021331097,14.50154030917561,12.393400014843792
50,228,PointerNet:batch_greedy_mean,73.79052246126257,30.461209483247387,26.564100000541657
50,228,PointerNet:greedy_rollout,70.30988013100199,24.307454325560784,26.435400010086596
50,228,POMO,62.61556507125519,10.703950577952858,47.52869997173548
50,229,LKH,53.12080760809307,0.0,248.64020000677556
50,229,Attention:batch_greedy_mean,60.54471121881361,13.97550968255516,14.262199983932078
50,229,Attention:greedy_rollout,58.238961639616,9.634932641240892,12.657099985517561
50,229,PointerNet:batch_greedy_mean,73.62870937103412,38.60615582925857,20.237799966707826
50,229,PointerNet:greedy_rollout,70.59344148472545,32.8922594805776,22.66560000134632
50,229,POMO,57.76182827967798,8.736728375488482,43.136099993716925
50,230,LKH,55.05286839268376,0.0,260.9721000189893
50,230,Attention:batch_greedy_mean,64.03205721451629,16.310119861122093,12.153000046964735
50,230,Attention:greedy_rollout,65.24112320449578,18.506310587017445,10.252300009597093
50,230,PointerNet:batch_greedy_mean,77.61688370781022,40.98608478341356,19.27260000957176
50,230,PointerNet:greedy_rollout,79.31427134117813,44.06928041503933,24.697400047443807
50,230,POMO,61.98857505542309,12.598265749330235,43.385100027080625
50,231,LKH,56.56528585757098,0.0,243.2528999634087
50,231,Attention:batch_greedy_mean,65.03073349420436,14.965800151614228,19.390599976759404
50,231,Attention:greedy_rollout,63.41348123328933,12.106710453053882,13.511999975889921
50,231,PointerNet:batch_greedy_mean,69.32531954028207,22.55806452537042,31.77899995353073
50,231,PointerNet:greedy_rollout,72.30622082504135,27.827906690165747,23.256300017237663
50,231,POMO,61.17824791227274,8.155111363384613,47.49389999778941
50,232,LKH,56.96990692129937,0.0,227.5066000293009
50,232,Attention:batch_greedy_mean,67.27941331445865,18.096407296928305,14.649599965196103
50,232,Attention:greedy_rollout,66.45586710826032,16.650826198584557,10.363999987021089
50,232,PointerNet:batch_greedy_mean,78.65497575366605,38.06407628912463,29.54030002001673
50,232,PointerNet:greedy_rollout,77.33258802645557,35.742872343614785,29.61740002501756
50,232,POMO,62.21645238264535,9.209327774738654,51.5284999855794
50,233,LKH,57.75184630630181,0.0,186.43990001874045
50,233,Attention:batch_greedy_mean,74.33063790600113,28.706946461537225,13.49600002868101
50,233,Attention:greedy_rollout,74.49586722419487,28.993048688152456,12.51789997331798
50,233,PointerNet:batch_greedy_mean,74.40271248088486,28.83174693025551,23.732699977699667
50,233,PointerNet:greedy_rollout,72.28491289370947,25.16467873655121,26.04369999608025
50,233,POMO,69.87629299005778,20.994041678686497,59.42279996816069
50,234,LKH,52.20272816023965,0.0,233.02300000796095
50,234,Attention:batch_greedy_mean,60.82047180923759,16.508224670835624,9.642000019084662
50,234,Attention:greedy_rollout,61.046262986591024,16.940752213573152,11.986700003035367
50,234,PointerNet:batch_greedy_mean,72.07284222798283,38.06336329157086,26.115300017409027
50,234,PointerNet:greedy_rollout,70.57770569658511,35.1992667508531,38.60470000654459
50,234,POMO,58.15630247240766,11.40471872254095,53.011099982541054
50,235,LKH,56.1207994803377,0.0,304.74880000110716
50,235,Attention:batch_greedy_mean,75.03584836797214,33.70416861980281,11.100000003352761
50,235,Attention:greedy_rollout,61.532221209409535,9.642453028431571,9.247499983757734
50,235,PointerNet:batch_greedy_mean,74.02741567753469,31.90727210411657,21.44460001727566
50,235,PointerNet:greedy_rollout,70.44901773252965,25.531030179304448,25.51490004407242
50,235,POMO,60.5113989986052,7.823479991238856,45.16630002763122
50,236,LKH,57.81754686366467,0.0,260.471299989149
50,236,Attention:batch_greedy_mean,65.29065691896325,12.92533229215065,9.881199977826327
50,236,Attention:greedy_rollout,65.27680295634545,12.901370772907244,8.529799990355968
50,236,PointerNet:batch_greedy_mean,66.91174669541869,15.729134709223114,16.786299995146692
50,236,PointerNet:greedy_rollout,69.77662465017187,20.684166719675996,22.36180001636967
50,236,POMO,60.733275764199895,5.0429827253145065,42.64830000465736
50,237,LKH,59.708922444577546,0.0,228.1568000325933
50,237,Attention:batch_greedy_mean,69.0695652313968,15.677125634795866,10.277199966367334
50,237,Attention:greedy_rollout,72.77169850892928,21.877427241258186,9.212100005242974
50,237,PointerNet:batch_greedy_mean,84.67281151496026,41.80931098455923,18.37050000904128
50,237,PointerNet:greedy_rollout,80.00330045010956,33.98885321430725,20.740200008731335
50,237,POMO,69.58753385248558,16.54461511523251,46.48649995215237
50,238,LKH,59.09200636323455,0.0,248.1547999777831
50,238,Attention:batch_greedy_mean,72.5779129005825,22.821879586303094,15.287399990484118
50,238,Attention:greedy_rollout,68.41888797595072,15.783660408117578,13.114799978211522
50,238,PointerNet:batch_greedy_mean,76.82805044719574,30.014286492387686,30.50459997029975
50,238,PointerNet:greedy_rollout,74.11293075697463,25.41955387570948,31.18039999390021
50,238,POMO,62.38943070337332,5.580152956509421,55.35969999618828
50,239,LKH,59.66932554588042,0.0,302.3515999666415
50,239,Attention:batch_greedy_mean,70.23696160577833,17.710332676330218,17.753599968273193
50,239,Attention:greedy_rollout,63.06198364604172,5.685765791927119,17.734399996697903
50,239,PointerNet:batch_greedy_mean,80.35672792183134,34.67007911802881,31.773899972904474
50,239,PointerNet:greedy_rollout,76.56846645917582,28.321320475294236,31.463799998164177
50,239,POMO,64.96818393607363,8.880372522593468,63.51960002211854
50,240,LKH,58.14371268412139,0.0,272.7417999994941
50,240,Attention:batch_greedy_mean,71.98449023428485,23.804426843804336,13.450699974782765
50,240,Attention:greedy_rollout,65.70796106018898,13.009572362814264,11.6915000253357
50,240,PointerNet:batch_greedy_mean,70.98055255968242,22.077778117300507,25.432900001760572
50,240,PointerNet:greedy_rollout,70.4529595347604,21.170383318161534,30.995600041933358
50,240,POMO,61.654317922036654,6.037807143460903,53.41310001676902
50,241,LKH,58.483201681937274,0.0,313.075200014282
50,241,Attention:batch_greedy_mean,63.03064874038329,7.775646557754228,14.528500032611191
50,241,Attention:greedy_rollout,71.45758854710584,22.184809470128155,13.453499996103346
50,241,PointerNet:batch_greedy_mean,78.66081487755636,34.50155363476109,25.398399971891195
50,241,PointerNet:greedy_rollout,74.36007853412146,27.147755929183003,25.491499982308596
50,241,POMO,63.20812852911572,8.079117954032524,50.36079999990761
50,242,LKH,54.34790725791981,0.0,349.37300003366545
50,242,Attention:batch_greedy_mean,64.95325037722677,19.513802194768967,13.091200031340122
50,242,Attention:greedy_rollout,68.88168867785096,26.74211787209751,12.059999979101121
50,242,PointerNet:batch_greedy_mean,65.27219684915131,20.10066282660695,24.211299954913557
50,242,PointerNet:greedy_rollout,67.72069336033788,24.60588967842792,26.405900018289685
50,242,POMO,61.06744600678275,12.363932831808802,45.82769999979064
50,243,LKH,57.783040335633224,0.0,258.8687000097707
50,243,Attention:batch_greedy_mean,66.1807579904827,14.5331876032678,10.930899996310472
50,243,Attention:greedy_rollout,64.64894853136202,11.882220381357783,15.763300005346537
50,243,PointerNet:batch_greedy_mean,71.75371254987424,24.17780742081458,34.79649999644607
50,243,PointerNet:greedy_rollout,77.42874924458525,33.99909176609569,29.183799983002245
50,243,POMO,63.01479906551899,9.054142356471829,48.370599979534745
50,244,LKH,54.56589209884627,0.0,260.1987000089139
50,244,Attention:batch_greedy_mean,62.35750634946861,14.279275845995162,14.259599964134395
50,244,Attention:greedy_rollout,66.79566680398935,22.412855787254074,9.521499974653125
50,244,PointerNet:batch_greedy_mean,73.6348653193841,34.946690115492544,30.002999992575496
50,244,PointerNet:greedy_rollout,75.6457420703638,38.63191668035284,22.075399989262223
50,244,POMO,59.93515839807756,9.83996795929745,52.495500014629215
50,245,LKH,54.30068322852169,0.0,230.3659999743104
50,245,Attention:batch_greedy_mean,67.37260544544954,24.07321867740654,14.096800005063415
50,245,Attention:greedy_rollout,65.21899442434139,20.10713410339707,14.67519998550415
50,245,PointerNet:batch_greedy_mean,76.95995954705766,41.72926558433077,31.260699965059757
50,245,PointerNet:greedy_rollout,68.82413602166467,26.746353691392354,27.49850001418963
50,245,POMO,58.34200479115793,7.44248750172911,58.424899994861335
50,246,LKH,58.07998725374572,0.0,252.83860001945868
50,246,Attention:batch_greedy_mean,69.44029521804616,19.559763184293374,13.527600036468357
50,246,Attention:greedy_rollout,69.39204563288867,19.47668881145184,14.23380000051111
50,246,PointerNet:batch_greedy_mean,77.5571610488961,33.535086208019536,21.200699964538217
50,246,PointerNet:greedy_rollout,68.90137838766073,18.631875876000834,25.70310002192855
50,246,POMO,67.62968408038941,16.44231908130766,52.05320002278313
50,247,LKH,58.742638310770545,0.0,322.4379000021145
50,247,Attention:batch_greedy_mean,72.19845628240685,22.906390244935874,14.911700040102005
50,247,Attention:greedy_rollout,66.94392460159355,13.961385675997615,13.541700027417392
50,247,PointerNet:batch_greedy_mean,78.72400142267418,34.01509310187048,26.48529998259619
50,247,PointerNet:greedy_rollout,73.60195492169895,25.295623482753797,28.862399980425835
50,247,POMO,61.49210374797728,4.68052766486421,55.97990000387654
50,248,LKH,59.21702768213578,0.0,227.44399996008724
50,248,Attention:batch_greedy_mean,67.60929173961688,14.172045416613885,14.895199972670525
50,248,Attention:greedy_rollout,68.52208851013333,15.713488488387343,13.575699995271862
50,248,PointerNet:batch_greedy_mean,78.21572993025595,32.08317437021847,28.67510000942275
50,248,PointerNet:greedy_rollout,72.31850842186836,22.124515958582894,36.07879998162389
50,248,POMO,64.66755732992958,9.204328317610042,59.392399969510734
50,249,LKH,53.25304715184616,0.0,239.53540000366047
50,249,Attention:batch_greedy_mean,59.80110678638004,12.29612197751368,12.031899997964501
50,249,Attention:greedy_rollout,63.812261796481664,19.828376420464494,12.990300019737333
50,249,PointerNet:batch_greedy_mean,72.3934841867393,35.942425942906034,27.39790000487119
50,249,PointerNet:greedy_rollout,68.96494510300016,29.50422331017598,27.882599970325828
50,249,POMO,58.06593324751969,9.037766575028138,52.85310000181198
50,250,LKH,56.055763860689694,0.0,269.4545999984257
50,250,Attention:batch_greedy_mean,66.36892632729081,18.398041086785437,14.88410000456497
50,250,Attention:greedy_rollout,63.09626963926526,12.559824884507318,14.127799950074404
50,250,PointerNet:batch_greedy_mean,77.95114248098301,39.059995105423795,32.05470001557842
50,250,PointerNet:greedy_rollout,66.69901416047911,18.986897272937213,31.03489999193698
50,250,POMO,60.263345857850815,7.506064867152365,57.87189997499809
50,251,LKH,57.578609397011874,0.0,273.7489000428468
50,251,Attention:batch_greedy_mean,69.34648607568407,20.437931380959864,15.022900013718754
50,251,Attention:greedy_rollout,71.05553035781872,23.406124430483825,10.470100038219243
50,251,PointerNet:batch_greedy_mean,81.31375633958409,41.22216078355652,30.113099957816303
50,251,PointerNet:greedy_rollout,76.48501726791355,32.83581883775548,29.829999955836684
50,251,POMO,61.559240644023205,6.9133855240656645,56.10789998900145
50,252,LKH,55.42100387989026,0.0,270.85060003446415
50,252,Attention:batch_greedy_mean,62.85315926472466,13.41035864478664,13.770999968983233
50,252,Attention:greedy_rollout,66.16498507807218,19.386117980588256,13.115399982780218
50,252,PointerNet:batch_greedy_mean,71.87176650471052,29.68326351589148,31.647700001485646
50,252,PointerNet:greedy_rollout,73.17606446518403,32.03669970282921,31.51519998209551
50,252,POMO,64.1307837070952,15.71566593431074,54.52730000251904
50,253,LKH,52.633706924446706,0.0,384.86200000625104
50,253,Attention:batch_greedy_mean,65.46223690289993,24.373221511583818,16.24289999017492
50,253,Attention:greedy_rollout,61.74174019340857,17.304563560450013,16.03250001790002
50,253,PointerNet:batch_greedy_mean,72.22419135998534,37.22041554789193,35.425900015980005
50,253,PointerNet:greedy_rollout,71.20034604754322,35.275188102840794,34.891199960839
50,253,POMO,56.75180015203494,7.824060793399121,64.97860001400113
50,254,LKH,56.001826187384445,0.0,263.7158000143245
50,254,Attention:batch_greedy_mean,67.40742591624797,20.366478212156718,14.630299992859364
50,254,Attention:greedy_rollout,66.50721913210488,18.759018517662177,15.7554000033997
50,254,PointerNet:batch_greedy_mean,80.9521759197242,44.552743063868746,33.97739998763427
50,254,PointerNet:greedy_rollout,68.87311046201836,22.983686695441076,28.93839997705072
50,254,POMO,59.31462834429694,5.915525229173283,48.263999982737005
50,255,LKH,56.131933989858574,0.0,298.4217000193894
50,255,Attention:batch_greedy_mean,66.97997839156335,19.32597655314122,11.333899979945272
50,255,Attention:greedy_rollout,66.59537795228688,18.640804295677306,10.862299997825176
50,255,PointerNet:batch_greedy_mean,79.38038515386651,41.41751318992192,30.141199997160584
50,255,PointerNet:greedy_rollout,76.0457772008669,35.476852115243666,30.008599977009
50,255,POMO,61.5744946529861,9.696014864035929,54.020199982915074
50,256,LKH,58.76798741819741,0.0,284.8346999962814
50,256,Attention:batch_greedy_mean,70.10311941942902,19.287936339507365,15.263599983882159
50,256,Attention:greedy_rollout,70.85913470756711,20.574377004487477,14.648500015027821
50,256,PointerNet:batch_greedy_mean,87.70747783500029,49.24363022825216,32.25889999885112
50,256,PointerNet:greedy_rollout,77.86217406955501,32.49079556780112,30.681899981573224
50,256,POMO,63.274939362222696,7.669059537386367,65.0123999803327
50,257,LKH,54.08421779539597,0.0,679.487599991262
50,257,Attention:batch_greedy_mean,66.48652694488531,22.93147549329097,35.347400000318885
50,257,Attention:greedy_rollout,62.583411912242816,15.714739832236893,43.503499997314066
50,257,PointerNet:batch_greedy_mean,76.10684987371225,40.71914687132814,94.08760000951588
50,257,PointerNet:greedy_rollout,66.41660553705171,22.80219303218906,47.798599989619106
50,257,POMO,59.24056262886189,9.533917737282797,94.53159995609894
50,258,LKH,60.139809122567975,0.0,260.26470004580915
50,258,Attention:batch_greedy_mean,72.05283219112388,19.808880743662762,15.388600004371256
50,258,Attention:greedy_rollout,72.33930775273116,20.285230046706648,14.059600012842566
50,258,PointerNet:batch_greedy_mean,77.15445438504528,28.2918178669317,32.26519998861477
50,258,PointerNet:greedy_rollout,76.59676783465055,27.364501072064364,27.850500016938895
50,258,POMO,66.30704151410313,10.254825350319996,53.77749999752268
50,259,LKH,55.61756087052622,0.0,335.1353000034578
50,259,Attention:batch_greedy_mean,61.476050233094064,10.533524431619714,14.675599988549948
50,259,Attention:greedy_rollout,63.86377212929095,14.826632325645011,11.519699997734278
50,259,PointerNet:batch_greedy_mean,68.83323863998145,23.76169965493524,20.80769999884069
50,259,PointerNet:greedy_rollout,63.76883289052079,14.655932213514653,24.34559998800978
50,259,POMO,63.02255746843305,13.314134028899872,62.7779999631457
50,260,LKH,60.69275931090105,0.0,242.53769998904318
50,260,Attention:batch_greedy_mean,75.01587529113088,23.599381776101335,14.38629999756813
50,260,Attention:greedy_rollout,70.69868129843192,16.48618731647236,12.862399977166206
50,260,PointerNet:batch_greedy_mean,76.80381584803168,26.54526951823215,25.71180002996698
50,260,PointerNet:greedy_rollout,79.2147054884935,30.51755495694806,19.238899985793978
50,260,POMO,65.67872696518093,8.215094701394378,46.55939998337999
50,261,LKH,55.90268004698484,0.0,247.96230002539232
50,261,Attention:batch_greedy_mean,63.16755075763754,12.995567841374967,13.564599968958646
50,261,Attention:greedy_rollout,67.91278773531414,21.483956901950133,8.689999987836927
50,261,PointerNet:batch_greedy_mean,69.92919360524826,25.09095010556645,23.601300024893135
50,261,PointerNet:greedy_rollout,71.47261970936482,27.851866224112737,21.555399987846613
50,261,POMO,64.1808659728415,14.808209407668912,46.68629996012896
50,262,LKH,58.674915135099006,0.0,339.97079997789115
50,262,Attention:batch_greedy_mean,66.49727028326437,13.331685491413817,13.492400001268834
50,262,Attention:greedy_rollout,70.43464435965087,20.042175088749747,11.38459995854646
50,262,PointerNet:batch_greedy_mean,70.95721723233942,20.932799082811464,19.707699946593493
50,262,PointerNet:greedy_rollout,73.63770591170133,25.501171569060638,23.42280000448227
50,262,POMO,62.29457155823662,6.169001548282351,46.57289996976033
50,263,LKH,58.431672234654826,0.0,269.03799996944144
50,263,Attention:batch_greedy_mean,69.6407915414096,19.183293713964318,14.757499971892685
50,263,Attention:greedy_rollout,68.10377356961003,16.552840206443456,12.121300038415939
50,263,PointerNet:batch_greedy_mean,72.19126524896635,23.548175994441145,25.177800038363785
50,263,PointerNet:greedy_rollout,75.8957259964014,29.88799240865973,27.164599974639714
50,263,POMO,61.990727498911895,6.090969380380412,52.08589998073876
50,264,LKH,57.028111672653075,0.0,182.54519999027252
50,264,Attention:batch_greedy_mean,67.28816802090466,17.99122581358701,9.358800016343594
50,264,Attention:greedy_rollout,65.94153271052153,15.629872314609255,8.325700007844716
50,264,PointerNet:batch_greedy_mean,68.8521296928015,20.733665684074268,21.537099964916706
50,264,PointerNet:greedy_rollout,66.21158428891468,16.103413469089826,25.195299996994436
50,264,POMO,64.9602095697043,13.909101431557552,43.334800051525235
50,265,LKH,53.00723917100172,0.0,259.5362999709323
50,265,Attention:batch_greedy_mean,73.46320614653231,38.59089304677707,17.302600026596338
50,265,Attention:greedy_rollout,63.095332926380195,19.031539678635617,103.48109999904409
50,265,PointerNet:batch_greedy_mean,76.18524984579776,43.726123143338235,82.34859997173771
50,265,PointerNet:greedy_rollout,75.75061633225708,42.90617190585057,131.00850000046194
50,265,POMO,56.93976973546883,7.41885566192334,261.1655999789946
50,266,LKH,57.45016287101508,0.0,330.3089999826625
50,266,Attention:batch_greedy_mean,66.22390235381548,15.271914028335933,9.776799997780472
50,266,Attention:greedy_rollout,68.06601185647264,18.478361861726764,9.487200004514307
50,266,PointerNet:batch_greedy_mean,69.19375911730461,20.441362842879666,24.09079996868968
50,266,PointerNet:greedy_rollout,77.76958874662648,35.36878724126824,19.38209997024387
50,266,POMO,63.26581397642436,10.122949726820373,43.55430003488436
50,267,LKH,59.39250624948298,0.0,244.09340001875535
50,267,Attention:batch_greedy_mean,69.83555313010481,17.583105243538604,12.74609996471554
50,267,Attention:greedy_rollout,67.3501795036348,13.398446633528117,9.324899991042912
50,267,PointerNet:batch_greedy_mean,83.42707705363644,40.46734566679898,32.834600016940385
50,267,PointerNet:greedy_rollout,75.5072567333353,27.132632551589957,44.60060002747923
50,267,POMO,63.65846949959566,7.182662459457702,61.03709997842088
50,268,LKH,52.7384908366854,0.0,238.21199999656528
50,268,Attention:batch_greedy_mean,62.70709429092494,18.90195054141611,10.67489996785298
50,268,Attention:greedy_rollout,61.251038004886865,16.14105188288789,12.534799985587597
50,268,PointerNet:batch_greedy_mean,70.24469372556281,33.194356931996104,26.553900039289147
50,268,PointerNet:greedy_rollout,65.377814443817,23.966032032034498,34.662800026126206
50,268,POMO,60.503804371996765,14.724186096561068,63.15139995422214
50,269,LKH,57.45400708013634,0.0,358.1590999965556
50,269,Attention:batch_greedy_mean,67.70960204918738,17.850095215720334,15.378200041595846
50,269,Attention:greedy_rollout,63.81123573665241,11.064900395283235,14.59969999268651
50,269,PointerNet:batch_greedy_mean,73.4622370322714,27.862686635254043,21.980400022584945
50,269,PointerNet:greedy_rollout,70.48814135594544,22.68620578131166,31.65439999429509
50,269,POMO,63.960912285045644,11.325415816225885,49.511399993207306
50,270,LKH,57.53481607911501,0.0,353.217100026086
50,270,Attention:batch_greedy_mean,63.92846493697611,11.112660635030656,9.664300014264882
50,270,Attention:greedy_rollout,65.36269946142903,13.60547215715446,8.891900011803955
50,270,PointerNet:batch_greedy_mean,76.25801070860632,32.54237330618283,20.53049998357892
50,270,PointerNet:greedy_rollout,77.36873769198024,34.47290347742138,23.072400013916194
50,270,POMO,63.61056647149907,10.560128295238508,52.82929999521002
50,271,LKH,55.63932517054224,0.0,327.83850003033876
50,271,Attention:batch_greedy_mean,65.59355256791329,17.890632869575544,16.3763000164181
50,271,Attention:greedy_rollout,64.55322130189933,16.02085593963399,13.240400003269315
50,271,PointerNet:batch_greedy_mean,68.06102682989123,22.32539956456113,29.605899995658547
50,271,PointerNet:greedy_rollout,69.7589939215689,25.37713875527411,28.632800036575645
50,271,POMO,58.071251745850255,4.3708771949584575,55.94350001774728
50,272,LKH,55.264905800838704,0.0,314.60129999322817
50,272,Attention:batch_greedy_mean,61.198621694135944,10.736860594100913,13.883500010706484
50,272,Attention:greedy_rollout,63.39940750062337,14.719108956956214,12.733199982903898
50,272,PointerNet:batch_greedy_mean,77.18588695941318,39.66528277017674,29.245200043078512
50,272,PointerNet:greedy_rollout,68.82131414364657,24.529867818216992,28.61149999080226
50,272,POMO,58.86327082056951,6.511121239758265,54.466100002173334
50,273,LKH,54.0046765410339,0.0,309.3329999828711
50,273,Attention:batch_greedy_mean,64.394431372082,19.238620609372113,13.381499971728772
50,273,Attention:greedy_rollout,64.0777997155305,18.65231646530246,12.959900021087378
50,273,PointerNet:batch_greedy_mean,73.34729207337675,35.81655658588366,27.682000014465302
50,273,PointerNet:greedy_rollout,65.82154856760758,21.881201376319634,27.247300022281706
50,273,POMO,60.365245984727856,11.777812313830003,56.30510003538802
50,274,LKH,57.86870940170372,0.0,265.8077999949455
50,274,Attention:batch_greedy_mean,63.80027567181945,10.250040706698565,10.19510003970936
50,274,Attention:greedy_rollout,68.4959783688461,18.3644478631305,9.11319995066151
50,274,PointerNet:batch_greedy_mean,74.24132611531974,28.292693724968387,24.440300010610372
50,274,PointerNet:greedy_rollout,68.58297324540288,18.514779324564863,23.90420000301674
50,274,POMO,63.6172542428902,9.933770600070158,47.901200014166534
50,275,LKH,58.49222031964557,0.0,291.43520002253354
50,275,Attention:batch_greedy_mean,68.47614209749916,17.068802865225365,9.980299975723028
50,275,Attention:greedy_rollout,68.63131193356337,17.334085727144842,8.246199984569103
50,275,PointerNet:batch_greedy_mean,79.14931642596748,35.31597192487476,20.186200039461255
50,275,PointerNet:greedy_rollout,72.04073917091046,23.1629416309136,19.45490000071004
50,275,POMO,68.20527360668846,16.605718220241005,48.82770002586767
50,276,LKH,60.324425523248664,0.0,249.14269999135286
50,276,Attention:batch_greedy_mean,72.37031426686613,19.96850966939595,9.597700031008571
50,276,Attention:greedy_rollout,67.94757860626949,12.63692611557968,8.747599960770458
50,276,PointerNet:batch_greedy_mean,86.5636820714823,43.49690249121592,22.817199991550297
50,276,PointerNet:greedy_rollout,77.27976854126865,28.106928281456245,20.34540002932772
50,276,POMO,65.89127735667782,9.228188723129612,44.78850000305101
50,277,LKH,53.725838889520446,0.0,176.73210002249107
50,277,Attention:batch_greedy_mean,64.4671227633805,19.99277088245747,10.031700017862022
50,277,Attention:greedy_rollout,58.12185920534171,8.182320474997239,9.228000009898096
50,277,PointerNet:batch_greedy_mean,72.31992785669124,34.60921104537221,22.407100012060255
50,277,PointerNet:greedy_rollout,71.03909520159502,32.22519493399968,20.157999999355525
50,277,POMO,61.01011923502342,13.558244033158903,54.42519998177886
50,278,LKH,60.60793314719436,0.0,227.21689997706562
50,278,Attention:batch_greedy_mean,71.38129339016622,17.77549519269587,9.915100003127009
50,278,Attention:greedy_rollout,70.03112285361475,15.547782636861958,8.354099991265684
50,278,PointerNet:batch_greedy_mean,85.75368053718717,41.489201304593315,22.446599963586777
50,278,PointerNet:greedy_rollout,78.3437585353112,29.263207747149284,23.59140000771731
50,278,POMO,67.43880050802785,11.270582918978333,45.3239000053145
50,279,LKH,54.73074334626764,0.0,244.4833000190556
50,279,Attention:batch_greedy_mean,66.30859917079114,21.154208981364135,12.634399987291545
50,279,Attention:greedy_rollout,61.946211816989866,13.183574769068596,12.622800015378743
50,279,PointerNet:batch_greedy_mean,81.90528297995728,49.65132569415907,19.21619998756796
50,279,PointerNet:greedy_rollout,71.51408823773603,30.66529680637516,25.57530003832653
50,279,POMO,56.63120061250859,3.47237612728415,46.31910001626238
50,280,LKH,56.1070427180869,0.0,239.35239994898438
50,280,Attention:batch_greedy_mean,62.99991556495627,12.28521859814107,11.806200025603175
50,280,Attention:greedy_rollout,61.78804320350926,10.125289464937364,13.010800001211464
50,280,PointerNet:batch_greedy_mean,68.61602964883542,22.2948605464748,25.121700018644333
50,280,PointerNet:greedy_rollout,69.16381154817765,23.27117630436386,24.94569995906204
50,280,POMO,63.224133846748174,12.6848445112702,44.31909997947514
50,281,LKH,62.08290022158939,0.0,337.8079999820329
50,281,Attention:batch_greedy_mean,70.91174914561428,14.221063920197865,10.179399978369474
50,281,Attention:greedy_rollout,69.3656542755571,11.730692393515357,9.511500014923513
50,281,PointerNet:batch_greedy_mean,77.0405117204977,24.092965124890846,26.128400000743568
50,281,PointerNet:greedy_rollout,80.99874188866971,30.468682357887527,26.022100006230175
50,281,POMO,64.95565315405712,4.627285326900246,49.16529997717589
50,282,LKH,56.09928128048768,0.0,305.018300015945
50,282,Attention:batch_greedy_mean,67.6552428196937,20.59912582734885,11.676800029817969
50,282,Attention:greedy_rollout,67.92696197114161,21.083479896145843,12.536700000055134
50,282,PointerNet:batch_greedy_mean,77.88664222852483,38.837148089480394,25.539599999319762
50,282,PointerNet:greedy_rollout,73.25805598680881,30.58644302505397,27.91619999334216
50,282,POMO,61.8670866910659,10.281424786424784,49.533900048118085
50,283,LKH,57.80446279023638,0.0,263.6733000399545
50,283,Attention:batch_greedy_mean,68.87599756747554,19.153425605590485,9.556500008329749
50,283,Attention:greedy_rollout,63.22703186724721,9.380883093211184,12.739500030875206
50,283,PointerNet:batch_greedy_mean,74.24927116792747,28.449028991700537,25.935300043784082
50,283,PointerNet:greedy_rollout,74.67968848923977,29.19363814562384,21.52639999985695
50,283,POMO,65.89862875469952,14.002666184850876,44.60660001495853
50,284,LKH,57.8827056014132,0.0,234.42910000449046
50,284,Attention:batch_greedy_mean,71.72339010993318,23.91160600513128,12.974000012036413
50,284,Attention:greedy_rollout,65.36425268577739,12.925358285569716,12.46779999928549
50,284,PointerNet:batch_greedy_mean,81.4777194501225,40.76349507776506,26.432299986481667
50,284,PointerNet:greedy_rollout,73.00743314683298,26.12995952464688,23.34239997435361
50,284,POMO,63.65874376519489,9.978866923664796,46.91670002648607
50,285,LKH,55.80711822187868,0.0,317.10909999674186
50,285,Attention:batch_greedy_mean,64.63868084471883,15.825154396483097,10.015699954237789
50,285,Attention:greedy_rollout,66.01009717680313,18.282576273441155,12.103900022339076
50,285,PointerNet:batch_greedy_mean,72.37119295939046,29.68093545281465,19.128100015223026
50,285,PointerNet:greedy_rollout,73.67011001977279,32.008446891800055,18.22219998575747
50,285,POMO,59.8856904320238,7.3083368933860315,50.32859998755157
50,286,LKH,60.33829141062161,0.0,214.74949998082593
50,286,Attention:batch_greedy_mean,78.83151766515192,30.649237527589108,13.028099958319217
50,286,Attention:greedy_rollout,67.32847581178498,11.584988964292853,11.540399980731308
50,286,PointerNet:batch_greedy_mean,73.67765172037785,22.107620215788973,16.612200008239597
50,286,PointerNet:greedy_rollout,79.08682184108551,31.072358849000352,20.622000040020794
50,286,POMO,65.3216865542646,8.2590922399996,47.878700017463416
50,287,LKH,59.13227512277755,0.0,313.56109998887405
50,287,Attention:batch_greedy_mean,64.78959289632823,9.567224940701632,13.660700002219528
50,287,Attention:greedy_rollout,69.80478437248291,18.048534793470765,12.369300005957484
50,287,PointerNet:batch_greedy_mean,76.12908496667791,28.74371028107668,23.794099979568273
50,287,PointerNet:greedy_rollout,69.68710878361173,17.849530800090083,20.950700039975345
50,287,POMO,66.85496516008719,13.060025208356791,43.70619996916503
50,288,LKH,58.89308281007201,0.0,319.00719995610416
50,288,Attention:batch_greedy_mean,68.49894378220596,16.310677780466154,10.450600006151944
50,288,Attention:greedy_rollout,70.38317164596188,19.510082148263454,11.94920000853017
50,288,PointerNet:batch_greedy_mean,80.1083356814589,36.02333560938775,23.23180000530556
50,288,PointerNet:greedy_rollout,78.52817184281267,33.34022960907495,20.840000011958182
50,288,POMO,66.14589471015121,12.315218619934107,46.16650001844391
50,289,LKH,54.62938794023635,0.0,247.841399977915
50,289,Attention:batch_greedy_mean,64.09011485720022,17.318017414571347,11.874800024088472
50,289,Attention:greedy_rollout,60.736469060177704,11.179113202993236,11.042800033465028
50,289,PointerNet:batch_greedy_mean,78.81042930535799,44.263796972382885,22.48039998812601
50,289,PointerNet:greedy_rollout,75.77049413653894,38.699145264872115,23.46600004239008
50,289,POMO,59.42253694381148,8.77393868812654,46.195900009479374
50,290,LKH,59.48630861635762,0.0,293.51729998597875
50,290,Attention:batch_greedy_mean,67.16817858339336,12.913677358227213,9.872999973595142
50,290,Attention:greedy_rollout,68.14661883405805,14.55849323842395,7.953200023621321
50,290,PointerNet:batch_greedy_mean,75.34461091866694,26.658743282565347,18.013599968980998
50,290,PointerNet:greedy_rollout,75.11940254553411,26.280154699122964,18.81949999369681
50,290,POMO,65.3318725141094,9.826738343189726,46.38870002236217
50,291,LKH,56.341201460429424,0.0,252.82620004145429
50,291,Attention:batch_greedy_mean,70.64266085425874,25.38366066594049,13.340600009541959
50,291,Attention:greedy_rollout,66.94571819109272,18.821957032831925,9.75199998356402
50,291,PointerNet:batch_greedy_mean,66.50383466345586,18.03765794764608,17.102800018619746
50,291,PointerNet:greedy_rollout,69.3745590163203,23.13290667939466,17.409599968232214
50,291,POMO,60.69716462896751,7.731399145965051,38.44289999688044
50,292,LKH,61.12202430921259,0.0,372.6042999769561
50,292,Attention:batch_greedy_mean,70.14117419330299,14.755973785264484,9.437000029720366
50,292,Attention:greedy_rollout,72.93279858500891,19.323270800139625,10.832200001459569
50,292,PointerNet:batch_greedy_mean,77.67425367729811,27.080630190434796,23.413199989590794
50,292,PointerNet:greedy_rollout,75.63338414012156,23.741621772042247,19.481899973470718
50,292,POMO,65.65427248203808,7.4150819185848995,43.92159997951239
50,293,LKH,55.31380347198631,0.0,271.2870999821462
50,293,Attention:batch_greedy_mean,61.307205386396284,10.835273545138389,11.619600001722574
50,293,Attention:greedy_rollout,61.09347116592162,10.448870500945434,9.8172000143677
50,293,PointerNet:batch_greedy_mean,71.31124661541942,28.921249560310958,22.113799990620464
50,293,PointerNet:greedy_rollout,63.87092113411405,15.47013064552954,22.253400005865842
50,293,POMO,58.79729626871153,6.297691675622037,45.38720002165064
50,294,LKH,53.76774481548221,0.0,264.2148999730125
50,294,Attention:batch_greedy_mean,60.362894063946854,12.265995665426527,13.461599999573082
50,294,Attention:greedy_rollout,60.50789406745191,12.535674083226379,12.322100054007024
50,294,PointerNet:batch_greedy_mean,75.47152262313787,40.36579529630215,20.95109998481348
50,294,PointerNet:greedy_rollout,70.87486916945066,31.816704257684474,26.143199997022748
50,294,POMO,54.85056982650695,2.0138933011617457,50.385500013362616
50,295,LKH,52.08015462678894,0.0,187.2946000075899
50,295,Attention:batch_greedy_mean,65.23869881687145,25.2659468551463,10.596300009638071
50,295,Attention:greedy_rollout,64.8151485037,24.452680619270758,12.8942999872379
50,295,PointerNet:batch_greedy_mean,66.87490559583,28.407655612894345,24.94889998342842
50,295,PointerNet:greedy_rollout,65.41682184876313,25.607963950080315,26.409099984448403
50,295,POMO,58.85948743146007,13.017113434574906,45.57480005314574
50,296,LKH,55.955094316410346,0.0,246.83309998363256
50,296,Attention:batch_greedy_mean,67.17113096390926,20.04471046742479,9.506400034297258
50,296,Attention:greedy_rollout,65.53510922697744,17.12089851264444,8.537299989257008
50,296,PointerNet:batch_greedy_mean,70.0899967440323,25.261153788237863,20.697299973107874
50,296,PointerNet:greedy_rollout,67.32594390102693,20.32138400181693,21.631899988278747
50,296,POMO,59.42480443901384,6.200883342244511,46.964700042735785
50,297,LKH,51.84292982549279,0.0,266.87089999904856
50,297,Attention:batch_greedy_mean,59.49156541682823,14.75347866542521,11.524599976837635
50,297,Attention:greedy_rollout,60.50786573802201,16.713823739699997,12.240499956533313
50,297,PointerNet:batch_greedy_mean,70.04696296283186,35.113820145997174,24.62699997704476
50,297,PointerNet:greedy_rollout,74.11488973289433,42.96045764074414,24.368599988520145
50,297,POMO,58.18752831367406,12.238117154137827,47.73549997480586
50,298,LKH,55.805468218496635,0.0,292.6900999736972
50,298,Attention:batch_greedy_mean,71.47300921250269,28.075279169171225,9.916800016071647
50,298,Attention:greedy_rollout,67.25960462254479,20.525114777644127,8.413299976382405
50,298,PointerNet:batch_greedy_mean,66.82556394431082,19.747340319172498,17.829200020059943
50,298,PointerNet:greedy_rollout,67.74221086357228,21.38991576656861,18.03109998581931
50,298,POMO,60.34183891901096,8.128899990146042,47.50559997046366
50,299,LKH,57.4909151058056,0.0,276.30389999831095
50,299,Attention:batch_greedy_mean,70.9071459727324,23.336262507277407,10.16080001136288
50,299,Attention:greedy_rollout,68.21444348525252,18.652561643368283,9.913999994751066
50,299,PointerNet:batch_greedy_mean,72.21369941235248,25.608888429504468,18.200999998953193
50,299,PointerNet:greedy_rollout,69.90660200905117,21.5959110763777,18.22230004472658
50,299,POMO,64.22283558058734,11.709537867665523,46.35520000010729
100,0,LKH,77.47979733758473,0.0,1446.0200000321493
100,0,Attention:batch_greedy_mean,103.16723474280155,33.15372301929872,17.51730003161356
100,0,Attention:greedy_rollout,99.59400398614801,28.541900480470005,17.71430001826957
100,0,PointerNet:batch_greedy_mean,113.47805665433246,46.46147841598098,48.13300003297627
100,0,PointerNet:greedy_rollout,112.8363690668788,45.63327853742712,40.27410002890974
100,0,POMO,88.62169006329808,14.380384446757605,202.62189995264634
100,1,LKH,77.02017898761963,0.0,1295.0570000102744
100,1,Attention:batch_greedy_mean,95.32184610223945,23.76217162201306,23.448499967344105
100,1,Attention:greedy_rollout,103.12740427346404,33.89660427826444,17.25610002176836
100,1,PointerNet:batch_greedy_mean,108.55364934654341,40.9418294963876,42.37789998296648
100,1,PointerNet:greedy_rollout,108.99354480788384,41.51297262682766,46.70339997392148
100,1,POMO,87.4053909963145,13.483754705846895,198.9835999556817
100,2,LKH,80.12666928390286,0.0,1135.357599996496
100,2,Attention:batch_greedy_mean,110.76199281448923,38.23361660278184,16.833600006066263
100,2,Attention:greedy_rollout,103.93706006712794,29.71593727284569,19.334100012201816
100,2,PointerNet:batch_greedy_mean,122.51251097412965,52.89854435362379,47.40370000945404
100,2,PointerNet:greedy_rollout,118.00458156146125,47.272540611104525,50.39710004348308
100,2,POMO,95.32532003687784,18.968279711120275,200.01359999878332
100,3,LKH,77.20062411433778,0.0,1313.5662999702618
100,3,Attention:batch_greedy_mean,106.19729851392998,37.56015541616185,22.48789998702705
100,3,Attention:greedy_rollout,102.35258021760698,32.579990630668945,22.996299958322197
100,3,PointerNet:batch_greedy_mean,115.50862713136117,49.62136440799677,47.5878999568522
100,3,PointerNet:greedy_rollout,111.12094638004258,43.93788606613749,53.63109998870641
100,3,POMO,91.06522073232054,17.95917685516199,200.90029999846593
100,4,LKH,79.54261158883155,0.0,1406.9916000007652
100,4,Attention:batch_greedy_mean,109.25245903982403,37.350857430439206,16.464199987240136
100,4,Attention:greedy_rollout,101.21623938183151,27.24782020614863,15.686800004914403
100,4,PointerNet:batch_greedy_mean,111.00893780588898,39.55908108689201,51.578700018581
100,4,PointerNet:greedy_rollout,107.47201894498079,35.112509884036506,44.672699994407594
100,4,POMO,90.58167411211237,13.878174607018806,189.56009997054935
100,5,LKH,79.08135713691738,0.0,1134.0852999710478
100,5,Attention:batch_greedy_mean,104.53175979470127,32.18255677342561,23.67580001009628
100,5,Attention:greedy_rollout,99.60066390375235,25.947084761467742,24.697899993043393
100,5,PointerNet:batch_greedy_mean,123.55649393929056,56.239723763682036,52.81510000349954
100,5,PointerNet:greedy_rollout,111.81093011485987,41.38721711777936,51.397800038103014
100,5,POMO,89.73065195671899,13.466251978154563,197.13190000038594
100,6,LKH,73.10378849068127,0.0,1373.920000041835
100,6,Attention:batch_greedy_mean,96.94174565132309,32.608374549125465,18.48020002944395
100,6,Attention:greedy_rollout,95.36610350706759,30.453025042914376,21.144600003026426
100,6,PointerNet:batch_greedy_mean,106.15284654665692,45.20840675745348,55.87600002763793
100,6,PointerNet:greedy_rollout,103.36066153721718,41.388926170895836,52.888100035488605
100,6,POMO,84.45536496144156,15.528027623639925,209.1548999887891
100,7,LKH,76.60752123078329,0.0,1169.8533999733627
100,7,Attention:batch_greedy_mean,102.91133017940761,34.33580479569757,17.91860000230372
100,7,Attention:greedy_rollout,94.71850987938546,23.64126701612245,19.29200004087761
100,7,PointerNet:batch_greedy_mean,129.74633882684566,69.36501369882404,44.297699991147965
100,7,PointerNet:greedy_rollout,114.15703993311587,49.01544665466086,46.24559998046607
100,7,POMO,89.00380533991051,16.18154968333058,196.25570002244785
100,8,LKH,80.6681591618354,0.0,1162.9866000148468
100,8,Attention:batch_greedy_mean,107.98753651535009,33.866370123442266,18.964199989568442
100,8,Attention:greedy_rollout,103.37169139947632,28.14435394774955,22.96180004486814
100,8,PointerNet:batch_greedy_mean,123.75628233301,53.41404045768762,39.20510003808886
100,8,PointerNet:greedy_rollout,117.01209398035861,45.053631068499385,42.22100001061335
100,8,POMO,90.10066760557704,11.692975942116474,201.98419998632744
100,9,LKH,78.79139233875723,0.0,1394.449200015515
100,9,Attention:batch_greedy_mean,105.3972127089665,33.76741999407714,16.218699980527163
100,9,Attention:greedy_rollout,98.56558062390388,25.096889010577605,23.038599989376962
100,9,PointerNet:batch_greedy_mean,124.23475161128184,57.67553780131788,53.463099990040064
100,9,PointerNet:greedy_rollout,109.56831910475447,39.061280493273074,43.51590003352612
100,9,POMO,89.75733154651034,13.917686795793555,193.23390000499785
100,10,LKH,76.24088181321841,0.0,1201.0390000068583
100,10,Attention:batch_greedy_mean,105.82364911139182,38.80171188293423,19.28000000771135
100,10,Attention:greedy_rollout,100.99713519817477,32.47110053843082,21.578899992164224
100,10,PointerNet:batch_greedy_mean,113.57070387711039,48.96299882174219,50.963499990757555
100,10,PointerNet:greedy_rollout,103.78239880132394,36.12434212864844,45.076999987941235
100,10,POMO,88.92832051135744,16.641253873770548,202.8957000002265
100,11,LKH,80.03460258379621,0.0,1555.1553000113927
100,11,Attention:batch_greedy_mean,102.52670146708782,28.10296816272984,16.273399989586323
100,11,Attention:greedy_rollout,107.46676579529286,34.27537880602977,18.695800041314214
100,11,PointerNet:batch_greedy_mean,118.51685047962499,48.082012846303414,43.70580002432689
100,11,PointerNet:greedy_rollout,114.87644178014166,43.53346936391175,53.31420002039522
100,11,POMO,91.22050679881015,13.976335052457213,206.08219999121502
100,12,LKH,80.44720792240575,0.0,1223.3846000162885
100,12,Attention:batch_greedy_mean,101.95132739633434,26.73072195951174,19.41049995366484
100,12,Attention:greedy_rollout,101.34827950174642,25.98110253807753,21.198300004471093
100,12,PointerNet:batch_greedy_mean,127.62868384487446,58.64899123407359,45.9699000348337
100,12,PointerNet:greedy_rollout,109.58195873304281,36.215987556384285,41.02240002248436
100,12,POMO,92.48463761548005,14.963141672592092,183.8580999756232
100,13,LKH,80.35775119498582,0.0,1245.961399981752
100,13,Attention:batch_greedy_mean,110.13368818038421,37.054218843366975,19.852600002195686
100,13,Attention:greedy_rollout,98.9469670539311,23.133071275027433,22.4331000354141
100,13,PointerNet:batch_greedy_mean,109.69212057308403,36.50471664758162,49.36720000114292
100,13,PointerNet:greedy_rollout,111.816670190709,39.14858060100387,46.14499997114763
100,13,POMO,91.81841501658114,14.262051452617609,209.97490000445396
100,14,LKH,77.99203962436877,0.0,1255.955999949947
100,14,Attention:batch_greedy_mean,97.5269424732684,25.047303472232713,16.312099993228912
100,14,Attention:greedy_rollout,99.85772358841012,28.035789382291494,15.92559996061027
100,14,PointerNet:batch_greedy_mean,118.24197685315363,51.60775051228265,43.869499990250915
100,14,PointerNet:greedy_rollout,107.29581001996422,37.57277093499607,40.38080002646893
100,14,POMO,92.16226372120647,18.168808207972784,187.07159999758005
100,15,LKH,78.68489088592554,0.0,1176.6165000153705
100,15,Attention:batch_greedy_mean,115.11392037007458,46.297362904096175,23.202300013508648
100,15,Attention:greedy_rollout,103.49220884502024,31.527422456567223,19.23989999340847
100,15,PointerNet:batch_greedy_mean,122.01035927783035,55.06199208526129,52.627600030973554
100,15,PointerNet:greedy_rollout,112.75688717518629,43.30182822348585,49.530900025274605
100,15,POMO,93.47737259631154,18.799646976484464,194.19639999978244
100,16,LKH,75.55234974451851,0.0,1200.3498999984004
100,16,Attention:batch_greedy_mean,106.06426113542868,40.38512566993177,16.333499981556088
100,16,Attention:greedy_rollout,98.49440902607898,30.365778641087164,18.703400040976703
100,16,PointerNet:batch_greedy_mean,115.81250070365971,53.28775490806249,52.166600013151765
100,16,PointerNet:greedy_rollout,112.23155011714744,48.54806038020026,53.230300021823496
100,16,POMO,93.06456161002032,23.178910946806603,187.23079998744652
100,17,LKH,76.6054997455353,0.0,1132.2342999628745
100,17,Attention:batch_greedy_mean,103.811314262255,35.514179278368715,21.82870003161952
100,17,Attention:greedy_rollout,101.24120605148985,32.15918750975888,17.077600001357496
100,17,PointerNet:batch_greedy_mean,112.8843304598749,47.35799757830573,48.70189999928698
100,17,PointerNet:greedy_rollout,101.30435340792141,32.2416193934243,48.27410000143573
100,17,POMO,88.3180312118951,15.289413299653376,197.78950000181794
100,18,LKH,81.55309101559415,0.0,1497.354399994947
100,18,Attention:batch_greedy_mean,103.19029043174177,26.53142774442513,16.551800013985485
100,18,Attention:greedy_rollout,102.10186836720959,25.196809950080514,17.258199979551136
100,18,PointerNet:batch_greedy_mean,116.24416647704622,42.53802649223759,50.38139998214319
100,18,PointerNet:greedy_rollout,110.66265774270208,35.69400787217465,51.659899996593595
100,18,POMO,92.58210512413886,13.523722977508976,179.19440002879128
100,19,LKH,80.02370479638299,0.0,1410.5444999877363
100,19,Attention:batch_greedy_mean,110.86158557251602,38.53593238978219,22.611299995332956
100,19,Attention:greedy_rollout,106.06987239966736,32.54806518838108,19.44770000409335
100,19,PointerNet:batch_greedy_mean,121.03498017807205,51.248908665301805,48.043299990240484
100,19,PointerNet:greedy_rollout,112.72491917304666,40.86440943951615,45.57880002539605
100,19,POMO,93.46510756131717,16.79677640411085,195.32280002022162
100,20,LKH,77.07885164577539,0.0,1715.547100000549
100,20,Attention:batch_greedy_mean,100.99203002080125,31.02430545400649,21.089799993205816
100,20,Attention:greedy_rollout,95.37145561235428,23.732325503037632,17.150299972854555
100,20,PointerNet:batch_greedy_mean,105.41718726219285,36.765383774332165,41.44020000239834
100,20,PointerNet:greedy_rollout,105.24178494578068,36.53782159266105,45.844400010537356
100,20,POMO,85.36242434364792,10.74688130531657,195.2774000237696
100,21,LKH,80.45035649516305,0.0,1390.4522000229917
100,21,Attention:batch_greedy_mean,107.25727895629338,33.32107355265983,17.06929999636486
100,21,Attention:greedy_rollout,101.50952664223219,26.176602646049542,21.447999984957278
100,21,PointerNet:batch_greedy_mean,112.7072311395382,40.09537813087819,54.02570002479479
100,21,PointerNet:greedy_rollout,114.37859882753777,42.17289246495086,54.54050004482269
100,21,POMO,92.58968291516847,15.089213956106304,199.2327999905683
100,22,LKH,75.94098914493615,0.0,1153.8767999736592
100,22,Attention:batch_greedy_mean,97.27935642993515,28.098616472158323,20.06509999046102
100,22,Attention:greedy_rollout,94.6653855404221,24.656508436767584,16.73750003101304
100,22,PointerNet:batch_greedy_mean,101.30818690712158,33.40382848289111,52.24340001586825
100,22,PointerNet:greedy_rollout,98.61526790472104,29.857760631100277,57.00460000662133
100,22,POMO,87.52786074716168,15.25773068363853,243.01449995255098
100,23,LKH,76.82390522208101,0.0,1263.7766000116244
100,23,Attention:batch_greedy_mean,107.41530636105585,39.82015890827449,17.37020001746714
100,23,Attention:greedy_rollout,101.01850734758955,31.493585304687738,17.21940003335476
100,23,PointerNet:batch_greedy_mean,125.71968610278357,63.64657034728398,51.64840002544224
100,23,PointerNet:greedy_rollout,117.82122756517917,53.365319329424764,52.171099989209324
100,23,POMO,93.06767684582297,21.144162844605198,194.2632999853231
100,24,LKH,79.4363086964306,0.0,1248.115099966526
100,24,Attention:batch_greedy_mean,107.29892885007914,35.07542156839989,23.337199992965907
100,24,Attention:greedy_rollout,104.59763783384561,31.674846868288093,22.18259999062866
100,24,PointerNet:batch_greedy_mean,122.19849115637294,53.83203620822806,55.19000004278496
100,24,PointerNet:greedy_rollout,115.52658169646554,45.43296836457436,46.536399982869625
100,24,POMO,93.82898943163873,18.118516546646703,212.14879996841773
100,25,LKH,73.39420408116912,0.0,1379.9946999642998
100,25,Attention:batch_greedy_mean,99.15759585721868,35.10276063155744,20.533100003376603
100,25,Attention:greedy_rollout,93.85405586506116,27.876658708996686,22.516199969686568
100,25,PointerNet:batch_greedy_mean,103.72357461614979,41.32393138487938,52.778299956116825
100,25,PointerNet:greedy_rollout,106.52910153958969,45.14647699125611,62.239899998530746
100,25,POMO,91.24798253530548,24.325869702723754,200.85590000962839
100,26,LKH,72.33173186966835,0.0,1485.4558000224642
100,26,Attention:batch_greedy_mean,93.93634006234898,29.86878322173885,19.399799988605082
100,26,Attention:greedy_rollout,95.70778656384334,32.31784182396652,21.725800004787743
100,26,PointerNet:batch_greedy_mean,115.49048488741464,59.66779987448984,52.10239998996258
100,26,PointerNet:greedy_rollout,102.18517589007594,41.27295620986833,43.6852999846451
100,26,POMO,83.18335757921174,15.0025796825887,198.11090000439435
100,27,LKH,75.54564380547986,0.0,1637.0031000114977
100,27,Attention:batch_greedy_mean,107.52583985882934,42.33228342814088,17.35400001052767
100,27,Attention:greedy_rollout,99.31217856153808,31.459834821520534,20.944799995049834
100,27,PointerNet:batch_greedy_mean,118.61684925149186,57.01348651805088,48.5443000216037
100,27,PointerNet:greedy_rollout,109.45308244212049,44.88338033619497,49.173699982929975
100,27,POMO,88.38217391486901,16.99175420682302,181.50400003651157
100,28,LKH,79.5440983600873,0.0,1416.5675000404008
100,28,Attention:batch_greedy_mean,100.82626050391397,26.755174277649967,20.30850003939122
100,28,Attention:greedy_rollout,98.88251124977874,24.311562125135406,22.073899977840483
100,28,PointerNet:batch_greedy_mean,114.55617083097447,44.015927256339495,38.50109997438267
100,28,PointerNet:greedy_rollout,114.80295855648305,44.32617997224986,49.295299977529794
100,28,POMO,94.92231119063378,19.33294002646307,213.67550001014024
100,29,LKH,80.08960134585467,0.0,1579.2333999997936
100,29,Attention:batch_greedy_mean,105.34253274491996,31.530849167314962,22.184700006619096
100,29,Attention:greedy_rollout,94.21889628758984,17.641859497739254,20.72189998580143
100,29,PointerNet:batch_greedy_mean,114.37315752351259,42.80650122056374,43.074099987279624
100,29,PointerNet:greedy_rollout,110.61313384871659,38.11172984998478,49.39479997847229
100,29,POMO,92.46583508830255,15.452984575367045,193.2712999987416
100,30,LKH,78.42326970964517,0.0,1120.3383999527432
100,30,Attention:batch_greedy_mean,106.78964049153628,36.170859601894875,20.21190000232309
100,30,Attention:greedy_rollout,99.65372319494014,27.07162499587016,23.40469998307526
100,30,PointerNet:batch_greedy_mean,118.41617743257245,50.99622582812129,49.11409999476746
100,30,PointerNet:greedy_rollout,106.39491949666042,35.667538334703046,55.78729999251664
100,30,POMO,85.85506460696072,9.476517524493792,197.6446000044234
100,31,LKH,78.42065071594843,0.0,1214.8708999739029
100,31,Attention:batch_greedy_mean,109.44270488614164,39.55852685099469,17.170700011774898
100,31,Attention:greedy_rollout,103.50688024715528,31.989315699601896,17.003899964038283
100,31,PointerNet:batch_greedy_mean,133.70473949222878,70.49685034689112,40.89629999361932
100,31,PointerNet:greedy_rollout,120.9419489083214,54.222067534725774,45.85960000986233
100,31,POMO,88.68427145214456,13.087905599473451,188.27099999180064
100,32,LKH,79.2148366533535,0.0,1170.4031999688596
100,32,Attention:batch_greedy_mean,103.73531975003235,30.95440719518392,22.37960003549233
100,32,Attention:greedy_rollout,103.83836289588787,31.08448780913057,17.146900005172938
100,32,PointerNet:batch_greedy_mean,113.88070701067927,43.76184035955873,43.33070002030581
100,32,PointerNet:greedy_rollout,108.92203496204824,37.502063456489005,43.810500006657094
100,32,POMO,96.0280122954668,21.22478105419601,202.1064999862574
100,33,LKH,81.18753538154994,0.0,1586.4551999839023
100,33,Attention:batch_greedy_mean,108.44703747344313,33.575969468446246,16.517199983354658
100,33,Attention:greedy_rollout,103.80802782841276,27.862026283413186,16.721799969673157
100,33,PointerNet:batch_greedy_mean,121.23040490928604,49.32144982545675,45.09110003709793
100,33,PointerNet:greedy_rollout,112.60871786784048,38.70197849783612,53.36439999518916
100,33,POMO,92.2665807006249,13.646239249667758,209.9552999716252
100,34,LKH,76.4996207752873,0.0,1155.9509000508115
100,34,Attention:batch_greedy_mean,99.65241764202827,30.265243973889515,22.361400013323873
100,34,Attention:greedy_rollout,92.21411064714965,20.54191865607106,17.6859000348486
100,34,PointerNet:batch_greedy_mean,120.6684544465756,57.737323693448616,54.00850001024082
100,34,PointerNet:greedy_rollout,104.10886071330984,36.090688631154,50.716099969577044
100,34,POMO,86.95998903526213,13.67375178329509,197.55800004350021
100,35,LKH,77.60671957972195,0.0,1338.2855000090785
100,35,Attention:batch_greedy_mean,106.41203105490249,37.117032688889914,20.333100052084774
100,35,Attention:greedy_rollout,98.1818961259536,26.512107015547382,17.445500008761883
100,35,PointerNet:batch_greedy_mean,105.93493313098264,36.50226901055954,57.944800006225705
100,35,PointerNet:greedy_rollout,111.6838000278876,43.90996118984229,49.38189999666065
100,35,POMO,89.25256231339284,15.006229868674748,197.71969999419525
100,36,LKH,77.5803117336018,0.0,1373.9472000161186
100,36,Attention:batch_greedy_mean,99.07844247143598,27.71080736521821,21.820499969180673
100,36,Attention:greedy_rollout,97.2859689557039,25.400332612439247,21.783099975436926
100,36,PointerNet:batch_greedy_mean,104.91022624225852,35.22789983430745,55.474999942816794
100,36,PointerNet:greedy_rollout,104.90385376882973,35.21968579999077,51.43870000028983
100,36,POMO,90.19298888240992,16.257574720913734,226.9126000464894
100,37,LKH,77.96906217805738,0.0,1507.24970002193
100,37,Attention:batch_greedy_mean,104.0175911306301,33.408801164089766,16.15809998475015
100,37,Attention:greedy_rollout,98.95530273055701,26.91611257882453,21.793899999465793
100,37,PointerNet:batch_greedy_mean,109.32040347383399,40.20997613666274,42.219199996907264
100,37,PointerNet:greedy_rollout,112.85123575394094,44.73848036830736,59.28659997880459
100,37,POMO,90.78889380346916,16.44220318584213,239.0601999941282
100,38,LKH,81.20782735221364,0.0,1536.851899989415
100,38,Attention:batch_greedy_mean,117.09487800962897,44.191615300538004,25.928899995051324
100,38,Attention:greedy_rollout,108.92294659802829,34.1286303912663,23.008799995295703
100,38,PointerNet:batch_greedy_mean,122.85861233379946,51.28912610965261,63.44820000231266
100,38,PointerNet:greedy_rollout,115.91163098248174,42.734554982921985,72.39560002926737
100,38,POMO,95.25974930726011,17.303654602284375,269.70830000936985
100,39,LKH,74.33435314747503,0.0,1237.4425999587402
100,39,Attention:batch_greedy_mean,98.80433346010618,32.918804397321026,20.27590002398938
100,39,Attention:greedy_rollout,94.16352813908729,26.67565419217725,17.1820999821648
100,39,PointerNet:batch_greedy_mean,119.47094972457468,60.721045742540156,47.77299996931106
100,39,PointerNet:greedy_rollout,108.65095932693448,46.16520454732055,55.45189999975264
100,39,POMO,86.94900627978927,16.970152558249225,252.1983000333421
100,40,LKH,76.77857583989908,0.0,1586.955400009174
100,40,Attention:batch_greedy_mean,103.24866296426775,34.47587668149104,25.85390000604093
100,40,Attention:greedy_rollout,100.09768912276834,30.3719013120209,17.595100041944534
100,40,PointerNet:batch_greedy_mean,123.76099423751099,61.192094127378724,54.48940000496805
100,40,PointerNet:greedy_rollout,107.34501796532194,39.81116058880918,70.78430004185066
100,40,POMO,88.66399058204819,15.480118785913563,210.242000001017
100,41,LKH,77.58362201619404,0.0,1419.024700007867
100,41,Attention:batch_greedy_mean,104.82927058679952,35.117783705584785,18.326999968849123
100,41,Attention:greedy_rollout,94.49412322245838,21.79648328707135,23.706599953584373
100,41,PointerNet:batch_greedy_mean,117.11430133353505,50.9523508828832,51.90249998122454
100,41,PointerNet:greedy_rollout,108.45093123427485,39.785857396085305,50.47089996514842
100,41,POMO,86.61555133441063,11.64154119580979,250.41310000233352
100,42,LKH,78.25630711142314,0.0,1426.2911000405438
100,42,Attention:batch_greedy_mean,109.81467925223644,40.32693760501599,16.87570003559813
100,42,Attention:greedy_rollout,100.35444924323497,28.23816117510884,23.113700037356466
100,42,PointerNet:batch_greedy_mean,123.67128306120492,58.033630292723736,48.915799998212606
100,42,PointerNet:greedy_rollout,120.43454040945106,53.897551334710414,48.010600032284856
100,42,POMO,95.72103929722807,22.317347739062416,216.53229999355972
100,43,LKH,75.05956884841721,0.0,1362.991800007876
100,43,Attention:batch_greedy_mean,100.66703308261918,34.11618881786577,23.69399997405708
100,43,Attention:greedy_rollout,99.09512375129516,32.02197304306097,20.55279997875914
100,43,PointerNet:batch_greedy_mean,122.10031641180419,62.67122005241698,50.654900027439
100,43,PointerNet:greedy_rollout,100.47495241720269,33.860284516304425,49.09470002166927
100,43,POMO,86.92263375811157,15.804866843362525,208.57359998626634
100,44,LKH,75.66643465748237,0.0,1352.2655999986455
100,44,Attention:batch_greedy_mean,107.40194332404009,41.94132948144599,19.018499995581806
100,44,Attention:greedy_rollout,99.36833982244063,31.324199788518076,16.265999991446733
100,44,PointerNet:batch_greedy_mean,108.79274962939584,43.77940512443285,41.13420000066981
100,44,PointerNet:greedy_rollout,109.67276182346669,44.94242040069686,54.23569999402389
100,44,POMO,88.4131270932976,16.845900687029083,191.69140001758933
100,45,LKH,78.51088199970371,0.0,1267.1105999615975
100,45,Attention:batch_greedy_mean,106.70702782794021,35.91367860106692,22.435399994719774
100,45,Attention:greedy_rollout,95.46755956574405,21.59786915411845,18.713299999944866
100,45,PointerNet:batch_greedy_mean,125.98983835554999,60.47436373982584,53.868899994995445
100,45,PointerNet:greedy_rollout,108.36673770748435,38.027665652633104,47.40959999617189
100,45,POMO,88.81576228583208,13.12541653291738,201.5916000236757
100,46,LKH,78.0604287886704,0.0,1340.0020999833941
100,46,Attention:batch_greedy_mean,103.08519166100149,32.058192941880385,22.48029998736456
100,46,Attention:greedy_rollout,99.2711430584372,27.172172378388616,23.40780000668019
100,46,PointerNet:batch_greedy_mean,116.79993190720579,49.627581759015406,63.611899968236685
100,46,PointerNet:greedy_rollout,110.51763941514996,41.57959561604454,73.34180001635104
100,46,POMO,90.0320762583625,15.336384459406984,229.20719999819994
100,47,LKH,78.1635054834709,0.0,1596.8927000067197
100,47,Attention:batch_greedy_mean,100.76294274142894,28.91302931997735,21.14969998365268
100,47,Attention:greedy_rollout,96.80530723388543,23.849751409059667,21.187700040172786
100,47,PointerNet:batch_greedy_mean,113.7588762153122,45.53962941102813,53.92720003146678
100,47,PointerNet:greedy_rollout,116.639887614903,49.22550734315344,50.562100019305944
100,47,POMO,92.79533300441857,18.71951293694451,207.5248000328429
100,48,LKH,78.21428679237067,0.0,1367.787400027737
100,48,Attention:batch_greedy_mean,107.45845892515476,37.3898086041701,37.23580000223592
100,48,Attention:greedy_rollout,106.31172131898546,35.92366008681105,43.82469999836758
100,48,PointerNet:batch_greedy_mean,118.65279294051479,51.7021989288134,62.83940002322197
100,48,PointerNet:greedy_rollout,108.61161860047618,38.86416798608535,56.094300001859665
100,48,POMO,89.23346459026706,14.088446305402153,213.99930003099144
100,49,LKH,77.68145457718578,0.0,1451.7856999882497
100,49,Attention:batch_greedy_mean,102.98718251211763,32.57627972167745,23.583400005009025
100,49,Attention:greedy_rollout,105.87996335890065,36.30018121467628,18.28610000666231
100,49,PointerNet:batch_greedy_mean,121.32545193309787,56.18329058520214,42.44619997916743
100,49,PointerNet:greedy_rollout,118.51355416250351,52.5635105670507,51.04369996115565
100,49,POMO,87.634306908331,12.81239181902275,192.4750999896787
100,50,LKH,78.27884407133507,0.0,1138.9745000051335
100,50,Attention:batch_greedy_mean,100.61227154658147,28.530604584418835,18.042399955447763
100,50,Attention:greedy_rollout,100.39493583542158,28.25296160982172,17.626199987716973
100,50,PointerNet:batch_greedy_mean,118.68702009935137,51.62081339779693,48.23180002858862
100,50,PointerNet:greedy_rollout,112.24779928661484,43.39480943832544,48.384000023361295
100,50,POMO,89.61116489793724,14.476862760358458,190.5675000161864
100,51,LKH,76.47319474732654,0.0,1775.9463000111282
100,51,Attention:batch_greedy_mean,102.05174700520456,33.44773595818975,21.37940004467964
100,51,Attention:greedy_rollout,96.27671688860956,25.896030899082227,22.19430002151057
100,51,PointerNet:batch_greedy_mean,118.79851704637916,55.3466118930938,50.093800004106015
100,51,PointerNet:greedy_rollout,105.45484650892213,37.897791320675495,50.868499965872616
100,51,POMO,87.47720134492279,14.389364317725118,203.59879999887198
100,52,LKH,76.67282144452449,0.0,1369.8734000208788
100,52,Attention:batch_greedy_mean,109.40529165201617,42.691099128489476,20.360699971206486
100,52,Attention:greedy_rollout,101.1598504877824,31.937039203618138,17.441999982111156
100,52,PointerNet:batch_greedy_mean,109.23592095459723,42.47019856134198,42.067899950779974
100,52,PointerNet:greedy_rollout,107.45144224905275,40.14280448359095,49.610699992626905
100,52,POMO,90.69050185614995,18.282463260814986,189.24099998548627
100,53,LKH,76.31022066137965,0.0,1810.4467000230215
100,53,Attention:batch_greedy_mean,102.11923354330763,33.82117448782302,16.981000022497028
100,53,Attention:greedy_rollout,94.4309754592137,23.746170094623913,17.07110001007095
100,53,PointerNet:batch_greedy_mean,114.2295437477175,49.69101485710773,48.000099952332675
100,53,PointerNet:greedy_rollout,110.03946225582048,44.200162576008765,50.80299999099225
100,53,POMO,88.90640954357386,16.506555443062823,194.72049997420982
100,54,LKH,79.64271605679328,0.0,1160.9609000151977
100,54,Attention:batch_greedy_mean,114.29975455233046,43.515641117542025,18.454500008374453
100,54,Attention:greedy_rollout,97.72137237942879,22.699698375107662,19.81339999474585
100,54,PointerNet:batch_greedy_mean,112.1467187536457,40.812272993896634,53.910299960989505
100,54,PointerNet:greedy_rollout,107.11920572146661,34.49968939416862,50.92030001105741
100,54,POMO,92.50064118636567,16.144508583061633,187.1534999809228
100,55,LKH,78.09031052527428,0.0,1722.3228000220843
100,55,Attention:batch_greedy_mean,97.34035243802164,24.65099931510325,20.180399995297194
100,55,Attention:greedy_rollout,100.20227528022981,28.31588785627751,26.706499978899956
100,55,PointerNet:batch_greedy_mean,118.2761402571648,51.460711913655665,58.516799996141344
100,55,PointerNet:greedy_rollout,111.44307134647215,42.71049839199078,58.33979998715222
100,55,POMO,86.79168596757395,11.142708210237478,194.87830001162365
100,56,LKH,77.28990509221983,0.0,1415.5848999507725
100,56,Attention:batch_greedy_mean,98.22970234668966,27.092538449212928,17.87730003707111
100,56,Attention:greedy_rollout,96.99627291791893,25.49669041796092,17.996700014919043
100,56,PointerNet:batch_greedy_mean,107.73919714217372,39.396208358158525,49.173499981407076
100,56,PointerNet:greedy_rollout,106.05601040486546,37.21845081621312,51.625699969008565
100,56,POMO,92.11562405307407,19.181960364894582,196.71499996911734
100,57,LKH,79.75087727904618,0.0,1297.1144000184722
100,57,Attention:batch_greedy_mean,104.82686510205507,31.44289903579202,21.92210004432127
100,57,Attention:greedy_rollout,107.39883447163112,34.66790352141893,18.353399995248765
100,57,PointerNet:batch_greedy_mean,123.96221028622735,55.4367983345022,52.2917999769561
100,57,PointerNet:greedy_rollout,108.2652421955329,35.754296240172664,47.20039997482672
100,57,POMO,91.12759147940551,14.265315427882397,186.3395000109449
100,58,LKH,79.72477747232755,0.0,1258.3510000258684
100,58,Attention:batch_greedy_mean,106.75372763103911,33.902822956255115,23.13349995529279
100,58,Attention:greedy_rollout,100.91539553828737,26.579714284326585,21.87880000565201
100,58,PointerNet:batch_greedy_mean,127.57313099723936,60.0169170011418,52.09000001195818
100,58,PointerNet:greedy_rollout,109.9748641640845,37.94314346284221,46.203200006857514
100,58,POMO,89.85789686903631,12.710125657266296,195.77639998169616
100,59,LKH,77.72290267259963,0.0,1007.4054000433534
100,59,Attention:batch_greedy_mean,102.78545212642696,32.24602863766031,15.743100026156753
100,59,Attention:greedy_rollout,103.4232691315453,33.06665805728593,17.49779999954626
100,59,PointerNet:batch_greedy_mean,114.61199328442228,47.46231721068686,52.076299965847284
100,59,PointerNet:greedy_rollout,114.42259710944202,47.21863591666974,46.64220003178343
100,59,POMO,88.43251548964233,13.77922394658358,190.59070001821965
100,60,LKH,79.8395900013334,0.0,1334.7576000378467
100,60,Attention:batch_greedy_mean,102.62614470708955,28.540420492359225,17.685100028757006
100,60,Attention:greedy_rollout,106.12019994984466,32.91676466283499,20.97220002906397
100,60,PointerNet:batch_greedy_mean,118.19487249688513,48.04043018621607,55.34779996378347
100,60,PointerNet:greedy_rollout,112.33028779658692,40.69497074660689,51.65349994786084
100,60,POMO,88.33411948972751,10.639495378486087,193.95419995998964
100,61,LKH,81.18505259085347,0.0,1087.276500009466
100,61,Attention:batch_greedy_mean,118.06087667080317,45.421937786740095,21.874699974432588
100,61,Attention:greedy_rollout,107.90485773423785,32.91222249746341,15.95690002432093
100,61,PointerNet:batch_greedy_mean,126.57846786896712,55.913513423316786,44.62330002570525
100,61,PointerNet:greedy_rollout,108.57174045150525,33.73365784299219,52.29289998533204
100,61,POMO,92.55912177284756,14.010053352204787,188.59440000960603
100,62,LKH,74.89291438911701,0.0,1223.6636000452563
100,62,Attention:batch_greedy_mean,95.62216336568267,27.678518249221597,21.185800025705248
100,62,Attention:greedy_rollout,96.81899201092331,29.276571489642105,23.7858000327833
100,62,PointerNet:batch_greedy_mean,112.21141953392576,49.829153330734385,51.314799988176674
100,62,PointerNet:greedy_rollout,104.17283813732625,39.09571951771185,47.720400034449995
100,62,POMO,89.17748817479804,19.073331438890808,213.7495000497438
100,63,LKH,76.97323612774879,0.0,1402.0668999874033
100,63,Attention:batch_greedy_mean,106.58904006687771,38.47545644303819,25.48650000244379
100,63,Attention:greedy_rollout,95.37854900183606,23.911314893323254,22.85100001608953
100,63,PointerNet:batch_greedy_mean,104.23289529248856,35.41446421649497,62.51620000693947
100,63,PointerNet:greedy_rollout,108.80296982232255,41.351689620724116,66.34129997109994
100,63,POMO,91.84146458632534,19.31610155236356,265.8887999714352
100,64,LKH,79.5211163748668,0.0,1666.9461999554187
100,64,Attention:batch_greedy_mean,110.38482011123067,38.81195982067292,25.471300003118813
100,64,Attention:greedy_rollout,108.58037167463199,36.542816077654514,23.47590000135824
100,64,PointerNet:batch_greedy_mean,114.05803125977762,43.43112428414856,79.59540002048016
100,64,PointerNet:greedy_rollout,109.75312456524227,38.0175852258665,86.21879998827353
100,64,POMO,90.55371644138567,13.873799274284076,312.9017999744974
100,65,LKH,79.10415861029689,0.0,1451.5486999880522
100,65,Attention:batch_greedy_mean,102.82984097877292,29.992964700325736,19.410100008826703
100,65,Attention:greedy_rollout,104.10685610238957,31.607311083690746,18.741199979558587
100,65,PointerNet:batch_greedy_mean,119.36714798060355,50.89870125369828,50.4615000099875
100,65,PointerNet:greedy_rollout,109.23636682397999,38.09181305135685,57.31319996993989
100,65,POMO,90.31188032849859,14.168309119392871,207.93359994422644
100,66,LKH,79.03712587985979,0.0,1218.2189999730326
100,66,Attention:batch_greedy_mean,103.95668727807302,31.52893165180647,21.294599981047213
100,66,Attention:greedy_rollout,103.16326395884956,30.525070098908525,23.73680000891909
100,66,PointerNet:batch_greedy_mean,123.44566645552936,56.186937570544615,59.572900005150586
100,66,PointerNet:greedy_rollout,113.38210460557366,43.454235390492165,62.07010004436597
100,66,POMO,96.7795082233415,22.448162361636196,218.43900001840666
100,67,LKH,79.51018784646651,0.0,1637.388400034979
100,67,Attention:batch_greedy_mean,108.01702224040285,35.85305879163913,30.34759999718517
100,67,Attention:greedy_rollout,101.8503012043514,28.0971708946575,28.025099949445575
100,67,PointerNet:batch_greedy_mean,111.6651495636548,40.44131021206898,91.0990999545902
100,67,PointerNet:greedy_rollout,111.38447812099098,40.08830960891886,81.86079998267815
100,67,POMO,87.33835319439623,9.845487175864616,249.3440000107512
100,68,LKH,77.34527401460409,0.0,1812.318900017999
100,68,Attention:batch_greedy_mean,111.49350773255891,44.15038171757858,20.200600032694638
100,68,Attention:greedy_rollout,100.91325560261207,30.47113335400163,22.913500026334077
100,68,PointerNet:batch_greedy_mean,115.42006556920678,49.22704333223196,50.11800001375377
100,68,PointerNet:greedy_rollout,112.0658819871057,44.89040657603176,53.897000034339726
100,68,POMO,94.62573436185055,22.341973142384393,219.48760002851486
100,69,LKH,76.75059658437894,0.0,1587.9495000117458
100,69,Attention:batch_greedy_mean,105.77798517252508,37.82040776221678,24.921599950175732
100,69,Attention:greedy_rollout,101.92158451267807,32.795820551865496,27.60099997976795
100,69,PointerNet:batch_greedy_mean,114.85633687397966,49.64878709145616,61.539100017398596
100,69,PointerNet:greedy_rollout,103.63120406180475,35.023320565167865,61.26759998733178
100,69,POMO,87.57555769607363,14.10407422669845,250.48340001376346
100,70,LKH,75.3202306612282,0.0,1255.1545000169426
100,70,Attention:batch_greedy_mean,103.00361390463125,36.754246502398644,25.88650002144277
100,70,Attention:greedy_rollout,99.3988532577048,31.968333587261977,24.543099978473037
100,70,PointerNet:batch_greedy_mean,117.2477073960703,55.665624450118244,56.17449997225776
100,70,PointerNet:greedy_rollout,115.4632933238754,53.29652114742027,58.85919998399913
100,70,POMO,85.83545053121803,13.960684636355799,245.94419996719807
100,71,LKH,77.66550047513137,0.0,1391.455999983009
100,71,Attention:batch_greedy_mean,110.31318704041016,42.03627912722025,22.417599975597113
100,71,Attention:greedy_rollout,94.93819373679737,22.239853160022776,20.347999990917742
100,71,PointerNet:batch_greedy_mean,121.55616187838278,56.51242975934376,59.253200015518814
100,71,PointerNet:greedy_rollout,113.33006729519829,45.920732631455564,64.14090003818274
100,71,POMO,93.42207750101178,20.287742858137765,211.5580000099726
100,72,LKH,76.92723442079186,0.0,1748.5473999986425
100,72,Attention:batch_greedy_mean,103.84070539795056,34.98562138597372,23.884599970187992
100,72,Attention:greedy_rollout,101.66007726321178,32.150958017197524,25.36229998804629
100,72,PointerNet:batch_greedy_mean,114.18506408274169,48.43256090313809,55.267699994146824
100,72,PointerNet:greedy_rollout,113.72298228540883,47.83188703150861,53.14019997604191
100,72,POMO,87.11885099632184,13.248385506466864,254.15480002993718
100,73,LKH,77.50692273901217,0.0,1489.7421000059694
100,73,Attention:batch_greedy_mean,105.64732365399773,36.30695158643091,25.558599969372153
100,73,Attention:greedy_rollout,102.76391537600048,32.58675708495844,23.77969998633489
100,73,PointerNet:batch_greedy_mean,117.89340418160775,52.106934471632094,71.76699995761737
100,73,PointerNet:greedy_rollout,112.14275821687514,44.687408884096286,67.38059996860102
100,73,POMO,90.20441377802884,16.382396036767872,277.8431999613531
100,74,LKH,76.76250640659143,0.0,1589.544599992223
100,74,Attention:batch_greedy_mean,99.83695317789437,30.059527562953043,28.83609995478764
100,74,Attention:greedy_rollout,93.91931021252138,22.35049975446963,44.52070000115782
100,74,PointerNet:batch_greedy_mean,116.66114459111239,51.976726728004486,83.80090002901852
100,74,PointerNet:greedy_rollout,103.2021266327173,34.44340403123621,88.08030001819134
100,74,POMO,89.2980358467125,16.3302763639889,341.0284999990836
100,75,LKH,77.29438347681965,0.0,1584.0477999881841
100,75,Attention:batch_greedy_mean,106.48533524704078,37.76594165988194,22.03150000423193
100,75,Attention:greedy_rollout,91.0470585305637,17.792592986873935,23.976199969183654
100,75,PointerNet:batch_greedy_mean,119.7730977581296,54.95705169063052,59.96659997617826
100,75,PointerNet:greedy_rollout,114.18500201224198,47.7274245243003,71.19240000611171
100,75,POMO,88.94436615911692,15.072224084420146,229.04329997254536
100,76,LKH,82.47197169253865,0.0,1537.7305999863893
100,76,Attention:batch_greedy_mean,115.04643075415653,39.49761160441002,27.85409998614341
100,76,Attention:greedy_rollout,103.07221208538111,24.978474468443196,22.722599969711155
100,76,PointerNet:batch_greedy_mean,123.83964040794285,50.15966984471502,61.71909999102354
100,76,PointerNet:greedy_rollout,115.45292884621041,39.990504018294985,65.89700002223253
100,76,POMO,92.25310748858513,11.859951442062343,251.97869999101385
100,77,LKH,79.66405173984427,0.0,1910.9804999898188
100,77,Attention:batch_greedy_mean,104.88488607148025,31.658990197986242,25.676499994006008
100,77,Attention:greedy_rollout,103.77669516532754,30.267909927839188,28.063400008250028
100,77,PointerNet:batch_greedy_mean,124.29679078883167,56.02619760634667,77.3048999835737
100,77,PointerNet:greedy_rollout,114.59036103184812,43.84199463775872,72.37180002266541
100,77,POMO,94.85128787204992,19.064102064256044,254.73859999328852
100,78,LKH,80.7441103412329,0.0,1403.6958999931812
100,78,Attention:batch_greedy_mean,108.0490211415672,33.816597501589825,24.356799956876785
100,78,Attention:greedy_rollout,105.17433055514024,30.256349485631496,43.6109000002034
100,78,PointerNet:batch_greedy_mean,122.96890300042173,52.29457911015742,104.5470000244677
100,78,PointerNet:greedy_rollout,119.46665847762884,47.95711782909054,93.20310002658516
100,78,POMO,94.63207422322631,17.199971395190875,351.3408999424428
100,79,LKH,76.36425503903611,0.0,1698.627799982205
100,79,Attention:batch_greedy_mean,97.29106865675334,27.403938671332284,20.27259999886155
100,79,Attention:greedy_rollout,100.65341454245653,31.80697499242835,24.45080003235489
100,79,PointerNet:batch_greedy_mean,114.12109365086033,49.4430785614599,53.41059999773279
100,79,PointerNet:greedy_rollout,104.73632314063258,37.1535976971073,57.49939999077469
100,79,POMO,90.79075705041396,18.8916948171671,224.10699998727068
100,80,LKH,77.06407278170035,0.0,1458.6471000220627
100,80,Attention:batch_greedy_mean,103.236439975953,33.96182715179252,18.513399991206825
100,80,Attention:greedy_rollout,98.89422534762096,28.327275963935826,20.28770005563274
100,80,PointerNet:batch_greedy_mean,118.92517714561868,54.31987027534662,53.08600002899766
100,80,PointerNet:greedy_rollout,101.53668335976073,31.7561863715457,51.00699997274205
100,80,POMO,90.26327481407809,17.127568730719908,215.06399998907
100,81,LKH,79.15232389670902,0.0,1295.4941000207327
100,81,Attention:batch_greedy_mean,107.77043004588873,36.15573711584934,19.080600002780557
100,81,Attention:greedy_rollout,102.33570156697878,29.289572976433703,21.114999952260405
100,81,PointerNet:batch_greedy_mean,121.16272940146675,53.075391140227055,56.483899999875575
100,81,PointerNet:greedy_rollout,110.30005699366926,39.35163437223515,62.34300002688542
100,81,POMO,91.466664131208,15.557774716215233,247.2090999945067
100,82,LKH,79.62028047151249,0.0,1388.7543000164442
100,82,Attention:batch_greedy_mean,104.25336010332907,30.9381975119142,23.435499984771013
100,82,Attention:greedy_rollout,100.55810607116527,26.297101034634224,21.985200000926852
100,82,PointerNet:batch_greedy_mean,115.92834951408824,45.601533714223095,55.20589998923242
100,82,PointerNet:greedy_rollout,111.53707458556423,40.086261848162316,82.437300006859
100,82,POMO,91.70769954958159,15.18133195021071,330.8966000331566
100,83,LKH,76.51387545657548,0.0,1650.7351000327617
100,83,Attention:batch_greedy_mean,99.29784279200834,29.777562826971987,23.343800043221563
100,83,Attention:greedy_rollout,98.33472305043556,28.518811083153455,18.895399989560246
100,83,PointerNet:batch_greedy_mean,126.29378977378786,65.0599829379501,56.42380000790581
100,83,PointerNet:greedy_rollout,114.23995108400719,49.30618845576929,50.35209999186918
100,83,POMO,86.18641900740235,12.641554872379205,202.07880000816658
100,84,LKH,79.08157185474946,0.0,1358.588700008113
100,84,Attention:batch_greedy_mean,106.72713351087116,34.95828548640738,22.679299989249557
100,84,Attention:greedy_rollout,103.8346859750186,31.300736113001946,26.213099947199225
100,84,PointerNet:batch_greedy_mean,123.27027654766887,55.877372764013344,57.84219998167828
100,84,PointerNet:greedy_rollout,113.05830816898543,42.96416411226836,49.889200017787516
100,84,POMO,96.36518153844926,21.85542001548088,206.78520004730672
100,85,LKH,75.33303601552943,0.0,1410.959200002253
100,85,Attention:batch_greedy_mean,109.34900878137063,45.15412435897183,18.785899970680475
100,85,Attention:greedy_rollout,92.03601513306988,22.17218368060626,20.958100038114935
100,85,PointerNet:batch_greedy_mean,114.53672626530113,52.040502179800775,46.89230001531541
100,85,PointerNet:greedy_rollout,112.21472475498057,48.95818712503265,46.9433999969624
100,85,POMO,89.79001210775857,19.19075196869661,211.08300000196323
100,86,LKH,79.28478626362374,0.0,1668.348999985028
100,86,Attention:batch_greedy_mean,105.65875093341792,33.264849301731275,22.740699991118163
100,86,Attention:greedy_rollout,103.90284358748252,31.050165465544886,20.062699972186238
100,86,PointerNet:batch_greedy_mean,124.69680900994179,57.277095501427,49.72589999670163
100,86,PointerNet:greedy_rollout,114.26980192251082,44.125761457640934,47.39530000369996
100,86,POMO,91.91593981121835,15.931371127867747,208.87669996591285
100,87,LKH,72.14348337547392,0.0,1282.6878000050783
100,87,Attention:batch_greedy_mean,94.65473429912369,31.20344329159846,19.003800000064075
100,87,Attention:greedy_rollout,89.99972606148704,24.75101263558279,20.486499997787178
100,87,PointerNet:batch_greedy_mean,109.60608712652319,51.92791087737406,53.1852999702096
100,87,PointerNet:greedy_rollout,100.60642945920642,39.453246158902324,50.449600035790354
100,87,POMO,84.01920607345107,16.46125490804129,201.19670004351065
100,88,LKH,76.84591024070214,0.0,1162.767600035295
100,88,Attention:batch_greedy_mean,106.55787644600778,38.66434285473325,22.80340000288561
100,88,Attention:greedy_rollout,103.45394914314278,34.62518541207603,29.299099987838417
100,88,PointerNet:batch_greedy_mean,120.41539361391,56.69720514304076,64.36660001054406
100,88,PointerNet:greedy_rollout,109.67840019858555,42.725097347462196,74.0166999748908
100,88,POMO,89.45141939843785,16.403617470665456,211.46029996452853
100,89,LKH,76.50263198036295,0.0,1569.3454999709502
100,89,Attention:batch_greedy_mean,100.60450491014092,31.504632332080483,89.37760000117123
100,89,Attention:greedy_rollout,97.99709844542755,28.096375129396726,34.00179999880493
100,89,PointerNet:batch_greedy_mean,109.77000151542384,43.48526145296559,113.30499994801357
100,89,PointerNet:greedy_rollout,99.88073757440962,30.558563789083067,94.22729996731505
100,89,POMO,88.56848604395466,15.771815624185107,234.1901999898255
100,90,LKH,74.95428688521805,0.0,1547.6706000044942
100,90,Attention:batch_greedy_mean,108.48304865716548,44.73228038750074,20.5081999883987
100,90,Attention:greedy_rollout,97.43012165302343,29.986056437604375,19.807099946774542
100,90,PointerNet:batch_greedy_mean,110.5034444881184,47.427784427245484,55.7309000287205
100,90,PointerNet:greedy_rollout,105.33416001484375,40.531201605784325,45.01130001153797
100,90,POMO,87.82273040977643,17.168388973221216,198.3642000122927
100,91,LKH,76.98007752393006,0.0,1412.7805999596603
100,91,Attention:batch_greedy_mean,117.91123763918745,53.1711079435241,21.37520001269877
100,91,Attention:greedy_rollout,101.62656640239209,32.016710909131525,23.13499996671453
100,91,PointerNet:batch_greedy_mean,107.80598916045415,40.04401220165247,54.76500000804663
100,91,PointerNet:greedy_rollout,106.6677506298615,38.565397776720495,57.658699981402606
100,91,POMO,90.84106106933025,18.00593606974656,208.83910002885386
100,92,LKH,80.75547438266163,0.0,1473.64209999796
100,92,Attention:batch_greedy_mean,104.2339002816222,29.073479016057185,20.584699988830835
100,92,Attention:greedy_rollout,104.71087343421215,29.664117800902655,24.259200028609484
100,92,PointerNet:batch_greedy_mean,119.9835415837638,48.576356588804224,55.95710000488907
100,92,PointerNet:greedy_rollout,114.66813120075592,41.99425125954732,51.94969999138266
100,92,POMO,95.18509454794119,17.86828729022689,187.437700049486
100,93,LKH,73.9355034707622,0.0,1845.2924999874085
100,93,Attention:batch_greedy_mean,100.20491007487595,35.53016530752643,18.919399997685105
100,93,Attention:greedy_rollout,88.42858629614511,19.60233195830499,19.215400039684027
100,93,PointerNet:batch_greedy_mean,111.64012866861377,50.996643598649285,43.756800005212426
100,93,PointerNet:greedy_rollout,99.24162810702246,34.22729737177968,57.31619999278337
100,93,POMO,86.45790665793223,16.936928267651567,189.7099000052549
100,94,LKH,77.8602698957765,0.0,1487.602600012906
100,94,Attention:batch_greedy_mean,120.20675198964233,54.38779258092824,22.112000035122037
100,94,Attention:greedy_rollout,98.52694689238163,26.54328969610493,23.32030003890395
100,94,PointerNet:batch_greedy_mean,124.6349714048638,60.075185420882526,67.1355000231415
100,94,PointerNet:greedy_rollout,112.0357323236916,43.89332643421641,56.158000021241605
100,94,POMO,91.31128957785991,17.2758451776354,259.6610999898985
100,95,LKH,80.30530040676751,0.0,1016.1670999950729
100,95,Attention:batch_greedy_mean,109.16168192682021,35.93334608536114,30.366400023922324
100,95,Attention:greedy_rollout,107.59899462488981,33.98741313446627,37.38290001638234
100,95,PointerNet:batch_greedy_mean,116.42833991006431,44.982136073614164,53.83980000624433
100,95,PointerNet:greedy_rollout,112.3429244898715,39.894781441355654,49.14760001702234
100,95,POMO,93.9917284124471,17.042994592329798,201.31259999470785
100,96,LKH,78.29534199317447,0.0,1666.5277000283822
100,96,Attention:batch_greedy_mean,109.35699277505316,39.67241216544725,17.221399990376085
100,96,Attention:greedy_rollout,99.30736846668918,26.836879357837745,20.63570002792403
100,96,PointerNet:batch_greedy_mean,127.874303574485,63.32300277279924,46.90409998875111
100,96,PointerNet:greedy_rollout,117.01611134479207,49.45475473495363,50.02309998963028
100,96,POMO,91.0557281311691,16.297758989426264,196.6239000321366
100,97,LKH,80.96796313012908,0.0,1213.1863999529742
100,97,Attention:batch_greedy_mean,107.88822320673123,33.24803914523178,15.546899987384677
100,97,Attention:greedy_rollout,109.5530236448895,35.30416155933113,24.16059997631237
100,97,PointerNet:batch_greedy_mean,123.78339319530572,52.87947036084516,53.58409998007119
100,97,PointerNet:greedy_rollout,119.69229913201733,47.82673850847866,49.71360001945868
100,97,POMO,93.52736374526606,15.511567945647736,200.76869998592883
100,98,LKH,76.55868901720237,0.0,1358.8851999957114
100,98,Attention:batch_greedy_mean,108.06179870064076,41.1489670053778,18.787899985909462
100,98,Attention:greedy_rollout,101.7505998023407,32.905358109616834,19.18840000871569
100,98,PointerNet:batch_greedy_mean,114.94723426953847,50.14263664273349,51.05769995134324
100,98,PointerNet:greedy_rollout,108.01619236697104,41.08939658397276,49.218300031498075
100,98,POMO,91.06523405151715,18.94826729733477,181.58430000767112
100,99,LKH,75.41988643696057,0.0,1489.2506000469439
100,99,Attention:batch_greedy_mean,99.32843409431662,31.700588249148222,22.533200040925294
100,99,Attention:greedy_rollout,94.29434181388862,25.025833727161867,23.336999991443008
100,99,PointerNet:batch_greedy_mean,109.55075092138269,45.2544628437624,56.58000003313646
100,99,PointerNet:greedy_rollout,103.98994759044123,37.88133674446838,55.664699990302324
100,99,POMO,82.91901637968863,9.94317320935796,183.9116999763064
100,100,LKH,74.95778951444252,0.0,1262.1586000313982
100,100,Attention:batch_greedy_mean,104.26071640895262,39.09257074458438,17.416499962564558
100,100,Attention:greedy_rollout,90.64055822234839,20.922133389331314,18.648099969141185
100,100,PointerNet:batch_greedy_mean,123.81353239712736,65.17767292653626,47.30609996477142
100,100,PointerNet:greedy_rollout,110.37270207696096,47.24647403815831,46.93559999577701
100,100,POMO,87.9493349409607,17.33181502639565,185.50790002336726
100,101,LKH,78.79767312499497,0.0,1431.886799982749
100,101,Attention:batch_greedy_mean,104.99521298224198,33.24659069017234,16.54069998767227
100,101,Attention:greedy_rollout,104.78371240246736,32.97818101335469,17.6163999713026
100,101,PointerNet:batch_greedy_mean,120.26919978601026,52.63039505650116,53.4650000045076
100,101,PointerNet:greedy_rollout,108.58685587942185,37.80464774279942,43.63200004445389
100,101,POMO,93.51858293618825,18.681909284100094,174.28999999538064
100,102,LKH,75.62134438984646,0.0,1569.1707999794744
100,102,Attention:batch_greedy_mean,102.72527782783459,35.84164452070668,15.660100034438074
100,102,Attention:greedy_rollout,97.26947534678402,28.627011502646894,17.493599967565387
100,102,PointerNet:batch_greedy_mean,112.43394523933186,48.680172438759456,43.54980000061914
100,102,PointerNet:greedy_rollout,99.70099712925548,31.84240234512699,41.51549999369308
100,102,POMO,87.03543786675704,15.093745779059608,184.88580000121146
100,103,LKH,77.5237407238968,0.0,1384.5118999597616
100,103,Attention:batch_greedy_mean,98.3911096356032,26.917391649128735,16.19829999981448
100,103,Attention:greedy_rollout,94.23284539435146,21.553532523623517,21.116399962920696
100,103,PointerNet:batch_greedy_mean,116.77745365287146,50.6344412207584,52.07119998522103
100,103,PointerNet:greedy_rollout,108.21348110342818,39.58753807924962,52.359199966304004
100,103,POMO,90.23192290281452,16.392632837698464,181.2796999583952
100,104,LKH,81.68579384581393,0.0,1379.9244000110775
100,104,Attention:batch_greedy_mean,112.59398412241794,37.83790157557234,22.04479998908937
100,104,Attention:greedy_rollout,103.45537572727613,26.65038907812219,23.19879998685792
100,104,PointerNet:batch_greedy_mean,123.27414598427892,50.91258856707091,51.35710001923144
100,104,PointerNet:greedy_rollout,117.78553268027186,44.19341128348218,44.01010001311079
100,104,POMO,94.31529638161648,15.46107583852508,187.62430001515895
100,105,LKH,75.50039517221471,0.0,1367.6587999798357
100,105,Attention:batch_greedy_mean,118.75057728188925,57.28470958466091,39.69919995870441
100,105,Attention:greedy_rollout,104.16485321885345,37.96597088168314,47.47950000455603
100,105,PointerNet:batch_greedy_mean,117.82957431575173,56.06484449119121,162.61910001048818
100,105,PointerNet:greedy_rollout,105.91304727045426,40.28144757238551,139.41229996271431
100,105,POMO,89.30649657203925,18.28613130876088,393.2085999986157
100,106,LKH,77.30140387330641,0.0,1669.6043999982066
100,106,Attention:batch_greedy_mean,97.48666554942561,26.112412795506213,47.02220001490787
100,106,Attention:greedy_rollout,104.40240093541027,35.05886789135317,49.46450004354119
100,106,PointerNet:batch_greedy_mean,109.01795030324097,41.02971594399058,60.823599982541054
100,106,PointerNet:greedy_rollout,113.12097570121595,46.33754373544915,123.84999997448176
100,106,POMO,87.49560869158219,13.187606314347967,203.97130004130304
100,107,LKH,74.05833660566664,0.0,1551.9146000151522
100,107,Attention:batch_greedy_mean,105.69748356303738,42.72192491418967,20.654099993407726
100,107,Attention:greedy_rollout,95.47162742763933,28.914085575524844,19.39279999351129
100,107,PointerNet:batch_greedy_mean,107.04519639509874,44.54172386435707,53.37019998114556
100,107,PointerNet:greedy_rollout,101.35788296416432,36.86221917710319,60.52380002802238
100,107,POMO,85.57805419549902,15.554923480351219,199.93040000554174
100,108,LKH,77.17422703473942,0.0,1148.0274999630637
100,108,Attention:batch_greedy_mean,103.10059261379506,33.594590545604134,23.501800023950636
100,108,Attention:greedy_rollout,100.99630228464036,30.867915579093026,23.997900018002838
100,108,PointerNet:batch_greedy_mean,116.99055560191529,51.59277921792834,62.549500027671456
100,108,PointerNet:greedy_rollout,103.31310129774363,33.86995279037649,51.91719997674227
100,108,POMO,91.04870149997,17.978119118685935,200.09139995090663
100,109,LKH,72.67679756606607,0.0,1252.3498999653384
100,109,Attention:batch_greedy_mean,93.2376446920411,28.290799559906876,21.96629997342825
100,109,Attention:greedy_rollout,91.35104710983349,25.69492626142723,20.36760002374649
100,109,PointerNet:batch_greedy_mean,110.76050357805221,52.401464136289924,52.59279999881983
100,109,PointerNet:greedy_rollout,107.74193475287869,48.24804939284375,54.18649996863678
100,109,POMO,85.19496999497889,17.224441428549888,184.9038999644108
100,110,LKH,74.81834195342199,0.0,1113.152700010687
100,110,Attention:batch_greedy_mean,104.10784093013235,39.14748471029267,18.93050002399832
100,110,Attention:greedy_rollout,102.97992223823745,37.63994169016388,19.927899993490428
100,110,PointerNet:batch_greedy_mean,120.775308123644,61.424732185100304,42.90019994368777
100,110,PointerNet:greedy_rollout,105.1102509191118,40.487276481678755,52.84600000595674
100,110,POMO,89.5281765174078,19.660733157042408,184.04740002006292
100,111,LKH,74.43213721380884,0.0,1458.2408000133
100,111,Attention:batch_greedy_mean,95.87276332222874,28.80560321253569,21.6740999603644
100,111,Attention:greedy_rollout,104.47258248709869,40.359509209036474,16.96440001251176
100,111,PointerNet:batch_greedy_mean,114.14504682976064,53.35452010718854,45.302300015464425
100,111,PointerNet:greedy_rollout,111.60055827630713,49.9359852528898,42.52389998873696
100,111,POMO,86.78525895659754,16.596489373002875,198.5265000257641
100,112,LKH,78.52626215025592,0.0,1281.0445000068285
100,112,Attention:batch_greedy_mean,104.36008859956353,32.89832693153779,24.761100008618087
100,112,Attention:greedy_rollout,97.83772587958471,24.59236337058462,18.818699987605214
100,112,PointerNet:batch_greedy_mean,108.01082316632183,37.54738887182575,47.56979999365285
100,112,PointerNet:greedy_rollout,107.01158768196713,36.27490313648958,38.91040000598878
100,112,POMO,90.63649085375344,15.421883548111884,189.305100007914
100,113,LKH,75.39412969044562,0.0,1400.1050000078976
100,113,Attention:batch_greedy_mean,101.67098524985589,34.852654533314706,19.135600014124066
100,113,Attention:greedy_rollout,90.9921270152494,20.688609827908707,19.43879999453202
100,113,PointerNet:batch_greedy_mean,111.43638173303488,47.8051171763267,45.69959995569661
100,113,PointerNet:greedy_rollout,104.22109543618606,38.235026870259844,56.600900017656386
100,113,POMO,88.908231236158,17.924607129492422,192.252799984999
100,114,LKH,79.3327654696363,0.0,907.3120999964885
100,114,Attention:batch_greedy_mean,98.79813875603874,24.536360444730224,16.603299998678267
100,114,Attention:greedy_rollout,102.26911541510069,28.9115724249434,21.41940000001341
100,114,PointerNet:batch_greedy_mean,117.41498789609004,48.003144981790996,48.503900005016476
100,114,PointerNet:greedy_rollout,110.79244850147762,39.655346495997485,50.8284000097774
100,114,POMO,91.36706244876503,15.16939048813912,199.08779999241233
100,115,LKH,83.17433564949751,0.0,1266.795400006231
100,115,Attention:batch_greedy_mean,109.82630295298941,32.04349886941708,20.962299953680485
100,115,Attention:greedy_rollout,105.49252842321157,26.833028000084656,24.314999987836927
100,115,PointerNet:batch_greedy_mean,132.78762537904223,59.649757755347274,51.634399977046996
100,115,PointerNet:greedy_rollout,118.00615624773103,41.87808694381072,41.69669997645542
100,115,POMO,97.25171387741456,16.925146582763357,199.44900000700727
100,116,LKH,79.98368168103556,0.0,1509.6947000129148
100,116,Attention:batch_greedy_mean,106.47166590491335,33.1167353979883,22.008700005244464
100,116,Attention:greedy_rollout,100.79297539246679,26.016924045102048,16.693699988536537
100,116,PointerNet:batch_greedy_mean,112.31268675104336,40.41950106639455,50.12249998981133
100,116,PointerNet:greedy_rollout,110.76322723802403,38.482281523040236,50.01200002152473
100,116,POMO,90.7635449201384,13.477578191626035,192.36899999668822
100,117,LKH,74.33778603053335,0.0,1348.1015000143088
100,117,Attention:batch_greedy_mean,99.5267700374218,33.88449582900192,20.1734000002034
100,117,Attention:greedy_rollout,93.48352796093909,25.755060720454935,16.830199980176985
100,117,PointerNet:batch_greedy_mean,110.72394043811873,48.94705149362426,45.299199991859496
100,117,PointerNet:greedy_rollout,107.82005618713491,45.04071474882117,48.73749997932464
100,117,POMO,85.51512051919563,15.035872179555263,190.1503000408411
100,118,LKH,74.77614356914125,0.0,1365.6616999651305
100,118,Attention:batch_greedy_mean,94.32617204843166,26.144740215458697,22.90549996541813
100,118,Attention:greedy_rollout,100.8216485461341,34.83130278430318,16.79269998567179
100,118,PointerNet:batch_greedy_mean,113.19257139720621,51.375246160620016,44.77420001057908
100,118,PointerNet:greedy_rollout,106.73036852306203,42.73318123764234,49.04670000541955
100,118,POMO,87.97700692144963,17.65384348833433,196.39019999885932
100,119,LKH,77.26023180327327,0.0,1627.1879999549128
100,119,Attention:batch_greedy_mean,108.57346401632938,40.52956026949102,22.047100006602705
100,119,Attention:greedy_rollout,101.50946516602069,31.386436199794126,18.502700026147068
100,119,PointerNet:batch_greedy_mean,117.57547848742418,52.181110182021065,45.457900036126375
100,119,PointerNet:greedy_rollout,104.90500492927045,35.781374816980495,50.976699974853545
100,119,POMO,88.56919335555334,14.637493686371444,183.58069995883852
100,120,LKH,82.41327408314297,0.0,1465.522599988617
100,120,Attention:batch_greedy_mean,109.27406827064797,32.59280071849395,16.69619994936511
100,120,Attention:greedy_rollout,105.82707404393508,28.41022908175085,19.98250000178814
100,120,PointerNet:batch_greedy_mean,130.9565225322248,58.902220533198054,42.35430003609508
100,120,PointerNet:greedy_rollout,114.82168272804032,39.324258143417524,49.55629998585209
100,120,POMO,93.43989647984174,13.379667922881595,188.93529998604208
100,121,LKH,74.54429821220387,0.0,1175.3095999592915
100,121,Attention:batch_greedy_mean,105.28519567700829,41.238428963802,19.787300028838217
100,121,Attention:greedy_rollout,97.0334446592839,30.168835157667722,18.41940003214404
100,121,PointerNet:batch_greedy_mean,116.80934068762429,56.69788768432068,49.15380000602454
100,121,PointerNet:greedy_rollout,104.96334363386578,40.80666952564041,52.0193999982439
100,121,POMO,87.98562686401327,18.03133032864059,186.66599999414757
100,122,LKH,76.52543446749465,0.0,1686.0251000034623
100,122,Attention:batch_greedy_mean,106.15148302174086,38.71398935582695,17.479000031016767
100,122,Attention:greedy_rollout,100.68243791525941,31.567286897307095,21.406600018963218
100,122,PointerNet:batch_greedy_mean,106.39077294320472,39.026682675543434,50.08559999987483
100,122,PointerNet:greedy_rollout,104.1644885836618,36.11747428615679,40.16049997881055
100,122,POMO,89.58925746701611,17.071217027941895,197.3086999496445
100,123,LKH,77.48546804785937,0.0,1422.2077000304125
100,123,Attention:batch_greedy_mean,104.37373953285208,34.70105061298076,18.018599948845804
100,123,Attention:greedy_rollout,99.11958900381052,27.920230077965975,20.32050001434982
100,123,PointerNet:batch_greedy_mean,125.0429011652568,61.37593837340349,47.53700003493577
100,123,PointerNet:greedy_rollout,121.2850684534437,56.52621260354424,44.49000000022352
100,123,POMO,92.25337535255667,19.058937987669914,192.70590000087395
100,124,LKH,75.71451252284616,0.0,1219.9741000076756
100,124,Attention:batch_greedy_mean,104.5084231582111,38.02957937116301,16.551500011701137
100,124,Attention:greedy_rollout,97.92980227639,29.340860838060053,16.160900006070733
100,124,PointerNet:batch_greedy_mean,113.54440396297336,49.96385789146087,41.09650000464171
100,124,PointerNet:greedy_rollout,113.39328262110921,49.764264264256894,44.85690000001341
100,124,POMO,92.53279538718101,22.21275988438819,178.13489999389276
100,125,LKH,76.27857196564464,0.0,1023.1333000119776
100,125,Attention:batch_greedy_mean,110.23391410239094,44.51491586921627,24.181700020562857
100,125,Attention:greedy_rollout,99.05930610777196,29.86518173463919,19.48729995638132
100,125,PointerNet:batch_greedy_mean,113.66754325672768,49.01634932012463,44.37219997635111
100,125,PointerNet:greedy_rollout,105.80427371075352,38.7077274577283,45.34569999668747
100,125,POMO,91.03783517833482,19.34916036359155,181.631000014022
100,126,LKH,77.66312519668672,0.0,942.8894000011496
100,126,Attention:batch_greedy_mean,105.03379272658168,35.242809841320486,20.98410000326112
100,126,Attention:greedy_rollout,98.37545238005659,26.66944850714493,20.568799984175712
100,126,PointerNet:batch_greedy_mean,107.12618127711326,37.93699520307676,42.98590001417324
100,126,PointerNet:greedy_rollout,111.32144642610824,43.338870466749455,40.46939994441345
100,126,POMO,90.01467973001272,15.904014295130295,197.5877999793738
100,127,LKH,82.27848908959903,0.0,1373.3233999810182
100,127,Attention:batch_greedy_mean,113.0318916089824,37.37720862362185,23.04639999056235
100,127,Attention:greedy_rollout,107.49110360805881,30.64302079125921,21.007400006055832
100,127,PointerNet:batch_greedy_mean,124.30531962654065,51.07875825378313,48.467000015079975
100,127,PointerNet:greedy_rollout,109.24129823500684,32.770180205966156,44.26140000578016
100,127,POMO,96.26783546865303,17.00243469932947,174.0627999533899
100,128,LKH,77.63943967245464,0.0,1514.4075999851339
100,128,Attention:batch_greedy_mean,104.65274986144922,34.79328328869756,22.203999978955835
100,128,Attention:greedy_rollout,102.73856598888949,32.32780455696624,22.930399980396032
100,128,PointerNet:batch_greedy_mean,104.06017324686584,34.030041543157736,45.01230001915246
100,128,PointerNet:greedy_rollout,107.22142830390004,38.10175441276486,40.52879998926073
100,128,POMO,87.96390251483278,13.297961559144419,181.40180001500994
100,129,LKH,78.1251358902921,0.0,1492.7401000168175
100,129,Attention:batch_greedy_mean,104.09101317630393,33.23626511507723,22.199800005182624
100,129,Attention:greedy_rollout,105.9699785502939,35.641336610413276,17.953800037503242
100,129,PointerNet:batch_greedy_mean,122.14137247758876,56.34068483299261,43.98110002512112
100,129,PointerNet:greedy_rollout,108.49860805386065,38.87797674518066,47.54910001065582
100,129,POMO,88.91022392465473,13.804888671819635,192.1841999865137
100,130,LKH,74.38623575429213,0.0,1324.1404999862425
100,130,Attention:batch_greedy_mean,107.5016136848153,44.51815257853317,20.548100001178682
100,130,Attention:greedy_rollout,97.26334720298438,30.754495393823213,20.1560000423342
100,130,PointerNet:batch_greedy_mean,119.33192112754234,60.422045715166895,58.66700003389269
100,130,PointerNet:greedy_rollout,103.81316987503787,39.559649473253245,40.90379999252036
100,130,POMO,88.87300970487242,19.475073316563662,191.29950000206009
100,131,LKH,79.01905081750756,0.0,1094.6228000102565
100,131,Attention:batch_greedy_mean,100.03663304985372,26.598120345542643,20.559099968522787
100,131,Attention:greedy_rollout,111.59844196913494,41.22979308732603,23.051799973472953
100,131,PointerNet:batch_greedy_mean,129.72627900177085,64.1708900064749,46.10039998078719
100,131,PointerNet:greedy_rollout,109.08690848801365,38.05140324951133,42.5616999855265
100,131,POMO,95.01348489830607,20.241237923418293,186.3835999974981
100,132,LKH,77.26243500973153,0.0,1277.642900007777
100,132,Attention:batch_greedy_mean,100.4985264911324,30.074241743059453,16.18789997883141
100,132,Attention:greedy_rollout,101.27949159828374,31.085037101829833,19.602099957410246
100,132,PointerNet:batch_greedy_mean,122.44708768168901,58.482045856134725,53.82829997688532
100,132,PointerNet:greedy_rollout,102.24237765474382,32.33129093312417,52.11069999495521
100,132,POMO,87.40639520188229,13.129226629827395,196.67680002748966
100,133,LKH,81.63748752248563,0.0,1294.6224000188522
100,133,Attention:batch_greedy_mean,111.17164715446319,36.177203057410225,20.77360003022477
100,133,Attention:greedy_rollout,106.08785267693429,29.94992361531733,21.779300004709512
100,133,PointerNet:batch_greedy_mean,126.12512970228553,54.49413441042824,50.00149999978021
100,133,PointerNet:greedy_rollout,116.15355984620378,42.279684702706334,44.408800022210926
100,133,POMO,91.7166997802922,12.346303841149485,193.92770004924387
100,134,LKH,81.33626995299372,0.0,1548.0057999957353
100,134,Attention:batch_greedy_mean,108.40656929213267,33.281953247651465,17.975499969907105
100,134,Attention:greedy_rollout,102.5658074435678,26.100947956973158,19.44879995426163
100,134,PointerNet:batch_greedy_mean,117.15121314110888,44.033176353935986,47.87690000375733
100,134,PointerNet:greedy_rollout,116.39978879329375,43.10932731555569,52.40240000421181
100,134,POMO,88.2058932629108,8.445953218517664,194.91099996957928
100,135,LKH,75.06461671610204,0.0,1487.4051000224426
100,135,Attention:batch_greedy_mean,117.52484071340525,56.56489815686372,16.008100006729364
100,135,Attention:greedy_rollout,95.88738733506952,27.739794766048288,22.23000000230968
100,135,PointerNet:batch_greedy_mean,116.84957023552374,55.665312563247205,45.123099989723414
100,135,PointerNet:greedy_rollout,106.72990832652313,42.184044887860736,53.123900026548654
100,135,POMO,89.5901712928144,19.35073435683913,181.68340000556782
100,136,LKH,76.22457143912708,0.0,1260.531899984926
100,136,Attention:batch_greedy_mean,108.22991457475669,41.9882231298461,19.700500008184463
100,136,Attention:greedy_rollout,100.20291406965525,31.45749746809305,23.177900002337992
100,136,PointerNet:batch_greedy_mean,120.47657784487724,58.05477888595255,53.271999990101904
100,136,PointerNet:greedy_rollout,109.4597602934018,43.6016736162516,43.86750003322959
100,136,POMO,89.5958483994393,17.54195098491374,189.88010002067313
100,137,LKH,80.20018180059365,0.0,1541.2838999764062
100,137,Attention:batch_greedy_mean,104.08730702407028,29.784377899377546,19.25489999121055
100,137,Attention:greedy_rollout,103.3101063348313,28.81530192998463,17.194499960169196
100,137,PointerNet:batch_greedy_mean,108.88283562648917,35.76382644270166,47.92149999411777
100,137,PointerNet:greedy_rollout,107.90995048001676,34.550755443821195,46.987100038677454
100,137,POMO,91.29574579010826,13.834836455984782,181.6967999911867
100,138,LKH,78.5441783117042,0.0,1510.0241999607533
100,138,Attention:batch_greedy_mean,97.01727639699821,23.519372768766054,17.919400008395314
100,138,Attention:greedy_rollout,101.67078278288551,29.444072072920413,19.022800028324127
100,138,PointerNet:batch_greedy_mean,122.958927127148,56.54747400779081,51.76719999872148
100,138,PointerNet:greedy_rollout,112.83254518468999,43.65488010697839,43.54469996178523
100,138,POMO,95.69752939061283,21.839112010103662,196.0776000050828
100,139,LKH,81.13781007140075,0.0,1432.4227000470273
100,139,Attention:batch_greedy_mean,108.34294931160468,33.529545863098335,17.56300003034994
100,139,Attention:greedy_rollout,104.99033056082737,29.397540392619128,19.156800000928342
100,139,PointerNet:batch_greedy_mean,127.16772355382903,56.73053468157725,42.22159995697439
100,139,PointerNet:greedy_rollout,107.80737663109332,32.869468052223155,49.9833999783732
100,139,POMO,94.21227766038332,16.11390247959259,192.25309998728335
100,140,LKH,79.86711528566714,0.0,1448.0312000378035
100,140,Attention:batch_greedy_mean,104.01346500334454,30.233156201161393,17.56569999270141
100,140,Attention:greedy_rollout,103.3712745164288,29.42908247868029,20.793800009414554
100,140,PointerNet:batch_greedy_mean,118.57758989051166,48.468602460957364,43.59419998945668
100,140,PointerNet:greedy_rollout,117.15432600407534,46.68656252957182,52.287900005467236
100,140,POMO,92.75879977336093,16.141417455210533,201.00080000702292
100,141,LKH,75.93723137078415,0.0,1279.632199963089
100,141,Attention:batch_greedy_mean,98.2880682613588,29.433304963991414,16.36730000609532
100,141,Attention:greedy_rollout,103.78939928017891,36.67788172760605,15.789900033269078
100,141,PointerNet:batch_greedy_mean,120.50012553388258,58.683854228906505,49.55090000294149
100,141,PointerNet:greedy_rollout,102.87078265711298,35.468176545466164,45.50270002800971
100,141,POMO,89.28004547151552,17.57084615790305,182.7835000003688
100,142,LKH,75.67552305496342,0.0,1298.8612999906763
100,142,Attention:batch_greedy_mean,95.91827343323246,26.749402661632942,18.538400006946176
100,142,Attention:greedy_rollout,93.04070366788392,22.946892088619066,17.870099982246757
100,142,PointerNet:batch_greedy_mean,113.65783652770524,50.19101545575724,41.971600032411516
100,142,PointerNet:greedy_rollout,106.2995477394537,40.46754280409524,48.79650002112612
100,142,POMO,89.79416820836144,18.65681872214295,183.15320002147928
100,143,LKH,81.2847235985763,0.0,1438.7479000142775
100,143,Attention:batch_greedy_mean,110.8529323303283,36.376095559817934,25.211400003172457
100,143,Attention:greedy_rollout,109.56120820227926,34.786960392885206,19.195300003048033
100,143,PointerNet:batch_greedy_mean,122.18670854312857,50.31939967778726,39.743400004226714
100,143,PointerNet:greedy_rollout,110.9792782382844,36.53153178739256,42.84769995138049
100,143,POMO,97.55643233269744,20.018163332237908,182.06159997498617
100,144,LKH,76.65853124631505,0.0,1243.0952000431716
100,144,Attention:batch_greedy_mean,101.26916511658798,32.1042335016769,15.829300042241812
100,144,Attention:greedy_rollout,99.01111759647111,29.158641558542175,23.39599997503683
100,144,PointerNet:batch_greedy_mean,121.82533653491724,58.91947648132555,48.97279996657744
100,144,PointerNet:greedy_rollout,113.90545055261389,48.588094111298645,43.4063000138849
100,144,POMO,90.70881000177206,18.328395453222836,182.87509999936447
100,145,LKH,78.64974618937687,0.0,1424.8292000265792
100,145,Attention:batch_greedy_mean,107.58772745241453,36.793483342411946,19.212600018363446
100,145,Attention:greedy_rollout,102.19596398491835,29.93807219523086,23.494399967603385
100,145,PointerNet:batch_greedy_mean,115.56389507160308,46.93486078561836,43.61789999529719
100,145,PointerNet:greedy_rollout,99.71712697494455,26.786330288772408,44.263700023293495
100,145,POMO,88.61831019719551,12.674629596153848,188.17219999618828
100,146,LKH,79.0796532235638,0.0,1626.5669999993406
100,146,Attention:batch_greedy_mean,107.8976100388395,36.441683341485195,20.606399979442358
100,146,Attention:greedy_rollout,105.93221312158774,33.956345031142014,20.885300007648766
100,146,PointerNet:batch_greedy_mean,107.75235656877587,36.258003388244894,44.48809998575598
100,146,PointerNet:greedy_rollout,106.71854001254957,34.9506929561877,44.87429995788261
100,146,POMO,93.6833601989037,18.467085248912497,178.8253999548033
100,147,LKH,80.83400359739743,0.0,1460.3535000351258
100,147,Attention:batch_greedy_mean,104.12684308905692,28.815644969995574,19.510300015099347
100,147,Attention:greedy_rollout,102.8597476833638,27.248117259746284,17.70039997063577
100,147,PointerNet:batch_greedy_mean,127.7361242852766,58.02276096762484,42.39739995682612
100,147,PointerNet:greedy_rollout,114.9172982825223,42.16455101603087,43.605100014247
100,147,POMO,92.39200672033786,14.298442002831296,189.5428000134416
100,148,LKH,78.22476772777092,0.0,1312.0523000252433
100,148,Attention:batch_greedy_mean,108.0626680012428,38.14380168862935,22.269100008998066
100,148,Attention:greedy_rollout,101.71816661116839,30.033197369350535,16.98230003239587
100,148,PointerNet:batch_greedy_mean,118.72605121850057,51.77552413025715,47.27169999387115
100,148,PointerNet:greedy_rollout,106.74348683664188,36.45740337397818,46.05320002883673
100,148,POMO,88.2731037013834,12.845466040348722,177.47049999888986
100,149,LKH,79.63802368052052,0.0,1356.1771999811754
100,149,Attention:batch_greedy_mean,105.90211339250675,32.97933386361826,16.49200002430007
100,149,Attention:greedy_rollout,101.5997530978627,27.57693925887067,21.19870000751689
100,149,PointerNet:batch_greedy_mean,118.93360629039088,49.34273955304352,50.38670002250001
100,149,PointerNet:greedy_rollout,102.51643723104803,28.72800264645892,45.46439996920526
100,149,POMO,91.56895933529454,14.981456223269296,184.60999999661
100,150,LKH,77.54139499772482,0.0,1229.9236999824643
100,150,Attention:batch_greedy_mean,107.27882019487954,38.350387168076175,15.95390000147745
100,150,Attention:greedy_rollout,100.80547041146117,30.002136812755243,16.049699974246323
100,150,PointerNet:batch_greedy_mean,121.4557172944672,56.6333921359435,44.85829995246604
100,150,PointerNet:greedy_rollout,105.8639687633814,36.52574701098374,46.67630000039935
100,150,POMO,90.49077565366464,16.699958333635568,173.92180004389957
100,151,LKH,75.56493355866684,0.0,1089.8184000398032
100,151,Attention:batch_greedy_mean,110.71857515681539,46.52110435703102,18.49200000287965
100,151,Attention:greedy_rollout,95.6257190649153,26.547744517863887,23.18740001646802
100,151,PointerNet:batch_greedy_mean,119.66443201002657,58.35973959683551,48.40440000407398
100,151,PointerNet:greedy_rollout,111.11468799412881,47.045306283319874,46.170499990694225
100,151,POMO,85.10891194441466,12.630168434328207,181.79800000507385
100,152,LKH,77.42998482449632,0.0,1263.3618999971077
100,152,Attention:batch_greedy_mean,110.266465891792,42.40796526271214,20.38090000860393
100,152,Attention:greedy_rollout,97.5220543009639,25.94869354812415,22.922599979210645
100,152,PointerNet:batch_greedy_mean,104.7265752496437,35.25325555341144,46.15139996167272
100,152,PointerNet:greedy_rollout,103.55267641743477,33.73717772533269,37.38579998025671
100,152,POMO,87.53325645863045,13.048267614974124,183.55840002186596
100,153,LKH,73.57812807648689,0.0,1102.4836999713443
100,153,Attention:batch_greedy_mean,100.17750690394779,36.151203520440156,16.37169998139143
100,153,Attention:greedy_rollout,97.16596382561409,32.058216708920426,21.504800010006875
100,153,PointerNet:batch_greedy_mean,119.4886237126948,62.39693348610669,47.67020000144839
100,153,PointerNet:greedy_rollout,103.37981389632688,40.503457479728425,43.63039997406304
100,153,POMO,85.25015168998327,15.863441920352914,196.51980005437508
100,154,LKH,81.33176044099756,0.0,1386.153600004036
100,154,Attention:batch_greedy_mean,116.55893361953724,43.3129357922793,16.204899991862476
100,154,Attention:greedy_rollout,105.14741529157142,29.282109131095257,16.352800012100488
100,154,PointerNet:batch_greedy_mean,125.66972310885141,54.514942781816465,49.28890004521236
100,154,PointerNet:greedy_rollout,111.50557442628053,37.09966908582126,51.41359998378903
100,154,POMO,94.32789716471714,15.979165646054946,179.6860999893397
100,155,LKH,78.5697982018912,0.0,1268.5715000261553
100,155,Attention:batch_greedy_mean,114.73515811306609,46.029595008307375,31.95810003671795
100,155,Attention:greedy_rollout,103.01075626107831,31.107319375295035,32.85720001440495
100,155,PointerNet:batch_greedy_mean,121.76397976325568,54.97555364769254,101.13509994698688
100,155,PointerNet:greedy_rollout,119.68494780594727,52.329458067853885,84.83539998997003
100,155,POMO,90.89642729155192,15.688762567502696,230.66410003229976
100,156,LKH,80.50551100044801,0.0,1448.4327000100166
100,156,Attention:batch_greedy_mean,102.36012930995298,27.146735717736583,18.608499958645552
100,156,Attention:greedy_rollout,98.335162570188,22.147119306702834,22.73359999526292
100,156,PointerNet:batch_greedy_mean,124.41552696241443,54.54286969462508,48.21310000261292
100,156,PointerNet:greedy_rollout,108.42368537618731,34.678587874044965,62.60769994696602
100,156,POMO,90.88520069868414,12.893141810103376,224.5878999819979
100,157,LKH,79.05793989962856,0.0,1232.3335999972187
100,157,Attention:batch_greedy_mean,120.92190442041448,52.953523167864134,16.968499985523522
100,157,Attention:greedy_rollout,108.01187191047876,36.62368643504993,16.27240004017949
100,157,PointerNet:batch_greedy_mean,124.02150854377858,56.874197204272534,43.3562999824062
100,157,PointerNet:greedy_rollout,110.7590808541804,40.09861753898393,67.47800001176074
100,157,POMO,87.1554579621216,10.242510837967183,215.9616999560967
100,158,LKH,78.12360453129934,0.0,1175.7497999933548
100,158,Attention:batch_greedy_mean,109.0173189049482,39.54466074497579,27.312499994877726
100,158,Attention:greedy_rollout,100.75214363982317,28.965047432569463,29.60240002721548
100,158,PointerNet:batch_greedy_mean,105.98078617336668,35.65782942197282,102.40720002911985
100,158,PointerNet:greedy_rollout,114.01663996242196,45.94390600185695,80.67220001248643
100,158,POMO,91.36257299772343,16.946182329720916,233.70199999772012
100,159,LKH,74.88830813630224,0.0,942.2325000050478
100,159,Attention:batch_greedy_mean,102.78024494486854,37.24471483292281,16.643600014504045
100,159,Attention:greedy_rollout,93.77719879173078,25.22274988647008,18.428600043989718
100,159,PointerNet:batch_greedy_mean,112.24683453483365,49.885659495119235,50.35049997968599
100,159,PointerNet:greedy_rollout,96.52025649801597,28.88561499125068,56.0717000043951
100,159,POMO,89.80348087357612,19.916557214948913,233.4502000012435
100,160,LKH,80.5104713120257,0.0,1357.4186000041664
100,160,Attention:batch_greedy_mean,108.30667896787062,34.524959552302434,24.236299970652908
100,160,Attention:greedy_rollout,105.3894999770495,30.901606039049064,22.18239998910576
100,160,PointerNet:batch_greedy_mean,134.68405935351527,67.28762999229612,56.52059998828918
100,160,PointerNet:greedy_rollout,115.17108478256613,43.05106268252988,50.54470000322908
100,160,POMO,91.15807129394771,13.225111974138452,210.6332000112161
100,161,LKH,76.21742047443882,0.0,1267.871100048069
100,161,Attention:batch_greedy_mean,98.80987867926855,29.642118644525105,21.74090000335127
100,161,Attention:greedy_rollout,102.23408691823569,34.134803148477225,18.73650000197813
100,161,PointerNet:batch_greedy_mean,112.345599519668,47.40147176372303,50.421099993400276
100,161,PointerNet:greedy_rollout,114.19335655319195,49.82579552333338,50.80600001383573
100,161,POMO,87.21244781167674,14.425871761069816,210.3911000303924
100,162,LKH,78.12765827593135,0.0,1394.760099996347
100,162,Attention:batch_greedy_mean,107.87696931788345,38.077822500302574,19.752600055653602
100,162,Attention:greedy_rollout,99.75613303999448,27.683505740919117,20.634000014979392
100,162,PointerNet:batch_greedy_mean,103.39983104476954,32.34728049774883,54.27889997372404
100,162,PointerNet:greedy_rollout,105.2919837034044,34.76915349431574,50.44720001751557
100,162,POMO,86.3870888629431,10.571711439041323,196.4173999731429
100,163,LKH,77.66498136815001,0.0,1481.6859000129625
100,163,Attention:batch_greedy_mean,101.35323968994386,30.500565254121444,17.29920000070706
100,163,Attention:greedy_rollout,96.92346303324214,24.796866394395263,23.990699963178486
100,163,PointerNet:batch_greedy_mean,108.39669914764465,39.56959396387309,55.41480000829324
100,163,PointerNet:greedy_rollout,110.49720022288767,42.27416047279447,71.69369998155162
100,163,POMO,85.47897346573089,10.06115234939766,219.42430001217872
100,164,LKH,75.60238523797901,0.0,1127.95080000069
100,164,Attention:batch_greedy_mean,100.78340370436246,33.30717461773113,21.52599999681115
100,164,Attention:greedy_rollout,95.30588461169273,26.06200758308302,22.29049999732524
100,164,PointerNet:batch_greedy_mean,107.08339823515756,41.640237802132205,62.87180003710091
100,164,PointerNet:greedy_rollout,108.85396716966214,43.98218631199897,59.8881000187248
100,164,POMO,88.90183074135913,17.59130411231936,206.36230002855882
100,165,LKH,77.78345195196735,0.0,1486.3514000317082
100,165,Attention:batch_greedy_mean,105.50297260991417,35.636783868970106,26.045499951578677
100,165,Attention:greedy_rollout,101.80323812578915,30.880329390182425,20.293999987188727
100,165,PointerNet:batch_greedy_mean,119.04026401987392,53.04060315217609,58.45860001863912
100,165,PointerNet:greedy_rollout,114.52733699713194,47.23869167937492,64.87200001720339
100,165,POMO,93.0803590216507,19.666017238640237,244.11460000555962
100,166,LKH,82.44765213687278,0.0,1567.92190001579
100,166,Attention:batch_greedy_mean,108.79780994324362,31.959864378704793,29.020899964962155
100,166,Attention:greedy_rollout,108.00503569263529,30.9983157717266,33.424099965486676
100,166,PointerNet:batch_greedy_mean,122.08653973539683,48.077642687409515,80.19979996606708
100,166,PointerNet:greedy_rollout,110.83966526233381,34.43641194090883,87.35419996082783
100,166,POMO,95.22115567429664,15.492865116666207,292.47440001927316
100,167,LKH,76.97147161148477,0.0,1344.5254000253044
100,167,Attention:batch_greedy_mean,107.48533357370415,39.6430798624181,28.62009999807924
100,167,Attention:greedy_rollout,101.33080381294924,31.64722161532619,20.007099956274033
100,167,PointerNet:batch_greedy_mean,111.41155107005746,44.74395349020966,92.7330999984406
100,167,PointerNet:greedy_rollout,112.18026363379235,45.742651511230996,87.65719999792054
100,167,POMO,88.214539020006,14.606798042358943,265.08909999392927
100,168,LKH,72.86439268069628,0.0,1611.7348999832757
100,168,Attention:batch_greedy_mean,89.08388803768094,22.259837432614226,20.35150001756847
100,168,Attention:greedy_rollout,97.03469797960298,33.17162801977221,19.167100021149963
100,168,PointerNet:batch_greedy_mean,115.71259282318208,58.80540352577099,44.051599979866296
100,168,PointerNet:greedy_rollout,103.31191050554025,41.78655266951854,53.320700011681765
100,168,POMO,83.85119090166984,15.078418712854036,200.97489998443052
100,169,LKH,76.75439418876604,0.0,1089.4262999645434
100,169,Attention:batch_greedy_mean,104.88818465291303,36.65430593453203,19.23850004095584
100,169,Attention:greedy_rollout,101.5113616917327,32.254788490780825,21.17680001538247
100,169,PointerNet:batch_greedy_mean,122.49802651403566,59.597411729639795,58.19160002283752
100,169,PointerNet:greedy_rollout,124.14204547338612,61.73933334432577,43.98120002588257
100,169,POMO,93.10686866682562,21.30493589441028,191.07860000804067
100,170,LKH,74.82098214065095,0.0,1236.822399951052
100,170,Attention:batch_greedy_mean,94.71614958299406,26.59035857741551,24.491499993018806
100,170,Attention:greedy_rollout,99.24285273043965,32.64040365559444,24.65520001715049
100,170,PointerNet:batch_greedy_mean,118.98238300271645,59.02274949966498,62.8283999976702
100,170,PointerNet:greedy_rollout,106.77464532746568,42.70682136562598,62.084400036837906
100,170,POMO,86.5715185458185,15.704867897989502,205.82949998788536
100,171,LKH,74.6360459785817,0.0,1248.3610999770463
100,171,Attention:batch_greedy_mean,101.11552947061574,35.47814349601645,16.350199992302805
100,171,Attention:greedy_rollout,96.72006232412828,29.58894198640161,16.877699992619455
100,171,PointerNet:batch_greedy_mean,110.83089023937954,48.495125627615195,46.65380000369623
100,171,PointerNet:greedy_rollout,108.51749462274229,45.39555679823063,44.55809999490157
100,171,POMO,86.38155647088911,15.737048149198593,239.76440000114962
100,172,LKH,80.44708584548543,0.0,1361.7441999958828
100,172,Attention:batch_greedy_mean,109.3610902438501,35.941642999846806,15.50209999550134
100,172,Attention:greedy_rollout,104.72001664349663,30.17254204164981,16.18810003856197
100,172,PointerNet:batch_greedy_mean,114.13711259753282,41.878492425139875,45.63900001812726
100,172,PointerNet:greedy_rollout,116.80939202642621,45.200277671688184,59.575899969786406
100,172,POMO,94.17088024760687,17.05940526979524,189.3479999853298
100,173,LKH,81.9066590656442,0.0,1591.3395999814384
100,173,Attention:batch_greedy_mean,124.72382913541952,52.27556655126103,25.008899974636734
100,173,Attention:greedy_rollout,102.1844059478356,24.75714076671076,31.016599969007075
100,173,PointerNet:batch_greedy_mean,116.1950986638052,41.862822863621474,75.55899996077642
100,173,PointerNet:greedy_rollout,112.49425924342522,37.34446078830604,72.75450002634898
100,173,POMO,96.0259338849358,17.23825019889491,208.70010001817718
100,174,LKH,81.63507188131285,0.0,1658.9385000406764
100,174,Attention:batch_greedy_mean,110.36481876864332,35.19289715221897,19.981599994935095
100,174,Attention:greedy_rollout,99.51548192764542,21.902853313252965,22.43459998862818
100,174,PointerNet:batch_greedy_mean,114.2709539420723,39.977770961245575,59.422100021038204
100,174,PointerNet:greedy_rollout,110.1573597123207,34.938767338228935,61.9666000129655
100,174,POMO,93.42923482583969,14.447421522056187,236.19050002889708
100,175,LKH,77.8137321545501,0.0,1142.8066999651492
100,175,Attention:batch_greedy_mean,100.9436659018333,29.72474537186262,27.03459997428581
100,175,Attention:greedy_rollout,99.48432347270524,27.849314919266437,22.42860000114888
100,175,PointerNet:batch_greedy_mean,121.3483480604934,55.94721484310355,58.325599995441735
100,175,PointerNet:greedy_rollout,111.80869394761082,43.68761252260909,59.728399966843426
100,175,POMO,89.61911018493736,15.171329922769871,217.25729998433962
100,176,LKH,78.88533697069188,0.0,1565.1956000365317
100,176,Attention:batch_greedy_mean,105.87417241002224,34.212740257872596,18.374000035692006
100,176,Attention:greedy_rollout,103.4606032772798,31.153148671619824,21.734900015871972
100,176,PointerNet:batch_greedy_mean,121.65919115289269,54.22281988615006,55.52290001651272
100,176,PointerNet:greedy_rollout,107.60484440310218,36.406648605786394,42.52909997012466
100,176,POMO,88.88963907671159,12.682080713855083,207.55220000864938
100,177,LKH,74.93464371139923,0.0,1154.237299982924
100,177,Attention:batch_greedy_mean,97.11024820877202,29.59326073902368,16.377000021748245
100,177,Attention:greedy_rollout,100.07290579605419,33.54691613864424,16.53189997887239
100,177,PointerNet:batch_greedy_mean,115.92000133015934,54.694805484909935,41.62239999277517
100,177,PointerNet:greedy_rollout,111.87188474259612,49.292609134775816,45.36210000514984
100,177,POMO,86.28246633925704,15.14362658687273,180.8842999744229
100,178,LKH,76.44260053483161,0.0,1212.9013999947347
100,178,Attention:batch_greedy_mean,104.1286191467989,36.2180491221671,23.042299959342927
100,178,Attention:greedy_rollout,91.68227719429875,19.936104414086582,24.0021999925375
100,178,PointerNet:batch_greedy_mean,111.73714472057841,46.17130230893256,51.20849999366328
100,178,PointerNet:greedy_rollout,101.7530434743531,33.110389707357754,42.67900000559166
100,178,POMO,85.16579771237146,11.411434352714176,167.66680002911016
100,179,LKH,78.4300837049931,0.0,1807.4375999858603
100,179,Attention:batch_greedy_mean,107.67908894978369,37.29309451562975,24.960900016594678
100,179,Attention:greedy_rollout,104.15235632026041,32.79643652047991,22.19290001085028
100,179,PointerNet:batch_greedy_mean,109.40153714799058,39.48925205727627,83.71289999922737
100,179,PointerNet:greedy_rollout,114.85428614640576,46.44162127687974,78.79780000075698
100,179,POMO,90.8944474023967,15.892324868971267,274.18399997986853
100,180,LKH,78.10296372741267,0.0,1236.278600001242
100,180,Attention:batch_greedy_mean,109.07975674447478,39.66148214960739,25.014300015754998
100,180,Attention:greedy_rollout,101.2299361642182,29.610876890051223,35.465699969790876
100,180,PointerNet:batch_greedy_mean,118.42424717608107,51.625804610173056,124.70389995723963
100,180,PointerNet:greedy_rollout,108.03401704654905,38.32255767348192,110.49379996256903
100,180,POMO,88.81371776711183,13.713633297042069,344.7268000454642
100,181,LKH,75.72811651653923,0.0,1440.4832000145689
100,181,Attention:batch_greedy_mean,99.7741037959872,31.75305076311552,23.454700014553964
100,181,Attention:greedy_rollout,93.67712973633535,23.70191422346547,23.918099992442876
100,181,PointerNet:batch_greedy_mean,120.73881416036079,59.437233770354105,61.96490000002086
100,181,PointerNet:greedy_rollout,105.33032550770987,39.090116528522714,88.2022000150755
100,181,POMO,88.7126018873353,17.14618819016873,210.2697000373155
100,182,LKH,76.3670695629589,0.0,1400.0224999617785
100,182,Attention:batch_greedy_mean,108.68170156884824,42.31487759164093,28.978299989830703
100,182,Attention:greedy_rollout,100.33612501850402,31.386637712717828,19.213899970054626
100,182,PointerNet:batch_greedy_mean,115.60843060686224,51.3851864009942,55.72070000926033
100,182,PointerNet:greedy_rollout,101.22182596979626,32.54643205386646,56.261800054926425
100,182,POMO,87.96342492805951,15.185020757592751,194.89609997253865
100,183,LKH,80.08961368306063,0.0,1744.714499975089
100,183,Attention:batch_greedy_mean,99.28379206791477,23.965877099634216,41.27639997750521
100,183,Attention:greedy_rollout,97.2232216396987,21.393046075164076,26.136200001928955
100,183,PointerNet:batch_greedy_mean,112.53963424019494,40.51713957011839,64.58790000760928
100,183,PointerNet:greedy_rollout,108.35349411893509,35.29031935117501,64.770299999509
100,183,POMO,87.66443857530507,9.457936608634872,221.74780000932515
100,184,LKH,79.1475626772459,0.0,1269.037100020796
100,184,Attention:batch_greedy_mean,107.67085838113624,36.038122639612865,24.55160004319623
100,184,Attention:greedy_rollout,106.08121539334937,34.029667882428186,23.202600015792996
100,184,PointerNet:batch_greedy_mean,128.17697701476288,61.94684040676395,56.56139994971454
100,184,PointerNet:greedy_rollout,111.19218512006206,40.487187929576834,66.00489997072145
100,184,POMO,95.89277186355777,21.15694864110571,570.1840000110678
100,185,LKH,75.72526465803693,0.0,1626.6902000061236
100,185,Attention:batch_greedy_mean,102.49245736210501,35.34777042370786,19.413000030908734
100,185,Attention:greedy_rollout,98.70522521579336,30.34649091228696,19.862000015564263
100,185,PointerNet:batch_greedy_mean,119.76976604844172,58.16354896784137,52.55829996895045
100,185,PointerNet:greedy_rollout,111.20061563915921,46.847444035122535,51.289400027599186
100,185,POMO,89.91995545938484,18.744986716717115,182.6048000366427
100,186,LKH,77.48713069177677,0.0,1487.5496000167914
100,186,Attention:batch_greedy_mean,104.26869920524521,34.56260191127532,15.851600037422031
100,186,Attention:greedy_rollout,106.14903514335228,36.9892447890282,20.5705999978818
100,186,PointerNet:batch_greedy_mean,124.09613594117636,60.15064028476914,47.07649996271357
100,186,PointerNet:greedy_rollout,118.09476230898497,52.40564627271408,46.55049997381866
100,186,POMO,89.31736941592678,15.26735939056455,201.3485999777913
100,187,LKH,76.5389099599821,0.0,1311.147100001108
100,187,Attention:batch_greedy_mean,105.71075255821724,38.11374190393807,17.412099987268448
100,187,Attention:greedy_rollout,95.99589220222232,25.42103389297441,23.402599967084825
100,187,PointerNet:batch_greedy_mean,126.23644949877234,64.93107827740725,47.610500012524426
100,187,PointerNet:greedy_rollout,103.12515983603531,34.735600350140416,49.93259999901056
100,187,POMO,86.33890522359962,12.803938896884453,180.9060000232421
100,188,LKH,82.34734911440198,0.0,1405.3053999668919
100,188,Attention:batch_greedy_mean,105.88961769647085,28.588981716172203,18.87139998143539
100,188,Attention:greedy_rollout,106.49324873644088,29.322012040113076,19.410000008065253
100,188,PointerNet:batch_greedy_mean,123.14526484065762,49.543690434499204,42.12810000171885
100,188,PointerNet:greedy_rollout,117.38802608968903,42.552282923651134,44.50690001249313
100,188,POMO,94.13462287708435,14.314090118804884,199.70970001304522
100,189,LKH,85.57528899413958,0.0,1583.0208000261337
100,189,Attention:batch_greedy_mean,115.86355648520573,35.39370751425726,24.24200001405552
100,189,Attention:greedy_rollout,107.17546199530331,25.24113357378549,21.39299997361377
100,189,PointerNet:batch_greedy_mean,132.50305806419172,54.83799075836701,42.36689995741472
100,189,PointerNet:greedy_rollout,113.69914128656117,32.86445494136465,47.26010002195835
100,189,POMO,95.15711792990416,11.196957729725886,176.20290000922978
100,190,LKH,77.58929677688957,0.0,1273.6323999706656
100,190,Attention:batch_greedy_mean,103.04300824078426,32.80569939573964,19.071699993219227
100,190,Attention:greedy_rollout,98.54178950016514,27.004359613575456,21.38230000855401
100,190,PointerNet:batch_greedy_mean,113.21060217466018,45.91007636040417,45.072700013406575
100,190,PointerNet:greedy_rollout,107.63205979096963,38.720241401940996,47.39199997857213
100,190,POMO,88.69534685021924,14.313894486330325,175.21479999413714
100,191,LKH,75.78904262844436,0.0,1234.6583000035025
100,191,Attention:batch_greedy_mean,97.19679526527383,28.246500937847884,21.88939996995032
100,191,Attention:greedy_rollout,97.4513259717176,28.582341974515412,23.272599966730922
100,191,PointerNet:batch_greedy_mean,113.60806507729285,49.9003828749443,53.8624000037089
100,191,PointerNet:greedy_rollout,105.8065477979118,39.606655696428575,40.43860000092536
100,191,POMO,85.62359145781579,12.976214619289077,188.83420003112406
100,192,LKH,78.84036974533088,0.0,1241.6640000301413
100,192,Attention:batch_greedy_mean,107.40640112806295,36.232746592901194,17.82959996489808
100,192,Attention:greedy_rollout,103.89726078860076,31.781803058773477,17.24889996694401
100,192,PointerNet:batch_greedy_mean,125.8503834677697,59.626830612654345,47.89390001678839
100,192,PointerNet:greedy_rollout,114.79243488949226,45.60108642348237,39.9621999822557
100,192,POMO,85.68655772380728,8.6836071426236,175.0838000443764
100,193,LKH,79.09392343073061,0.0,1450.0543999602087
100,193,Attention:batch_greedy_mean,99.34697247300862,25.606327469663775,18.539000011514872
100,193,Attention:greedy_rollout,101.33392380617882,28.118469043864913,23.254300002008677
100,193,PointerNet:batch_greedy_mean,109.86706706310731,38.90708956842608,43.90150000108406
100,193,PointerNet:greedy_rollout,115.6757671889798,46.25114316182213,40.95760005293414
100,193,POMO,91.71139087150671,15.952511765112149,191.35380000807345
100,194,LKH,76.82824115337901,0.0,1210.4390999884345
100,194,Attention:batch_greedy_mean,98.92823618530558,28.765457467399774,16.519600001629442
100,194,Attention:greedy_rollout,96.97586843899296,26.224246427028653,23.370400012936443
100,194,PointerNet:batch_greedy_mean,115.44675622517767,50.266040836078886,48.563099990133196
100,194,PointerNet:greedy_rollout,111.17424093331759,44.70491483902465,44.020499975886196
100,194,POMO,86.84221265245725,13.034232397805987,172.40189999574795
100,195,LKH,75.21431060976532,0.0,892.7722000516951
100,195,Attention:batch_greedy_mean,108.06737402933915,43.679272140145635,15.165999997407198
100,195,Attention:greedy_rollout,99.00144036233547,31.625803068228603,23.160999990068376
100,195,PointerNet:batch_greedy_mean,118.01008123514778,56.89844163754941,52.12819995358586
100,195,PointerNet:greedy_rollout,105.76961852963284,40.62432756765894,47.70429997006431
100,195,POMO,90.60599783740221,20.463774915778515,170.84239999530837
100,196,LKH,73.53794284768148,0.0,1450.652200030163
100,196,Attention:batch_greedy_mean,96.98591608190587,31.885544150714118,20.08299995213747
100,196,Attention:greedy_rollout,95.77652707959308,30.240965916022695,16.691299970261753
100,196,PointerNet:batch_greedy_mean,114.31190780997989,55.44615933403683,44.650399999227375
100,196,PointerNet:greedy_rollout,107.68213381503583,46.430712697630014,51.999000017531216
100,196,POMO,87.1777936386222,18.548045080881355,183.15340002300218
100,197,LKH,79.31789813256806,0.0,1298.541700001806
100,197,Attention:batch_greedy_mean,104.09121848378997,31.232951117561125,23.51760002784431
100,197,Attention:greedy_rollout,102.01899500004386,28.62039640729548,23.355399956926703
100,197,PointerNet:batch_greedy_mean,113.59860624786975,43.21938543808434,48.293599975295365
100,197,PointerNet:greedy_rollout,109.31744448891949,37.821912913289324,45.754100021440536
100,197,POMO,89.08570972662994,12.314763532609549,175.62589998124167
100,198,LKH,75.85966993448459,0.0,1180.3622000152245
100,198,Attention:batch_greedy_mean,100.04428201462744,31.880724106800944,18.59880000120029
100,198,Attention:greedy_rollout,95.33848609586609,25.677433316285423,21.093799965456128
100,198,PointerNet:batch_greedy_mean,121.65166611041036,60.36408570650723,48.51059999782592
100,198,PointerNet:greedy_rollout,106.23050061970625,40.03554287996654,47.6568000158295
100,198,POMO,86.76912472641442,14.381099735012912,185.0783999543637
100,199,LKH,75.66890922806589,0.0,1083.52600003127
100,199,Attention:batch_greedy_mean,103.1203885407682,36.27841288152263,16.197199991438538
100,199,Attention:greedy_rollout,98.05088880549894,29.578832053695702,22.675200016237795
100,199,PointerNet:batch_greedy_mean,119.0402522010187,57.31725673781249,42.28829999919981
100,199,PointerNet:greedy_rollout,112.89988703806908,49.202477199438846,47.591099981218576
100,199,POMO,87.46419844075498,15.588025958109334,185.29880000278354
100,200,LKH,76.75949526158443,0.0,1220.5896000377834
100,200,Attention:batch_greedy_mean,101.70107384792756,32.49315084908532,19.938800018280745
100,200,Attention:greedy_rollout,95.43186619062377,24.325812546586963,19.11740005016327
100,200,PointerNet:batch_greedy_mean,118.34027343372293,54.1702079077483,49.946899991482496
100,200,PointerNet:greedy_rollout,110.21507635398032,43.58494148298457,39.10090000135824
100,200,POMO,86.30080684937863,12.430138519383028,181.43729999428615
100,201,LKH,74.37592122270084,0.0,1108.8854999979958
100,201,Attention:batch_greedy_mean,95.24480772122433,28.05865951701845,16.35519997216761
100,201,Attention:greedy_rollout,97.50674222999783,31.099878330296306,20.279299991670996
100,201,PointerNet:batch_greedy_mean,102.88757249507367,38.334518488855466,48.13920002197847
100,201,PointerNet:greedy_rollout,101.42644737126723,36.37000484010152,42.71169996354729
100,201,POMO,84.45376153069992,13.54986955768038,187.94869998237118
100,202,LKH,75.35583517387369,0.0,1618.7562000122853
100,202,Attention:batch_greedy_mean,102.14982167513138,35.5566180633976,18.00310000544414
100,202,Attention:greedy_rollout,98.9901298119523,31.3635892742023,19.09070002147928
100,202,PointerNet:batch_greedy_mean,110.89364262148263,47.159994133977975,39.20080000534654
100,202,PointerNet:greedy_rollout,106.05960501223079,40.74504617659958,47.98879998270422
100,202,POMO,82.54174683475948,9.535972422447772,187.69480002811179
100,203,LKH,77.76734894635945,0.0,1385.3597000124864
100,203,Attention:batch_greedy_mean,101.55394991614163,30.586873915670125,17.861700034700334
100,203,Attention:greedy_rollout,99.1482986947871,27.493478996146965,23.680999991483986
100,203,PointerNet:batch_greedy_mean,124.66149741247317,60.30056199865997,43.420500005595386
100,203,PointerNet:greedy_rollout,114.09382052744728,46.711726802136795,48.86499996064231
100,203,POMO,86.04927238331499,10.649615229481526,175.32089998712763
100,204,LKH,78.13734884579908,0.0,1413.6008000350557
100,204,Attention:batch_greedy_mean,104.50924747637463,33.75069543582727,20.12910001212731
100,204,Attention:greedy_rollout,98.70338510661068,26.320366079220125,15.404600009787828
100,204,PointerNet:batch_greedy_mean,119.74602621567026,53.25068995108118,47.772300022188574
100,204,PointerNet:greedy_rollout,107.38975150538296,37.437157891435916,37.96889999648556
100,204,POMO,91.68243000529928,17.33496382918094,191.80859997868538
100,205,LKH,76.72358086316925,0.0,1423.371099983342
100,205,Attention:batch_greedy_mean,103.15977609170955,34.45641474384162,19.9185999808833
100,205,Attention:greedy_rollout,96.72288695477057,26.06670057184712,23.13250000588596
100,205,PointerNet:batch_greedy_mean,118.75191310657162,54.77889818301984,45.99980002967641
100,205,PointerNet:greedy_rollout,104.22274420708118,35.84186639170899,53.43140003969893
100,205,POMO,88.50132195835415,15.350875132105246,183.52759996196255
100,206,LKH,79.50016832331194,0.0,1350.294599949848
100,206,Attention:batch_greedy_mean,100.45366185005933,26.356539827102697,17.503299983218312
100,206,Attention:greedy_rollout,101.01408480686086,27.06147287142331,20.37629997357726
100,206,PointerNet:batch_greedy_mean,107.75197309563215,35.53678610770425,41.29939997801557
100,206,PointerNet:greedy_rollout,106.22180351700698,33.612048574568135,44.40409998642281
100,206,POMO,88.47863230455297,11.293641473471281,195.09260001359507
100,207,LKH,77.84764304386012,0.0,1122.0536999753676
100,207,Attention:batch_greedy_mean,103.91124553442006,33.48027181230838,16.012499982025474
100,207,Attention:greedy_rollout,98.7374615264433,26.83423372344575,17.593199969269335
100,207,PointerNet:batch_greedy_mean,119.14676475005025,53.05121657045135,39.68180000083521
100,207,PointerNet:greedy_rollout,103.20424218244426,32.57208329903834,51.68470001081005
100,207,POMO,89.64894024116039,15.159479125978557,179.61200000718236
100,208,LKH,75.46133407571739,0.0,1281.591200036928
100,208,Attention:batch_greedy_mean,106.16230431171405,40.684372482987804,16.66519994614646
100,208,Attention:greedy_rollout,96.00544294739666,27.224682843620883,23.111100017558783
100,208,PointerNet:batch_greedy_mean,113.25601775958698,50.08483370562554,48.36600000271574
100,208,PointerNet:greedy_rollout,105.76851792628916,40.1625338615956,47.33969998778775
100,208,POMO,86.85958184419526,15.104752530668156,180.24239997612312
100,209,LKH,77.39437139446045,0.0,1149.1798000060953
100,209,Attention:batch_greedy_mean,109.82370360691742,41.90140914404806,17.722399963531643
100,209,Attention:greedy_rollout,97.40034095429968,25.849385684488123,17.89929997175932
100,209,PointerNet:batch_greedy_mean,120.54623820096343,55.755820518999144,48.080099979415536
100,209,PointerNet:greedy_rollout,104.26657889518609,34.72113929805628,49.11930003436282
100,209,POMO,86.55991302017148,11.842646255237959,175.18040002323687
100,210,LKH,82.27752299524442,0.0,1312.4654000275768
100,210,Attention:batch_greedy_mean,111.17206890505155,35.118395471722216,19.981899997219443
100,210,Attention:greedy_rollout,107.22209022349,30.317596252487267,21.212499996181577
100,210,PointerNet:batch_greedy_mean,125.66059518045978,52.72773244245924,46.18040000787005
100,210,PointerNet:greedy_rollout,118.16536650374965,43.61804075042405,48.58940001577139
100,210,POMO,98.33428091729724,19.515363780434758,167.24390001036227
100,211,LKH,71.73562241352921,0.0,1317.791900015436
100,211,Attention:batch_greedy_mean,99.12855102250103,38.18594958451989,19.57940001739189
100,211,Attention:greedy_rollout,84.312782488584,17.53265623395882,22.596599999815226
100,211,PointerNet:batch_greedy_mean,111.54782180416711,55.49850694977645,49.67690003104508
100,211,PointerNet:greedy_rollout,102.6945301994223,43.15695151765254,50.819600000977516
100,211,POMO,87.4676008747366,21.930496916188137,192.85209994995967
100,212,LKH,77.43037488301621,0.0,1109.6749000134878
100,212,Attention:batch_greedy_mean,101.18102495502075,30.673556866911234,20.49359999364242
100,212,Attention:greedy_rollout,96.80615984411637,25.023493674638125,17.400499957147986
100,212,PointerNet:batch_greedy_mean,109.48356844351834,41.39614926174502,47.346899984404445
100,212,PointerNet:greedy_rollout,105.51818611429913,36.274926052881305,39.32739997981116
100,212,POMO,86.80858193555032,12.111793423062904,182.62000003596768
100,213,LKH,76.25819419440134,0.0,1411.0977000091225
100,213,Attention:batch_greedy_mean,102.57134386861723,34.505340641999794,16.238700016401708
100,213,Attention:greedy_rollout,98.41756652394848,29.05834915662613,22.86859997548163
100,213,PointerNet:batch_greedy_mean,124.0026938323693,62.609008962702696,43.81000000284985
100,213,PointerNet:greedy_rollout,107.92934473616704,41.531471963561,53.72879997594282
100,213,POMO,89.15504362207528,16.912083434334445,187.88689997745678
100,214,LKH,75.33848418308544,0.0,1251.6443000058644
100,214,Attention:batch_greedy_mean,104.12788868083223,38.21341086155064,19.05960001749918
100,214,Attention:greedy_rollout,96.75094586147094,28.42167838995744,16.126399976201355
100,214,PointerNet:batch_greedy_mean,109.03205108634539,44.72291587574128,53.56800003210083
100,214,PointerNet:greedy_rollout,106.88222029235213,41.869353294406615,53.66509995656088
100,214,POMO,87.46213570948368,16.092242441373894,196.59770000725985
100,215,LKH,79.78513615693984,0.0,1319.5551999961026
100,215,Attention:batch_greedy_mean,108.53682162466589,36.03639330911285,23.92500004498288
100,215,Attention:greedy_rollout,107.26095945106854,34.43727067167361,23.544600000604987
100,215,PointerNet:batch_greedy_mean,123.60254642589027,54.91926489009208,50.40219996590167
100,215,PointerNet:greedy_rollout,109.95009040284025,37.80773675257632,49.26289996365085
100,215,POMO,93.39755840632621,17.061351155195513,178.56099997879937
100,216,LKH,79.73559702082196,0.0,1075.4021999891847
100,216,Attention:batch_greedy_mean,118.54148939388969,48.668215731718995,19.986399973277003
100,216,Attention:greedy_rollout,108.74734142390265,36.38493406590364,17.679299984592944
100,216,PointerNet:batch_greedy_mean,109.93600290416992,37.87568791321837,52.05459997523576
100,216,PointerNet:greedy_rollout,111.56740920414934,39.92170796064261,46.74799996428192
100,216,POMO,91.99728686260595,15.377936956541511,192.55079998401925
100,217,LKH,76.30771326102618,0.0,1244.0436000470072
100,217,Attention:batch_greedy_mean,106.25437156426906,39.24460191960438,20.10550000704825
100,217,Attention:greedy_rollout,99.78994420582964,30.7730764575236,24.280099954921752
100,217,PointerNet:batch_greedy_mean,121.18770421248777,58.81448812119475,50.976899976376444
100,217,PointerNet:greedy_rollout,121.03272701082078,58.611393053810325,45.149500016123056
100,217,POMO,88.98653809068237,16.615390879668578,185.16330001875758
100,218,LKH,76.46290162466109,0.0,1778.568700014148
100,218,Attention:batch_greedy_mean,97.66896423313432,27.733792673169727,21.7442000284791
100,218,Attention:greedy_rollout,98.50175088104852,28.822930843732706,16.34929998544976
100,218,PointerNet:batch_greedy_mean,113.86218612260092,48.911673116362195,48.009200021624565
100,218,PointerNet:greedy_rollout,109.13997136832513,42.73584843022086,54.33300003642216
100,218,POMO,87.56379404469146,14.518010936234308,191.2424999754876
100,219,LKH,76.8571629801682,0.0,1359.2055000481196
100,219,Attention:batch_greedy_mean,101.0173631319533,31.435196427975455,24.23300000373274
100,219,Attention:greedy_rollout,98.15250233112012,27.707683350798224,22.65379996970296
100,219,PointerNet:batch_greedy_mean,121.60803683841782,58.22602880852744,46.42109997803345
100,219,PointerNet:greedy_rollout,106.56341530926608,38.65124755745033,46.770700020715594
100,219,POMO,83.07826189663504,8.094364500641406,177.43540002265945
100,220,LKH,78.34319627164585,0.0,1351.8208999885246
100,220,Attention:batch_greedy_mean,113.62952423587197,45.04070505609052,15.906899992842227
100,220,Attention:greedy_rollout,107.23505884631874,36.87858544154075,18.596599984448403
100,220,PointerNet:batch_greedy_mean,118.60526944851,51.39192054056632,41.88660002546385
100,220,PointerNet:greedy_rollout,116.26645793711289,48.406579601338414,41.779200022574514
100,220,POMO,93.96910443182955,19.94545653460792,180.17210002290085
100,221,LKH,82.78487038066818,0.0,1640.6278000213206
100,221,Attention:batch_greedy_mean,106.89150904597973,29.11961878355601,15.206500014755875
100,221,Attention:greedy_rollout,101.24403453250834,22.297750865538248,23.366699984762818
100,221,PointerNet:batch_greedy_mean,121.84569683339923,47.18353277974388,47.261000028811395
100,221,PointerNet:greedy_rollout,112.35810528291789,35.72299475286201,40.88789998786524
100,221,POMO,98.15191179038985,18.562620608161463,176.08639999525622
100,222,LKH,78.61746707952832,0.0,1512.563600030262
100,222,Attention:batch_greedy_mean,102.74241405880558,30.686497384700523,15.148999984376132
100,222,Attention:greedy_rollout,102.22499942817728,30.028355307819716,21.47420000983402
100,222,PointerNet:batch_greedy_mean,113.37235681057979,44.207592818901055,49.03169994940981
100,222,PointerNet:greedy_rollout,105.67174176706999,34.4125493895319,49.828500021249056
100,222,POMO,89.34834901125835,13.6494882503335,177.85239999648184
100,223,LKH,77.72690423869986,0.0,1511.4309000200592
100,223,Attention:batch_greedy_mean,104.25097703987437,34.124699884764354,22.78249996015802
100,223,Attention:greedy_rollout,104.2708695656601,34.15029272932773,22.835200012195855
100,223,PointerNet:batch_greedy_mean,118.69643488503775,52.70958755866588,42.79899998800829
100,223,PointerNet:greedy_rollout,107.05067001610972,37.72666114085333,43.22779999347404
100,223,POMO,88.1599088346302,13.422642646220043,171.59849999006838
100,224,LKH,79.06859359924798,0.0,1228.84980001254
100,224,Attention:batch_greedy_mean,102.94164095051009,30.192831647241004,19.639600010123104
100,224,Attention:greedy_rollout,107.86346841640247,36.41758820587946,16.88429998466745
100,224,PointerNet:batch_greedy_mean,116.09352756309904,46.82634694567682,45.78329995274544
100,224,PointerNet:greedy_rollout,106.33438583485325,34.483719760843954,49.52669999329373
100,224,POMO,90.5886868056885,14.56974594088403,179.5375000219792
100,225,LKH,78.1091017167792,0.0,1721.1611000238918
100,225,Attention:batch_greedy_mean,104.36774688676715,33.61790699527036,19.14540003053844
100,225,Attention:greedy_rollout,99.48798473473882,27.370540113850865,23.493199958465993
100,225,PointerNet:batch_greedy_mean,115.18126545842897,47.46202801828667,45.69220001576468
100,225,PointerNet:greedy_rollout,106.14899502637698,35.89836868342109,48.36570000043139
100,225,POMO,86.91992147219653,11.280144774119998,187.93689995072782
100,226,LKH,77.76924842528675,0.0,1282.1691999561153
100,226,Attention:batch_greedy_mean,100.4550370244774,29.170641427742478,16.931299993302673
100,226,Attention:greedy_rollout,104.55902078876305,34.44777068819606,22.126599971670657
100,226,PointerNet:batch_greedy_mean,113.17884617379397,45.53161881527681,46.828499995172024
100,226,PointerNet:greedy_rollout,114.13780577386788,46.764702096254105,42.77959995670244
100,226,POMO,90.55945658999303,16.44635691316201,192.10029998794198
100,227,LKH,82.00561035276156,0.0,1477.9605000512674
100,227,Attention:batch_greedy_mean,113.32839459650714,38.195904047302506,15.400600037537515
100,227,Attention:greedy_rollout,104.1702166605969,27.028158454635467,17.849800002295524
100,227,PointerNet:batch_greedy_mean,131.13995721873655,59.91583582466487,45.157200016546994
100,227,PointerNet:greedy_rollout,117.78456177536644,43.62988247840047,51.98200000450015
100,227,POMO,94.33079481790526,15.0296844473503,176.19339999509975
100,228,LKH,76.8708376212692,0.0,1439.011299982667
100,228,Attention:batch_greedy_mean,118.83134645435516,54.58573124937044,23.099099984392524
100,228,Attention:greedy_rollout,96.59162198279549,25.65444188170234,20.703500020317733
100,228,PointerNet:batch_greedy_mean,100.63317090087119,30.91202595797818,38.364200037904084
100,228,PointerNet:greedy_rollout,102.82896658290399,33.76850020748635,39.866100007202476
100,228,POMO,86.473968396949,12.49255383815765,176.14719999255612
100,229,LKH,78.54756282164641,0.0,1143.9258999889717
100,229,Attention:batch_greedy_mean,106.79665921715811,35.964319427269,19.700300006661564
100,229,Attention:greedy_rollout,100.87787635849546,28.429034249672714,17.56590005243197
100,229,PointerNet:batch_greedy_mean,117.64357053835562,49.77367382547864,47.152700019069016
100,229,PointerNet:greedy_rollout,106.79746928028435,35.965350729956356,52.909000020008534
100,229,POMO,89.27673807709738,13.659462967441918,185.24770002113655
100,230,LKH,77.26670755534268,0.0,1119.1578999860212
100,230,Attention:batch_greedy_mean,101.56863064385806,31.451997706915364,15.288199996575713
100,230,Attention:greedy_rollout,95.73068583190755,23.896421707033337,21.01359999505803
100,230,PointerNet:batch_greedy_mean,121.4016828097463,57.12030012769953,39.21229997649789
100,230,PointerNet:greedy_rollout,113.30447418910296,46.64074317900507,44.30999996839091
100,230,POMO,89.09283278152671,15.305589691023796,183.85179998585954
100,231,LKH,80.5973240476474,0.0,1291.2168999901041
100,231,Attention:batch_greedy_mean,102.96580920124343,27.753384393224096,21.507800032850355
100,231,Attention:greedy_rollout,99.58855807399901,23.56310739935286,15.603500010911375
100,231,PointerNet:batch_greedy_mean,121.03039642897431,50.16676776690966,41.00770002696663
100,231,PointerNet:greedy_rollout,105.60389745431532,31.0265554125402,45.90299999108538
100,231,POMO,94.82962652629992,17.658529792178562,184.22090000240132
100,232,LKH,75.52863996998516,0.0,1292.4885000102222
100,232,Attention:batch_greedy_mean,100.91830432960413,33.61594273339058,16.12270000623539
100,232,Attention:greedy_rollout,101.24819676825594,34.05272067455689,15.532499994151294
100,232,PointerNet:batch_greedy_mean,103.71672012151862,37.32104823115484,47.61980002513155
100,232,PointerNet:greedy_rollout,107.35703165203125,42.14082458613658,37.642500014044344
100,232,POMO,86.24941862015694,14.19432238476978,186.8561000446789
100,233,LKH,75.71856522212123,0.0,1056.7639999790117
100,233,Attention:batch_greedy_mean,103.58681035660362,36.805035928415435,16.342899994924664
100,233,Attention:greedy_rollout,98.84453504659915,30.54200744115745,19.57230002153665
100,233,PointerNet:batch_greedy_mean,114.05133281877801,50.62532218380947,53.658599965274334
100,233,PointerNet:greedy_rollout,106.6034970918944,40.78911397643615,44.767300016246736
100,233,POMO,87.76478755239178,15.909205747537383,177.30179999489337
100,234,LKH,75.11334516543063,0.0,1188.4594000293873
100,234,Attention:batch_greedy_mean,108.34804097615644,44.246060054347566,20.83900000434369
100,234,Attention:greedy_rollout,95.96762073803966,27.76374228398335,22.43599999928847
100,234,PointerNet:batch_greedy_mean,110.73379420005656,47.4222642543412,52.464500011410564
100,234,PointerNet:greedy_rollout,110.83503971817656,47.55705457408666,51.99820001143962
100,234,POMO,87.72709743404045,16.792957683923035,190.19120000302792
100,235,LKH,77.9586145899044,0.0,1257.2735999710858
100,235,Attention:batch_greedy_mean,104.15532866070014,33.603360204130915,17.832099983934313
100,235,Attention:greedy_rollout,105.36745761117216,35.15819664760588,15.526500006671995
100,235,PointerNet:batch_greedy_mean,121.9402403509625,56.41663335401768,37.343300005886704
100,235,PointerNet:greedy_rollout,110.6890924129065,41.98442724409405,45.70770001737401
100,235,POMO,91.94541719835361,17.94131755935603,178.78050002036616
100,236,LKH,74.9948193522162,0.0,1214.8532000137493
100,236,Attention:batch_greedy_mean,102.80933733827452,37.08858588674814,16.006099991500378
100,236,Attention:greedy_rollout,95.17783689700418,26.912549052218697,15.543700021225959
100,236,PointerNet:batch_greedy_mean,120.69378865391826,60.93616825326962,51.44559999462217
100,236,PointerNet:greedy_rollout,107.61211998696284,43.49273845378328,48.644800030160695
100,236,POMO,84.69786390715059,12.938286455979917,181.1644000117667
100,237,LKH,76.27853462191402,0.0,1518.0493999505416
100,237,Attention:batch_greedy_mean,105.95450789167198,38.90475009365527,15.455799992196262
100,237,Attention:greedy_rollout,94.69244256687179,24.14035355585823,17.244099988602102
100,237,PointerNet:batch_greedy_mean,102.28748620741554,34.097340378153284,46.40709998784587
100,237,PointerNet:greedy_rollout,102.41480541206434,34.26425392110462,47.44070000015199
100,237,POMO,84.7831788190804,11.149459332590654,186.5317999618128
100,238,LKH,76.9533633906604,0.0,1321.9635999994352
100,238,Attention:batch_greedy_mean,104.47222936054794,35.76044601219785,17.157199967186898
100,238,Attention:greedy_rollout,106.69275259512155,38.64599010895283,23.62689998699352
100,238,PointerNet:batch_greedy_mean,118.81110768436908,54.3936514915069,46.95200000423938
100,238,PointerNet:greedy_rollout,105.55064730115468,37.161837573385455,50.45260000042617
100,238,POMO,92.27580292457642,19.911331823315294,176.66559998178855
100,239,LKH,74.23904099396424,0.0,1188.1634999881499
100,239,Attention:batch_greedy_mean,106.5217060531584,43.48475495773012,15.972000022884458
100,239,Attention:greedy_rollout,97.76172638685311,31.685060957079592,16.63259998895228
100,239,PointerNet:batch_greedy_mean,112.42109286285671,51.431229926578304,49.97259995434433
100,239,PointerNet:greedy_rollout,110.87437394785412,49.34779930261815,42.46989998500794
100,239,POMO,85.20603510163166,14.77254280340051,183.69279999751598
100,240,LKH,81.93508042887262,0.0,1190.72720000986
100,240,Attention:batch_greedy_mean,108.82720977255842,32.82126435090364,18.097200023476034
100,240,Attention:greedy_rollout,100.32902318211926,22.449410749299638,15.987000020686537
100,240,PointerNet:batch_greedy_mean,104.70330623863613,27.788128955982994,45.94800004269928
100,240,PointerNet:greedy_rollout,103.22824887041726,25.987853224882247,47.20140004064888
100,240,POMO,96.53782402070873,17.82233387140281,181.9969000061974
100,241,LKH,77.37495439950683,0.0,1497.0710999914445
100,241,Attention:batch_greedy_mean,99.0650090425457,28.032397319483408,21.661600039806217
100,241,Attention:greedy_rollout,98.11663538350888,26.806711738927042,17.34349998878315
100,241,PointerNet:batch_greedy_mean,121.50274947731985,57.03110964042685,53.31859999569133
100,241,PointerNet:greedy_rollout,113.99035218293734,47.32202825526174,40.404199971817434
100,241,POMO,89.73148891512812,15.96968245282746,175.9578000055626
100,242,LKH,80.44865944445343,0.0,1513.4016999509186
100,242,Attention:batch_greedy_mean,115.39490152614519,43.439185093967595,21.008500014431775
100,242,Attention:greedy_rollout,101.681079181147,26.392509065180512,20.228100009262562
100,242,PointerNet:batch_greedy_mean,116.75720680322645,45.132569777427584,47.94429999310523
100,242,PointerNet:greedy_rollout,109.89149808009147,36.59829615429097,46.72710003796965
100,242,POMO,89.65201617899962,11.440037407833675,176.69260001275688
100,243,LKH,79.57398622176295,0.0,1493.0872000404634
100,243,Attention:batch_greedy_mean,104.60514939788358,31.456465064301092,23.13970000250265
100,243,Attention:greedy_rollout,102.725579882619,29.094424899533617,18.456799967680126
100,243,PointerNet:batch_greedy_mean,119.64173860817,50.35282796408255,51.40830000163987
100,243,PointerNet:greedy_rollout,115.41067416765947,45.0356826991475,44.53100002137944
100,243,POMO,91.69851809145744,15.236803439637809,187.73459998192266
100,244,LKH,77.56492810636796,0.0,1574.2804000037722
100,244,Attention:batch_greedy_mean,100.93866222579571,30.134410860762216,21.386400039773434
100,244,Attention:greedy_rollout,107.7885636688457,38.96559476085742,16.48409996414557
100,244,PointerNet:batch_greedy_mean,115.43644985207206,48.82557448357244,44.80069997953251
100,244,PointerNet:greedy_rollout,103.72272346960416,33.72374087340731,48.589899961370975
100,244,POMO,91.63392231795004,18.13834493895062,191.58069998957217
100,245,LKH,80.14994116096412,0.0,1496.1010999977589
100,245,Attention:batch_greedy_mean,111.53079216862687,39.15268127850648,15.827100025489926
100,245,Attention:greedy_rollout,105.68304579080362,31.85667295570646,20.786400011274964
100,245,PointerNet:batch_greedy_mean,114.91703644324518,43.37756806640537,46.97550000855699
100,245,PointerNet:greedy_rollout,108.74933591200362,35.68236524790916,44.208700011949986
100,245,POMO,91.51491049119207,14.179635275594057,182.12840001797304
100,246,LKH,74.48139140048636,0.0,1479.93289999431
100,246,Attention:batch_greedy_mean,102.358457339145,37.42822927241476,23.340599960647523
100,246,Attention:greedy_rollout,96.12098638832471,29.05369325269754,22.13659998960793
100,246,PointerNet:batch_greedy_mean,117.33023931026649,57.529601829511925,45.163000002503395
100,246,PointerNet:greedy_rollout,108.80181613817064,46.07919386621471,48.96360001293942
100,246,POMO,86.34005904677517,15.921651600900907,171.35909997159615
100,247,LKH,80.60936816304464,0.0,1350.41099996306
100,247,Attention:batch_greedy_mean,112.00089722166466,38.942780192900045,16.864600009284914
100,247,Attention:greedy_rollout,99.0606082212543,22.88969691573471,23.150800028815866
100,247,PointerNet:batch_greedy_mean,120.97780976363305,50.07909442850009,44.153900002129376
100,247,PointerNet:greedy_rollout,110.89366981176671,37.569208565768065,49.7472999850288
100,247,POMO,89.23941629494912,10.706011383749976,194.47629997739568
100,248,LKH,79.3617402870037,0.0,1554.4965000008233
100,248,Attention:batch_greedy_mean,105.82052509631403,33.33947153077139,21.7304999823682
100,248,Attention:greedy_rollout,100.55758863641033,26.707892584958437,19.110699999146163
100,248,PointerNet:batch_greedy_mean,118.58004944272261,49.417148633447134,45.28850002679974
100,248,PointerNet:greedy_rollout,108.54689052470907,36.774836504542655,48.22080000303686
100,248,POMO,92.16127506121543,16.128092362797886,190.61869999859482
100,249,LKH,79.4895024426461,0.0,1592.8984999773093
100,249,Attention:batch_greedy_mean,102.46045897966654,28.89810079462333,21.05640002992004
100,249,Attention:greedy_rollout,108.779479643486,36.84760414996111,16.379499982576817
100,249,PointerNet:batch_greedy_mean,118.85566901791817,49.523730009098834,50.96069996943697
100,249,PointerNet:greedy_rollout,122.80242233303201,54.48885520655686,46.878699969965965
100,249,POMO,92.46836501575947,16.327769295672706,181.30709999240935
100,250,LKH,76.9241153039855,0.0,1026.1582999955863
100,250,Attention:batch_greedy_mean,110.3664015751968,43.474385293942575,18.876900023315102
100,250,Attention:greedy_rollout,99.49839766136589,29.34617092204737,15.301600040402263
100,250,PointerNet:batch_greedy_mean,123.68348824036282,60.7863642650885,51.15980003029108
100,250,PointerNet:greedy_rollout,113.4800946396506,47.52213163739968,51.82829999830574
100,250,POMO,91.181294046442,18.53408217451131,185.31669996445999
100,251,LKH,78.76337720810152,0.0,1504.9042999744415
100,251,Attention:batch_greedy_mean,112.45759920957327,42.77904680553236,20.304700010456145
100,251,Attention:greedy_rollout,105.44348007002667,33.873741588598186,21.31899999221787
100,251,PointerNet:batch_greedy_mean,115.0243602342402,46.03787231003716,47.49229998560622
100,251,PointerNet:greedy_rollout,107.36465376595636,36.31291289387848,53.48989996127784
100,251,POMO,92.78280824288153,17.799428531027985,179.46170002687722
100,252,LKH,81.0659201279078,0.0,1248.2008000370115
100,252,Attention:batch_greedy_mean,105.30043762794783,29.89482813715333,22.33240002533421
100,252,Attention:greedy_rollout,105.3194267818658,29.918252473653812,17.981700017116964
100,252,PointerNet:batch_greedy_mean,123.86839287610763,52.79958912532546,52.80279996804893
100,252,PointerNet:greedy_rollout,114.77632229590971,41.58393825026941,46.51339998235926
100,252,POMO,95.86444380806627,18.254925937815784,178.74269996536896
100,253,LKH,80.48756646418617,0.0,1403.095299960114
100,253,Attention:batch_greedy_mean,103.32835501319651,28.37803346827935,17.66840001801029
100,253,Attention:greedy_rollout,107.41114202759775,33.450602057140735,23.23029999388382
100,253,PointerNet:batch_greedy_mean,118.23840073895813,46.90269060572183,57.98540002433583
100,253,PointerNet:greedy_rollout,109.24795339466263,35.732707788194475,41.36789997573942
100,253,POMO,86.35895733970611,7.294779968447021,183.3796999999322
100,254,LKH,80.66360915092747,0.0,1315.3132000006735
100,254,Attention:batch_greedy_mean,105.60759435283475,30.923467799754995,18.597599992062896
100,254,Attention:greedy_rollout,104.92977381619944,30.083162557068597,23.02269998472184
100,254,PointerNet:batch_greedy_mean,122.18736445598046,51.47768088005959,45.309600012842566
100,254,PointerNet:greedy_rollout,111.69808002105688,38.47394283097557,48.54680004063994
100,254,POMO,93.5701419629477,16.000440530588175,204.16339999064803
100,255,LKH,75.4172711184644,0.0,1224.8112999950536
100,255,Attention:batch_greedy_mean,93.6116403785202,24.12493715328992,21.420300006866455
100,255,Attention:greedy_rollout,94.290273201555,25.02477456847404,15.646099986042827
100,255,PointerNet:batch_greedy_mean,111.41167318392543,47.7270014303773,41.9804000412114
100,255,PointerNet:greedy_rollout,102.62371332629361,36.07455136515575,48.22640004567802
100,255,POMO,90.74387917266917,20.322411334838602,184.98959997668862
100,256,LKH,74.50716481909745,0.0,910.2711000014096
100,256,Attention:batch_greedy_mean,102.8830722488517,38.08480365432053,15.969300002325326
100,256,Attention:greedy_rollout,92.2135774129862,23.764711268882273,23.296100029256195
100,256,PointerNet:batch_greedy_mean,111.2128773011222,49.26467484187031,44.91679999046028
100,256,PointerNet:greedy_rollout,112.19149024429187,50.57812294521141,41.74740001326427
100,256,POMO,89.63830817028102,20.30830643995354,191.36900000739843
100,257,LKH,76.66873518215749,0.0,1065.7033000024967
100,257,Attention:batch_greedy_mean,97.20510723643743,26.785849545434008,15.591899980790913
100,257,Attention:greedy_rollout,96.04498065284207,25.272681784365552,21.071699971798807
100,257,PointerNet:batch_greedy_mean,117.43788667640794,53.175719408161484,43.77659998135641
100,257,PointerNet:greedy_rollout,106.48407684856511,38.888526849398595,42.32609999598935
100,257,POMO,90.20563789092951,17.656353240482773,177.4176000035368
100,258,LKH,79.5740241537757,0.0,1414.4246999640018
100,258,Attention:batch_greedy_mean,108.43805194521433,36.27317846293572,15.846299997065216
100,258,Attention:greedy_rollout,106.98118791377705,34.44234981385055,20.51549998577684
100,258,PointerNet:batch_greedy_mean,118.70440592853124,49.174818278809965,54.42069994751364
100,258,PointerNet:greedy_rollout,118.09995549375108,48.415210553540135,55.17369997687638
100,258,POMO,89.47848176119807,12.44684771538278,177.3356999619864
100,259,LKH,83.41228184002951,0.0,1145.9703000145964
100,259,Attention:batch_greedy_mean,106.48639708648801,27.662731119993474,18.091499980073422
100,259,Attention:greedy_rollout,105.81062448872409,26.852571533351373,28.948699997272342
100,259,PointerNet:batch_greedy_mean,128.72387868610747,54.32245209761538,55.31720002181828
100,259,PointerNet:greedy_rollout,114.40367677429022,37.154474437825485,44.60030002519488
100,259,POMO,95.41719111088189,14.392256159441535,195.350399997551
100,260,LKH,81.07170543098975,0.0,1194.3431999534369
100,260,Attention:batch_greedy_mean,108.17718193449271,33.43395375662328,19.951800000853837
100,260,Attention:greedy_rollout,113.5939351267357,40.11538862153292,23.38279999094084
100,260,PointerNet:batch_greedy_mean,125.2529967672185,54.49656091648024,48.60880004707724
100,260,PointerNet:greedy_rollout,111.37971960956376,37.38420700224809,48.10920002637431
100,260,POMO,92.03637790757287,13.524659951697352,181.02530000032857
100,261,LKH,77.72074119528783,0.0,1256.9998999824747
100,261,Attention:batch_greedy_mean,100.22417544090769,28.954219812541147,21.30680001573637
100,261,Attention:greedy_rollout,104.60794363335934,34.59462947028826,23.399300000164658
100,261,PointerNet:batch_greedy_mean,115.83530967073996,49.04040786188874,48.53329999605194
100,261,PointerNet:greedy_rollout,108.38283591691325,39.45162417401708,49.20680000213906
100,261,POMO,91.59601782293292,17.852733278470513,184.03180001769215
100,262,LKH,77.93946751245112,0.0,1186.2316000042483
100,262,Attention:batch_greedy_mean,108.16581733887183,38.78182747603702,16.33899996522814
100,262,Attention:greedy_rollout,100.02367058395598,28.335070505808662,18.25470000039786
100,262,PointerNet:batch_greedy_mean,114.39716564039973,46.776940222390365,48.76279999734834
100,262,PointerNet:greedy_rollout,102.32301007827242,31.28523114675622,48.403399996459484
100,262,POMO,86.86240588572335,11.44854931405165,173.9716000156477
100,263,LKH,80.12001541523166,0.0,1219.6942000300623
100,263,Attention:batch_greedy_mean,110.63457194680976,38.08605923679959,21.176200010813773
100,263,Attention:greedy_rollout,100.48192820724282,25.414264695885393,20.757999969646335
100,263,PointerNet:batch_greedy_mean,122.13805965575752,52.443879376161206,54.579999996349216
100,263,PointerNet:greedy_rollout,111.9469477784098,39.72407169198758,43.180499982554466
100,263,POMO,96.64476442833285,20.624994799938165,170.15550000360236
100,264,LKH,77.52538855027566,0.0,1313.247100042645
100,264,Attention:batch_greedy_mean,104.20507544519121,34.41412857623231,15.461600036360323
100,264,Attention:greedy_rollout,101.89093462962806,31.429118299163633,15.983899997081608
100,264,PointerNet:batch_greedy_mean,114.47826928161828,47.665521479300246,44.273999985307455
100,264,PointerNet:greedy_rollout,102.36072897065608,32.03510602758806,40.046799986157566
100,264,POMO,91.06177877883535,17.460589984378156,189.54030005261302
100,265,LKH,75.7772939918624,0.0,1095.9293999476358
100,265,Attention:batch_greedy_mean,100.51915243213097,32.65075478008698,16.1464000120759
100,265,Attention:greedy_rollout,107.09769139342386,41.332166605111176,15.525399998296052
100,265,PointerNet:batch_greedy_mean,122.37493038435997,61.492874630099124,41.95569996954873
100,265,PointerNet:greedy_rollout,107.1007707864979,41.336230346255554,53.740000003017485
100,265,POMO,91.13851286506048,20.271532624070346,187.65680002979934
100,266,LKH,82.82555383212211,0.0,1405.4157000500709
100,266,Attention:batch_greedy_mean,111.54689282311368,34.676905450226656,20.26399999158457
100,266,Attention:greedy_rollout,105.26986588447058,27.098293961113146,22.01489999424666
100,266,PointerNet:batch_greedy_mean,121.82799801483327,47.08986825704134,46.39329999918118
100,266,PointerNet:greedy_rollout,106.26247483536383,28.29672718005082,43.17810002248734
100,266,POMO,94.9214220836395,14.604029423134707,181.0146000352688
100,267,LKH,75.07987801415784,0.0,1423.5692999791354
100,267,Attention:batch_greedy_mean,103.10952905105604,37.33310679009446,16.577199974562973
100,267,Attention:greedy_rollout,98.18668738094185,30.776301158116887,22.20170001965016
100,267,PointerNet:batch_greedy_mean,111.63928563786877,48.694015747890404,52.9693000135012
100,267,PointerNet:greedy_rollout,100.0739189481323,33.28993279565708,47.6685999892652
100,267,POMO,93.17306951626172,24.098589369966795,177.06600000383332
100,268,LKH,79.5968024501921,0.0,1445.4656000016257
100,268,Attention:batch_greedy_mean,101.28517245050239,27.2477905301307,18.82700005080551
100,268,Attention:greedy_rollout,98.3895005069685,23.60986557033617,15.494099992793053
100,268,PointerNet:batch_greedy_mean,123.29750114584498,54.90258069474424,47.95189999276772
100,268,PointerNet:greedy_rollout,110.1393569668853,38.37158475782401,48.02129999734461
100,268,POMO,88.2385357715386,10.856885019664048,177.78560001170263
100,269,LKH,77.72928309567239,0.0,1403.1762999948114
100,269,Attention:batch_greedy_mean,94.59842503250309,21.702428306288983,20.374000014271587
100,269,Attention:greedy_rollout,94.2731685303051,21.283980471387885,23.497899994254112
100,269,PointerNet:batch_greedy_mean,116.79054758034096,50.25295863926902,47.36519994912669
100,269,PointerNet:greedy_rollout,108.52632033221207,39.620894481470295,48.269699967931956
100,269,POMO,90.57556298321875,16.526950173636145,164.20810000272468
100,270,LKH,77.53037003668325,0.0,1400.5514000309631
100,270,Attention:batch_greedy_mean,113.43234992706402,46.30698895593283,20.882400043774396
100,270,Attention:greedy_rollout,97.48720656470222,25.74066977698733,20.618400012608618
100,270,PointerNet:batch_greedy_mean,124.9711107941456,61.18988047524591,44.28989998996258
100,270,PointerNet:greedy_rollout,108.48024296822632,39.91967653049925,48.4938999870792
100,270,POMO,92.30922011562626,19.062014113889102,171.8185999779962
100,271,LKH,77.30983124276541,0.0,1581.1226000078022
100,271,Attention:batch_greedy_mean,115.22318437862083,49.04079148329963,24.99150001676753
100,271,Attention:greedy_rollout,100.41810015120986,29.890466111458363,17.44460000190884
100,271,PointerNet:batch_greedy_mean,117.64302368771723,52.17084528137056,50.468500005081296
100,271,PointerNet:greedy_rollout,107.46418669551842,39.00455474810628,40.37930001504719
100,271,POMO,86.14995097534117,11.434664376405568,178.76619996968657
100,272,LKH,77.45024620983034,0.0,1504.1815000004135
100,272,Attention:batch_greedy_mean,100.3145225267338,29.521244199739442,15.151600004173815
100,272,Attention:greedy_rollout,100.65486217615336,29.960674241701486,15.69170004222542
100,272,PointerNet:batch_greedy_mean,116.02129108107324,49.80106166059843,45.697900000959635
100,272,PointerNet:greedy_rollout,106.71880000456177,37.79013654189847,46.997299999929965
100,272,POMO,87.59142917869445,13.093803396556472,189.6153999841772
100,273,LKH,76.7753346334183,0.0,1486.0903999651782
100,273,Attention:batch_greedy_mean,101.73774729369111,32.513583665198816,15.732800005935133
100,273,Attention:greedy_rollout,98.88541436694754,28.79841532322714,22.36619999166578
100,273,PointerNet:batch_greedy_mean,106.69193920058541,38.96642679580741,40.03400000510737
100,273,PointerNet:greedy_rollout,107.34209214247056,39.813252075032125,47.760099987499416
100,273,POMO,87.06880111368926,13.40725706949962,175.88809999870136
100,274,LKH,74.59857200480373,0.0,1088.27680000104
100,274,Attention:batch_greedy_mean,96.15650634899745,28.898588491486827,16.51990000391379
100,274,Attention:greedy_rollout,96.41564887054624,29.245971175343154,21.102100028656423
100,274,PointerNet:batch_greedy_mean,113.52118230969812,52.176079593571835,45.00580002786592
100,274,PointerNet:greedy_rollout,105.09278787547588,40.877747457027056,48.71250002179295
100,274,POMO,87.14253669697182,16.81528795398433,180.1427000318654
100,275,LKH,77.94903507728692,0.0,1327.1433000336401
100,275,Attention:batch_greedy_mean,92.47234224547078,18.631798525515958,21.68469998287037
100,275,Attention:greedy_rollout,95.2125145097638,22.14713679952554,16.28580002579838
100,275,PointerNet:batch_greedy_mean,125.35728063363099,60.81954126736594,48.39230002835393
100,275,PointerNet:greedy_rollout,111.52282956220755,43.071469007450844,43.612000008579344
100,275,POMO,88.37466111752688,13.374926360413433,189.98389999615029
100,276,LKH,78.84720997168124,0.0,1266.1429000436328
100,276,Attention:batch_greedy_mean,98.45116901179476,24.863224769975346,15.54799999576062
100,276,Attention:greedy_rollout,100.14038017696618,27.005610233935474,25.418800010811538
100,276,PointerNet:batch_greedy_mean,110.92884389684902,40.68835655274323,48.921999987214804
100,276,PointerNet:greedy_rollout,106.25074486662432,34.75523725542772,42.08189999917522
100,276,POMO,94.14649881176503,19.40371618168694,173.1168000260368
100,277,LKH,78.03087676213164,0.0,1213.0895999725908
100,277,Attention:batch_greedy_mean,101.391309603874,29.937421968170398,17.224000010173768
100,277,Attention:greedy_rollout,108.57747699304525,39.14681149108639,16.047700017224997
100,277,PointerNet:batch_greedy_mean,130.5408504091178,67.29384036918734,39.03859999263659
100,277,PointerNet:greedy_rollout,107.09017289685241,37.2407658872074,45.22569995606318
100,277,POMO,91.61914819743626,17.413967392327194,183.75999998534098
100,278,LKH,73.99707832537699,0.0,1616.853900020942
100,278,Attention:batch_greedy_mean,106.24851870240866,43.58474835346462,17.207700002472848
100,278,Attention:greedy_rollout,98.53311659587729,33.15811762541679,17.10050000110641
100,278,PointerNet:batch_greedy_mean,105.08717520148367,42.015303279135644,40.23729998152703
100,278,PointerNet:greedy_rollout,98.26227224775413,32.79209729832737,43.08209998998791
100,278,POMO,85.50732889427513,15.555006804844012,179.64039999060333
100,279,LKH,81.6310484451369,0.0,1299.9614999862388
100,279,Attention:batch_greedy_mean,114.98227224962666,40.85605224941421,15.69460000609979
100,279,Attention:greedy_rollout,102.33294475360309,25.360321474223923,18.531400011852384
100,279,PointerNet:batch_greedy_mean,118.28519674943584,44.902214295255185,39.703399990685284
100,279,PointerNet:greedy_rollout,118.6144544970231,45.30556296449168,50.6784999743104
100,279,POMO,93.8058431273608,14.91441665165726,174.6984000201337
100,280,LKH,79.39882218432271,0.0,1570.7312999875285
100,280,Attention:batch_greedy_mean,110.39283362471745,39.035857948173074,15.960399992763996
100,280,Attention:greedy_rollout,101.98328295887353,28.444327199365084,20.572500012349337
100,280,PointerNet:batch_greedy_mean,118.92096461369158,49.77673640752383,43.76359999878332
100,280,PointerNet:greedy_rollout,115.12788890566618,44.99949210631763,42.28959995089099
100,280,POMO,93.40838362411765,17.64454566753148,185.2791999699548
100,281,LKH,77.54600569583558,0.0,1256.6594000090845
100,281,Attention:batch_greedy_mean,99.42277476491114,28.211342251313926,20.131800032686442
100,281,Attention:greedy_rollout,101.18937507080774,30.489474168031684,20.451599964872003
100,281,PointerNet:batch_greedy_mean,121.71211339084704,56.954716492100765,41.50079999817535
100,281,PointerNet:greedy_rollout,112.66635705829756,45.289697447753966,36.483699979726225
100,281,POMO,90.7954723105788,17.0859433646558,172.28060000343248
100,282,LKH,76.12331922059087,0.0,1181.6323999664746
100,282,Attention:batch_greedy_mean,104.38267431508673,37.12312519190819,18.70379998581484
100,282,Attention:greedy_rollout,95.95377416543325,26.050433885282242,18.129499978385866
100,282,PointerNet:batch_greedy_mean,117.42285353492142,54.25345969827243,45.046000042930245
100,282,PointerNet:greedy_rollout,111.61236114665037,46.62046044421555,46.54150002170354
100,282,POMO,86.33409868757121,13.413471156442153,183.09690000023693
100,283,LKH,77.37426860199514,0.0,1213.8859999831766
100,283,Attention:batch_greedy_mean,99.89443527250849,29.10549860749527,16.182699997443706
100,283,Attention:greedy_rollout,98.45856768763821,27.249755592648533,16.621400020085275
100,283,PointerNet:batch_greedy_mean,114.64615505222723,48.17090632798694,44.01390004204586
100,283,PointerNet:greedy_rollout,100.46427728022961,29.841973430478514,46.84850003104657
100,283,POMO,86.08670222986659,11.260117588558108,190.48920000204816
100,284,LKH,77.0205445075563,0.0,1199.1060000145808
100,284,Attention:batch_greedy_mean,104.14186547929984,35.21309949851463,16.680600005201995
100,284,Attention:greedy_rollout,99.20122920803031,28.79840027396577,15.692299988586456
100,284,PointerNet:batch_greedy_mean,119.07615718691247,54.60311005102048,40.02680000849068
100,284,PointerNet:greedy_rollout,111.26886381477024,44.46647258362855,35.80770001281053
100,284,POMO,91.26789705432213,18.49811973916656,189.37209999421611
100,285,LKH,76.03494700134358,0.0,1314.3803999992087
100,285,Attention:batch_greedy_mean,108.53231766946502,42.74004513680688,18.24600005056709
100,285,Attention:greedy_rollout,99.00153732574555,30.20530851951029,17.700500029604882
100,285,PointerNet:batch_greedy_mean,124.4866414943447,63.72292794804597,45.31370004406199
100,285,PointerNet:greedy_rollout,115.42146623310722,51.8005480178314,49.56309997942299
100,285,POMO,89.15066301833079,17.2495892142273,181.65400001453236
100,286,LKH,76.60942925351475,0.0,1573.4006999991834
100,286,Attention:batch_greedy_mean,105.3330491838841,37.49358298352229,16.477799974381924
100,286,Attention:greedy_rollout,101.90251814299857,33.015634153577,16.92419999744743
100,286,PointerNet:batch_greedy_mean,119.03904619316039,55.384327168445814,68.31619999138638
100,286,PointerNet:greedy_rollout,112.73526137246549,47.15585597094542,54.37889997847378
100,286,POMO,89.57365623447096,16.922495190579205,193.42219998361543
100,287,LKH,79.00180507734336,0.0,1348.2206999906339
100,287,Attention:batch_greedy_mean,105.06606214453386,32.991976628474994,15.58670005761087
100,287,Attention:greedy_rollout,102.41932532854783,29.64175341092338,17.214099992997944
100,287,PointerNet:batch_greedy_mean,119.15390931272438,50.8242871109993,47.50179999973625
100,287,PointerNet:greedy_rollout,113.6239030497268,43.824439123243,43.60700002871454
100,287,POMO,90.69759208075357,14.80445540701246,178.9996000006795
100,288,LKH,76.9172720370524,0.0,1142.5427999929525
100,288,Attention:batch_greedy_mean,100.78973582696995,31.03654505377903,18.78079999005422
100,288,Attention:greedy_rollout,99.27989440123625,29.073603069816855,18.941899994388223
100,288,PointerNet:batch_greedy_mean,128.24256603956118,66.72791772670317,44.34259998379275
100,288,PointerNet:greedy_rollout,118.81981818638069,54.477421051988294,36.992000008467585
100,288,POMO,88.14177510157774,14.59295521962648,186.16400001337752
100,289,LKH,77.17632716501265,0.0,1312.3597000376321
100,289,Attention:batch_greedy_mean,102.90236291767535,33.33410217573222,21.28790004644543
100,289,Attention:greedy_rollout,99.04924020338011,28.341479624445498,16.966200026217848
100,289,PointerNet:batch_greedy_mean,118.59396748062208,53.666249531483054,39.649999991524965
100,289,PointerNet:greedy_rollout,114.25226314992885,48.04055511172902,39.608299965038896
100,289,POMO,91.05145666305792,17.978478644595906,185.90119999134913
100,290,LKH,75.95509650762297,0.0,1197.4794000270776
100,290,Attention:batch_greedy_mean,96.58525525078973,27.160993391794698,18.19279999472201
100,290,Attention:greedy_rollout,105.32727444455381,38.67045042064163,22.4762000143528
100,290,PointerNet:batch_greedy_mean,115.63890994834411,52.24641303265069,40.89210001984611
100,290,PointerNet:greedy_rollout,111.2528251721225,46.47183702933877,45.99509999388829
100,290,POMO,88.442075778147,16.439949186649798,182.17089999234304
100,291,LKH,76.64645438176315,0.0,1200.6731000146829
100,291,Attention:batch_greedy_mean,104.61193818196854,36.48633720343279,15.457900008186698
100,291,Attention:greedy_rollout,97.68773752800436,27.45238943661778,22.647300036624074
100,291,PointerNet:batch_greedy_mean,121.62376671827111,58.68153027990506,41.60009999759495
100,291,PointerNet:greedy_rollout,109.09941755489272,42.34111471286957,47.703999967779964
100,291,POMO,90.61459528125728,18.22411879605175,173.44079999020323
100,292,LKH,78.32643756589555,0.0,1324.3889000150375
100,292,Attention:batch_greedy_mean,109.25737339113864,39.48977738100382,18.36429996183142
100,292,Attention:greedy_rollout,102.48036240680968,30.837512328571798,21.45519998157397
100,292,PointerNet:batch_greedy_mean,116.43836188658607,48.65780380810399,43.55890001170337
100,292,PointerNet:greedy_rollout,105.04313113411811,34.10942001000107,44.69750000862405
100,292,POMO,89.26641299078466,13.967155618031752,180.01289997482672
100,293,LKH,79.9115058600502,0.0,1506.1772000044584
100,293,Attention:batch_greedy_mean,123.02821827357512,53.955574919381,15.889399976003915
100,293,Attention:greedy_rollout,100.6890750568649,26.000722891147436,22.33239996712655
100,293,PointerNet:batch_greedy_mean,126.54366769686033,58.35475296696009,46.665500034578145
100,293,PointerNet:greedy_rollout,109.53317422612979,37.06808931614467,52.31840000487864
100,293,POMO,91.9258759904389,15.034593580841266,173.96479996386915
100,294,LKH,76.87117844973348,0.0,1386.8390999850817
100,294,Attention:batch_greedy_mean,101.13991919629534,31.570663070335698,17.372499976772815
100,294,Attention:greedy_rollout,91.30385868083627,18.775151522544185,16.002400021534413
100,294,PointerNet:batch_greedy_mean,103.40168920044846,34.512949177777266,48.698400030843914
100,294,PointerNet:greedy_rollout,109.04899351968245,41.8594012982255,48.14219998661429
100,294,POMO,85.6966991030279,11.480922800039393,187.9666000022553
100,295,LKH,83.55258153068802,0.0,1386.080599972047
100,295,Attention:batch_greedy_mean,108.3091784033158,29.629960462125197,21.870299999136478
100,295,Attention:greedy_rollout,108.34537608577372,29.673283698576764,20.123600028455257
100,295,PointerNet:batch_greedy_mean,124.09581780703502,48.5242173653915,48.970699950587004
100,295,PointerNet:greedy_rollout,113.0573224432083,35.3127819296445,47.19700000714511
100,295,POMO,94.64438952271024,13.275242714012753,186.0358000267297
100,296,LKH,80.8240239362965,0.0,1201.005500042811
100,296,Attention:batch_greedy_mean,104.11118249844839,28.812174187845745,18.771500035654753
100,296,Attention:greedy_rollout,105.90153882338338,31.0273031034094,21.905500034336
100,296,PointerNet:batch_greedy_mean,117.48005379078604,45.352888991744486,52.742800035048276
100,296,PointerNet:greedy_rollout,108.14561343251194,33.80379764035214,43.417600041721016
100,296,POMO,92.67861009333255,14.667156594899982,186.79569999221712
100,297,LKH,76.74431696628763,0.0,1434.037599945441
100,297,Attention:batch_greedy_mean,109.08739234956197,42.14393542323408,18.696699989959598
100,297,Attention:greedy_rollout,97.78956138832788,27.422544435811506,15.979799965862185
100,297,PointerNet:batch_greedy_mean,113.64414935534022,48.08151775624248,46.361799992155284
100,297,PointerNet:greedy_rollout,105.54477222938031,37.527801929287094,54.87960000755265
100,297,POMO,88.47888114698075,15.290466635917689,191.90939998952672
100,298,LKH,73.80610857402706,0.0,1203.05210002698
100,298,Attention:batch_greedy_mean,98.28734833426421,33.169666079444646,21.072600036859512
100,298,Attention:greedy_rollout,96.94663001050442,31.35312494258867,15.798600041307509
100,298,PointerNet:batch_greedy_mean,99.20122417292929,34.40787773471498,52.766600041650236
100,298,PointerNet:greedy_rollout,104.61925691621519,41.748777895914586,49.19210000662133
100,298,POMO,84.27628850163637,14.186061465505642,177.3150999797508
100,299,LKH,75.21013474191355,0.0,1265.1721999864094
100,299,Attention:batch_greedy_mean,100.91054300300004,34.17146950910064,17.660899960901588
100,299,Attention:greedy_rollout,101.2358242588706,34.60396608284933,15.8233999973163
100,299,PointerNet:batch_greedy_mean,107.3558931421073,42.741258888184625,47.79819998657331
100,299,PointerNet:greedy_rollout,104.17693093796312,38.51448517603411,45.15069996705279
100,299,POMO,85.28234753808167,13.392095135491115,188.9952999772504
200,0,LKH,112.11640849758078,0.0,7223.394599976018
200,0,Attention:batch_greedy_mean,164.91948115130646,47.09665013472586,41.49839997990057
200,0,Attention:greedy_rollout,157.13069932601366,40.149601143711436,44.95949996635318
200,0,PointerNet:batch_greedy_mean,205.67130913090875,83.44443234225317,111.86839995207265
200,0,PointerNet:greedy_rollout,178.25298545611892,58.989204028922515,114.72079996019602
200,0,POMO,143.20243109055463,27.72655939442139,1068.071699992288
200,1,LKH,106.23150323560282,0.0,7678.238600026816
200,1,Attention:batch_greedy_mean,154.3647933857909,45.30980799870346,36.855500016827136
200,1,Attention:greedy_rollout,161.0859348489146,51.636689628362205,45.383899996522814
200,1,PointerNet:batch_greedy_mean,185.4709945721752,74.59133018275482,107.18729998916388
200,1,PointerNet:greedy_rollout,164.78239217756513,55.11631404867418,131.28929998492822
200,1,POMO,132.3654479928168,24.600936597172577,1031.1611999641173
200,2,LKH,107.79078648270414,0.0,7908.757299999706
200,2,Attention:batch_greedy_mean,167.71997523789338,55.5976913340412,36.704700032714754
200,2,Attention:greedy_rollout,157.7155058995425,46.316314265736594,32.65629999805242
200,2,PointerNet:batch_greedy_mean,179.43416341303436,66.46521402070478,138.45570001285523
200,2,PointerNet:greedy_rollout,174.23787561599414,61.644497921862694,129.72019996959716
200,2,POMO,131.41570616791574,21.917383160575056,1051.9571999902837
200,3,LKH,109.65704938933114,0.0,7533.800700039137
200,3,Attention:batch_greedy_mean,170.44075998703127,55.430736953254154,37.91909996652976
200,3,Attention:greedy_rollout,163.0937752559511,48.730771221917436,38.2565000327304
200,3,PointerNet:batch_greedy_mean,186.04906609299258,69.66448315824724,116.32019997341558
200,3,PointerNet:greedy_rollout,177.16608829601418,61.56379300978274,106.18880001129583
200,3,POMO,135.00289108489721,23.113736724373375,1037.2487000422552
200,4,LKH,107.83523763143441,0.0,7519.365299958736
200,4,Attention:batch_greedy_mean,165.28413167915795,53.27469508999992,37.070700025651604
200,4,Attention:greedy_rollout,155.59825615614596,44.29258892900927,32.622599974274635
200,4,PointerNet:batch_greedy_mean,167.31556202723215,55.15852304150622,111.07579997042194
200,4,PointerNet:greedy_rollout,180.26284541833093,67.1650653142193,123.16289998125285
200,4,POMO,131.00632123413789,21.48748786727671,1016.3645000429824
200,5,LKH,106.79826373067728,0.0,8129.509599995799
200,5,Attention:batch_greedy_mean,164.61418106767823,54.135634154877756,36.56889998819679
200,5,Attention:greedy_rollout,156.33066592545444,46.37940773989308,45.744000002741814
200,5,PointerNet:batch_greedy_mean,173.98292151189878,62.90800564946173,113.42489998787642
200,5,PointerNet:greedy_rollout,166.04332752769284,55.473808025961105,113.5130999609828
200,5,POMO,130.4570730795827,22.15280335321551,1046.3200999656692
200,6,LKH,101.35348740564419,0.0,6658.208400011063
200,6,Attention:batch_greedy_mean,153.48191666691977,51.4322995642404,32.606199965812266
200,6,Attention:greedy_rollout,143.27209968094724,41.35882577728517,33.23780000209808
200,6,PointerNet:batch_greedy_mean,171.22693206298763,68.9403457600733,119.24229998840019
200,6,PointerNet:greedy_rollout,169.14973995933116,66.8908927448623,117.98839998664334
200,6,POMO,127.94848441646083,26.239844026655184,1045.637600007467
200,7,LKH,109.89648778304812,0.0,6571.213699993677
200,7,Attention:batch_greedy_mean,167.10904068770063,52.06040161865639,41.943800053559244
200,7,Attention:greedy_rollout,159.10300664361523,44.7753334553403,31.62909997627139
200,7,PointerNet:batch_greedy_mean,186.30503088802396,69.52773891720506,113.19909995654598
200,7,PointerNet:greedy_rollout,183.77220501016933,67.22300113263199,109.5801999908872
200,7,POMO,129.66036980332402,17.984088863051493,1066.1648000241257
200,8,LKH,106.1438123969755,0.0,7549.549899995327
200,8,Attention:batch_greedy_mean,182.2211466424421,71.67382867400603,39.72290002275258
200,8,Attention:greedy_rollout,155.90781842240483,46.883567587824196,43.8529999810271
200,8,PointerNet:batch_greedy_mean,189.28471986207862,78.32854839824103,122.69990000640973
200,8,PointerNet:greedy_rollout,177.82226163234267,67.52955977056048,123.20850003743544
200,8,POMO,127.80244366702493,20.404987140509544,1032.20199997304
200,9,LKH,104.39456260955819,0.0,6909.825200040359
200,9,Attention:batch_greedy_mean,174.5432151015963,67.19569557889542,44.336199993267655
200,9,Attention:greedy_rollout,150.90790835534835,44.555333710006344,44.77450001286343
200,9,PointerNet:batch_greedy_mean,171.36097195737398,64.14741120021174,152.28789998218417
200,9,PointerNet:greedy_rollout,168.5478132020694,61.452674343249214,137.55049998871982
200,9,POMO,128.33763593710168,22.93517279926924,1251.4823999954388
200,10,LKH,106.07374858312976,0.0,8381.84840005124
200,10,Attention:batch_greedy_mean,166.2862599140098,56.76476238010165,39.30420003598556
200,10,Attention:greedy_rollout,153.162160732857,44.3921448791113,40.36329995142296
200,10,PointerNet:batch_greedy_mean,191.24129461951557,80.29087985859216,133.2840000395663
200,10,PointerNet:greedy_rollout,176.86007883700694,66.73312784680377,167.56620001979172
200,10,POMO,130.20549173158403,22.749967330081,1307.860000000801
200,11,LKH,107.391984804887,0.0,8521.585799986497
200,11,Attention:batch_greedy_mean,166.44046241476804,54.98406395706541,41.29349999129772
200,11,Attention:greedy_rollout,161.9489324045208,50.80169409174671,39.46820000419393
200,11,PointerNet:batch_greedy_mean,173.74703317697748,61.787710221248204,111.47539998637512
200,11,PointerNet:greedy_rollout,167.53788127776934,56.0059454922611,117.49390000477433
200,11,POMO,125.2143028893587,16.5955756538552,1062.9085999680683
200,12,LKH,112.69384079620943,0.0,7227.392300032079
200,12,Attention:batch_greedy_mean,170.83445638696472,51.591653261595916,36.55680001247674
200,12,Attention:greedy_rollout,157.3973277674358,39.66808359302101,41.61420004675165
200,12,PointerNet:batch_greedy_mean,183.26818968578704,62.62485011687653,126.7189999925904
200,12,PointerNet:greedy_rollout,172.88893365817768,53.41471409322396,116.4429999771528
200,12,POMO,136.81644031808446,21.405428505624613,1058.3513000165112
200,13,LKH,106.27605597522079,0.0,7420.460800000001
200,13,Attention:batch_greedy_mean,167.65567739426183,57.75489206463613,43.37199998553842
200,13,Attention:greedy_rollout,158.52776790159572,49.166024695683,45.324500009883195
200,13,PointerNet:batch_greedy_mean,173.8961966997362,63.626881995208464,121.35440000565723
200,13,PointerNet:greedy_rollout,173.42083444069033,63.179591912147124,113.77270001685247
200,13,POMO,131.0097136922712,23.273029366856896,1078.9549999753945
200,14,LKH,105.58291338262313,0.0,6939.671799947973
200,14,Attention:batch_greedy_mean,160.08685187978384,51.621930813410366,45.00330000882968
200,14,Attention:greedy_rollout,157.13196458023737,48.823289248332294,39.80919998139143
200,14,PointerNet:batch_greedy_mean,187.30876379390526,77.4044282289454,127.73260002722964
200,14,PointerNet:greedy_rollout,169.44288176453364,60.483241403358164,109.16890000225976
200,14,POMO,126.99959952744965,20.284234881087567,1068.5116999666207
200,15,LKH,105.19004561325569,0.0,6532.821899978444
200,15,Attention:batch_greedy_mean,158.31859555634415,50.5072030659842,42.75750002125278
200,15,Attention:greedy_rollout,151.57750275614683,44.09871378270944,35.43150000041351
200,15,PointerNet:batch_greedy_mean,182.59638112990777,73.58712990889472,132.84729997394606
200,15,PointerNet:greedy_rollout,161.9701660141492,53.97860612177383,118.47469996428117
200,15,POMO,130.30982363662463,23.88037563528105,1101.6393999452703
200,16,LKH,110.39416457550044,0.0,7568.654800008517
200,16,Attention:batch_greedy_mean,170.96557611463948,54.86830918287644,38.82450005039573
200,16,Attention:greedy_rollout,157.940339008739,43.06946351382632,37.41449996596202
200,16,PointerNet:batch_greedy_mean,178.57601845761747,61.762190188491616,132.18310003867373
200,16,PointerNet:greedy_rollout,173.65189604078518,57.30169860746733,116.91059998702258
200,16,POMO,132.76010021641108,20.260070563434713,1080.905199982226
200,17,LKH,105.62054914445646,0.0,7085.604900028557
200,17,Attention:batch_greedy_mean,159.13286967952266,50.66468690848954,37.32629999285564
200,17,Attention:greedy_rollout,152.92896662422328,44.790921712652185,37.251300003845245
200,17,PointerNet:batch_greedy_mean,184.60559299205002,74.78189091742581,119.08819997915998
200,17,PointerNet:greedy_rollout,170.33891988251878,61.27441228273437,112.88440000498667
200,17,POMO,129.35628161330436,22.472646337394732,1053.951700043399
200,18,LKH,106.51435062764426,0.0,7319.549300009385
200,18,Attention:batch_greedy_mean,168.25678646744888,57.96630733415958,42.495999950915575
200,18,Attention:greedy_rollout,158.8460992474509,49.13117181998262,37.06380003131926
200,18,PointerNet:batch_greedy_mean,179.92752519820613,68.92327103152665,127.38620000891387
200,18,PointerNet:greedy_rollout,172.73228899916722,62.16809094861726,113.14319999655709
200,18,POMO,128.49911019989946,20.640185517452117,1077.3932000156492
200,19,LKH,111.536643994177,0.0,7373.470599995926
200,19,Attention:batch_greedy_mean,165.13139738854397,48.05125156640449,34.744500007946044
200,19,Attention:greedy_rollout,157.19501132021216,40.935755004802594,37.85480000078678
200,19,PointerNet:batch_greedy_mean,191.61203041839715,71.79289564100625,124.41249995026737
200,19,PointerNet:greedy_rollout,175.73232893233543,57.555689896416375,114.42679999163374
200,19,POMO,133.37816233239747,19.582370023039918,1070.2766999602318
200,20,LKH,106.89634792563291,0.0,8055.446500016842
200,20,Attention:batch_greedy_mean,166.19593219620515,55.47391040134184,42.0771999633871
200,20,Attention:greedy_rollout,155.4942579366746,45.46264765270646,38.447000028099865
200,20,PointerNet:batch_greedy_mean,178.63710900472063,67.1124528304721,112.43709997506812
200,20,PointerNet:greedy_rollout,179.93330364358388,68.32502432053367,117.24339995998889
200,20,POMO,131.69112022796196,23.195153794756965,1043.2503999909386
200,21,LKH,105.54823598173074,0.0,7519.141299999319
200,21,Attention:batch_greedy_mean,161.70319782477972,53.20312681755174,36.805200041271746
200,21,Attention:greedy_rollout,157.92137904998344,49.62010267733695,42.34739998355508
200,21,PointerNet:batch_greedy_mean,177.87356424179507,68.52348368245875,112.72159998770803
200,21,PointerNet:greedy_rollout,170.0289110841561,61.09119162691291,118.09810000704601
200,21,POMO,131.7433398747188,24.81813518657209,1069.7309999959543
200,22,LKH,104.39966368067356,0.0,6932.928499998525
200,22,Attention:batch_greedy_mean,162.9071777882661,56.0418607157098,42.96260001137853
200,22,Attention:greedy_rollout,157.3789314042934,50.74658850019588,31.624099996406585
200,22,PointerNet:batch_greedy_mean,186.23006453065454,78.38186251277112,131.01349998032674
200,22,PointerNet:greedy_rollout,172.12699291993238,64.87312971276984,126.31249998230487
200,22,POMO,125.92943214901217,20.622450024543713,1061.9586000102572
200,23,LKH,108.08220036447167,0.0,7553.327400004491
200,23,Attention:batch_greedy_mean,164.69504480997855,52.37943366678203,42.100500024389476
200,23,Attention:greedy_rollout,158.30677335025797,46.46886611895432,41.91580001497641
200,23,PointerNet:batch_greedy_mean,187.5503792840804,73.52568568333031,127.8094999724999
200,23,PointerNet:greedy_rollout,179.93584652051254,66.48055453510206,127.12999997893348
200,23,POMO,128.81476249399645,19.182216923425905,1102.717500005383
200,24,LKH,107.31363595508859,0.0,7443.492199992761
200,24,Attention:batch_greedy_mean,163.56884800658992,52.42130839276052,44.368799950461835
200,24,Attention:greedy_rollout,161.08721473928938,50.108803327384564,41.6370999882929
200,24,PointerNet:batch_greedy_mean,196.59879512089077,83.20019946315915,126.07290002051741
200,24,PointerNet:greedy_rollout,170.0404309504303,58.451840194468176,112.47909994563088
200,24,POMO,130.91442399183106,21.992347781990677,1089.8339000414126
200,25,LKH,109.47062750772157,0.0,7865.60289998306
200,25,Attention:batch_greedy_mean,174.12913836605458,59.06471199662418,43.40809996938333
200,25,Attention:greedy_rollout,158.2798218158781,44.586566661192975,49.65259996242821
200,25,PointerNet:batch_greedy_mean,198.66122349186566,81.47445393774963,140.09130001068115
200,25,PointerNet:greedy_rollout,179.0807261652177,63.58792330169673,121.90329999430105
200,25,POMO,132.8998335164385,21.402276155824833,1132.020199962426
200,26,LKH,107.40549839716294,0.0,8643.991600023583
200,26,Attention:batch_greedy_mean,161.38835883580435,50.26079785880621,50.301400013267994
200,26,Attention:greedy_rollout,154.46542457594003,43.81519277975824,45.80989998066798
200,26,PointerNet:batch_greedy_mean,183.46595161686878,70.81616337596635,156.19010000955313
200,26,PointerNet:greedy_rollout,164.19209698096648,52.87122114905015,161.7293999879621
200,26,POMO,129.1854474949147,20.278244058990442,1181.2608999898657
200,27,LKH,106.06408293352564,0.0,7739.866599964444
200,27,Attention:batch_greedy_mean,162.10303612527127,52.834995261183145,43.833099945914
200,27,Attention:greedy_rollout,161.02002744584854,51.813906265296104,41.79190000286326
200,27,PointerNet:batch_greedy_mean,188.8281596673532,78.03214287507573,152.64769998611882
200,27,PointerNet:greedy_rollout,169.1061648209827,59.437728723839456,138.1180000025779
200,27,POMO,131.0342252921789,23.542505311909384,1191.1194000276737
200,28,LKH,106.64200710448986,0.0,8492.235800018534
200,28,Attention:batch_greedy_mean,157.75513969554964,47.92964234157574,44.38439995283261
200,28,Attention:greedy_rollout,151.57113034814162,42.130792980696015,46.53910000342876
200,28,PointerNet:batch_greedy_mean,186.41206750073172,74.8017245381378,119.1367999999784
200,28,PointerNet:greedy_rollout,165.6270263425725,55.31124257656552,110.85559998173267
200,28,POMO,127.63163431410702,19.682325735909227,1125.2090000198223
200,29,LKH,105.0609418512197,0.0,6276.174600003287
200,29,Attention:batch_greedy_mean,162.00341641472022,54.19947085962609,40.76380003243685
200,29,Attention:greedy_rollout,151.40801199475132,44.11446283164418,45.08319997694343
200,29,PointerNet:batch_greedy_mean,178.36738749233638,69.7751651083886,128.1897000153549
200,29,PointerNet:greedy_rollout,173.03459257200564,64.69925885211052,127.16879998333752
200,29,POMO,128.9914865620674,22.777774774508057,1059.62900002487
200,30,LKH,107.35236779972992,0.0,7984.252199996263
200,30,Attention:batch_greedy_mean,163.07566680708405,51.906911928862286,32.88830001838505
200,30,Attention:greedy_rollout,158.22328528020972,47.38686115930066,35.13350000139326
200,30,PointerNet:batch_greedy_mean,181.6382315639658,69.19816049406484,116.19680002331734
200,30,PointerNet:greedy_rollout,171.99574764028296,60.2160727010212,125.75559999095276
200,30,POMO,131.95517820317812,22.917808808228354,1042.3612000304274
200,31,LKH,109.16161804741952,0.0,7327.397599990945
200,31,Attention:batch_greedy_mean,175.19300596459402,60.48956501221028,40.381599974352866
200,31,Attention:greedy_rollout,167.0608270390474,53.03989628156356,37.315100023988634
200,31,PointerNet:batch_greedy_mean,188.3249280149726,72.51936292586352,133.95950000267476
200,31,PointerNet:greedy_rollout,174.0907106787883,59.47978217322113,124.1264000418596
200,31,POMO,132.21915796490742,21.122387456250205,1054.4198999996297
200,32,LKH,105.02842544627933,0.0,7564.2414999892935
200,32,Attention:batch_greedy_mean,159.51162939737566,51.874722218856625,35.82250000908971
200,32,Attention:greedy_rollout,161.01929002489356,53.31020087247984,35.57800000999123
200,32,PointerNet:batch_greedy_mean,186.37079858940243,77.44796020457211,123.92789998557419
200,32,PointerNet:greedy_rollout,171.0036285430667,62.81652116219987,121.89559999387711
200,32,POMO,133.00788740072727,26.639894709988845,1087.3736999928951
200,33,LKH,104.96243058191838,0.0,7213.609200029168
200,33,Attention:batch_greedy_mean,164.14890822825637,56.38824988922646,39.41949998261407
200,33,Attention:greedy_rollout,148.93714135059375,41.895667359146294,43.24199998518452
200,33,PointerNet:batch_greedy_mean,178.16322811393022,69.73999851773817,125.28639996889979
200,33,PointerNet:greedy_rollout,173.4759020857655,65.27428063927644,113.32289996789768
200,33,POMO,129.66683154616973,23.53642234396496,1050.9874999988824
200,34,LKH,105.47510141385237,0.0,7645.6524999812245
200,34,Attention:batch_greedy_mean,159.1927522083247,50.92922412437464,31.908300006762147
200,34,Attention:greedy_rollout,152.44200191902124,44.528898171792186,33.025800017639995
200,34,PointerNet:batch_greedy_mean,184.48969476794935,74.91302904186612,127.32819997472689
200,34,PointerNet:greedy_rollout,167.27386678535322,58.59085655582468,99.76569999707863
200,34,POMO,138.49808361953396,31.30879398362406,1101.9645999767818
200,35,LKH,105.11202263809577,0.0,7663.294899975881
200,35,Attention:batch_greedy_mean,177.60838727859434,68.97057331881624,35.867300000973046
200,35,Attention:greedy_rollout,155.93747608601836,48.353606154946085,31.232900044415146
200,35,PointerNet:batch_greedy_mean,182.3207644368273,73.45376852328664,126.89740001223981
200,35,PointerNet:greedy_rollout,179.4708888056743,70.74249386637588,120.26820000028238
200,35,POMO,129.81067643376275,23.497458402741696,1021.870199998375
200,36,LKH,102.91845458825254,0.0,7898.320099979173
200,36,Attention:batch_greedy_mean,163.03119955303296,58.40813020878948,37.59749996243045
200,36,Attention:greedy_rollout,150.40121589036892,46.1362944984759,36.92800004500896
200,36,PointerNet:batch_greedy_mean,188.39946079208093,83.05702465686409,122.09049996454269
200,36,PointerNet:greedy_rollout,174.0377839519382,69.10260132472243,132.35540001187474
200,36,POMO,127.1190858856111,23.514374942937486,1087.933900009375
200,37,LKH,105.74327751792475,0.0,6667.7615999942645
200,37,Attention:batch_greedy_mean,167.6110740265928,58.507545785291846,35.293900000397116
200,37,Attention:greedy_rollout,157.8439265625252,49.27088536268301,33.58520002802834
200,37,PointerNet:batch_greedy_mean,183.30924423851258,73.35309491181552,131.04680000105873
200,37,PointerNet:greedy_rollout,176.7341951117356,67.13515909489097,118.98319999454543
200,37,POMO,128.85671635337357,21.858069257907022,1098.332300025504
200,38,LKH,110.66767146762497,0.0,7547.893499955535
200,38,Attention:batch_greedy_mean,170.0494404426212,53.6577377905416,41.85720003442839
200,38,Attention:greedy_rollout,161.16866107941024,45.6330100218644,36.19409998646006
200,38,PointerNet:batch_greedy_mean,188.3195432705645,70.16671695821849,126.42710004001856
200,38,PointerNet:greedy_rollout,181.12564724632662,63.666267523586264,106.25280003296211
200,38,POMO,135.68898347114936,22.609413997514345,1088.9399999869056
200,39,LKH,108.06852836451175,0.0,5934.882899979129
200,39,Attention:batch_greedy_mean,162.93869042722815,50.77348872341545,35.09189997566864
200,39,Attention:greedy_rollout,156.81143637307628,45.10370294315125,39.78739999001846
200,39,PointerNet:batch_greedy_mean,183.611797604932,69.90311646108032,126.39300001319498
200,39,PointerNet:greedy_rollout,163.5462631535663,51.335699327680196,113.31929999869317
200,39,POMO,133.03896576180253,23.10611403263148,1058.4955000085756
200,40,LKH,107.56089559436461,0.0,7014.190100017004
200,40,Attention:batch_greedy_mean,157.657748300106,46.575339884364155,40.029299969319254
200,40,Attention:greedy_rollout,149.635877859618,39.11735955037717,39.93700002320111
200,40,PointerNet:batch_greedy_mean,189.30433537564969,75.99735882597822,125.90330000966787
200,40,PointerNet:greedy_rollout,171.4329883621474,59.382261940862094,105.00460001640022
200,40,POMO,131.89990912184788,22.628124647893372,1071.4042999898084
200,41,LKH,105.89926231317239,0.0,7726.655700011179
200,41,Attention:batch_greedy_mean,157.1032059008951,48.3515583293668,31.999400001950562
200,41,Attention:greedy_rollout,155.78670484821572,47.10839475681412,34.899999969638884
200,41,PointerNet:batch_greedy_mean,195.5724866902167,84.67785555659174,104.74450001493096
200,41,PointerNet:greedy_rollout,173.0567527825644,63.41639120279174,124.24390000524
200,41,POMO,125.3760096449247,18.391768654775294,1140.1783999754116
200,42,LKH,105.74283554051401,0.0,6704.468799987808
200,42,Attention:batch_greedy_mean,160.38458288420557,51.674183942945504,35.49330000532791
200,42,Attention:greedy_rollout,150.86701888670194,42.673513638566256,40.10659997584298
200,42,PointerNet:batch_greedy_mean,174.1556889212049,64.69738874600102,107.26229997817427
200,42,PointerNet:greedy_rollout,175.7337258073017,66.18972331224425,108.66470000473782
200,42,POMO,130.42471044409518,23.34141578237197,1122.0207000151277
200,43,LKH,109.83541070037772,0.0,7255.739099986386
200,43,Attention:batch_greedy_mean,160.30676821938061,45.951808435154625,39.72119995160028
200,43,Attention:greedy_rollout,162.19566221326372,47.671557996647,39.6778000285849
200,43,PointerNet:batch_greedy_mean,185.55077777466627,68.93529745232534,125.72770001133904
200,43,PointerNet:greedy_rollout,182.68768149528603,66.32858231271473,117.23490001168102
200,43,POMO,134.6618407632298,22.60330243638512,1033.0017000087537
200,44,LKH,106.67961263065104,0.0,7217.851799970958
200,44,Attention:batch_greedy_mean,162.825886057051,52.630743627454926,35.793600021861494
200,44,Attention:greedy_rollout,162.7201134604312,52.53159385177473,34.608200017828494
200,44,PointerNet:batch_greedy_mean,186.3431926234266,74.67554299113263,120.54009997518733
200,44,PointerNet:greedy_rollout,169.91667414701334,59.277550749367,113.97930001839995
200,44,POMO,132.60697680754316,24.30395418350321,1019.737399998121
200,45,LKH,109.4547488628831,0.0,7840.364000003319
200,45,Attention:batch_greedy_mean,167.78069969179705,53.28772980145471,36.015599966049194
200,45,Attention:greedy_rollout,155.91648702449072,42.448352989975334,43.1828000000678
200,45,PointerNet:batch_greedy_mean,176.380082286596,61.14429398358227,137.57730001816526
200,45,PointerNet:greedy_rollout,176.06269047159572,60.854318611752674,120.65220001386479
200,45,POMO,134.5836611215614,22.958265876757856,1034.6037999843247
200,46,LKH,104.54258141718344,0.0,8413.041700026952
200,46,Attention:batch_greedy_mean,162.37674003093358,55.32115031956161,46.3282999699004
200,46,Attention:greedy_rollout,153.11340365039882,46.46032418062321,39.42139999708161
200,46,PointerNet:batch_greedy_mean,190.19668932880876,81.93226793378811,129.26790001802146
200,46,PointerNet:greedy_rollout,170.64035823829164,63.2256980123162,123.14819998573512
200,46,POMO,126.76195118149303,21.25389431091419,1081.7607000353746
200,47,LKH,107.4353215201642,0.0,7761.421900009736
200,47,Attention:batch_greedy_mean,160.76435319325628,49.63826692982246,34.319099970161915
200,47,Attention:greedy_rollout,158.11713999701175,47.17426053156572,42.084100015927106
200,47,PointerNet:batch_greedy_mean,179.58150711979567,67.15313416369362,131.17870001588017
200,47,PointerNet:greedy_rollout,173.33004506074175,61.33431967084493,121.2031000177376
200,47,POMO,130.96218011142474,21.898625385362546,1108.146000013221
200,48,LKH,101.25563450016732,0.0,7431.706100003794
200,48,Attention:batch_greedy_mean,156.7268117321527,54.78329922656672,37.117900035809726
200,48,Attention:greedy_rollout,146.94987683014998,45.12760455805267,46.28529999172315
200,48,PointerNet:batch_greedy_mean,175.16500222980977,72.9928443927931,126.15359999472275
200,48,PointerNet:greedy_rollout,164.75038692922382,62.70737696967529,127.34989996533841
200,48,POMO,128.55112305704301,26.957007075819167,1711.284299963154
200,49,LKH,112.8746202880042,0.0,7685.453100013547
200,49,Attention:batch_greedy_mean,166.51221373172444,47.51962248631423,40.849899989552796
200,49,Attention:greedy_rollout,164.5958617838496,45.82185203713338,32.56869997130707
200,49,PointerNet:batch_greedy_mean,197.3444769238459,74.8351191971352,126.35649996809661
200,49,PointerNet:greedy_rollout,186.5002085504677,65.22776163020953,112.83620004542172
200,49,POMO,131.18669904568412,16.223380163721405,1082.8023999929428
200,50,LKH,104.77222271058142,0.0,6772.418299980927
200,50,Attention:batch_greedy_mean,160.53788034628184,53.2256128513616,32.603500003460795
200,50,Attention:greedy_rollout,159.27712187485463,52.02228009883436,42.259000008925796
200,50,PointerNet:batch_greedy_mean,186.04011188298415,77.56625474759076,117.77989997062832
200,50,PointerNet:greedy_rollout,175.84635124223328,67.83680511196579,100.29930004384369
200,50,POMO,129.94208780157723,24.0234142598311,1030.1187000004575
200,51,LKH,107.07987254273507,0.0,7696.256100025494
200,51,Attention:batch_greedy_mean,182.30628829104796,70.25261980797593,34.60989997256547
200,51,Attention:greedy_rollout,156.1330617309605,45.80990621617384,46.18160001700744
200,51,PointerNet:batch_greedy_mean,183.34975377714807,71.2270937789677,123.47660004161298
200,51,PointerNet:greedy_rollout,183.49061353639712,71.35864021799884,109.73979998379946
200,51,POMO,129.17335013381035,20.63270815181244,1038.6801999993622
200,52,LKH,107.42042645421643,0.0,6075.672500010114
200,52,Attention:batch_greedy_mean,174.33889226869087,62.29584821374332,38.944699976127595
200,52,Attention:greedy_rollout,162.42154189383123,51.2017288099827,44.66559999855235
200,52,PointerNet:batch_greedy_mean,178.7757568067082,66.42622144393,119.60259999614209
200,52,PointerNet:greedy_rollout,178.26270743032867,65.94861267498867,132.56890000775456
200,52,POMO,132.39745938229396,23.251660557057065,1046.3587999693118
200,53,LKH,103.77366873862243,0.0,7999.7454000404105
200,53,Attention:batch_greedy_mean,159.74433748787834,53.93532813244828,39.160999993328005
200,53,Attention:greedy_rollout,144.06132398712577,38.8226182404488,45.16340000554919
200,53,PointerNet:batch_greedy_mean,177.10587473708222,70.66552323900547,124.094300030265
200,53,PointerNet:greedy_rollout,161.65419953372046,55.775739162584,109.48759998427704
200,53,POMO,125.65247853784072,21.08319968365486,1108.8286999729462
200,54,LKH,107.08218484038466,0.0,7780.170200043358
200,54,Attention:batch_greedy_mean,161.12247455053222,50.46618145744722,42.13090002303943
200,54,Attention:greedy_rollout,161.07973508179404,50.426268685026784,43.44410001067445
200,54,PointerNet:batch_greedy_mean,187.9365975384677,75.50687616115007,100.85290001006797
200,54,PointerNet:greedy_rollout,178.6903451077876,66.87215093168034,114.16430003009737
200,54,POMO,129.7100644942976,21.13132047841737,1086.0496999812312
200,55,LKH,106.62193188642674,0.0,7238.719599961769
200,55,Attention:batch_greedy_mean,159.7041295041343,49.785439710706534,41.38160002185032
200,55,Attention:greedy_rollout,153.0799000530015,43.57261901431462,38.629000016953796
200,55,PointerNet:batch_greedy_mean,177.85499245518238,66.80901321937482,129.28130000364035
200,55,PointerNet:greedy_rollout,169.02246946279666,58.52504871402887,121.24190002214164
200,55,POMO,133.27122529706503,24.994194851979437,1068.3281000237912
200,56,LKH,108.16920159405706,0.0,7067.344499984756
200,56,Attention:batch_greedy_mean,160.39983186556236,48.286045844656506,41.976300009991974
200,56,Attention:greedy_rollout,159.9053803333004,47.828936496546895,40.64199997810647
200,56,PointerNet:batch_greedy_mean,183.14416811529406,69.31267441781341,111.74379999283701
200,56,PointerNet:greedy_rollout,173.43342130616782,60.335306862148876,121.21559999650344
200,56,POMO,133.83907913095888,23.731225855985382,1058.0344999907538
200,57,LKH,105.15174247666229,0.0,7466.506399970967
200,57,Attention:batch_greedy_mean,166.32900553053912,58.17998029605139,46.42720002448186
200,57,Attention:greedy_rollout,156.07296815480203,48.42642116885638,39.62519997730851
200,57,PointerNet:batch_greedy_mean,168.0002285657403,59.769324415167716,125.37530000554398
200,57,PointerNet:greedy_rollout,174.74324096321362,66.18197363871235,98.2489000307396
200,57,POMO,127.75607032084514,21.496864732602717,1075.8362999767996
200,58,LKH,107.401393133579,0.0,7675.6550000282
200,58,Attention:batch_greedy_mean,158.8576426505424,47.910225385033314,36.380000005010515
200,58,Attention:greedy_rollout,157.25031577957867,46.41366484324905,36.31250001490116
200,58,PointerNet:batch_greedy_mean,189.39703830799635,76.34504803158036,128.17010004073381
200,58,PointerNet:greedy_rollout,179.70189501384377,67.3180298418867,118.13590000383556
200,58,POMO,132.2604676844986,23.145951673086266,1060.3410000330769
200,59,LKH,109.87474724731752,0.0,7337.050599977374
200,59,Attention:batch_greedy_mean,168.6981050761621,53.53674006315469,44.577799970284104
200,59,Attention:greedy_rollout,160.23983860638634,45.838641381082624,51.10799998510629
200,59,PointerNet:batch_greedy_mean,181.6243475937209,65.30126543536153,134.0230000205338
200,59,PointerNet:greedy_rollout,178.85462692911926,62.78046722285937,133.49340000422671
200,59,POMO,133.81871188239847,21.792054348198313,1090.6388000003062
200,60,LKH,108.9016715011958,0.0,8389.180199999828
200,60,Attention:batch_greedy_mean,161.2428727631069,48.06280798117626,33.453599957283586
200,60,Attention:greedy_rollout,148.02257902746493,35.92314698846432,38.543000002391636
200,60,PointerNet:batch_greedy_mean,169.97343645689156,56.07973148054495,108.07149996981025
200,60,PointerNet:greedy_rollout,169.56810855638838,55.707535264531195,128.03629995323718
200,60,POMO,134.5323742085375,23.535637565544857,1049.7019000467844
200,61,LKH,106.56136270230834,0.0,8014.005700009875
200,61,Attention:batch_greedy_mean,165.7973265305171,55.58859452059689,35.52630002377555
200,61,Attention:greedy_rollout,157.63651526141862,47.9302734723792,38.34140003891662
200,61,PointerNet:batch_greedy_mean,187.97974193785208,76.40515959146987,129.84740000683814
200,61,PointerNet:greedy_rollout,169.52089680568793,59.082891309549424,130.66010002512485
200,61,POMO,128.51565331114062,20.60248672885703,1100.6687000044622
200,62,LKH,106.85853192356888,0.0,8554.97940001078
200,62,Attention:batch_greedy_mean,168.86246979319367,58.024321271766524,43.44330000458285
200,62,Attention:greedy_rollout,153.26920952615302,43.431887718408504,33.16310001537204
200,62,PointerNet:batch_greedy_mean,188.08224026107627,76.01050367751924,148.52099999552593
200,62,PointerNet:greedy_rollout,173.7439910437834,62.59253043833197,140.9797000233084
200,62,POMO,132.1491777779699,23.667409049274873,1064.9907000479288
200,63,LKH,108.28533110347001,0.0,7775.118500052486
200,63,Attention:batch_greedy_mean,172.13819796471577,58.96723610719937,41.73590004211292
200,63,Attention:greedy_rollout,155.01992456034253,43.15874826315686,36.856999970041215
200,63,PointerNet:batch_greedy_mean,180.79648399663355,66.9630430587841,133.98220000090078
200,63,PointerNet:greedy_rollout,176.70872468230664,63.188054080433055,142.8755999659188
200,63,POMO,133.10859482871297,22.923939440627976,1112.7356000361033
200,64,LKH,108.54540049645604,0.0,9014.18289996218
200,64,Attention:batch_greedy_mean,169.22055477725291,55.89841117475805,46.34309996617958
200,64,Attention:greedy_rollout,155.5649601772095,43.31787387185388,43.183500005397946
200,64,PointerNet:batch_greedy_mean,181.02989799196192,66.77804601943724,141.9395999982953
200,64,PointerNet:greedy_rollout,169.13574360535176,55.82027689038189,130.99390000570565
200,64,POMO,132.29367899630515,21.8786594284338,1207.8265000018291
200,65,LKH,105.36499874819204,0.0,7853.511399996933
200,65,Attention:batch_greedy_mean,161.72890939170622,53.49396034086826,51.02779995650053
200,65,Attention:greedy_rollout,149.00377736536524,41.4167694544029,40.71149998344481
200,65,PointerNet:batch_greedy_mean,193.19660499127917,83.35937672527542,125.51889999303967
200,65,PointerNet:greedy_rollout,161.21933515872743,53.01033272350683,109.83910004142672
200,65,POMO,128.16812583367388,21.642032322306772,1205.0606000120752
200,66,LKH,106.85923210673135,0.0,7700.5183000001125
200,66,Attention:batch_greedy_mean,158.47417302781074,48.30180781153865,42.84020001068711
200,66,Attention:greedy_rollout,154.8866833944692,44.94459705621679,39.784700027666986
200,66,PointerNet:batch_greedy_mean,190.1042490080777,77.90156756713444,109.92959997383878
200,66,PointerNet:greedy_rollout,185.27844760249803,73.38553155373727,154.52029998414218
200,66,POMO,133.4900977786475,24.921445856280492,1192.626200034283
200,67,LKH,106.40406198158144,0.0,7774.166300019715
200,67,Attention:batch_greedy_mean,161.86067528833755,52.11888745032653,41.383499978110194
200,67,Attention:greedy_rollout,145.47656052306158,36.720871190278054,41.44240001915023
200,67,PointerNet:batch_greedy_mean,184.62124025817906,73.50957925848454,158.79239997593686
200,67,PointerNet:greedy_rollout,169.73692972876248,59.5210996344707,130.91010000789538
200,67,POMO,126.88951146846819,19.252507005261496,1173.8041000207886
200,68,LKH,105.49674135903689,0.0,8809.849800018128
200,68,Attention:batch_greedy_mean,157.10302417112086,48.917418820030086,44.993899995461106
200,68,Attention:greedy_rollout,152.71277545216577,44.755917087939835,46.08240001834929
200,68,PointerNet:batch_greedy_mean,183.02988539591195,73.4934018227223,136.8883000104688
200,68,PointerNet:greedy_rollout,165.29208137122583,56.679798107400835,156.4916000352241
200,68,POMO,126.2450049767815,19.667208058239524,1212.3229000135325
200,69,LKH,107.58128472921646,0.0,7704.270099988207
200,69,Attention:batch_greedy_mean,164.0018076745196,52.44455212383301,38.95169997122139
200,69,Attention:greedy_rollout,154.86841172914467,43.95478927301392,38.86590001638979
200,69,PointerNet:batch_greedy_mean,185.36268208285463,72.30011943937554,237.64770000707358
200,69,PointerNet:greedy_rollout,167.03333826802492,55.26244986611758,137.74139998713508
200,69,POMO,130.32281780987674,21.138930565758738,1144.2281999625266
200,70,LKH,108.18021895363829,0.0,7606.273700017482
200,70,Attention:batch_greedy_mean,161.58138902576695,49.36315584184043,38.87089999625459
200,70,Attention:greedy_rollout,164.88784717509049,52.41959091038152,53.82329999702051
200,70,PointerNet:batch_greedy_mean,172.38951984040267,59.35401269088013,121.28979997942224
200,70,PointerNet:greedy_rollout,175.4297555631301,62.1643561641452,128.40839999262244
200,70,POMO,132.5456083924916,22.52296184508126,1210.0985000142828
200,71,LKH,108.48105166760863,0.0,7544.259799993597
200,71,Attention:batch_greedy_mean,158.5967259302027,46.19762944053216,46.900699962861836
200,71,Attention:greedy_rollout,154.43939459340334,42.365318384461624,42.27549995994195
200,71,PointerNet:batch_greedy_mean,191.00258878794654,76.07000102947751,148.13510002568364
200,71,PointerNet:greedy_rollout,183.2694826605661,68.94146935643008,122.78299999888986
200,71,POMO,132.60057665004516,22.23385984156935,1179.647799988743
200,72,LKH,109.12905278750668,0.0,7570.717099995818
200,72,Attention:batch_greedy_mean,163.76731585216504,50.06756832302814,43.995500018354505
200,72,Attention:greedy_rollout,154.9325920931927,41.971902198100736,40.91699997661635
200,72,PointerNet:batch_greedy_mean,182.22568878366627,66.98182942950261,145.02260001609102
200,72,PointerNet:greedy_rollout,170.9499600113416,56.649357476061866,124.32669999543577
200,72,POMO,132.87464712039608,21.75918669350701,1110.7864999794401
200,73,LKH,106.94587653202468,0.0,8421.854400017764
200,73,Attention:batch_greedy_mean,162.01053771773638,51.48834435820695,42.51199995633215
200,73,Attention:greedy_rollout,158.5739032972652,48.27491104790807,38.91890001250431
200,73,PointerNet:batch_greedy_mean,186.57258610013164,74.45514698667502,120.56579999625683
200,73,PointerNet:greedy_rollout,186.14336990658563,74.05380734884663,132.3481000144966
200,73,POMO,136.08696512748074,27.248445232696582,1230.4155000019819
200,74,LKH,107.82028586911305,0.0,8962.649900000542
200,74,Attention:batch_greedy_mean,171.4971949031105,59.05837525908358,41.77549999440089
200,74,Attention:greedy_rollout,156.79929717462298,45.42652703125581,41.98729997733608
200,74,PointerNet:batch_greedy_mean,198.28183311602373,83.90030365596066,203.92739999806508
200,74,PointerNet:greedy_rollout,176.0447473746417,63.276090353116665,157.91980002541095
200,74,POMO,127.99822465538895,18.714417814446005,1202.3282999871299
200,75,LKH,105.83806337072181,0.0,8345.251099963207
200,75,Attention:batch_greedy_mean,158.71263327830303,49.95799074891993,76.0716000222601
200,75,Attention:greedy_rollout,158.2636740717599,49.53379628405096,57.8385999542661
200,75,PointerNet:batch_greedy_mean,181.42224849068617,71.41493590563314,210.9325000201352
200,75,PointerNet:greedy_rollout,175.22587187767954,65.56035352225899,191.88559998292476
200,75,POMO,128.80589981976047,21.70092282262252,1418.8372999778949
200,76,LKH,106.40803453169174,0.0,9781.540900003165
200,76,Attention:batch_greedy_mean,150.27113721653174,41.221607821142634,55.77249999623746
200,76,Attention:greedy_rollout,156.4682231720996,47.04549695023108,45.017900003585964
200,76,PointerNet:batch_greedy_mean,178.12126313497643,67.3945618100165,269.57219996256754
200,76,PointerNet:greedy_rollout,169.00223703712345,58.82469569230615,178.2596999546513
200,76,POMO,133.91610864550188,25.851501002602724,1266.265399986878
200,77,LKH,106.65904940152826,0.0,8931.74829997588
200,77,Attention:batch_greedy_mean,163.76094021270023,53.536845801246926,37.74430003250018
200,77,Attention:greedy_rollout,154.4980835427616,44.8522974934257,48.30889997538179
200,77,PointerNet:batch_greedy_mean,204.58182078711457,91.80915443653224,148.28580000903457
200,77,PointerNet:greedy_rollout,166.6430289210049,56.238996930922546,151.81359997950494
200,77,POMO,132.4490155843042,24.17982002229095,1194.0037999884225
200,78,LKH,105.28105950179958,0.0,7766.683000023477
200,78,Attention:batch_greedy_mean,171.70040814071203,63.087652188546926,44.37700001290068
200,78,Attention:greedy_rollout,148.60550831883384,41.151227981604535,44.65090000303462
200,78,PointerNet:batch_greedy_mean,191.7276273713834,82.11027537019248,159.29360000882298
200,78,PointerNet:greedy_rollout,175.99376827455148,67.16565078977308,141.21499995235354
200,78,POMO,134.66604414823803,27.91098872436421,1180.4792000330053
200,79,LKH,109.86024463881384,0.0,7807.945300010033
200,79,Attention:batch_greedy_mean,160.18388884379752,45.8069653589723,48.7612999859266
200,79,Attention:greedy_rollout,162.66118731284055,48.06191980330985,48.74340002425015
200,79,PointerNet:batch_greedy_mean,208.79283117286673,90.05312782554992,153.34349998738617
200,79,PointerNet:greedy_rollout,170.1701960939204,54.89697538303035,148.43969995854422
200,79,POMO,134.4395614343699,22.373258749209203,1182.952800008934
200,80,LKH,109.85943304156707,0.0,7554.622400028165
200,80,Attention:batch_greedy_mean,167.59651548547885,52.555416358344054,42.884199996478856
200,80,Attention:greedy_rollout,158.7461993411659,44.49937974930357,39.184900000691414
200,80,PointerNet:batch_greedy_mean,184.09209678158808,67.57058696264517,155.98409995436668
200,80,PointerNet:greedy_rollout,168.34186190776217,53.23387099955935,137.14000000618398
200,80,POMO,134.83926007128332,22.737990118941113,1195.2978000044823
200,81,LKH,108.95855779567057,0.0,8289.189700037241
200,81,Attention:batch_greedy_mean,168.65245152193353,54.785869906801274,41.32530000060797
200,81,Attention:greedy_rollout,156.86998691797154,43.97215793930481,37.63679997064173
200,81,PointerNet:batch_greedy_mean,186.91514399261018,71.54700628759349,148.33910000743344
200,81,PointerNet:greedy_rollout,180.83194602906457,65.96396803285319,147.706100018695
200,81,POMO,132.27337415889286,21.397875334349088,1202.7917000232264
200,82,LKH,106.75170960426108,0.0,8129.0789999766275
200,82,Attention:batch_greedy_mean,162.53042692006218,52.25088902330296,44.71219994593412
200,82,Attention:greedy_rollout,151.32879914985358,41.757728949582244,51.189899968449026
200,82,PointerNet:batch_greedy_mean,193.6635825263665,81.41497053704913,135.75010001659393
200,82,PointerNet:greedy_rollout,173.54096672128128,62.56504684057468,133.32550000632182
200,82,POMO,129.71484363600104,21.51078808654823,1229.1781999520026
200,83,LKH,106.89547491757756,0.0,8222.443800012115
200,83,Attention:batch_greedy_mean,163.43901424033933,52.89610188491144,44.56230002688244
200,83,Attention:greedy_rollout,167.33510462742967,56.540868316881024,46.813699998892844
200,83,PointerNet:batch_greedy_mean,181.967634045071,70.22950146896146,170.20980000961572
200,83,PointerNet:greedy_rollout,165.59536290415235,54.91335160055719,174.5249999803491
200,83,POMO,131.1866764334871,22.72425613398455,1246.1600999813527
200,84,LKH,109.38529399059536,0.0,7788.762099982705
200,84,Attention:batch_greedy_mean,166.183501480297,51.92490271551951,49.904099956620485
200,84,Attention:greedy_rollout,157.597316922069,44.07541559985092,46.02740000700578
200,84,PointerNet:batch_greedy_mean,188.69905493007,72.50861431729004,169.2075000028126
200,84,PointerNet:greedy_rollout,172.73800102312936,57.917024054422605,161.50779998861253
200,84,POMO,131.65981378379814,20.363358711745917,1199.1591000114568
200,85,LKH,107.71797477565909,0.0,8104.062900005374
200,85,Attention:batch_greedy_mean,167.87701613001704,55.84865615942868,49.59559999406338
200,85,Attention:greedy_rollout,157.3103812649468,46.03911890524521,50.2007000031881
200,85,PointerNet:batch_greedy_mean,189.5844573550131,76.00076287161433,162.0464000152424
200,85,PointerNet:greedy_rollout,172.88808475058997,60.50068255614596,160.7782999635674
200,85,POMO,135.38524830449703,25.68491803383764,1177.276999980677
200,86,LKH,107.3452617051345,0.0,8015.960899996571
200,86,Attention:batch_greedy_mean,162.387554774001,51.275941009917645,42.476899980101734
200,86,Attention:greedy_rollout,161.58119785206227,50.52476027857462,49.474700004793704
200,86,PointerNet:batch_greedy_mean,174.6265079794602,62.67742535216859,155.96629999345168
200,86,PointerNet:greedy_rollout,171.67791831267425,59.93059738794471,158.00270001636818
200,86,POMO,131.2757773776042,22.293033984307705,1210.4996000416577
200,87,LKH,106.75913582349608,0.0,7779.52500001993
200,87,Attention:batch_greedy_mean,161.54376140492815,51.31610063986186,48.27780002960935
200,87,Attention:greedy_rollout,158.37544798127612,48.348379517718115,48.9225999917835
200,87,PointerNet:batch_greedy_mean,188.8003666091074,76.84703529377511,156.16000001318753
200,87,PointerNet:greedy_rollout,177.5366025975562,66.29640285874537,157.25429996382445
200,87,POMO,130.48446808114713,22.223233707020565,1189.7783000022173
200,88,LKH,106.80189459220233,0.0,8242.412100022193
200,88,Attention:batch_greedy_mean,175.5530132061831,64.37256462208894,42.494799999985844
200,88,Attention:greedy_rollout,161.24200612627803,50.972982962467405,40.972999995574355
200,88,PointerNet:batch_greedy_mean,196.93402826851175,84.39188651143088,154.03739997418597
200,88,PointerNet:greedy_rollout,174.26811598203236,63.16949867549988,150.93569998862222
200,88,POMO,131.41472105233717,23.045308844110934,1194.2983000189997
200,89,LKH,108.5869506957211,0.0,7664.232700015418
200,89,Attention:batch_greedy_mean,162.12177245858982,49.30134000436415,43.84779999963939
200,89,Attention:greedy_rollout,157.2595159095782,44.823585985249565,43.67889999412
200,89,PointerNet:batch_greedy_mean,178.67219012411715,64.54296670028674,140.58740000473335
200,89,PointerNet:greedy_rollout,171.07970807086426,57.55089076058354,150.02180001465604
200,89,POMO,136.28706422778947,25.509615432234344,1176.2276999652386
200,90,LKH,106.50566110838949,0.0,6852.00369998347
200,90,Attention:batch_greedy_mean,163.9978301407569,53.980387928730224,39.73929997300729
200,90,Attention:greedy_rollout,166.75797688884717,56.57193725987921,39.339999959338456
200,90,PointerNet:batch_greedy_mean,187.1127567547437,75.6833907301147,149.10099998814985
200,90,PointerNet:greedy_rollout,178.17690979494847,67.29337008069463,142.52650004345924
200,90,POMO,129.79060458858245,21.86263456596562,1196.0419000242837
200,91,LKH,106.74300462863405,0.0,7112.071099982131
200,91,Attention:batch_greedy_mean,161.3405452930459,51.14858894440931,31.41290001804009
200,91,Attention:greedy_rollout,159.3072419764715,49.24373033222353,43.57989999698475
200,91,PointerNet:batch_greedy_mean,175.44753593054466,64.3644345041047,118.3407999924384
200,91,PointerNet:greedy_rollout,168.86781091247136,58.20035373744032,124.49459999334067
200,91,POMO,127.94350850143044,19.861258305923034,1068.6490000225604
200,92,LKH,100.00968267881746,0.0,7695.426399994176
200,92,Attention:batch_greedy_mean,154.81668336487633,54.80169441400224,37.483700027223676
200,92,Attention:greedy_rollout,148.95306815936095,48.938646908545735,32.18690003268421
200,92,PointerNet:batch_greedy_mean,176.24605598608002,76.2289922987725,128.705799987074
200,92,PointerNet:greedy_rollout,170.56552342739798,70.54900971456097,110.46759999589995
200,92,POMO,123.81893002207563,23.80694219350932,1052.5977999786846
200,93,LKH,107.12152002437267,0.0,7804.07459998969
200,93,Attention:batch_greedy_mean,163.4468677479219,52.58079582023658,35.68169998470694
200,93,Attention:greedy_rollout,158.76084879856836,48.206306970295536,40.47870001522824
200,93,PointerNet:batch_greedy_mean,186.9351394823836,74.50754940730064,118.04500001017004
200,93,PointerNet:greedy_rollout,174.22240889226032,62.63997080383159,114.90919999778271
200,93,POMO,131.88760168569527,23.11961373931936,1060.8524999697693
200,94,LKH,107.2288588678887,0.0,7705.051299999468
200,94,Attention:batch_greedy_mean,171.22689098735776,59.68358965595058,34.766400000080466
200,94,Attention:greedy_rollout,156.00735615319937,45.490083360309,44.177600007969886
200,94,PointerNet:batch_greedy_mean,188.16840229317546,75.48298497236486,129.3800999992527
200,94,PointerNet:greedy_rollout,172.65817642043157,61.01838464321909,117.41229996550828
200,94,POMO,131.1451427834508,22.303961981940102,1039.0271000214852
200,95,LKH,107.50089985529775,0.0,7624.994800018612
200,95,Attention:batch_greedy_mean,169.07491374689607,57.27767300039387,42.85949998302385
200,95,Attention:greedy_rollout,162.39540996751566,51.06423312373107,41.553999995812774
200,95,PointerNet:batch_greedy_mean,178.1635938296118,65.73218835324171,131.43720000516623
200,95,PointerNet:greedy_rollout,170.1894691943735,58.31446008680678,131.8324999883771
200,95,POMO,130.715477566763,21.594775246266213,1192.395599966403
200,96,LKH,106.97066180732585,0.0,7544.995000003837
200,96,Attention:batch_greedy_mean,166.2038182269814,55.37327283844008,35.1039000088349
200,96,Attention:greedy_rollout,151.89479766554143,41.99668871744698,46.926199982408434
200,96,PointerNet:batch_greedy_mean,182.57200732746378,70.67484134697612,132.31249997625127
200,96,PointerNet:greedy_rollout,165.37929763495094,54.60248150360138,143.05479999165982
200,96,POMO,133.5457721045858,24.843363449622004,1142.5120999920182
200,97,LKH,105.65050884478379,0.0,8122.353499988094
200,97,Attention:batch_greedy_mean,161.8277135305526,53.172677822405404,39.917899994179606
200,97,Attention:greedy_rollout,154.17947155372363,45.933486965250744,41.71720001613721
200,97,PointerNet:batch_greedy_mean,186.3617097168779,76.39452166829673,142.729600018356
200,97,PointerNet:greedy_rollout,168.46879730208911,59.45857634211178,149.86520004458725
200,97,POMO,129.12015859278438,22.21442187512885,1116.6471000178717
200,98,LKH,106.04210467192743,0.0,8857.483900035731
200,98,Attention:batch_greedy_mean,151.91584652382494,43.25993150911279,37.27729996899143
200,98,Attention:greedy_rollout,148.65234564072352,40.18237953747095,45.32069998094812
200,98,PointerNet:batch_greedy_mean,165.98777486106275,56.53006451974425,107.88930003764108
200,98,PointerNet:greedy_rollout,164.18695303193576,54.83185055586796,119.66769996797666
200,98,POMO,132.2501467369867,24.714750943638453,1032.9953000182286
200,99,LKH,107.40442988533115,0.0,8283.213999995496
200,99,Attention:batch_greedy_mean,179.26474629978645,66.90628728365856,38.59020001254976
200,99,Attention:greedy_rollout,166.17371067299706,54.717743812252536,34.910099988337606
200,99,PointerNet:batch_greedy_mean,181.87499816418998,69.33658915034164,109.72750000655651
200,99,PointerNet:greedy_rollout,185.98281871414528,73.16121775676035,103.52720000082627
200,99,POMO,131.55537487178088,22.48598592463472,1030.9916000114754
200,100,LKH,108.17526447676832,0.0,7998.521699977573
200,100,Attention:batch_greedy_mean,161.60789261848197,49.39449734665435,34.0174000011757
200,100,Attention:greedy_rollout,156.66906611535165,44.82891895216753,41.718299966305494
200,100,PointerNet:batch_greedy_mean,161.2159306611504,49.032157620259916,120.98430003970861
200,100,PointerNet:greedy_rollout,165.06749497368148,52.59264284870901,111.15329997846857
200,100,POMO,130.02012104870488,20.193947921086853,1026.4076000312343
200,101,LKH,106.9268759472906,0.0,7288.17389998585
200,101,Attention:batch_greedy_mean,160.1117943460119,49.739523321469434,41.15649999585003
200,101,Attention:greedy_rollout,147.73246994355569,38.16214925832129,40.507600002456456
200,101,PointerNet:batch_greedy_mean,188.07748322954805,75.89355488348924,119.9417999596335
200,101,PointerNet:greedy_rollout,162.37266446350282,51.853931039324586,126.36410002596676
200,101,POMO,124.79653498206264,16.712036965880177,1053.0800999840721
200,102,LKH,105.55900087737311,0.0,7978.0969999847
200,102,Attention:batch_greedy_mean,162.61572255316582,54.051972073963604,33.95829995861277
200,102,Attention:greedy_rollout,153.61903893563064,45.529076306897245,32.59849996538833
200,102,PointerNet:batch_greedy_mean,168.78595350780057,59.89726324132,118.43160004355013
200,102,PointerNet:greedy_rollout,175.4119348509907,66.1743038424218,122.2762999823317
200,102,POMO,130.2105613464318,23.35334766733552,1035.0445000221953
200,103,LKH,106.7421864801785,0.0,7412.9683000501245
200,103,Attention:batch_greedy_mean,157.86408965051777,47.892876149611524,34.933899994939566
200,103,Attention:greedy_rollout,150.3137857414941,40.81947419112181,31.296999950427562
200,103,PointerNet:batch_greedy_mean,168.6643213154076,58.01092977117133,114.93119999067858
200,103,PointerNet:greedy_rollout,167.690133273397,57.09827464002364,124.07630000961944
200,103,POMO,132.3517566895158,23.99198578726217,1031.4967000158504
200,104,LKH,109.34322701790668,0.0,7061.802700045519
200,104,Attention:batch_greedy_mean,159.88971847958777,46.227363907417235,32.37440000521019
200,104,Attention:greedy_rollout,162.53121601611537,48.64314914493818,31.42189997015521
200,104,PointerNet:batch_greedy_mean,190.58964122307282,74.30402085340022,97.65270003117621
200,104,PointerNet:greedy_rollout,174.60463714781127,59.68491319468466,129.99260000651702
200,104,POMO,134.39422499220234,22.91042495955708,1048.1933999690227
200,105,LKH,104.92933868116599,0.0,8531.290099956095
200,105,Attention:batch_greedy_mean,158.3858783482439,50.945274542812825,38.82800001883879
200,105,Attention:greedy_rollout,152.68804568718764,45.51511293818339,39.02689996175468
200,105,PointerNet:batch_greedy_mean,173.64150404073075,65.48422607365396,107.4139999691397
200,105,PointerNet:greedy_rollout,168.45236680843158,60.53886255805354,118.96529997466132
200,105,POMO,127.63949696036195,21.64328734425948,1024.9674000078812
200,106,LKH,105.87619762539889,0.0,5577.142299967818
200,106,Attention:batch_greedy_mean,160.45226438791295,51.547059666432226,31.135199998971075
200,106,Attention:greedy_rollout,157.73393142910112,48.97959594958287,38.506300013978034
200,106,PointerNet:batch_greedy_mean,190.69519087741244,80.11148412423353,131.15729996934533
200,106,PointerNet:greedy_rollout,165.8956614107677,56.68834462465679,121.47179996827617
200,106,POMO,131.7152478274351,24.404966160059395,1035.6393000110984
200,107,LKH,110.14843370640514,0.0,9569.648800010327
200,107,Attention:batch_greedy_mean,161.02814199236997,46.191948967319874,40.7495999825187
200,107,Attention:greedy_rollout,159.11170924245852,44.452085144090574,44.25830004038289
200,107,PointerNet:batch_greedy_mean,199.07838751965744,80.73646698444247,115.11969997081906
200,107,PointerNet:greedy_rollout,176.8988977554165,60.60046593756495,120.05490000592545
200,107,POMO,130.70231287367204,18.66016472104559,1136.6855000378564
200,108,LKH,107.39844945338987,0.0,8201.333899982274
200,108,Attention:batch_greedy_mean,168.52217730098653,56.913044982203296,39.57510000327602
200,108,Attention:greedy_rollout,157.04007788979857,46.221922838795535,40.42649996699765
200,108,PointerNet:batch_greedy_mean,188.23705693315333,75.26980872740329,123.04609996499494
200,108,PointerNet:greedy_rollout,177.80978712527303,65.5608512322528,125.9048999636434
200,108,POMO,131.28445488644022,22.24054961186073,1145.2180999913253
200,109,LKH,103.89829036756092,0.0,6895.997399988119
200,109,Attention:batch_greedy_mean,154.11989727527327,48.33727940088659,31.159300007857382
200,109,Attention:greedy_rollout,157.55296965135597,51.6415420253605,32.38329995656386
200,109,PointerNet:batch_greedy_mean,179.4439359082967,72.71115364216101,136.33690000278875
200,109,PointerNet:greedy_rollout,164.556936289611,58.38271804806222,120.7754000206478
200,109,POMO,127.56930257695811,22.78286979088517,1036.3490999443457
200,110,LKH,106.61783026196454,0.0,7334.14199994877
200,110,Attention:batch_greedy_mean,161.83785623463478,51.792487088690784,42.69349999958649
200,110,Attention:greedy_rollout,159.12112574969518,49.24438563299198,43.32009999779984
200,110,PointerNet:batch_greedy_mean,190.7543036231301,78.91407389780741,166.78639996098354
200,110,PointerNet:greedy_rollout,176.23395565945395,65.29501231308087,154.61849997518584
200,110,POMO,136.55774675933287,28.081528599676698,1148.721800011117
200,111,LKH,105.20117436057421,0.0,7334.283699980006
200,111,Attention:batch_greedy_mean,177.75779769656702,68.96940435979063,38.19270001258701
200,111,Attention:greedy_rollout,156.8452927963573,49.0908193275241,47.657799965236336
200,111,PointerNet:batch_greedy_mean,185.405386794405,76.23889459535212,136.49180001812056
200,111,PointerNet:greedy_rollout,178.3137393765722,69.49786013358235,148.1416000169702
200,111,POMO,125.54566142769062,19.33865015364393,1134.757499967236
200,112,LKH,106.84669617447761,0.0,7899.658700043801
200,112,Attention:batch_greedy_mean,163.79129954399946,53.295614565875695,47.70719999214634
200,112,Attention:greedy_rollout,160.78492337588796,50.48188585385059,40.149300009943545
200,112,PointerNet:batch_greedy_mean,186.2044083140231,74.27249974108382,111.74980003852397
200,112,PointerNet:greedy_rollout,169.28675462051217,58.438922944394754,133.803499978967
200,112,POMO,130.4064077862812,22.050014137387308,1082.3357999906875
200,113,LKH,108.06065762205444,0.0,7888.335500028916
200,113,Attention:batch_greedy_mean,190.62309430904816,76.40378885695704,31.952999997884035
200,113,Attention:greedy_rollout,154.85834470471048,43.306868672160434,36.29660001024604
200,113,PointerNet:batch_greedy_mean,197.14607152030868,82.44019225742018,113.39199997019023
200,113,PointerNet:greedy_rollout,165.2483465296338,52.92184053478105,116.65009998250753
200,113,POMO,137.90011277367725,27.613616100678612,1040.7978000002913
200,114,LKH,105.76648903659952,0.0,7805.025099951308
200,114,Attention:batch_greedy_mean,159.42174523643587,50.729920874341815,43.22250001132488
200,114,Attention:greedy_rollout,152.5913888757362,44.27196200389458,39.53170002205297
200,114,PointerNet:batch_greedy_mean,180.10821231020884,70.28854219400631,122.49059998430312
200,114,PointerNet:greedy_rollout,172.75150067295402,63.33292543460997,134.09090001368895
200,114,POMO,134.85036407615752,27.49819465926848,1098.9406999433413
200,115,LKH,106.26919420835549,0.0,7630.2094999700785
200,115,Attention:batch_greedy_mean,178.3707594954483,67.84803989924654,44.92339998250827
200,115,Attention:greedy_rollout,164.81163288762912,55.08881394592403,63.711400027386844
200,115,PointerNet:batch_greedy_mean,186.7052521570823,75.69085147198987,130.84080000407994
200,115,PointerNet:greedy_rollout,166.66781548785366,56.835493794258284,143.58739997260273
200,115,POMO,130.54038624078026,22.839348894316206,1100.263600004837
200,116,LKH,105.99738077280645,0.0,7843.961599981412
200,116,Attention:batch_greedy_mean,167.32998282286258,57.862375091622035,31.529699976090342
200,116,Attention:greedy_rollout,158.23765260290847,49.284493115988596,36.136799957603216
200,116,PointerNet:batch_greedy_mean,187.3825058823465,76.78031713253365,123.49220004398376
200,116,PointerNet:greedy_rollout,175.55272674620446,65.61987236503714,129.10979997832328
200,116,POMO,123.90467819115666,16.894094257604824,1098.1366999913007
200,117,LKH,106.0332153305857,0.0,8298.679700004868
200,117,Attention:batch_greedy_mean,161.62731811514448,52.43083746091253,32.46499999659136
200,117,Attention:greedy_rollout,158.0617403168695,49.068138530055464,36.02800000226125
200,117,PointerNet:batch_greedy_mean,190.86926216413045,80.00893547276354,118.91220003599301
200,117,PointerNet:greedy_rollout,174.21469787515463,64.30200417104743,110.04389997106045
200,117,POMO,132.11271112969763,24.595590841796525,1074.257900007069
200,118,LKH,110.92195721411126,0.0,7922.268800029997
200,118,Attention:batch_greedy_mean,165.96811299767032,49.6260228056598,39.168399991467595
200,118,Attention:greedy_rollout,158.25467295230567,42.67208849085548,43.43070002505556
200,118,PointerNet:batch_greedy_mean,195.43818792147036,76.19431970914331,116.0834000329487
200,118,PointerNet:greedy_rollout,189.7474375585799,71.06391045040145,115.68689998239279
200,118,POMO,134.45561486322666,21.21641038454512,1083.6816999944858
200,119,LKH,107.7206268555007,0.0,7347.1062000025995
200,119,Attention:batch_greedy_mean,162.90478396555835,51.22896024740289,45.57009995914996
200,119,Attention:greedy_rollout,161.8157392684882,50.21797031087844,37.27440000511706
200,119,PointerNet:batch_greedy_mean,180.63876619149835,67.69190030226243,121.52059999061748
200,119,PointerNet:greedy_rollout,173.99638734424315,61.52559860020729,122.52299999818206
200,119,POMO,133.15414892795894,23.61063318595003,1145.2657000045292
200,120,LKH,109.28051197159357,0.0,7059.798500034958
200,120,Attention:batch_greedy_mean,180.98653076427928,65.61647406202215,39.62370002409443
200,120,Attention:greedy_rollout,157.9041286372949,44.49431631354415,44.29519997211173
200,120,PointerNet:batch_greedy_mean,203.50565978193487,86.2231939715237,100.98759998800233
200,120,PointerNet:greedy_rollout,185.29523886929408,69.55927047400714,117.8518999950029
200,120,POMO,132.50876003746055,21.25561790184964,1058.8873999658972
200,121,LKH,108.02378595859079,0.0,8515.933099959511
200,121,Attention:batch_greedy_mean,169.9538609777676,57.33003566725269,39.26950000459328
200,121,Attention:greedy_rollout,160.94856997663263,48.99363926971576,33.45709998393431
200,121,PointerNet:batch_greedy_mean,190.4425736024557,76.2968886088281,126.17590004811063
200,121,PointerNet:greedy_rollout,173.32796475751775,60.45351791684127,122.55879997974262
200,121,POMO,133.6249318450336,23.69954511338511,1073.7048999872059
200,122,LKH,104.72017635985857,0.0,8655.223799985833
200,122,Attention:batch_greedy_mean,158.93301446628806,51.76923873784689,39.1366999829188
200,122,Attention:greedy_rollout,146.14897206299221,39.56142659726666,47.18759999377653
200,122,PointerNet:batch_greedy_mean,192.38411902884235,83.71256210239463,144.47580004343763
200,122,PointerNet:greedy_rollout,172.04378210779572,64.28904924356458,142.73230003891513
200,122,POMO,128.54150171034854,22.74759857988664,1122.1617999835871
200,123,LKH,106.68538154657152,0.0,8385.81529998919
200,123,Attention:batch_greedy_mean,158.39182718077745,48.46628927472547,38.731399981770664
200,123,Attention:greedy_rollout,155.0445370293454,45.32875524437582,46.318800013978034
200,123,PointerNet:batch_greedy_mean,174.30750370513113,63.3846185656096,127.27450003148988
200,123,PointerNet:greedy_rollout,174.27937538268702,63.35825288922887,116.66129995137453
200,123,POMO,133.1056361395478,24.764643674675355,1067.021000024397
200,124,LKH,108.24503153652833,0.0,7205.933000019286
200,124,Attention:batch_greedy_mean,168.71433245036133,55.863350082194806,36.69899998931214
200,124,Attention:greedy_rollout,159.15651063514247,47.033548215498065,41.68889997527003
200,124,PointerNet:batch_greedy_mean,185.07783834967063,70.98044660573112,123.1502000009641
200,124,PointerNet:greedy_rollout,176.4068861421506,62.96996142739392,103.30010001780465
200,124,POMO,135.61295012742613,25.283302339527918,1042.5907999742776
200,125,LKH,103.8973134412758,0.0,8355.680100037716
200,125,Attention:batch_greedy_mean,171.65658519081217,65.21753980465996,42.516999994404614
200,125,Attention:greedy_rollout,153.61158646648155,47.84943072979934,39.37690000748262
200,125,PointerNet:batch_greedy_mean,173.42708319231212,66.92162429236971,120.84730004426092
200,125,PointerNet:greedy_rollout,168.59747402217567,62.27317958271299,113.59069996979088
200,125,POMO,128.8330709909605,24.000387232128702,1077.6951999869198
200,126,LKH,105.58237684228817,0.0,6519.530399993528
200,126,Attention:batch_greedy_mean,168.34259968777133,59.44194923668951,35.264299949631095
200,126,Attention:greedy_rollout,152.81138417684969,44.73190389065499,33.883499971125275
200,126,PointerNet:batch_greedy_mean,192.68662837530056,82.49885457979683,127.02250003349036
200,126,PointerNet:greedy_rollout,173.6575695165139,64.47590470132326,108.05249999975786
200,126,POMO,133.05683516074205,26.02182214508523,1068.0652000010014
200,127,LKH,106.6423565778885,0.0,7699.05190001009
200,127,Attention:batch_greedy_mean,172.8388943887589,62.073401165438746,37.39850001875311
200,127,Attention:greedy_rollout,157.9637695711308,48.124792662246364,34.8795999889262
200,127,PointerNet:batch_greedy_mean,173.58394084180946,62.77204144024026,123.20879998151213
200,127,PointerNet:greedy_rollout,165.9235649577388,55.58880193776756,112.58890002500266
200,127,POMO,130.97465993799761,22.81673449548866,1029.9844999681227
200,128,LKH,106.80654684602328,0.0,6639.014100015629
200,128,Attention:batch_greedy_mean,168.67774270287015,57.92828031978502,38.54380000848323
200,128,Attention:greedy_rollout,151.57518932284435,41.915635135514115,41.87170002842322
200,128,PointerNet:batch_greedy_mean,185.77844189240605,73.93918947705697,124.06770000234246
200,128,PointerNet:greedy_rollout,175.21869410137808,64.05239123963119,114.36930001946166
200,128,POMO,131.68087029456188,23.289137401285384,1086.9841000530869
200,129,LKH,105.79815729475618,0.0,7338.75600004103
200,129,Attention:batch_greedy_mean,172.1558961186526,62.721072389779145,41.045900026801974
200,129,Attention:greedy_rollout,153.53113607725822,45.11702283199208,37.15910000028089
200,129,PointerNet:batch_greedy_mean,192.30675470969715,81.76758426323623,123.41380002908409
200,129,PointerNet:greedy_rollout,174.3151094739734,64.76195231673776,121.56830000458285
200,129,POMO,130.45841041849525,23.308773757783907,1051.0821000207216
200,130,LKH,107.12567485112334,0.0,7320.201400027145
200,130,Attention:batch_greedy_mean,159.9390561874837,49.30039545585793,31.004699994809926
200,130,Attention:greedy_rollout,166.65644621448791,55.57096508012368,37.08340000594035
200,130,PointerNet:batch_greedy_mean,201.32168123874197,87.93037385157801,125.63500000396743
200,130,PointerNet:greedy_rollout,172.78374593686326,61.29069541637657,121.58709997311234
200,130,POMO,131.56019703247765,22.809211904906928,1075.7046000217088
200,131,LKH,105.3412890186899,0.0,7112.594400008675
200,131,Attention:batch_greedy_mean,153.08383608729014,45.32177981999976,44.18999998597428
200,131,Attention:greedy_rollout,145.7738385755591,38.38243288412348,43.970500002615154
200,131,PointerNet:batch_greedy_mean,177.96181954263858,68.93833481671575,132.25870003225282
200,131,PointerNet:greedy_rollout,167.72183598961254,59.21756564024475,113.8185000163503
200,131,POMO,127.92547069472135,21.43905954295329,1056.4650999731384
200,132,LKH,108.9764861587866,0.0,8402.710900001694
200,132,Attention:batch_greedy_mean,171.68020598364424,57.53876091535361,36.44699999131262
200,132,Attention:greedy_rollout,153.44821761422187,40.80855698598756,42.68039995804429
200,132,PointerNet:batch_greedy_mean,181.83221839936954,66.85454340528733,118.27780003659427
200,132,PointerNet:greedy_rollout,176.46940916558202,61.93347334438125,108.52279997197911
200,132,POMO,132.41753903874186,21.510193351068377,1074.8402000172064
200,133,LKH,108.61112369097668,0.0,8287.285700032953
200,133,Attention:batch_greedy_mean,170.7729683830488,57.23340536365013,44.4908999488689
200,133,Attention:greedy_rollout,156.5263732626158,44.11633720683057,34.76169996429235
200,133,PointerNet:batch_greedy_mean,198.28687078679187,82.56589569127657,126.04730000020936
200,133,PointerNet:greedy_rollout,178.00091852619153,63.888294750217824,113.50590002257377
200,133,POMO,131.82491272802832,21.373307123771358,1049.8454999760725
200,134,LKH,107.32947968559306,0.0,8648.184899997432
200,134,Attention:batch_greedy_mean,166.1608354287428,54.81379013062219,45.60919996583834
200,134,Attention:greedy_rollout,157.96643680227663,47.17898313214373,34.113200032152236
200,134,PointerNet:batch_greedy_mean,186.029817719183,73.32592896577134,121.07389996526763
200,134,PointerNet:greedy_rollout,168.6510812321627,57.133978219407055,129.5438000233844
200,134,POMO,135.3748066728815,26.13012479837168,1046.5478000114672
200,135,LKH,109.35931627190142,0.0,8410.60830000788
200,135,Attention:batch_greedy_mean,172.1543609151144,57.42084605493042,37.596299953293055
200,135,Attention:greedy_rollout,160.0833246593599,46.38288727166395,44.942400010768324
200,135,PointerNet:batch_greedy_mean,187.37245345406922,71.33652608818691,116.58839997835457
200,135,PointerNet:greedy_rollout,175.98992742493795,60.92815264807619,122.2944000037387
200,135,POMO,134.01277390713722,22.543536733477374,1087.621200014837
200,136,LKH,108.36476910660798,0.0,8876.913200016133
200,136,Attention:batch_greedy_mean,168.58899077475255,55.57546254622356,57.541299960576
200,136,Attention:greedy_rollout,159.88173619505784,47.54032838640396,67.63010000577196
200,136,PointerNet:batch_greedy_mean,190.96177413351643,76.22127164378534,203.61979998415336
200,136,PointerNet:greedy_rollout,177.7799101394023,64.05692699303822,158.69730000849813
200,136,POMO,133.43820052098897,23.137991822521254,1079.1083000367507
200,137,LKH,108.67286444634169,0.0,8279.796199989505
200,137,Attention:batch_greedy_mean,169.91070424362596,56.35062635854331,32.41859999252483
200,137,Attention:greedy_rollout,166.36197949755757,53.08511498719209,33.62159995594993
200,137,PointerNet:batch_greedy_mean,185.70578604266063,70.88514873402893,136.27350004389882
200,137,PointerNet:greedy_rollout,173.65162885063157,59.79299868034103,133.31759994616732
200,137,POMO,130.65822533653764,20.23077334181381,1136.8805000092834
200,138,LKH,106.38227981715288,0.0,8043.165199982468
200,138,Attention:batch_greedy_mean,158.97765887280121,49.43998111908103,36.18830000050366
200,138,Attention:greedy_rollout,158.18202038431048,48.69207602637362,41.97179997572675
200,138,PointerNet:batch_greedy_mean,200.29568503666667,88.27918087573394,130.46929996926337
200,138,PointerNet:greedy_rollout,163.05588501153403,53.27353887488619,116.76900001475587
200,138,POMO,129.9131438671692,22.119157523659545,1083.2202000310645
200,139,LKH,106.12581496872843,0.0,8281.942999979947
200,139,Attention:batch_greedy_mean,163.96259088822302,54.498310271197504,36.70649998821318
200,139,Attention:greedy_rollout,159.1881722252482,49.99948153251438,38.79720001714304
200,139,PointerNet:batch_greedy_mean,184.62369576844068,73.96681082999723,112.30930004967377
200,139,PointerNet:greedy_rollout,176.83472691553285,66.62743835478659,102.31709998333827
200,139,POMO,130.31453650458445,22.792495438535468,1071.5311000240035
200,140,LKH,107.15485361753684,0.0,8300.36580003798
200,140,Attention:batch_greedy_mean,162.25605662823617,51.422031901018364,37.01670002192259
200,140,Attention:greedy_rollout,156.78052674510056,46.312109486603816,37.17199998209253
200,140,PointerNet:batch_greedy_mean,195.20092746864947,82.16713557873136,128.70400003157556
200,140,PointerNet:greedy_rollout,173.69673698409366,62.098804785886664,125.39870000910014
200,140,POMO,134.15613303111357,25.19837273069423,1054.51320001157
200,141,LKH,109.98071775326142,0.0,7774.003500002436
200,141,Attention:batch_greedy_mean,161.09265444344808,46.47354348500873,36.85770003357902
200,141,Attention:greedy_rollout,156.4491185312291,42.25140708957564,40.060099971015006
200,141,PointerNet:batch_greedy_mean,191.04900583921193,73.71136481198903,114.25760004203767
200,141,PointerNet:greedy_rollout,172.2162334682007,56.587660988504254,124.12799999583513
200,141,POMO,136.30533568053397,23.935666601422877,1034.4254999654368
200,142,LKH,113.15688235316131,0.0,8416.740000015125
200,142,Attention:batch_greedy_mean,172.5672035545644,52.502614039846186,36.17940004914999
200,142,Attention:greedy_rollout,163.72857114426353,44.691659702384314,31.312700011767447
200,142,PointerNet:batch_greedy_mean,189.49268213019425,67.4601475310974,117.14310001116246
200,142,PointerNet:greedy_rollout,180.81268787030166,59.789386301742894,137.5910000060685
200,142,POMO,137.39942827316796,21.42383690312883,1069.9571000295691
200,143,LKH,104.35994540176307,0.0,7917.117499979213
200,143,Attention:batch_greedy_mean,159.50227444795235,52.838595146733084,44.16250000940636
200,143,Attention:greedy_rollout,152.33836523350845,45.973979429597165,38.574500009417534
200,143,PointerNet:batch_greedy_mean,177.79440703173998,70.3665197861787,133.40900000184774
200,143,PointerNet:greedy_rollout,170.90143268601926,63.76151983223636,126.86359998770058
200,143,POMO,130.83592112211073,25.369863522274684,1118.153599963989
200,144,LKH,104.43821867744326,0.0,7251.570000022184
200,144,Attention:batch_greedy_mean,177.06611626382477,69.5414940106287,42.89260000223294
200,144,Attention:greedy_rollout,151.63076112344186,45.187042678075976,36.36099997675046
200,144,PointerNet:batch_greedy_mean,200.1902986125708,91.68298841907406,123.67160001304
200,144,PointerNet:greedy_rollout,177.94116572869325,70.37935727175064,121.42860004678369
200,144,POMO,127.19019173249879,21.785102564153117,1048.0136999976821
200,145,LKH,108.64109626562328,0.0,8453.640100022312
200,145,Attention:batch_greedy_mean,174.81136545099437,60.90721785758434,30.932099965866655
200,145,Attention:greedy_rollout,163.48385834882183,50.48067809359188,44.79080002056435
200,145,PointerNet:batch_greedy_mean,180.5512447994832,66.19055864278319,127.03219999093562
200,145,PointerNet:greedy_rollout,170.98768722366827,57.38766737552978,119.44650002988055
200,145,POMO,135.53581543897477,24.75556681386475,997.7835000026971
200,146,LKH,109.0843215896435,0.0,7337.2233000118285
200,146,Attention:batch_greedy_mean,164.43554242706844,50.74168315924148,34.87700002733618
200,146,Attention:greedy_rollout,160.56947308325942,47.19757224809468,39.921200019307435
200,146,PointerNet:batch_greedy_mean,189.64590624455516,73.85257888660712,138.47760000498965
200,146,PointerNet:greedy_rollout,170.60543041378318,56.39775535807203,116.4557000156492
200,146,POMO,134.38356927256467,23.192377524327103,1071.5081000234932
200,147,LKH,110.5667958073996,0.0,7773.7995000206865
200,147,Attention:batch_greedy_mean,173.40859460392696,56.836049500786665,35.0040000048466
200,147,Attention:greedy_rollout,156.72035033986117,41.742689742821305,34.54780002357438
200,147,PointerNet:batch_greedy_mean,186.587502203371,68.75545758637584,122.03059997409582
200,147,PointerNet:greedy_rollout,171.1710573950429,54.8123522483297,105.03590002190322
200,147,POMO,137.77125589139638,24.604547762589807,1095.122699975036
200,148,LKH,107.65856566126531,0.0,8734.641599992756
200,148,Attention:batch_greedy_mean,165.86847242302468,54.068997115296725,37.39589999895543
200,148,Attention:greedy_rollout,152.09507438094053,41.275404745303156,43.026499974075705
200,148,PointerNet:batch_greedy_mean,190.93400159066476,77.35142616651197,106.11880000215024
200,148,PointerNet:greedy_rollout,173.55761923199339,61.21115692556363,123.68209997657686
200,148,POMO,129.4609110024071,20.251380098951195,1047.6458999910392
200,149,LKH,106.41017454860827,0.0,8579.453799990006
200,149,Attention:batch_greedy_mean,162.6097498202452,52.81409931901288,33.03200000664219
200,149,Attention:greedy_rollout,160.76718523037533,51.08253126390346,47.52850002842024
200,149,PointerNet:batch_greedy_mean,186.69597105745117,75.44936078661189,119.87619998399168
200,149,PointerNet:greedy_rollout,168.81861611797964,58.64894201527988,118.83039999520406
200,149,POMO,129.86841891358617,22.045114073431158,1090.785100008361
200,150,LKH,107.5351618209275,0.0,8113.34760003956
200,150,Attention:batch_greedy_mean,152.40044087837995,41.72149676230011,39.438100007828325
200,150,Attention:greedy_rollout,153.80236849748147,43.02518905732457,37.073399988003075
200,150,PointerNet:batch_greedy_mean,183.6000386907728,70.73488855348732,137.36759999301285
200,150,PointerNet:greedy_rollout,162.1028306370759,50.744024458731914,118.10779996449128
200,150,POMO,128.37236924153768,19.377110768019545,1041.752399993129
200,151,LKH,106.6452551482416,0.0,7999.104399990756
200,151,Attention:batch_greedy_mean,179.37961409245213,68.20215193175409,31.77609998965636
200,151,Attention:greedy_rollout,154.18116290535397,44.57386096646809,37.506100023165345
200,151,PointerNet:batch_greedy_mean,183.32052607585143,71.89749869417803,105.69140000734478
200,151,PointerNet:greedy_rollout,178.41202327918904,67.29485341958109,114.8547999910079
200,151,POMO,132.52785655641713,24.269810571691703,1027.4738000007346
200,152,LKH,105.37873017478762,0.0,7370.391699951142
200,152,Attention:batch_greedy_mean,178.47486829012314,69.36517264356269,33.35510002216324
200,152,Attention:greedy_rollout,158.66008228362625,50.561770881526954,43.016000010538846
200,152,PointerNet:batch_greedy_mean,183.0090884169009,73.66795757867914,125.07900001946837
200,152,PointerNet:greedy_rollout,168.0406688022482,59.46355447966174,108.64459996810183
200,152,POMO,134.3780061438669,27.51909794412906,1072.7310000220314
200,153,LKH,107.2347386438309,0.0,7209.235800022725
200,153,Attention:batch_greedy_mean,163.83585090861203,52.78244063500344,41.31420003250241
200,153,Attention:greedy_rollout,158.4779300246896,47.78599922834491,32.11100003682077
200,153,PointerNet:batch_greedy_mean,196.6419045545682,83.37518890002052,113.18809998920187
200,153,PointerNet:greedy_rollout,182.88661545776665,70.5479192383782,106.37589998077601
200,153,POMO,131.60277545643658,22.72401380446461,1034.0906000346877
200,154,LKH,107.43482679638905,0.0,6564.557700010482
200,154,Attention:batch_greedy_mean,160.29500558329323,49.202088711033184,44.92620000382885
200,154,Attention:greedy_rollout,152.67428178268287,42.108742886542586,45.0495999539271
200,154,PointerNet:batch_greedy_mean,197.49951936912822,83.83193351577712,121.2563999579288
200,154,PointerNet:greedy_rollout,174.51531325805513,62.43830651749206,115.80199998570606
200,154,POMO,129.08773147740845,20.154455800497622,1046.7315999558195
200,155,LKH,105.85133251311065,0.0,7733.363699982874
200,155,Attention:batch_greedy_mean,156.8812772820462,48.20907168326391,45.13280000537634
200,155,Attention:greedy_rollout,157.93767444658798,49.20707250145005,42.906600050628185
200,155,PointerNet:batch_greedy_mean,191.21991865308001,80.64951485555997,110.47000001417473
200,155,PointerNet:greedy_rollout,173.99978412450275,64.38128835359848,117.23319999873638
200,155,POMO,131.1082011558845,23.86069975986893,1063.4614000446163
200,156,LKH,105.7780335467337,0.0,7492.8572999779135
200,156,Attention:batch_greedy_mean,161.65968210124572,52.82916185979484,33.68429996771738
200,156,Attention:greedy_rollout,151.855159258479,43.56020259290226,42.792299995198846
200,156,PointerNet:batch_greedy_mean,183.20633800053298,73.19885032613199,131.2612999463454
200,156,PointerNet:greedy_rollout,160.3806609009825,51.620006085786095,150.7730000303127
200,156,POMO,130.19940367202398,23.087373915398697,1101.7040999722667
200,157,LKH,107.8456042295548,0.0,8379.669199988712
200,157,Attention:batch_greedy_mean,161.30816704154242,49.57324240883278,34.52410001773387
200,157,Attention:greedy_rollout,153.3621821085449,42.205315834761144,42.9955999716185
200,157,PointerNet:batch_greedy_mean,178.4488017115117,65.46692188925424,123.87369998032227
200,157,PointerNet:greedy_rollout,166.35754923710743,54.25528970379453,113.73889999231324
200,157,POMO,132.4981638550583,22.859123282418896,1278.049500018824
200,158,LKH,106.93570826481235,0.0,7527.352500008419
200,158,Attention:batch_greedy_mean,172.0616790248244,60.90198663923941,38.131300010718405
200,158,Attention:greedy_rollout,159.48672342383563,49.142625986903774,44.463699974585325
200,158,PointerNet:batch_greedy_mean,175.07317668600496,63.71816255469973,125.17360004130751
200,158,PointerNet:greedy_rollout,164.1683576548073,53.52061562847253,120.84990000585094
200,158,POMO,131.72642708177415,23.182825661537503,1049.8681999742985
200,159,LKH,107.51666207004016,0.0,8553.90709999483
200,159,Attention:batch_greedy_mean,164.89782055273082,53.36954977760614,47.68849996617064
200,159,Attention:greedy_rollout,155.35611690776494,44.49492191876313,44.82870001811534
200,159,PointerNet:batch_greedy_mean,186.24495033775753,73.22426752462886,160.96870001638308
200,159,PointerNet:greedy_rollout,171.41551999228417,59.43158640901449,146.6333999997005
200,159,POMO,129.1418719807275,20.11335684565795,1234.6672000130638
200,160,LKH,106.61254741577899,0.0,8004.40700002946
200,160,Attention:batch_greedy_mean,167.04917247904035,56.688097722272936,32.53140003653243
200,160,Attention:greedy_rollout,159.97545684656916,50.05312294309956,44.94410002371296
200,160,PointerNet:batch_greedy_mean,189.510410032099,77.75619720728187,130.59699995210394
200,160,PointerNet:greedy_rollout,177.68384011084865,66.66315965408673,115.47190003329888
200,160,POMO,130.67195281133417,22.56714240372265,1098.2650999794714
200,161,LKH,105.57551840021712,0.0,8310.931599989999
200,161,Attention:batch_greedy_mean,159.39350040903932,50.97581600765459,39.11760001210496
200,161,Attention:greedy_rollout,163.92471591059217,55.267734787892884,40.20889999810606
200,161,PointerNet:batch_greedy_mean,204.87539256353807,94.0557770096791,139.7648000274785
200,161,PointerNet:greedy_rollout,177.91597669813467,68.52010711772056,134.73539997357875
200,161,POMO,129.55167006165553,22.709953997620246,1070.1425999868661
200,162,LKH,105.22248226407896,0.0,8951.171500026248
200,162,Attention:batch_greedy_mean,170.85638274684968,62.376308817775275,40.91120004886761
200,162,Attention:greedy_rollout,157.3196870736821,49.51147671925639,43.626599945127964
200,162,PointerNet:batch_greedy_mean,163.61231596094117,55.49178506388025,130.2185000386089
200,162,PointerNet:greedy_rollout,158.81952314849406,50.93687178934017,116.30009999498725
200,162,POMO,131.03982186041284,24.535953762751564,1070.9879000205547
200,163,LKH,103.00715567857569,0.0,7587.788000004366
200,163,Attention:batch_greedy_mean,161.52273842712347,56.80729883576269,33.53580000111833
200,163,Attention:greedy_rollout,152.85257454451093,48.390248752691775,34.06170004745945
200,163,PointerNet:batch_greedy_mean,178.26164497202558,73.05753546702579,114.57679996965453
200,163,PointerNet:greedy_rollout,163.59139326885668,58.8155620754431,114.94219995802268
200,163,POMO,128.4021667316813,24.65363778449372,1069.9272999772802
200,164,LKH,105.09883921867615,0.0,7866.587700031232
200,164,Attention:batch_greedy_mean,162.76526513436897,54.86875625306189,39.086699951440096
200,164,Attention:greedy_rollout,154.00284592059228,46.53144322570772,40.91899999184534
200,164,PointerNet:batch_greedy_mean,173.66389685211112,65.23864406415909,118.15240001305938
200,164,PointerNet:greedy_rollout,168.1616103486163,60.00329936920355,125.33609999809414
200,164,POMO,127.92985290439672,21.723373783621664,1041.7819999856874
200,165,LKH,106.73366894160284,0.0,8537.520400015637
200,165,Attention:batch_greedy_mean,155.7276851415451,45.903056351176616,35.49290000228211
200,165,Attention:greedy_rollout,158.5904726805141,48.58523486837471,34.38520000781864
200,165,PointerNet:batch_greedy_mean,190.0434870246676,78.05392516643087,121.44429999170825
200,165,PointerNet:greedy_rollout,172.39637768916347,61.520145797186686,106.27000004751608
200,165,POMO,134.56436252525987,26.074896384274037,1038.2175999693573
200,166,LKH,107.80894529185213,0.0,8513.675199996214
200,166,Attention:batch_greedy_mean,159.24935528812523,47.71441725639516,37.37159998854622
200,166,Attention:greedy_rollout,160.46176468867534,48.83900798239472,39.229099988006055
200,166,PointerNet:batch_greedy_mean,195.35556757290783,81.2053415827937,131.73129997448996
200,166,PointerNet:greedy_rollout,178.24135999922095,65.33077057446354,113.42899996088818
200,166,POMO,135.03623648270593,25.255131767726844,1072.226700023748
200,167,LKH,108.56534292220587,0.0,8078.706600004807
200,167,Attention:batch_greedy_mean,164.2684452742477,51.30836494658957,45.229699986521155
200,167,Attention:greedy_rollout,161.83791668220493,49.06959470313867,42.81790001550689
200,167,PointerNet:batch_greedy_mean,189.28137522025924,74.34788130857896,110.8457000227645
200,167,PointerNet:greedy_rollout,172.76613998991112,59.135627760794065,117.23329999949783
200,167,POMO,135.22685754873186,24.558034736398977,994.809299998451
200,168,LKH,107.01052686780875,0.0,8536.704900034238
200,168,Attention:batch_greedy_mean,159.20667786691232,48.77665079023677,41.04660003213212
200,168,Attention:greedy_rollout,160.52099801857094,50.00486654632048,38.196499983314425
200,168,PointerNet:batch_greedy_mean,198.84669542777127,85.81975180199674,114.9588999687694
200,168,PointerNet:greedy_rollout,171.34583197033612,60.120538591499006,113.07060002582148
200,168,POMO,133.42347741757465,24.68257219441046,997.3541999934241
200,169,LKH,106.4345234802061,0.0,7938.558699970599
200,169,Attention:batch_greedy_mean,157.4666313544738,47.946950111312596,39.40149996196851
200,169,Attention:greedy_rollout,154.6708943808324,45.320230056366015,44.79220003122464
200,169,PointerNet:batch_greedy_mean,191.85139717237746,80.25297704090963,119.57530002109706
200,169,PointerNet:greedy_rollout,172.59819473860557,62.16373136739237,107.25629999069497
200,169,POMO,131.07629922195605,23.15205154869947,1049.3591999984346
200,170,LKH,106.82841643830959,0.0,7429.107900010422
200,170,Attention:batch_greedy_mean,165.94396334034477,55.336912099762095,32.12509996956214
200,170,Attention:greedy_rollout,158.16485415190948,48.05503949714095,41.128500015474856
200,170,PointerNet:batch_greedy_mean,196.778227728319,84.20026645434073,128.31190001452342
200,170,PointerNet:greedy_rollout,174.14263540470938,63.01152933898619,109.02520001400262
200,170,POMO,134.87966908672865,26.258231268098854,1063.0253999843262
200,171,LKH,106.67887737658054,0.0,7826.7527999705635
200,171,Attention:batch_greedy_mean,164.99162335768779,54.661941909325684,38.55900000780821
200,171,Attention:greedy_rollout,151.21025955281164,41.74339219847018,34.99369998462498
200,171,PointerNet:batch_greedy_mean,191.0750570543155,79.11236202815782,113.98379999445751
200,171,PointerNet:greedy_rollout,179.72714857207757,68.474915552058,123.68219997733831
200,171,POMO,130.22136891790936,22.068559512698013,1075.9970999788493
200,172,LKH,105.97024720097738,0.0,7702.800099970773
200,172,Attention:batch_greedy_mean,152.7860177570982,44.178221522247256,36.05529997730628
200,172,Attention:greedy_rollout,158.65378357762674,49.715403868722355,44.8337999987416
200,172,PointerNet:batch_greedy_mean,180.32407177630952,70.16481185923512,98.56269997544587
200,172,PointerNet:greedy_rollout,174.43486326086787,64.60739487569963,107.9609000007622
200,172,POMO,128.06522989022602,20.850175660479966,1046.9563999795355
200,173,LKH,104.57066904529185,0.0,7475.986899982672
200,173,Attention:batch_greedy_mean,159.56861094137867,52.594042285668074,37.75019996101037
200,173,Attention:greedy_rollout,152.51442265955762,45.8481848227444,40.943600004538894
200,173,PointerNet:batch_greedy_mean,184.97727125197156,76.89211797225266,113.20700001670048
200,173,PointerNet:greedy_rollout,168.16456202888634,60.81427379607811,115.64749997342005
200,173,POMO,131.18327299021576,25.449396267511116,1051.2995999888517
200,174,LKH,106.188390193489,0.0,7292.816799948923
200,174,Attention:batch_greedy_mean,161.80127905322848,52.37191067536253,33.84029999142513
200,174,Attention:greedy_rollout,154.8403051661285,45.81660470037206,38.14530000090599
200,174,PointerNet:batch_greedy_mean,184.51948739613437,73.76615942657759,101.97730001527816
200,174,PointerNet:greedy_rollout,168.43892718590521,58.62273350126852,118.91820002347231
200,174,POMO,132.60043233586043,24.872815280696198,1075.0973999965936
200,175,LKH,109.55082574714892,0.0,8396.771700005047
200,175,Attention:batch_greedy_mean,172.27330045058628,57.25422357673988,44.75739999907091
200,175,Attention:greedy_rollout,159.88779155579513,45.9485042356755,38.13689999515191
200,175,PointerNet:batch_greedy_mean,194.55688689843825,77.59508937658704,111.75989999901503
200,175,PointerNet:greedy_rollout,169.70746821886422,54.91208492627988,109.47630001464859
200,175,POMO,137.5013613033707,25.513760727585556,1078.5926000098698
200,176,LKH,105.8833205891568,0.0,7003.460800042376
200,176,Attention:batch_greedy_mean,162.1390103249722,53.12988809077487,33.117500017397106
200,176,Attention:greedy_rollout,162.60511778488691,53.57009666878433,31.70649998355657
200,176,PointerNet:batch_greedy_mean,190.42357543495132,79.84284434545023,131.8402000470087
200,176,PointerNet:greedy_rollout,175.2476428467848,65.51015010831782,115.51709997002035
200,176,POMO,128.65879564302503,21.509974306756494,1053.1393000273965
200,177,LKH,105.72037881829435,0.0,7771.848100004718
200,177,Attention:batch_greedy_mean,163.68685341086854,54.82999137962169,36.74100001808256
200,177,Attention:greedy_rollout,158.04197027974925,49.4905448185936,41.72629996901378
200,177,PointerNet:batch_greedy_mean,184.6899079442917,74.69660060689462,110.67550000734627
200,177,PointerNet:greedy_rollout,172.80173010308772,63.45167510238367,121.69759999960661
200,177,POMO,128.62398919888668,21.66432870994308,1073.2115000137128
200,178,LKH,106.94211853222552,0.0,8046.725800028071
200,178,Attention:batch_greedy_mean,156.33868841469706,46.1900049862829,39.310800028033555
200,178,Attention:greedy_rollout,151.97348219339995,42.108164939340384,42.07600001245737
200,178,PointerNet:batch_greedy_mean,182.32686281291438,70.49116411320459,120.25869998615235
200,178,PointerNet:greedy_rollout,172.16212501939953,60.98626750836329,112.79550002655014
200,178,POMO,127.18162362089897,18.925663121751754,1028.2625000108965
200,179,LKH,107.87888982511205,0.0,8576.742700010072
200,179,Attention:batch_greedy_mean,160.9914607931438,49.23351644991456,40.16380000393838
200,179,Attention:greedy_rollout,154.90900814182515,43.595293196802466,33.16689998609945
200,179,PointerNet:batch_greedy_mean,192.75438248573693,78.67664637467149,108.1413000356406
200,179,PointerNet:greedy_rollout,172.0462393202481,59.480913827683054,110.72779999813065
200,179,POMO,133.17555160924147,23.44913061780587,1068.9967999933288
200,180,LKH,108.03230372834251,0.0,8817.455400014296
200,180,Attention:batch_greedy_mean,166.2831211529562,53.91981417992427,42.365699948277324
200,180,Attention:greedy_rollout,155.03117885432016,43.504464409238906,35.67740001017228
200,180,PointerNet:batch_greedy_mean,190.58105989463246,76.41117824707935,121.94509996334091
200,180,PointerNet:greedy_rollout,171.0750328909554,58.35544275825112,126.01020000874996
200,180,POMO,131.78427535480665,21.985990122168207,1078.5872000269592
200,181,LKH,107.72253246169484,0.0,7739.754999987781
200,181,Attention:batch_greedy_mean,158.9634260191886,47.567479511043395,32.45429997332394
200,181,Attention:greedy_rollout,152.0553055129813,41.154596014581074,38.119599979836494
200,181,PointerNet:batch_greedy_mean,172.00640548648153,59.67541939068825,121.84740003431216
200,181,PointerNet:greedy_rollout,169.77474647766144,57.60374602967286,106.64000001270324
200,181,POMO,131.30199115726995,21.889068291222873,1046.2813999620266
200,182,LKH,106.62693310456427,0.0,8069.836300041061
200,182,Attention:batch_greedy_mean,168.1723231167868,57.720304073519316,31.25739999813959
200,182,Attention:greedy_rollout,155.12529347184295,45.48415578990582,41.61349998321384
200,182,PointerNet:batch_greedy_mean,188.628654163758,76.90526086760678,138.0197000107728
200,182,PointerNet:greedy_rollout,167.7140785316716,57.29053968681804,130.92570001026616
200,182,POMO,129.56216147132065,21.509789036382415,1062.616600014735
200,183,LKH,107.6978943236819,0.0,8298.371500044595
200,183,Attention:batch_greedy_mean,157.1674458091589,45.9336292470103,40.09560000849888
200,183,Attention:greedy_rollout,158.87297903541463,47.51725651935959,45.39179999846965
200,183,PointerNet:batch_greedy_mean,181.44902882382831,68.47964388095669,119.78210002416745
200,183,PointerNet:greedy_rollout,169.34911199140214,57.24458965040661,115.95700000179932
200,183,POMO,125.87111319198648,16.874256439671584,1074.0085000288673
200,184,LKH,108.63441667497361,0.0,8343.173899978865
200,184,Attention:batch_greedy_mean,172.17381378082516,58.489196196410646,38.30249997554347
200,184,Attention:greedy_rollout,154.250973350081,41.99088840472064,47.96560003887862
200,184,PointerNet:batch_greedy_mean,197.10915014256904,81.44263685081083,126.39329995727167
200,184,PointerNet:greedy_rollout,171.60851207093322,57.96882546382478,112.7934999531135
200,184,POMO,131.002185803658,20.589947286785872,1074.2577000055462
200,185,LKH,103.71684019752446,0.0,6708.035700023174
200,185,Attention:batch_greedy_mean,162.99517012792452,57.15400683004507,38.61689998302609
200,185,Attention:greedy_rollout,152.7041713555037,47.231800607003514,36.446599988266826
200,185,PointerNet:batch_greedy_mean,186.03369474375165,79.36691321241383,120.12869998579845
200,185,PointerNet:greedy_rollout,171.57836924664855,65.4296148242509,119.16760000167415
200,185,POMO,128.94670461729254,24.325716413765438,1090.983400004916
200,186,LKH,106.0020748626236,0.0,9494.021100050304
200,186,Attention:batch_greedy_mean,158.5115970624186,49.53631546160412,38.27860002638772
200,186,Attention:greedy_rollout,146.27438153882883,37.9919984853101,36.71249997569248
200,186,PointerNet:batch_greedy_mean,181.3095744885858,71.04342035149699,133.76559998141602
200,186,PointerNet:greedy_rollout,167.17550137480404,57.70965010964161,109.70410000300035
200,186,POMO,128.62506356789157,21.34202442224539,1070.7662000204436
200,187,LKH,108.29143245794313,0.0,7454.486000002362
200,187,Attention:batch_greedy_mean,168.14098213553487,55.267114229775615,40.65249999985099
200,187,Attention:greedy_rollout,153.93745151900134,42.15108991081602,37.68499998841435
200,187,PointerNet:batch_greedy_mean,190.56100383566502,75.97052648617675,137.44489999953657
200,187,PointerNet:greedy_rollout,175.52748469355163,62.0880624713509,119.14879997493699
200,187,POMO,133.72960544880127,23.49047603626214,1062.244400032796
200,188,LKH,109.38640371022046,0.0,9354.811900004279
200,188,Attention:batch_greedy_mean,165.93439776133613,51.695633216829236,39.092699997127056
200,188,Attention:greedy_rollout,158.8926059990895,45.25809479943938,42.67479997361079
200,188,PointerNet:batch_greedy_mean,181.66056134393045,66.07234096951767,131.852800026536
200,188,PointerNet:greedy_rollout,167.66209109465984,53.27507387373265,118.64399997284636
200,188,POMO,136.56484408502513,24.846269237266515,1080.4856999893673
200,189,LKH,106.94551852825029,0.0,7887.406200054102
200,189,Attention:batch_greedy_mean,157.6383838376097,47.40064474601485,40.39999999804422
200,189,Attention:greedy_rollout,153.49239883041992,43.523918479925825,38.269000011496246
200,189,PointerNet:batch_greedy_mean,189.27812214296625,76.98555745743317,111.96529999142513
200,189,PointerNet:greedy_rollout,164.91949112859237,54.20888448451247,123.13179997727275
200,189,POMO,131.4309807669308,22.895267212354035,1064.4191000028513
200,190,LKH,108.07589947009859,0.0,8517.259899992496
200,190,Attention:batch_greedy_mean,170.06197111889912,57.3542038074365,41.67319997213781
200,190,Attention:greedy_rollout,151.9741302511147,40.61796477868913,41.54110001400113
200,190,PointerNet:batch_greedy_mean,177.57596463767828,64.30671917452632,120.71039999136701
200,190,PointerNet:greedy_rollout,166.0079545892106,53.60312095773037,118.82279999554157
200,190,POMO,133.60663799632536,23.622971126222613,1099.8035999946296
200,191,LKH,108.68840402175209,0.0,8403.741499991156
200,191,Attention:batch_greedy_mean,165.572409149581,52.33677469074306,39.29089999292046
200,191,Attention:greedy_rollout,163.68685139403948,50.60194587205494,31.635699968319386
200,191,PointerNet:batch_greedy_mean,178.69450179685765,64.40990499878447,135.6652999529615
200,191,PointerNet:greedy_rollout,170.4307889557112,56.806782185892104,114.43210003199056
200,191,POMO,132.92921569213098,22.303033969960136,1050.5065000033937
200,192,LKH,107.72133726311081,0.0,9125.45270001283
200,192,Attention:batch_greedy_mean,166.89835036567524,54.93527522595062,38.0810999777168
200,192,Attention:greedy_rollout,153.28937629586073,42.301776222336876,37.98230004031211
200,192,PointerNet:batch_greedy_mean,171.6151072961318,59.31394063272683,124.55850001424551
200,192,PointerNet:greedy_rollout,167.40048888631526,55.4014210549924,112.30209999484941
200,192,POMO,135.37673165008593,25.673088628139144,1015.947200008668
200,193,LKH,107.36317740030755,0.0,8097.5541999796405
200,193,Attention:batch_greedy_mean,166.43380817934695,55.01945099742381,37.93789999326691
200,193,Attention:greedy_rollout,157.58579228681887,46.77824939853863,32.95189997879788
200,193,PointerNet:batch_greedy_mean,185.55507655458388,72.82934526307373,107.26249997969717
200,193,PointerNet:greedy_rollout,166.97579120552763,55.52426376405782,110.82420003367588
200,193,POMO,127.70310294139388,18.944973531519256,1055.2574999746867
200,194,LKH,106.38139407744833,0.0,7919.696099997964
200,194,Attention:batch_greedy_mean,161.7177571558928,52.01695612125386,45.42030004085973
200,194,Attention:greedy_rollout,156.57882752439085,47.18629031162867,43.67800004547462
200,194,PointerNet:batch_greedy_mean,181.85348539071916,70.94482260528119,114.56509999698028
200,194,PointerNet:greedy_rollout,176.13912136678454,65.5732404094562,122.55919998278841
200,194,POMO,132.53671738502635,24.58637013962825,1076.5468000317924
200,195,LKH,105.91108123130145,0.0,8604.805800016038
200,195,Attention:batch_greedy_mean,161.72384427653606,52.69775588764308,33.29960000701249
200,195,Attention:greedy_rollout,155.0271678254182,46.374832570022654,45.18029995961115
200,195,PointerNet:batch_greedy_mean,188.95664706545688,78.41064869575871,128.25529999099672
200,195,PointerNet:greedy_rollout,172.74485031819188,63.103660457332836,110.31909997109324
200,195,POMO,132.4765978995487,25.08284908378024,1050.5044999881648
200,196,LKH,112.62712533307132,0.0,8549.627500004135
200,196,Attention:batch_greedy_mean,172.42989718201665,53.09801850317235,38.80290000233799
200,196,Attention:greedy_rollout,159.53768106743684,41.6512057780373,44.597000000067055
200,196,PointerNet:batch_greedy_mean,211.54376772473324,87.82665996236388,133.54810001328588
200,196,PointerNet:greedy_rollout,184.88431152232255,64.15611334797511,112.9674999974668
200,196,POMO,133.38138248202392,18.42740555401392,1085.3608999750577
200,197,LKH,107.45032203136105,0.0,8407.55080000963
200,197,Attention:batch_greedy_mean,157.9703917185019,47.01714125379334,41.18170001311228
200,197,Attention:greedy_rollout,161.5708974317559,50.36799739380856,42.421999969519675
200,197,PointerNet:batch_greedy_mean,171.86738031094694,59.95054929736252,160.11659998912364
200,197,PointerNet:greedy_rollout,182.23846211828135,69.60252763606628,115.67620001733303
200,197,POMO,130.44073484336306,21.396318203022133,1035.7314000139013
200,198,LKH,109.95912441433259,0.0,8713.68149999762
200,198,Attention:batch_greedy_mean,159.56896059658385,45.11661623942949,37.32629999285564
200,198,Attention:greedy_rollout,164.5367505239647,49.634467717276785,44.53230003127828
200,198,PointerNet:batch_greedy_mean,195.9504288591785,78.20297306190388,122.5972999818623
200,198,PointerNet:greedy_rollout,168.0420648657314,52.822301705985566,122.4814000306651
200,198,POMO,130.73860293923153,18.897457246567924,1089.92009999929
200,199,LKH,106.24087801284128,0.0,8237.948400026653
200,199,Attention:batch_greedy_mean,155.71485559795076,46.56774163625567,35.506299987901
200,199,Attention:greedy_rollout,156.862547691111,47.64801517561922,32.94740000274032
200,199,PointerNet:batch_greedy_mean,178.7627213258238,68.26171307076062,131.7445999593474
200,199,PointerNet:greedy_rollout,173.7163824514407,63.511809861401645,120.28840003767982
200,199,POMO,125.96087708427778,18.561592712979046,1082.9586000181735
200,200,LKH,108.89102787363342,0.0,8213.248300016858
200,200,Attention:batch_greedy_mean,164.63752851322863,51.194760237076906,42.83799999393523
200,200,Attention:greedy_rollout,160.55358065801428,47.44426955390169,36.52919997693971
200,200,PointerNet:batch_greedy_mean,197.46031944640356,81.33754754850291,118.91090002609417
200,200,PointerNet:greedy_rollout,171.29410592937944,57.30782349503024,124.66309999581426
200,200,POMO,133.3052709123191,22.420803178585174,1060.7407999923453
200,201,LKH,105.00752212919036,0.0,8565.132899966557
200,201,Attention:batch_greedy_mean,164.7244431348844,56.86918403066834,49.883499974384904
200,201,Attention:greedy_rollout,152.9674107127588,45.67281239582396,43.626700004097074
200,201,PointerNet:batch_greedy_mean,174.83570011333853,66.49826276087043,151.83190000243485
200,201,PointerNet:greedy_rollout,162.61046018837942,54.856011161105556,167.40849998313934
200,201,POMO,128.08763161254103,21.97948205553817,1536.3914999761619
200,202,LKH,108.35689807440944,0.0,9162.074499996379
200,202,Attention:batch_greedy_mean,171.75443967659342,58.50808091483797,46.49979999521747
200,202,Attention:greedy_rollout,151.9642231467024,40.24416151369293,42.2021999838762
200,202,PointerNet:batch_greedy_mean,198.67384018317125,83.35135437961738,135.42780000716448
200,202,PointerNet:greedy_rollout,164.9470518279345,52.225704832067265,129.9107000231743
200,202,POMO,131.82802588867267,21.660944740357404,1301.6021000221372
200,203,LKH,110.39649837469526,0.0,7942.61720002396
200,203,Attention:batch_greedy_mean,160.7163827313285,45.58105111798312,37.35430003143847
200,203,Attention:greedy_rollout,160.9132999383266,45.75942381086485,44.97719998471439
200,203,PointerNet:batch_greedy_mean,194.8856266475524,76.53243492025786,119.1672999993898
200,203,PointerNet:greedy_rollout,180.88252890739582,63.84806725795313,121.02990003768355
200,203,POMO,132.17675810136825,19.72912189003397,1048.0453999480233
200,204,LKH,107.22053618331698,0.0,6528.972500003874
200,204,Attention:batch_greedy_mean,159.17702669856396,48.45759251419522,39.30160001618788
200,204,Attention:greedy_rollout,152.98428049383313,42.681883470786794,42.324099980760366
200,204,PointerNet:batch_greedy_mean,176.2783879705295,64.4072994273625,118.92069998430088
200,204,PointerNet:greedy_rollout,170.98282570086587,59.468355398384965,115.31389999436215
200,204,POMO,127.23172366724341,18.663577143200374,1045.733300037682
200,205,LKH,106.13486815105104,0.0,8892.949300003238
200,205,Attention:batch_greedy_mean,165.52098661355686,55.95344819007789,45.66060000797734
200,205,Attention:greedy_rollout,153.67402396682994,44.7912704316184,40.83469999022782
200,205,PointerNet:batch_greedy_mean,178.0000389184354,67.71117919994579,137.38920004107058
200,205,PointerNet:greedy_rollout,174.31150486312237,64.2358518927469,137.4544999562204
200,205,POMO,128.50569132641346,21.07773210169186,1518.4955000295304
200,206,LKH,103.18571310923878,0.0,7838.59499997925
200,206,Attention:batch_greedy_mean,159.3054126257386,54.3870830810541,33.77149999141693
200,206,Attention:greedy_rollout,153.27609201395063,48.543909224800416,35.94779997365549
200,206,PointerNet:batch_greedy_mean,176.58340791488865,71.13164467637738,133.56130005558953
200,206,PointerNet:greedy_rollout,162.71559079342944,57.691976815791016,123.00710001727566
200,206,POMO,125.61475194348739,21.73657394847274,1084.4671000377275
200,207,LKH,109.74963871448207,0.0,8235.547000018414
200,207,Attention:batch_greedy_mean,160.86796885174306,46.577219511626176,31.27500001573935
200,207,Attention:greedy_rollout,157.72668449267547,43.71499199465024,31.139600032474846
200,207,PointerNet:batch_greedy_mean,184.24720539140685,67.87955527647163,115.92449998715892
200,207,PointerNet:greedy_rollout,177.5472090135556,61.77475488138191,120.11030002031475
200,207,POMO,131.01578219259832,19.376959894547756,1067.0150000369176
200,208,LKH,105.36963018085892,0.0,8677.480600017589
200,208,Attention:batch_greedy_mean,175.3601815076167,66.42383693159437,40.99419998237863
200,208,Attention:greedy_rollout,158.95037283481417,50.8502711473771,38.30359998391941
200,208,PointerNet:batch_greedy_mean,181.41356416304535,72.16873956154429,120.09090004721656
200,208,PointerNet:greedy_rollout,162.96910886986484,54.664212629522204,131.9375000311993
200,208,POMO,129.4949206651139,22.895867094575326,1082.7160999760963
200,209,LKH,107.1231117376692,0.0,8791.321699973196
200,209,Attention:batch_greedy_mean,161.08626226425292,50.37489076935383,31.249299994669855
200,209,Attention:greedy_rollout,158.64949238417313,48.100153002169534,44.53230003127828
200,209,PointerNet:batch_greedy_mean,181.56299050384513,69.49002652991416,117.40609997650608
200,209,PointerNet:greedy_rollout,163.1299608558867,52.282694378194606,125.34999998752028
200,209,POMO,128.69589760968375,20.138311445660335,1026.8196999677457
200,210,LKH,106.46126105700432,0.0,8328.420099976938
200,210,Attention:batch_greedy_mean,162.33008157967888,52.478075093211395,46.32929997751489
200,210,Attention:greedy_rollout,159.00563153202683,49.35538988861667,35.735499986913055
200,210,PointerNet:batch_greedy_mean,176.77555210088497,66.04683275941198,113.9784999541007
200,210,PointerNet:greedy_rollout,172.88682462074257,62.394116793498156,118.4837999753654
200,210,POMO,127.04291723895,19.332530892082236,1053.9996000006795
200,211,LKH,105.62448781100952,0.0,8294.721799960826
200,211,Attention:batch_greedy_mean,161.0314913178343,52.45658904965557,30.603300023358315
200,211,Attention:greedy_rollout,148.90655220307528,40.97730108713896,31.12870000768453
200,211,PointerNet:batch_greedy_mean,190.8278961607454,80.6663398947672,116.97159998584539
200,211,PointerNet:greedy_rollout,166.32930875608952,57.47229852010945,109.10679999506101
200,211,POMO,126.31301013691954,19.58686167825716,1127.1127000218257
200,212,LKH,105.15542158452575,0.0,8297.674699977506
200,212,Attention:batch_greedy_mean,156.7683463737236,49.08251425506433,40.87789996992797
200,212,Attention:greedy_rollout,154.39406910464217,46.82463992647069,38.45260001253337
200,212,PointerNet:batch_greedy_mean,174.61622528039663,66.05537084936422,119.28500002250075
200,212,PointerNet:greedy_rollout,165.7158339868972,57.591336223869284,118.4404999949038
200,212,POMO,126.54156348950312,20.337650292036358,1030.6963000330143
200,213,LKH,109.2582593896845,0.0,8009.921599994414
200,213,Attention:batch_greedy_mean,162.32367465311074,48.56879064324208,36.16020001936704
200,213,Attention:greedy_rollout,158.5757222171657,45.13842990266185,40.601400018204004
200,213,PointerNet:batch_greedy_mean,198.50336397944986,81.68270763994191,129.5992999803275
200,213,PointerNet:greedy_rollout,171.5690516538234,57.03073855670624,132.5074000051245
200,213,POMO,134.91989265049148,23.487133516635353,1084.4164000009187
200,214,LKH,108.25950607446407,0.0,8512.898700020742
200,214,Attention:batch_greedy_mean,160.4653579736506,48.22288018132821,44.195299968123436
200,214,Attention:greedy_rollout,160.89445789518646,48.61924253055295,45.18919996917248
200,214,PointerNet:batch_greedy_mean,175.57326108229213,62.17814716568879,127.80340004246682
200,214,PointerNet:greedy_rollout,177.59683388707128,64.04733434208998,126.49750005220994
200,214,POMO,131.6489349364313,21.604965429898858,1100.927799998317
200,215,LKH,107.90546219899795,0.0,9466.720899974462
200,215,Attention:batch_greedy_mean,158.38499365913134,46.7812568811759,32.80270000686869
200,215,Attention:greedy_rollout,156.81141530604236,45.32296337033675,32.74220001185313
200,215,PointerNet:batch_greedy_mean,196.06698650123246,81.70255935667842,121.33439996978268
200,215,PointerNet:greedy_rollout,162.4220120606467,50.52251179009824,114.70700002973899
200,215,POMO,129.10049674447154,19.642225809093855,1050.67379999673
200,216,LKH,107.05217211993507,0.0,9915.230000042357
200,216,Attention:batch_greedy_mean,165.30705035472596,54.417278118864786,49.66950003290549
200,216,Attention:greedy_rollout,154.58511128624966,44.40165783190408,45.80979997990653
200,216,PointerNet:batch_greedy_mean,192.46961121920327,79.79047730444128,202.65719998860732
200,216,PointerNet:greedy_rollout,181.8947714835757,69.91226603024114,187.36750003881752
200,216,POMO,133.18159837708203,24.40812338480443,1417.574000020977
200,217,LKH,103.24657691817667,0.0,8485.047000052873
200,217,Attention:batch_greedy_mean,157.46565934205492,52.51416951754933,30.120500014163554
200,217,Attention:greedy_rollout,154.50750723274052,49.64903616629183,29.421400045976043
200,217,PointerNet:batch_greedy_mean,173.66210946644918,68.2013241020834,107.2398999822326
200,217,PointerNet:greedy_rollout,162.81825899833171,57.69845728383406,104.1003999998793
200,217,POMO,129.0598551881567,25.001582658219405,1012.7200999995694
200,218,LKH,108.1420353332591,0.0,8570.180600043386
200,218,Attention:batch_greedy_mean,161.987266894872,49.791213375704594,35.047699988354
200,218,Attention:greedy_rollout,158.43205365185614,46.50367284434708,32.621099962852895
200,218,PointerNet:batch_greedy_mean,179.844073386356,66.30357735743941,126.54329999350011
200,218,PointerNet:greedy_rollout,168.23999060608713,55.57316827598573,122.05110001377761
200,218,POMO,133.70119115947813,23.634801904230763,1016.897700028494
200,219,LKH,108.2981907286181,0.0,8023.781700001564
200,219,Attention:batch_greedy_mean,168.62563507271295,55.70494201077467,34.61760003119707
200,219,Attention:greedy_rollout,161.57594678339987,49.19542579274409,38.51719998056069
200,219,PointerNet:batch_greedy_mean,189.8325809520431,75.28693662827675,109.40820001997054
200,219,PointerNet:greedy_rollout,170.3303223598524,57.27901012370481,104.15750002721325
200,219,POMO,129.1603821415555,19.263656458689574,986.0035000019707
200,220,LKH,108.75441566541662,0.0,9034.851200005505
200,220,Attention:batch_greedy_mean,169.93436363753796,56.25513924909651,30.446299992036074
200,220,Attention:greedy_rollout,158.48118297231778,45.72390647556395,31.25150001142174
200,220,PointerNet:batch_greedy_mean,196.30646836705105,80.50436588339426,111.84659996069968
200,220,PointerNet:greedy_rollout,161.90318165782935,48.87044417205561,104.49959995457903
200,220,POMO,133.98962324273344,23.203846412041827,971.0875999880955
200,221,LKH,107.47334091368703,0.0,9028.647199971601
200,221,Attention:batch_greedy_mean,168.4808071102342,56.765208634895714,41.876900009810925
200,221,Attention:greedy_rollout,157.2125064106982,46.28046832279759,44.28199998801574
200,221,PointerNet:batch_greedy_mean,194.70664788186008,81.1673911190972,108.32439997466281
200,221,PointerNet:greedy_rollout,165.45457687844365,53.94941245133709,104.63860002346337
200,221,POMO,130.25328100863103,21.19589835142356,989.6189999999478
200,222,LKH,103.92842692835092,0.0,7576.763999997638
200,222,Attention:batch_greedy_mean,162.27524841876468,56.141349594984746,29.995800054166466
200,222,Attention:greedy_rollout,147.18373287791758,41.62028352395559,39.06650003045797
200,222,PointerNet:batch_greedy_mean,192.54310013883412,85.26509621046691,121.5542999561876
200,222,PointerNet:greedy_rollout,171.7012661855367,65.21107002216911,114.28570002317429
200,222,POMO,129.21615022221823,24.331863804020504,1008.913500001654
200,223,LKH,104.48517833446209,0.0,8062.879300036002
200,223,Attention:batch_greedy_mean,150.43534346285287,43.97768742022154,37.77700004866347
200,223,Attention:greedy_rollout,150.91054569184126,44.43249090198165,43.173099984414876
200,223,PointerNet:batch_greedy_mean,185.1833413061177,77.23407688824237,125.63120003324002
200,223,PointerNet:greedy_rollout,167.41268545316402,60.22625229893176,130.88559999596328
200,223,POMO,129.48018508887822,23.922059714925215,969.1518000327051
200,224,LKH,110.29040097669514,0.0,8420.366999984253
200,224,Attention:batch_greedy_mean,167.04544756138887,51.45964298079425,32.50619996106252
200,224,Attention:greedy_rollout,162.72556606428066,47.542818435001706,34.45580002153292
200,224,PointerNet:batch_greedy_mean,194.6488916321773,76.48760899265159,124.94750000769272
200,224,PointerNet:greedy_rollout,175.12126859640594,58.78196746551847,110.71709997486323
200,224,POMO,133.10855382356408,20.68915576042789,995.2672999934293
200,225,LKH,110.02991937473129,0.0,8136.067799990997
200,225,Attention:batch_greedy_mean,171.06308080931382,55.469604796056025,30.917099968064576
200,225,Attention:greedy_rollout,155.95578472060367,41.739433789332935,29.92369997082278
200,225,PointerNet:batch_greedy_mean,190.07699186748044,72.75027824034942,114.63930003810674
200,225,PointerNet:greedy_rollout,174.1370567244204,58.263368467405705,126.26889999955893
200,225,POMO,132.6913875022248,20.595732739124227,955.6616999907419
200,226,LKH,110.23308166105454,0.0,8163.411199988332
200,226,Attention:batch_greedy_mean,165.00052899200898,49.68331330820794,61.06279999949038
200,226,Attention:greedy_rollout,160.2639381759278,45.3864264347689,218.76329998485744
200,226,PointerNet:batch_greedy_mean,191.3473744694055,73.5843465374231,153.15100003499538
200,226,PointerNet:greedy_rollout,178.97426398241208,62.35984813771551,118.02300001727417
200,226,POMO,136.65491349440202,23.969058503317108,1111.7036999785341
200,227,LKH,108.39430020741926,0.0,7933.5361999692395
200,227,Attention:batch_greedy_mean,173.06710520606862,59.66439644418009,33.43810001388192
200,227,Attention:greedy_rollout,156.15643289311978,44.06332491127735,29.955399979371578
200,227,PointerNet:batch_greedy_mean,195.8566576817675,80.6890743396872,91.21329995105043
200,227,PointerNet:greedy_rollout,177.0185600877292,63.309841706614776,94.50800000922754
200,227,POMO,134.2601453022245,23.862735443938764,975.1799000077881
200,228,LKH,109.92444546258005,0.0,8249.035199987702
200,228,Attention:batch_greedy_mean,173.52424755388938,57.85774203696998,30.666199978441
200,228,Attention:greedy_rollout,162.41848916960717,47.75465865315362,39.06660003121942
200,228,PointerNet:batch_greedy_mean,176.96395276800288,60.98689606602936,121.42959999619052
200,228,PointerNet:greedy_rollout,174.62324985555128,58.85752174660338,98.40840002289042
200,228,POMO,134.10170055885823,21.994429896404142,974.2814999772236
200,229,LKH,107.70208993420482,0.0,8427.499999990687
200,229,Attention:batch_greedy_mean,169.9057225458971,57.755269790672095,36.90710000228137
200,229,Attention:greedy_rollout,158.07957125851937,46.77484100363339,37.94070001458749
200,229,PointerNet:batch_greedy_mean,183.42672168543055,70.30934292685117,108.36210002889857
200,229,PointerNet:greedy_rollout,177.94051570025624,65.21547150009815,103.68830000516027
200,229,POMO,131.98445733023803,22.545864626087848,944.1833000164479
200,230,LKH,106.2631826383836,0.0,8247.691500000656
200,230,Attention:batch_greedy_mean,163.29562359607712,53.67093243553265,33.66690000984818
200,230,Attention:greedy_rollout,164.78563642431615,55.07312347785216,37.15300001204014
200,230,PointerNet:batch_greedy_mean,174.03900614437393,63.781096917295656,94.26179999718443
200,230,PointerNet:greedy_rollout,169.78747172986982,59.78014916762003,123.18459997186437
200,230,POMO,132.27274426754596,24.476550563776716,955.7663000305183
200,231,LKH,107.64084063728819,0.0,7751.792500028387
200,231,Attention:batch_greedy_mean,162.41759385357307,50.888448001686726,30.678700015414506
200,231,Attention:greedy_rollout,156.2077188503131,45.11937841202693,41.457400016952306
200,231,PointerNet:batch_greedy_mean,178.49261618777825,65.82239151144837,122.93019995559007
200,231,PointerNet:greedy_rollout,174.23479238690857,61.86680757540587,112.55900003015995
200,231,POMO,131.9739647250609,22.605847319389483,1014.5949000143446
200,232,LKH,110.87032010523319,0.0,8855.823000019882
200,232,Attention:batch_greedy_mean,158.68669462156765,43.128201010828946,47.408899990841746
200,232,Attention:greedy_rollout,158.17730360301928,42.668753416499925,44.20539998682216
200,232,PointerNet:batch_greedy_mean,195.32879523100974,76.17771378815567,99.11760000977665
200,232,PointerNet:greedy_rollout,173.78601102954718,56.74709955251974,110.99279997870326
200,232,POMO,134.27799969992174,21.11266529443679,955.70630003931
200,233,LKH,104.02856974436482,0.0,9255.217999976594
200,233,Attention:batch_greedy_mean,150.65297960228827,44.8188511795329,34.98220001347363
200,233,Attention:greedy_rollout,142.23139364321256,36.72339626770382,29.9226000206545
200,233,PointerNet:batch_greedy_mean,186.37891126134986,79.16127436852118,96.9401000184007
200,233,PointerNet:greedy_rollout,162.0314370317229,55.75667091251159,106.28249996807426
200,233,POMO,129.2422593172874,24.237274082381,1010.1777999661863
200,234,LKH,107.34808438866497,0.0,8630.274899944197
200,234,Attention:batch_greedy_mean,154.18686479579566,43.6326187596846,33.36739999940619
200,234,Attention:greedy_rollout,153.19175800205284,42.70562802723712,32.98970003379509
200,234,PointerNet:batch_greedy_mean,189.33543315624618,76.37523224982519,117.10819997824728
200,234,PointerNet:greedy_rollout,175.62625841802867,63.60446431643384,101.07490001246333
200,234,POMO,132.52199539969553,23.450731472660262,928.2996000256389
200,235,LKH,107.11078105526929,0.0,8520.711699966341
200,235,Attention:batch_greedy_mean,167.09084139084342,55.998154195724105,32.973899971693754
200,235,Attention:greedy_rollout,154.1772758230528,43.94188363120717,30.827199982013553
200,235,PointerNet:batch_greedy_mean,180.64714045540114,68.65448900254682,103.10250002657995
200,235,PointerNet:greedy_rollout,171.7517191431591,60.34960948938933,93.39699998963624
200,235,POMO,127.44604602644918,18.985264387799468,971.4150999789126
200,236,LKH,103.30970378283,0.0,8430.716299975757
200,236,Attention:batch_greedy_mean,167.70903390896842,62.336186987346245,33.81559997797012
200,236,Attention:greedy_rollout,149.6367447510122,44.842874649575485,41.59570002229884
200,236,PointerNet:batch_greedy_mean,180.30873286066077,74.53223294463453,125.1547000138089
200,236,PointerNet:greedy_rollout,175.50806762176416,69.88536526123839,120.47500000335276
200,236,POMO,131.15987488737795,26.95794304385241,996.164400014095
200,237,LKH,111.42240446008724,0.0,8854.243000037968
200,237,Attention:batch_greedy_mean,164.85653633035548,47.95636221385705,34.10809999331832
200,237,Attention:greedy_rollout,164.48156819060426,47.61983371981837,38.04559999844059
200,237,PointerNet:batch_greedy_mean,185.67420537589527,66.63991975007671,101.61379998316988
200,237,PointerNet:greedy_rollout,166.58879711207172,49.51104126616268,119.32579998392612
200,237,POMO,135.56975479379315,21.671898439739532,996.3412000215612
200,238,LKH,103.38753441958852,0.0,7849.835000000894
200,238,Attention:batch_greedy_mean,155.73427907612788,50.63158237635792,148.21709995158017
200,238,Attention:greedy_rollout,151.50607665294535,46.541918717272324,44.23169995425269
200,238,PointerNet:batch_greedy_mean,174.69611560217777,68.97212665231973,126.41890003578737
200,238,PointerNet:greedy_rollout,166.38271404288406,60.931117060627024,117.63220001012087
200,238,POMO,126.691606744101,22.540504960622336,952.1996999974363
200,239,LKH,104.21000191543234,0.0,7720.3353000222705
200,239,Attention:batch_greedy_mean,163.81408136566233,57.19612163389019,29.800700023770332
200,239,Attention:greedy_rollout,156.52134107774788,50.198002303816104,41.44810000434518
200,239,PointerNet:batch_greedy_mean,193.1458104170036,85.3428719574765,125.30419998802245
200,239,PointerNet:greedy_rollout,176.64795970224463,69.51152140424732,100.26289999950677
200,239,POMO,131.2957132835,25.991469983896582,933.1398999784142
200,240,LKH,106.58589976135087,0.0,8680.079600017052
200,240,Attention:batch_greedy_mean,176.15660714899929,65.27196143525492,44.527299993205816
200,240,Attention:greedy_rollout,155.02008214294443,45.44145378519972,37.292700028046966
200,240,PointerNet:batch_greedy_mean,189.36863864165676,77.66762683024584,108.07680001016706
200,240,PointerNet:greedy_rollout,169.6388892095091,59.15697065872298,111.70649999985471
200,240,POMO,130.98703578732116,22.893399671631226,978.0411000247113
200,241,LKH,108.89841506496296,0.0,8157.634000002872
200,241,Attention:batch_greedy_mean,171.82068417687503,57.78070238614218,33.7508000084199
200,241,Attention:greedy_rollout,164.46666139737476,51.02759879403457,39.40880001755431
200,241,PointerNet:batch_greedy_mean,190.0283624590455,74.50057684098043,124.00329997763038
200,241,PointerNet:greedy_rollout,167.28242428959473,53.61327728213766,192.04589998116717
200,241,POMO,133.61716262986067,22.69890480054446,1189.7339000133798
200,242,LKH,107.13614977299045,0.0,8661.672500020359
200,242,Attention:batch_greedy_mean,167.38576919211428,56.23649864848238,44.50189997442067
200,242,Attention:greedy_rollout,156.21144740820188,45.806478708817245,41.41519998665899
200,242,PointerNet:batch_greedy_mean,168.04567177473788,56.85244628522484,133.54119996074587
200,242,PointerNet:greedy_rollout,166.90231122881548,55.78524296650838,127.21550004789606
200,242,POMO,131.6655429972928,22.895533651598818,1056.332099949941
200,243,LKH,102.8515103180948,0.0,8349.975299963262
200,243,Attention:batch_greedy_mean,152.88266082060858,48.64406010935528,37.12890000315383
200,243,Attention:greedy_rollout,150.8705244833978,46.687709316850885,44.48650003178045
200,243,PointerNet:batch_greedy_mean,180.97482180003357,75.95737898288736,116.79499997990206
200,243,PointerNet:greedy_rollout,157.39047619585548,53.02689839856011,116.40599998645484
200,243,POMO,124.22992562209942,20.785708676407726,1066.6997999651358
200,244,LKH,104.93831751530735,0.0,7169.849300000351
200,244,Attention:batch_greedy_mean,156.20345924453932,48.85264309841248,40.52149999188259
200,244,Attention:greedy_rollout,148.36208452495077,41.3802775171321,36.12639999482781
200,244,PointerNet:batch_greedy_mean,177.48591761970232,69.13356514774736,105.9318000334315
200,244,PointerNet:greedy_rollout,167.31707911703302,59.44326446116928,115.6001000199467
200,244,POMO,127.78815819371412,21.77454453190911,1034.7096000332385
200,245,LKH,107.08292602731932,0.0,8651.899999997113
200,245,Attention:batch_greedy_mean,169.7339321233603,58.506998660138656,32.006499997805804
200,245,Attention:greedy_rollout,157.87386945599573,47.43141162926243,31.19210002478212
200,245,PointerNet:batch_greedy_mean,196.25086980061465,83.26999184776342,121.2701000040397
200,245,PointerNet:greedy_rollout,169.62836760374714,58.408416632611484,125.36900001578033
200,245,POMO,130.60887241474944,21.969838946526465,1037.1551000280306
200,246,LKH,105.99440143413463,0.0,9442.49819999095
200,246,Attention:batch_greedy_mean,162.5515852427529,53.35865200744886,41.56400001375005
200,246,Attention:greedy_rollout,153.43985037716524,44.762221684428695,41.12459998577833
200,246,PointerNet:batch_greedy_mean,188.02271191483538,77.38928601023657,125.92890002997592
200,246,PointerNet:greedy_rollout,174.76278094514123,64.87925643293487,116.3925000000745
200,246,POMO,128.40943379172936,21.147373874764057,1206.0143999988213
200,247,LKH,105.90727469951443,0.0,9107.610400009435
200,247,Attention:batch_greedy_mean,161.6785451298097,52.660471708418875,40.530199999921024
200,247,Attention:greedy_rollout,154.45619656425293,45.840969850734055,41.20829998282716
200,247,PointerNet:batch_greedy_mean,179.2999937222957,69.29903468011511,117.63090000022203
200,247,PointerNet:greedy_rollout,168.7218728237591,59.310938084721265,121.05420004809275
200,247,POMO,127.52883636766472,20.415558543543018,1226.8671999918297
200,248,LKH,106.29799579645389,0.0,10263.146099983715
200,248,Attention:batch_greedy_mean,158.6437907467522,49.24438561431895,39.54880003584549
200,248,Attention:greedy_rollout,158.38800119579872,49.003751208150774,32.951699977274984
200,248,PointerNet:batch_greedy_mean,181.3649203481927,70.61932258391936,112.19269997673109
200,248,PointerNet:greedy_rollout,166.7006219945836,56.823861772325856,107.17239999212325
200,248,POMO,131.16160581051582,23.390478651801057,1040.8088999683969
200,249,LKH,104.97810208801413,0.0,8055.567899951711
200,249,Attention:batch_greedy_mean,163.07268053157134,55.33971112837462,40.7188999815844
200,249,Attention:greedy_rollout,155.3872311199311,48.01870869188865,32.25310001289472
200,249,PointerNet:batch_greedy_mean,186.2917310138147,77.45770528183759,105.01489997841418
200,249,PointerNet:greedy_rollout,169.329764919147,61.300082161115995,109.81090000132099
200,249,POMO,126.96205867447904,20.941468886562134,1062.6560000237077
200,250,LKH,102.67444302580209,0.0,8975.264600012451
200,250,Attention:batch_greedy_mean,155.28576746546207,51.24091535265378,38.43830002006143
200,250,Attention:greedy_rollout,143.07301631549876,39.34627946269405,31.429900031071156
200,250,PointerNet:batch_greedy_mean,192.361813111233,87.35121169626649,104.46280002361163
200,250,PointerNet:greedy_rollout,166.26590343118036,61.935042968188036,128.7464000051841
200,250,POMO,124.56550175061393,21.320844875984005,1028.3483999664895
200,251,LKH,106.04043240474203,0.0,7969.634500041138
200,251,Attention:batch_greedy_mean,158.25598324994587,49.24117118450076,35.96619999734685
200,251,Attention:greedy_rollout,153.05298517573308,44.33455400441076,32.47660002671182
200,251,PointerNet:batch_greedy_mean,187.75436499464735,77.05922235210646,120.15060003614053
200,251,PointerNet:greedy_rollout,167.60589644522753,58.058480755244766,120.1395999523811
200,251,POMO,132.51686295635233,24.968240840958973,1055.3200999856927
200,252,LKH,106.09745921852152,0.0,8653.998299967498
200,252,Attention:batch_greedy_mean,165.23207557332773,55.73612864094207,33.44400000059977
200,252,Attention:greedy_rollout,166.17637576208185,56.62615955752529,44.702299986965954
200,252,PointerNet:batch_greedy_mean,194.92598241620175,83.7235159559536,112.19339998206124
200,252,PointerNet:greedy_rollout,172.67157002664578,62.74807266685455,112.32090002158657
200,252,POMO,134.57487620276046,26.840809566971814,1047.2586000105366
200,253,LKH,106.10790489575993,0.0,8275.127900007647
200,253,Attention:batch_greedy_mean,164.36522984347152,54.9038500052785,30.905899999197572
200,253,Attention:greedy_rollout,153.1912655068123,44.37309421697367,44.4922000169754
200,253,PointerNet:batch_greedy_mean,186.00949803702173,75.30220601354523,129.65059996349737
200,253,PointerNet:greedy_rollout,167.35637269767295,57.72281326455679,115.10809999890625
200,253,POMO,132.51576134784386,24.887737137046415,1037.0779000222683
200,254,LKH,106.47094081368539,0.0,8159.0590000269
200,254,Attention:batch_greedy_mean,173.918450720855,63.34828018961222,46.95350001566112
200,254,Attention:greedy_rollout,156.7377363722755,47.21175108854583,40.87309999158606
200,254,PointerNet:batch_greedy_mean,189.89748196535152,78.35616038901648,134.84800001606345
200,254,PointerNet:greedy_rollout,166.94715528146656,56.800676321259466,120.55519997375086
200,254,POMO,131.1061624098548,23.13797681123043,1044.3129000486806
200,255,LKH,106.61455002960618,0.0,9228.059299988672
200,255,Attention:batch_greedy_mean,166.72665604243304,56.382647580592064,38.066199980676174
200,255,Attention:greedy_rollout,159.2087257053926,49.33114257029772,37.29350003413856
200,255,PointerNet:batch_greedy_mean,182.91699927254507,71.56851407406418,113.81999996956438
200,255,PointerNet:greedy_rollout,174.31523972795526,63.500422484125316,98.36439997889102
200,255,POMO,128.74191729952148,20.754547351905224,1050.976200029254
200,256,LKH,105.73757324470819,0.0,7500.761999981478
200,256,Attention:batch_greedy_mean,165.94391467445487,56.93940156013541,38.88950002146885
200,256,Attention:greedy_rollout,158.46049147856735,49.862046778624894,34.75669998442754
200,256,PointerNet:batch_greedy_mean,201.8278788823281,90.87621617269234,114.32230001082644
200,256,PointerNet:greedy_rollout,172.765226462935,63.39057268044623,118.0327000329271
200,256,POMO,133.7912794344621,26.531445094573236,1028.859600017313
200,257,LKH,109.78092541109942,0.0,8498.00060002599
200,257,Attention:batch_greedy_mean,169.64508084456435,54.53056185242574,35.38619994651526
200,257,Attention:greedy_rollout,159.65242910486234,45.42820486073317,37.57490002317354
200,257,PointerNet:batch_greedy_mean,191.65420689473825,74.57878604780008,117.84939997596666
200,257,PointerNet:greedy_rollout,171.58426142312646,56.29697124577018,127.73539999034256
200,257,POMO,135.00475711136033,22.97651582531719,1029.3015000061132
200,258,LKH,104.0907055012309,0.0,7319.729799986817
200,258,Attention:batch_greedy_mean,169.19183257358821,62.54268981930138,38.89849997358397
200,258,Attention:greedy_rollout,148.80145774248498,42.953645117455146,31.54029999859631
200,258,PointerNet:batch_greedy_mean,189.03054175844113,81.60174902091119,114.44249999476597
200,258,PointerNet:greedy_rollout,168.38477632654724,61.767350423574605,103.22570003336295
200,258,POMO,130.95748869305618,25.81093389890375,1033.5045999963768
200,259,LKH,107.83812395611514,0.0,9866.932299977634
200,259,Attention:batch_greedy_mean,160.38608628425897,48.728557582778684,35.74620001018047
200,259,Attention:greedy_rollout,152.7004983698081,41.60159020565839,35.55840003537014
200,259,PointerNet:batch_greedy_mean,182.17224386264482,68.93120649686009,137.5213999999687
200,259,PointerNet:greedy_rollout,173.08510717508926,60.50456074841071,104.81739998795092
200,259,POMO,128.5010922184498,19.16109767520017,1078.6076000076719
200,260,LKH,103.3274298924324,0.0,8508.59969999874
200,260,Attention:batch_greedy_mean,165.56006352195908,60.22857018152208,38.858700019773096
200,260,Attention:greedy_rollout,150.84966044171983,45.991882889915864,42.844099982175976
200,260,PointerNet:batch_greedy_mean,195.03470790773758,88.75404924982242,137.51279999269173
200,260,PointerNet:greedy_rollout,174.12851405229065,68.52109283426941,196.32149999961257
200,260,POMO,128.55468457286383,24.414867094530383,1294.3325000233017
200,261,LKH,107.66925622387387,0.0,9920.37149996031
200,261,Attention:batch_greedy_mean,174.0114186297636,61.61662551838029,37.85490000154823
200,261,Attention:greedy_rollout,158.70012807436115,47.39595464872546,42.52060002181679
200,261,PointerNet:batch_greedy_mean,187.0528858709215,73.72915206360051,118.89630003133789
200,261,PointerNet:greedy_rollout,183.72714931293962,70.64030695161537,112.8993000020273
200,261,POMO,129.38864840208606,20.172324895652316,1044.1335000214167
200,262,LKH,105.23901214977472,0.0,8942.879599984735
200,262,Attention:batch_greedy_mean,160.08185813000085,52.11265752112395,32.74199995212257
200,262,Attention:greedy_rollout,157.3963686009696,49.560857124889424,35.34790000412613
200,262,PointerNet:batch_greedy_mean,182.62119815921824,73.52994334393243,120.15659996541217
200,262,PointerNet:greedy_rollout,165.85603592391854,57.599384996007466,104.21489999862388
200,262,POMO,132.14317177358654,25.5648158170871,1026.3241000357084
200,263,LKH,105.32959537732786,0.0,8239.842999959365
200,263,Attention:batch_greedy_mean,159.95786793570835,51.86412457266422,40.50589998951182
200,263,Attention:greedy_rollout,157.21631541282449,49.26129246924384,42.334600002504885
200,263,PointerNet:batch_greedy_mean,183.02162250269623,73.76087114646937,131.28700002562255
200,263,PointerNet:greedy_rollout,168.12708783279717,59.61998831430662,137.95679999748245
200,263,POMO,132.58322539361006,25.874617593137106,1068.4691000496969
200,264,LKH,107.12902193539385,0.0,8316.354600014165
200,264,Attention:batch_greedy_mean,160.78393128374051,50.08438271816227,37.159400002565235
200,264,Attention:greedy_rollout,159.6479356655541,49.02398321328159,45.241499959956855
200,264,PointerNet:batch_greedy_mean,171.6557909911828,60.23276222451002,106.06650001136586
200,264,PointerNet:greedy_rollout,174.39110487220938,62.78605154948506,95.92550003435463
200,264,POMO,132.18233090769874,23.38610818963115,1035.703299974557
200,265,LKH,105.48137163726975,0.0,9306.77480000304
200,265,Attention:batch_greedy_mean,167.59495269125637,58.88582987675145,36.74060001503676
200,265,Attention:greedy_rollout,161.76924644390394,53.362858230738055,39.05219997977838
200,265,PointerNet:batch_greedy_mean,192.0202136642565,82.0418247162895,107.80270001851022
200,265,PointerNet:greedy_rollout,164.87253913203656,56.30488736817121,97.24649996496737
200,265,POMO,129.49057053754166,22.761553559272013,1029.2620999971405
200,266,LKH,104.836070102427,0.0,7266.8407000019215
200,266,Attention:batch_greedy_mean,170.69636582912682,62.82217147433412,33.21349999168888
200,266,Attention:greedy_rollout,157.9747721508957,50.68742275111141,41.337499977089465
200,266,PointerNet:batch_greedy_mean,179.47420435100554,71.19508979653237,119.56559994723648
200,266,PointerNet:greedy_rollout,167.0021342551266,59.29835417520142,125.77410001540557
200,266,POMO,127.98414808258441,22.08026107573592,1069.9874000274576
200,267,LKH,108.80199772542444,0.0,7802.241400000639
200,267,Attention:batch_greedy_mean,170.9983794782177,57.16474242481618,31.364399997983128
200,267,Attention:greedy_rollout,164.8226354368141,51.48861131462383,34.10920000169426
200,267,PointerNet:batch_greedy_mean,183.8954327433122,69.0184340248931,120.73480000253767
200,267,PointerNet:greedy_rollout,176.16205041950332,61.91067636834248,110.26389995822683
200,267,POMO,134.37655521330942,23.505595506091343,1047.387600003276
200,268,LKH,106.99223398497466,0.0,9515.00810001744
200,268,Attention:batch_greedy_mean,162.97559044225432,52.32469158943033,33.268900006078184
200,268,Attention:greedy_rollout,158.50616133201672,48.14735184824382,36.891099996864796
200,268,PointerNet:batch_greedy_mean,188.12702453988234,75.8324109451736,119.98090002452955
200,268,PointerNet:greedy_rollout,172.3747057045883,61.10954906203339,117.73080000421032
200,268,POMO,129.10253751863576,20.665334959513167,1026.4281999552622
200,269,LKH,112.86200515540386,0.0,9080.485999991652
200,269,Attention:batch_greedy_mean,172.17079352634488,52.549826922954765,40.377400000579655
200,269,Attention:greedy_rollout,164.3378862910942,45.609575219589004,40.398099983576685
200,269,PointerNet:batch_greedy_mean,182.03401629004645,61.28901488095758,117.39870003657416
200,269,PointerNet:greedy_rollout,171.3918954853728,51.85969383529645,143.78399995621294
200,269,POMO,137.5882640648143,21.9083994435186,1135.6824000249617
200,270,LKH,106.76527860644927,0.0,9232.867099985015
200,270,Attention:batch_greedy_mean,168.13049128410137,57.47675038047928,38.469100021757185
200,270,Attention:greedy_rollout,151.09429447262718,41.520067614472715,36.156099988147616
200,270,PointerNet:batch_greedy_mean,189.21241984631737,77.2228034394768,123.3236999833025
200,270,PointerNet:greedy_rollout,161.66830985818447,51.42405093524359,121.87669996637851
200,270,POMO,131.9194407253831,23.560245847018635,1035.7562000281177
200,271,LKH,109.43352728737014,0.0,9064.415299973916
200,271,Attention:batch_greedy_mean,167.40917971672317,52.97796193401515,33.09429995715618
200,271,Attention:greedy_rollout,161.76803930947227,47.823106244828246,36.55729995807633
200,271,PointerNet:batch_greedy_mean,192.36673761149888,75.78409686671972,115.87569996481761
200,271,PointerNet:greedy_rollout,176.50108298176883,61.286113457972256,122.32710001990199
200,271,POMO,135.18188713883353,23.528767179229032,1069.713499979116
200,272,LKH,107.83803186363177,0.0,8495.10260001989
200,272,Attention:batch_greedy_mean,158.9157915936978,47.36525588176275,37.2817000024952
200,272,Attention:greedy_rollout,154.0260085633163,42.830878773911834,40.98829999566078
200,272,PointerNet:batch_greedy_mean,182.59361257433233,69.32209297479935,123.91979998210445
200,272,PointerNet:greedy_rollout,166.65110753026852,54.5383429669875,114.8601999739185
200,272,POMO,133.64908758456403,23.93502113760016,1049.1451999987476
200,273,LKH,109.60929028060713,0.0,8207.785200036597
200,273,Attention:batch_greedy_mean,166.17525450114482,51.60690674643092,34.517799969762564
200,273,Attention:greedy_rollout,156.75644317970153,43.01382919129805,39.90080003859475
200,273,PointerNet:batch_greedy_mean,182.16427015107766,66.19418817941884,113.03469998529181
200,273,PointerNet:greedy_rollout,184.00836826351087,67.87661683825989,122.88290000287816
200,273,POMO,132.9945270779721,21.335086412380917,1080.327000003308
200,274,LKH,110.1798594707293,0.0,8209.782199992333
200,274,Attention:batch_greedy_mean,162.52839815136286,47.51189458046154,34.2475000070408
200,274,Attention:greedy_rollout,163.05816522442268,47.992714828013725,33.10050000436604
200,274,PointerNet:batch_greedy_mean,198.4547490670288,80.11889833617992,109.43409998435527
200,274,PointerNet:greedy_rollout,170.66665981485212,54.898236968791856,102.39060001913458
200,274,POMO,134.30920580408355,21.899961072072816,1039.3696999526583
200,275,LKH,105.44457764891726,0.0,8728.403599990997
200,275,Attention:batch_greedy_mean,164.93423796280476,56.41794167165347,38.043899985495955
200,275,Attention:greedy_rollout,154.60220922615986,46.61940203403846,62.953899963758886
200,275,PointerNet:batch_greedy_mean,194.35332708683566,84.31799094870892,120.60570000903681
200,275,PointerNet:greedy_rollout,171.4608718655271,62.607576120617836,112.0668999501504
200,275,POMO,129.5652185344123,22.87518374420909,1032.4432000052184
200,276,LKH,110.05646576077294,0.0,9096.27660003025
200,276,Attention:batch_greedy_mean,163.21042152825265,48.29698591541107,34.20280001591891
200,276,Attention:greedy_rollout,165.78364156690753,50.63507665898286,41.97819996625185
200,276,PointerNet:batch_greedy_mean,173.59714743571928,57.73461943895525,116.37820000760257
200,276,PointerNet:greedy_rollout,165.86221279936228,50.706468404948545,126.91820005420595
200,276,POMO,137.23155783434996,24.691954158010905,1022.49760000268
200,277,LKH,107.01182950904285,0.0,8662.706699979026
200,277,Attention:batch_greedy_mean,163.7448592498501,53.01566191428688,29.829600010998547
200,277,Attention:greedy_rollout,160.69756951908653,50.168042408346125,31.48429997963831
200,277,PointerNet:batch_greedy_mean,186.47661337719404,74.25794347477832,110.61149998567998
200,277,PointerNet:greedy_rollout,172.88737328212352,61.55912301967883,123.47789999330416
200,277,POMO,134.02644223940177,25.2445106810141,1010.0130999926478
200,278,LKH,108.88635325790855,0.0,8588.399200001732
200,278,Attention:batch_greedy_mean,168.105356850114,54.38606567338987,31.278699985705316
200,278,Attention:greedy_rollout,152.01297314179104,39.607001789960435,41.52169998269528
200,278,PointerNet:batch_greedy_mean,209.306666840042,92.22488454937744,115.34330004360527
200,278,PointerNet:greedy_rollout,167.95999146265945,54.25256373939615,118.05410002125427
200,278,POMO,130.80063943276798,20.125833512812374,1038.011499971617
200,279,LKH,105.70961691744046,0.0,8798.984099994414
200,279,Attention:batch_greedy_mean,152.6099240892292,44.3671148750998,35.4440999799408
200,279,Attention:greedy_rollout,155.0208685444876,46.64783873501253,36.83539998019114
200,279,PointerNet:batch_greedy_mean,176.56139069758473,67.02490827819358,126.19509996147826
200,279,PointerNet:greedy_rollout,170.7847137487823,61.56024279433886,113.16129995975643
200,279,POMO,128.48883867294822,21.54886416180886,1026.1719999834895
200,280,LKH,107.60421591758694,0.0,8617.577800003346
200,280,Attention:batch_greedy_mean,161.40107437306733,49.995121470596374,37.58400003425777
200,280,Attention:greedy_rollout,155.13929297211922,44.175850034480945,44.78890000609681
200,280,PointerNet:batch_greedy_mean,178.19729499468826,65.60438034432397,115.33920001238585
200,280,PointerNet:greedy_rollout,175.89222844442156,63.462209119330204,115.64900004304945
200,280,POMO,129.7055223290003,20.53944283032604,1030.4315999965183
200,281,LKH,109.27190140827385,0.0,8508.100699982606
200,281,Attention:batch_greedy_mean,162.79456066092467,48.98117316790664,35.98819999024272
200,281,Attention:greedy_rollout,161.31645617031296,47.62848828591758,33.535500057041645
200,281,PointerNet:batch_greedy_mean,184.86222224386492,69.17635719832685,102.54180000629276
200,281,PointerNet:greedy_rollout,156.23898516092595,42.981849082289195,126.1915999930352
200,281,POMO,131.25787640684644,20.120428687724704,1051.7376000061631
200,282,LKH,108.76649240697284,0.0,7874.599600036163
200,282,Attention:batch_greedy_mean,163.04130362333748,49.900304786224005,34.49460002593696
200,282,Attention:greedy_rollout,155.03973253708688,42.54365393799123,44.80520001379773
200,282,PointerNet:batch_greedy_mean,193.436296704222,77.84548570385002,118.41390002518892
200,282,PointerNet:greedy_rollout,183.8959380501899,69.0740723366387,95.52859998075292
200,282,POMO,129.99219544099935,19.51492832425454,1007.9481999855489
200,283,LKH,105.40923992696924,0.0,8589.293299999554
200,283,Attention:batch_greedy_mean,156.85898323269504,48.80951929960957,40.67320004105568
200,283,Attention:greedy_rollout,156.33624628409456,48.3136074146907,32.17339998809621
200,283,PointerNet:batch_greedy_mean,179.51696083147155,70.30476735801,95.30079999240115
200,283,PointerNet:greedy_rollout,178.65173694376668,69.48394378665674,124.65409998549148
200,283,POMO,130.65193097242837,23.947322894034766,1024.9670000048354
200,284,LKH,107.54633579211702,0.0,9945.498000015505
200,284,Attention:batch_greedy_mean,162.18289748987632,50.80281098871625,30.314700037706643
200,284,Attention:greedy_rollout,159.38067330936346,48.19721391293167,37.18530002515763
200,284,PointerNet:batch_greedy_mean,183.83771857976583,70.93815165875773,123.87950002448633
200,284,PointerNet:greedy_rollout,170.98035931478665,58.98297050797267,152.57189999101683
200,284,POMO,126.00328593923254,17.161858664150216,1164.4236000138335
200,285,LKH,109.14742665331613,0.0,9103.740699996706
200,285,Attention:batch_greedy_mean,181.76496849585357,66.53161148104004,45.93120003119111
200,285,Attention:greedy_rollout,162.87043771935907,49.2205933875865,37.27720002643764
200,285,PointerNet:batch_greedy_mean,177.1549663337447,62.30796434298011,135.68229996599257
200,285,PointerNet:greedy_rollout,169.33929302852505,55.14730692313593,136.8701999890618
200,285,POMO,136.11138754570692,24.70416547523025,1030.3197999601252
200,286,LKH,109.76657527143506,0.0,8663.166899990756
200,286,Attention:batch_greedy_mean,168.73497870531264,53.7216391128704,43.51439996389672
200,286,Attention:greedy_rollout,154.2257686071802,40.50339843964771,39.0762000461109
200,286,PointerNet:batch_greedy_mean,201.86948259478632,83.90797207218647,114.85159996664152
200,286,PointerNet:greedy_rollout,179.4321761608768,63.46704424108152,115.24259997531772
200,286,POMO,137.1038943557099,24.904957649151452,996.4287000475451
200,287,LKH,107.6873297619191,0.0,8698.820399993565
200,287,Attention:batch_greedy_mean,159.8575428572796,48.44600865366539,36.2149000284262
200,287,Attention:greedy_rollout,164.29050123646533,52.56251742864044,38.06200000690296
200,287,PointerNet:batch_greedy_mean,192.7688641670582,79.00793398187318,119.30979997850955
200,287,PointerNet:greedy_rollout,181.81766126914277,68.83848979366,105.02820002147928
200,287,POMO,134.35917497077168,24.767858268767657,1023.3881999738514
200,288,LKH,108.76439116391995,0.0,9591.613600030541
200,288,Attention:batch_greedy_mean,168.5792254122582,54.99486882447647,45.06939998827875
200,288,Attention:greedy_rollout,157.04498858621812,44.39007740091514,38.33830001531169
200,288,PointerNet:batch_greedy_mean,173.5098713434075,59.5281962107515,142.79219997115433
200,288,PointerNet:greedy_rollout,173.52693401512911,59.543883947830736,133.3582000224851
200,288,POMO,130.04519233103866,19.565963583656888,1248.3987000305206
200,289,LKH,105.53246736651764,0.0,9361.962499970105
200,289,Attention:batch_greedy_mean,159.66041311202628,51.290325239455036,44.6597000118345
200,289,Attention:greedy_rollout,156.00762967651235,47.82903647528003,41.33559996262193
200,289,PointerNet:batch_greedy_mean,183.44986922965802,73.83263540359646,144.7203999850899
200,289,PointerNet:greedy_rollout,156.70626995818276,48.49105101839121,140.12980001280084
200,289,POMO,129.2744667585186,22.497341324868525,1077.0101000089198
200,290,LKH,106.97926731239923,0.0,9075.950599974021
200,290,Attention:batch_greedy_mean,171.40785534602446,60.22530313792658,35.575499990954995
200,290,Attention:greedy_rollout,161.31548012919305,50.79134881165529,40.05220002727583
200,290,PointerNet:batch_greedy_mean,193.50384423628992,80.87976212364862,115.88209995534271
200,290,PointerNet:greedy_rollout,180.7390042069182,68.94769308816343,121.72669998835772
200,290,POMO,130.5784469202228,22.05958238516404,1069.4307000376284
200,291,LKH,105.09700489892731,0.0,9406.706800044049
200,291,Attention:batch_greedy_mean,152.41196586380755,45.020275326003286,39.412900048773736
200,291,Attention:greedy_rollout,157.3093093684102,49.68010698277835,35.86090001044795
200,291,PointerNet:batch_greedy_mean,174.92319915184385,66.43975660397648,128.58860002597794
200,291,PointerNet:greedy_rollout,165.87984528860204,57.834988207447125,124.304500001017
200,291,POMO,130.38743693820987,24.063894174343588,1036.7074999958277
200,292,LKH,106.92836936113497,0.0,9171.725499967579
200,292,Attention:batch_greedy_mean,160.7076515461402,50.29468092174262,37.82209998462349
200,292,Attention:greedy_rollout,154.45464132160672,44.446831317476374,37.017099966760725
200,292,PointerNet:batch_greedy_mean,201.36199065272834,88.31484278288916,119.38089999603108
200,292,PointerNet:greedy_rollout,169.4104202233258,58.433558124473784,113.29410003963858
200,292,POMO,132.28588970427018,23.714492696969764,1040.4149999958463
200,293,LKH,106.82610046354165,0.0,9602.890500042122
200,293,Attention:batch_greedy_mean,165.05833947714788,54.51124655952422,43.887300009373575
200,293,Attention:greedy_rollout,150.3869523822112,40.77734910255973,30.80420003971085
200,293,PointerNet:batch_greedy_mean,184.3182689594525,72.54048229754292,107.28420002851635
200,293,PointerNet:greedy_rollout,159.5813545739053,49.38423651284389,113.75189997488633
200,293,POMO,128.21373451687091,20.020981726866072,1018.1612999876961
200,294,LKH,108.86343440568828,0.0,9481.621100043412
200,294,Attention:batch_greedy_mean,172.83387293846687,58.762098478712,34.734000044409186
200,294,Attention:greedy_rollout,156.2358373500411,43.51544042586033,37.86639997269958
200,294,PointerNet:batch_greedy_mean,189.37049336990242,73.95234166891902,118.03000001236796
200,294,PointerNet:greedy_rollout,165.90259599369395,52.3951516865109,117.34160000924021
200,294,POMO,130.9067181519339,20.248565431161715,1034.2078999965452
200,295,LKH,105.16537183706346,0.0,8900.874399987515
200,295,Attention:batch_greedy_mean,161.45209547167786,53.522107754082285,36.6665999754332
200,295,Attention:greedy_rollout,157.5869634519001,49.84681811048537,37.42799995234236
200,295,PointerNet:batch_greedy_mean,180.27084836061798,71.41654635132005,123.88520000968128
200,295,PointerNet:greedy_rollout,159.2281880603083,51.407431247432214,107.61840001214296
200,295,POMO,128.29330389929896,21.991965281184427,1021.088800043799
200,296,LKH,107.59407071290194,0.0,7620.405599998776
200,296,Attention:batch_greedy_mean,166.94764905239728,55.16435798573988,39.58579996833578
200,296,Attention:greedy_rollout,160.4506934588315,49.12596242126506,34.21820001676679
200,296,PointerNet:batch_greedy_mean,202.85649833282997,88.53873358330407,109.20639999676496
200,296,PointerNet:greedy_rollout,177.56757114104963,65.03471795844689,109.8525999695994
200,296,POMO,133.22988211495328,23.826416485771347,1029.9864999833517
200,297,LKH,103.34507746267536,0.0,9028.397999994922
200,297,Attention:batch_greedy_mean,160.75408308209404,55.550788706073405,32.14670001761988
200,297,Attention:greedy_rollout,153.7457470991072,48.769298813129055,45.497899991460145
200,297,PointerNet:batch_greedy_mean,179.52679509872473,73.71586485438898,99.87870004260913
200,297,PointerNet:greedy_rollout,173.9000192393425,68.27121669355671,121.51949998224154
200,297,POMO,130.3676424033241,26.147897513946283,997.1942999982275
200,298,LKH,104.54739575114243,0.0,9359.418299980462
200,298,Attention:batch_greedy_mean,156.7461529019023,49.92831889855034,39.05239998130128
200,298,Attention:greedy_rollout,158.40229845222726,51.5124287067632,38.60490000806749
200,298,PointerNet:batch_greedy_mean,187.67851700868655,79.51524823767379,105.76110001420602
200,298,PointerNet:greedy_rollout,164.28797123195466,57.14209813797243,122.52600002102554
200,298,POMO,133.26480484356188,27.46831605521426,1041.8627000181004
200,299,LKH,102.92867255606575,0.0,8873.122800025158
200,299,Attention:batch_greedy_mean,158.55772352885393,54.0462143262236,40.04450002685189
200,299,Attention:greedy_rollout,149.59575523260173,45.33924466102115,39.21620000619441
200,299,PointerNet:batch_greedy_mean,184.1540323912816,78.91422071043614,126.29809998907149
200,299,PointerNet:greedy_rollout,168.408884725962,63.61707631489064,143.40180001454428
200,299,POMO,127.68793732085658,24.054779052264895,1100.5385000025854
300,0,LKH,132.89372851763702,0.0,26632.2239000001
300,0,Attention:batch_greedy_mean,210.70359670447218,58.55044406893032,70.68219996290281
300,0,Attention:greedy_rollout,205.04217662312695,54.290333268747695,50.11980002745986
300,0,PointerNet:batch_greedy_mean,233.02754148492062,75.3487873989436,178.37529996177182
300,0,PointerNet:greedy_rollout,219.2975138871511,65.0172030940098,264.87850002013147
300,0,POMO,165.35161052477005,24.423938111440215,3397.182899992913
300,1,LKH,129.926754563291,0.0,30666.50250001112
300,1,Attention:batch_greedy_mean,215.39858126251698,65.78462379554799,57.40799999330193
300,1,Attention:greedy_rollout,207.20088509435342,59.475148741147066,68.88919998891652
300,1,PointerNet:batch_greedy_mean,251.32453373272966,93.43555111299447,198.9690000191331
300,1,PointerNet:greedy_rollout,221.91016266414738,70.79635630862205,199.16030002059415
300,1,POMO,165.92236132772,27.704537749301295,3128.7934000138193
300,2,LKH,130.89512727237405,0.0,30219.129499979317
300,2,Attention:batch_greedy_mean,222.4748262725256,69.96417735977847,61.55809998745099
300,2,Attention:greedy_rollout,204.7091038143276,56.391691639030384,65.44420000864193
300,2,PointerNet:batch_greedy_mean,229.91739769264646,75.65008146882444,238.21779998252168
300,2,PointerNet:greedy_rollout,225.63665432292964,72.37972033398312,233.97210001712665
300,2,POMO,166.58403787142288,27.265270558762133,3177.0962000009604
300,3,LKH,126.296620381841,0.0,29750.71689998731
300,3,Attention:batch_greedy_mean,216.10706189809412,71.110724297074,61.05830002343282
300,3,Attention:greedy_rollout,199.22991838414072,57.74762442715855,50.87799998000264
300,3,PointerNet:batch_greedy_mean,253.92965643944473,101.05815632415363,225.11960001429543
300,3,PointerNet:greedy_rollout,219.15834392932894,73.52668920730649,242.80670000007376
300,3,POMO,161.16440642914802,27.607853592510168,3183.821499987971
300,4,LKH,128.73092630037567,0.0,33405.399499984924
300,4,Attention:batch_greedy_mean,222.6687928943769,72.97226027474572,67.91350001003593
300,4,Attention:greedy_rollout,202.0561354410265,56.96005711133988,66.19519996456802
300,4,PointerNet:batch_greedy_mean,256.6885248442227,99.3992680867345,210.43780003674328
300,4,PointerNet:greedy_rollout,226.74461667930188,76.13841770253788,201.5537999686785
300,4,POMO,167.56994249328812,30.17069581421874,3092.799099977128
300,5,LKH,126.83981191279346,0.0,32556.67620000895
300,5,Attention:batch_greedy_mean,206.26863931805383,62.621369590070266,65.62529999064282
300,5,Attention:greedy_rollout,204.0000374893752,60.83281298905734,62.09729996044189
300,5,PointerNet:batch_greedy_mean,243.61341760661122,92.0638433097831,203.48300004843622
300,5,PointerNet:greedy_rollout,228.8377554914373,80.4147704419262,202.4997000116855
300,5,POMO,159.78218588648178,25.971635779732377,3115.017500007525
300,6,LKH,129.91927537188667,0.0,30498.15589998616
300,6,Attention:batch_greedy_mean,212.0908451133234,63.2481743037938,56.473699980415404
300,6,Attention:greedy_rollout,209.3379361009449,61.12923621358474,55.41959998663515
300,6,PointerNet:batch_greedy_mean,241.99813862787892,86.2680791092567,204.05790000222623
300,6,PointerNet:greedy_rollout,220.63304253594515,69.8231782038465,216.2747000111267
300,6,POMO,164.5078218381578,26.623106053557766,3132.2968000313267
300,7,LKH,125.27305355896408,0.0,28626.207699999213
300,7,Attention:batch_greedy_mean,217.5391619689134,73.6519992038999,65.27949997689575
300,7,Attention:greedy_rollout,200.03708495604863,59.68085655539185,64.1188999870792
300,7,PointerNet:batch_greedy_mean,249.25235335607508,98.96725295257201,190.4584000003524
300,7,PointerNet:greedy_rollout,224.73751258189375,79.39812768762222,210.61419998295605
300,7,POMO,159.04662601140643,26.959965844965737,3147.308800020255
300,8,LKH,133.4612522851578,0.0,31697.854400030337
300,8,Attention:batch_greedy_mean,215.19926349743605,61.24475067687367,62.02479999046773
300,8,Attention:greedy_rollout,211.27348530077435,58.303239092467315,64.25200001103804
300,8,PointerNet:batch_greedy_mean,242.53333201904644,81.72565285154194,181.27679999452084
300,8,PointerNet:greedy_rollout,219.63042277383573,64.56493477565009,181.32269999478012
300,8,POMO,164.64759657649046,23.367339776416056,3170.5156000098214
300,9,LKH,132.42576385998612,0.0,30864.42460003309
300,9,Attention:batch_greedy_mean,228.40029891938514,72.4742166946252,57.39400000311434
300,9,Attention:greedy_rollout,215.64921765429716,62.84536435244071,55.358099984005094
300,9,PointerNet:batch_greedy_mean,254.647875995101,92.29481376776533,194.13710001390427
300,9,PointerNet:greedy_rollout,230.65376335727686,74.17589797793977,206.406400015112
300,9,POMO,167.81835890345567,26.7263665406455,3256.7338999942876
300,10,LKH,129.5694462004717,0.0,32749.72219998017
300,10,Attention:batch_greedy_mean,214.2861345342489,65.38322947116893,56.24409997835755
300,10,Attention:greedy_rollout,201.55892055529677,55.56053256833553,59.172899986151606
300,10,PointerNet:batch_greedy_mean,242.03514333853283,86.79955069349651,197.07819999894127
300,10,PointerNet:greedy_rollout,231.1950484171806,78.43330754032267,242.21749999560416
300,10,POMO,160.71040952367517,24.034187253545657,3223.6230999697
300,11,LKH,130.182698125271,0.0,30216.619100014213
300,11,Attention:batch_greedy_mean,205.13403863730787,57.57396458315327,71.21210003970191
300,11,Attention:greedy_rollout,210.7978563145596,61.924633111932415,60.09129999438301
300,11,PointerNet:batch_greedy_mean,245.5072594266991,88.58670388783511,200.90519997756928
300,11,PointerNet:greedy_rollout,225.67830444536727,73.3550676820384,224.76130002178252
300,11,POMO,162.94832394629242,25.16895585425032,3168.9814999699593
300,12,LKH,129.52450514961276,0.0,30244.478100037668
300,12,Attention:batch_greedy_mean,222.27276853896262,71.60673054277802,67.63100001262501
300,12,Attention:greedy_rollout,194.95646065090028,50.517047276658246,70.1075000106357
300,12,PointerNet:batch_greedy_mean,238.25736290956917,83.94771138817316,195.29449997935444
300,12,PointerNet:greedy_rollout,219.20757450348046,69.24023315146077,213.6921999626793
300,12,POMO,158.63637342117295,22.475954058217237,3150.4651000141166
300,13,LKH,135.8144304273529,0.0,30523.35769997444
300,13,Attention:batch_greedy_mean,218.10987238597716,60.59403385904862,60.52649999037385
300,13,Attention:greedy_rollout,210.58170578985337,55.05105394709398,59.75120002403855
300,13,PointerNet:batch_greedy_mean,257.80794728364026,89.82367814113954,195.0965999858454
300,13,PointerNet:greedy_rollout,231.92802693816424,70.7683242556633,191.03799998993054
300,13,POMO,168.7644488908091,24.261058533895,3144.805899995845
300,14,LKH,127.34984072981642,0.0,28172.286299988627
300,14,Attention:batch_greedy_mean,213.87325197188136,67.94151507863427,66.82320003164932
300,14,Attention:greedy_rollout,200.99766274334226,57.83110649488443,69.58989996928722
300,14,PointerNet:batch_greedy_mean,242.41668227155472,90.35491594046235,196.39580004150048
300,14,PointerNet:greedy_rollout,215.8688480897161,69.50853401356059,201.13099995069206
300,14,POMO,164.2402124419043,28.96774075309129,3158.4537000162527
300,15,LKH,126.98612506573284,0.0,30375.069300003815
300,15,Attention:batch_greedy_mean,213.0872611515396,67.80357778555535,67.57780001498759
300,15,Attention:greedy_rollout,202.28450640819622,59.296542282462816,65.38649997673929
300,15,PointerNet:batch_greedy_mean,238.20890021434073,87.58655726445292,202.12290005292743
300,15,PointerNet:greedy_rollout,224.36317883903666,76.68322324419125,189.61369997123256
300,15,POMO,160.63252593505817,26.49612377093063,3036.884800007101
300,16,LKH,126.46676864433019,0.0,30850.88550002547
300,16,Attention:batch_greedy_mean,209.26899860745834,65.47350806123437,66.64920004550368
300,16,Attention:greedy_rollout,201.81389162877332,59.57859427589726,68.77449998864904
300,16,PointerNet:batch_greedy_mean,252.57163166199712,99.71383342000216,192.82709999242797
300,16,PointerNet:greedy_rollout,214.28705085161272,69.44139013645916,207.282799994573
300,16,POMO,160.78577509271503,27.13677815624606,3061.832699982915
300,17,LKH,126.29983170413243,0.0,31114.98000001302
300,17,Attention:batch_greedy_mean,221.4159364731933,75.30976366768093,60.558199998922646
300,17,Attention:greedy_rollout,203.44051027224063,61.0774199199382,53.21889999322593
300,17,PointerNet:batch_greedy_mean,237.37143362424504,87.94279487268584,208.66629999363795
300,17,PointerNet:greedy_rollout,230.8144021784728,82.75115577285503,202.986599993892
300,17,POMO,159.7558368789263,26.489350558413456,3100.0252999947406
300,18,LKH,130.42132697279874,0.0,31585.069100023247
300,18,Attention:batch_greedy_mean,216.15465467238732,65.73566585277078,80.85809997282922
300,18,Attention:greedy_rollout,207.7462577524991,59.28856313187766,70.69890003185719
300,18,PointerNet:batch_greedy_mean,241.67017748294776,85.2995848856465,304.3533999589272
300,18,PointerNet:greedy_rollout,221.76337972076834,70.0361320254166,213.2125999778509
300,18,POMO,166.27733583784996,27.492442913519437,3558.275400020648
300,19,LKH,128.94245726878071,0.0,32152.686699992046
300,19,Attention:batch_greedy_mean,209.90257387879495,62.78778792097375,72.11130001815036
300,19,Attention:greedy_rollout,193.9038097370138,50.3801105114827,54.28629997186363
300,19,PointerNet:batch_greedy_mean,250.45147119556395,94.23506927085897,188.86570003814995
300,19,PointerNet:greedy_rollout,228.3626769715716,77.10433150467213,212.66119997017086
300,19,POMO,165.058349468737,28.009309706788553,3097.223600023426
300,20,LKH,126.04797825359498,0.0,31896.450600004755
300,20,Attention:batch_greedy_mean,211.71306953401307,67.96228901670214,57.54080001497641
300,20,Attention:greedy_rollout,204.14591153283374,61.95889403486831,54.29139995248988
300,20,PointerNet:batch_greedy_mean,249.96007385115843,98.30550026614915,205.2778000361286
300,20,PointerNet:greedy_rollout,228.6866385155255,81.42824794494726,195.9950999589637
300,20,POMO,164.10300006579638,30.19090217824739,3076.194300025236
300,21,LKH,132.49884856211878,0.0,32159.21180002624
300,21,Attention:batch_greedy_mean,225.67756608658382,70.32417151970986,51.04900000151247
300,21,Attention:greedy_rollout,203.17216235992234,53.33881355555338,55.362300015985966
300,21,PointerNet:batch_greedy_mean,244.50221968477655,84.53158071796207,173.04919997695833
300,21,PointerNet:greedy_rollout,224.56748325820053,69.48636587805339,198.31030000932515
300,21,POMO,163.6996740391957,23.54799744727533,3046.288200013805
300,22,LKH,134.69878138485262,0.0,30829.76490003057
300,22,Attention:batch_greedy_mean,211.89983033659576,57.313843642853236,59.85950003378093
300,22,Attention:greedy_rollout,214.18020052630342,59.00678411808467,59.72009996185079
300,22,PointerNet:batch_greedy_mean,249.49869952920722,85.22713937281713,194.66470001498237
300,22,PointerNet:greedy_rollout,228.43516118403858,69.58962719296505,208.1377999857068
300,22,POMO,169.0689728449631,25.51633437715386,3058.6244000005536
300,23,LKH,125.16533153874826,0.0,30401.499600033276
300,23,Attention:batch_greedy_mean,210.81922214571085,68.43259994916895,60.23950001690537
300,23,Attention:greedy_rollout,201.0973635267169,60.66538637694724,52.173800009768456
300,23,PointerNet:batch_greedy_mean,229.0368038568899,82.98741435921131,191.58929999684915
300,23,PointerNet:greedy_rollout,225.7846885656484,80.3891587150478,188.19830002030358
300,23,POMO,156.65123448681783,25.155450443817394,3074.3176999967545
300,24,LKH,129.6620638389301,0.0,28199.44289996056
300,24,Attention:batch_greedy_mean,207.8318844635915,60.287348751263266,63.4048999636434
300,24,Attention:greedy_rollout,205.15958668202555,58.22637756011706,48.74380002729595
300,24,PointerNet:batch_greedy_mean,228.63645212247957,76.33257203625747,189.48070000624284
300,24,PointerNet:greedy_rollout,221.52283491971986,70.84629718288444,199.445599981118
300,24,POMO,163.03262621816788,25.73656580130611,3068.063600047026
300,25,LKH,132.5853289034053,0.0,30943.63940000767
300,25,Attention:batch_greedy_mean,224.79480648544865,69.54727068575009,65.32110000262037
300,25,Attention:greedy_rollout,212.16790258584933,60.02366501683133,54.563699988648295
300,25,PointerNet:batch_greedy_mean,252.11106149280587,90.15004418511549,211.75199997378513
300,25,PointerNet:greedy_rollout,236.3332195984342,78.24990257452555,179.06230001244694
300,25,POMO,171.95166905201603,29.69132442797723,3076.0089000104927
300,26,LKH,127.99463195350305,0.0,30649.62270000251
300,26,Attention:batch_greedy_mean,212.39261615329355,65.93869048387123,73.89830000465736
300,26,Attention:greedy_rollout,206.2057566520029,61.10500378399605,61.56830000691116
300,26,PointerNet:batch_greedy_mean,231.34100375395332,80.74273914705515,258.4424000233412
300,26,PointerNet:greedy_rollout,232.30211199496273,81.49363645137223,336.1583999940194
300,26,POMO,163.52270589246663,27.757471853874282,3551.33540002862
300,27,LKH,132.79584595135952,0.0,34450.55579999462
300,27,Attention:batch_greedy_mean,221.56599156327096,66.84708017480168,69.26350004505366
300,27,Attention:greedy_rollout,212.7428927830216,60.20297265996189,68.33340000594035
300,27,PointerNet:batch_greedy_mean,237.99882967167315,79.22159233719358,399.5969999814406
300,27,PointerNet:greedy_rollout,226.66745192889425,70.68866146002641,310.1973999873735
300,27,POMO,164.8711112612919,24.153816770504182,3802.5884000235237
300,28,LKH,129.67993532799,0.0,35977.73189999862
300,28,Attention:batch_greedy_mean,215.85114189446517,66.44914369252933,95.0769999762997
300,28,Attention:greedy_rollout,203.5927827832054,56.99636359955997,81.5009000361897
300,28,PointerNet:batch_greedy_mean,245.53607288128674,89.34006425918572,382.85009999526665
300,28,PointerNet:greedy_rollout,240.87475986580841,85.7455891357298,377.28339998284355
300,28,POMO,163.68721615561142,26.224011248624773,3992.662400007248
300,29,LKH,131.22050620729107,0.0,35355.79569998663
300,29,Attention:batch_greedy_mean,212.04013769444924,61.59070241619564,86.01540001109242
300,29,Attention:greedy_rollout,199.94385107205284,52.372412552805145,123.70090000331402
300,29,PointerNet:batch_greedy_mean,237.7743022961995,81.20209193567943,249.99769998248667
300,29,PointerNet:greedy_rollout,226.4477388949913,72.57038967466586,261.7509000119753
300,29,POMO,160.38637403372206,22.226608225666517,4057.721799996216
300,30,LKH,129.08794637202425,0.0,32785.439700004645
300,30,Attention:batch_greedy_mean,211.50723978066276,63.84739685230619,69.63120005093515
300,30,Attention:greedy_rollout,199.24511255326698,54.34834789226075,65.89849997544661
300,30,PointerNet:batch_greedy_mean,250.21042634628085,93.82942666481686,215.97279998240992
300,30,PointerNet:greedy_rollout,230.54736218727018,78.59712596468579,231.97670001536608
300,30,POMO,165.53418712699704,28.233651382087032,3377.58130003931
300,31,LKH,126.78947635907934,0.0,32774.089500017
300,31,Attention:batch_greedy_mean,215.18368421821387,69.71730651272199,61.62890000268817
300,31,Attention:greedy_rollout,197.40224731533212,55.692927350114594,62.25429999176413
300,31,PointerNet:batch_greedy_mean,247.20386289760353,94.97190933851614,217.68330002669245
300,31,PointerNet:greedy_rollout,212.8136180556266,67.84801402043735,206.7599999718368
300,31,POMO,161.0673738651264,27.035285964088164,3070.221700007096
300,32,LKH,130.17347965993287,0.0,30286.06579999905
300,32,Attention:batch_greedy_mean,217.4031951846648,67.01035860193039,56.26389995450154
300,32,Attention:greedy_rollout,207.05730679603369,59.06258889057378,59.80330001330003
300,32,PointerNet:batch_greedy_mean,250.6924628912276,92.58336148510458,183.04020003415644
300,32,PointerNet:greedy_rollout,222.6132503463167,71.01275231166507,206.70699997572228
300,32,POMO,166.28899028320322,27.744138604590617,3087.0640000212006
300,33,LKH,127.36041194184318,0.0,32032.150999992155
300,33,Attention:batch_greedy_mean,205.91456918819244,61.678629998636936,61.70310004381463
300,33,Attention:greedy_rollout,199.01517066508018,56.26140621777891,54.21609996119514
300,33,PointerNet:batch_greedy_mean,249.26777087409846,95.7184081564702,197.96330004464835
300,33,PointerNet:greedy_rollout,230.5209527828871,80.99890638556532,201.87010004883632
300,33,POMO,157.54762039411722,23.702191279075382,3247.8269999846816
300,34,LKH,124.18216390579708,0.0,33215.6678000465
300,34,Attention:batch_greedy_mean,209.28189453224712,68.52814281043254,54.44500001613051
300,34,Attention:greedy_rollout,197.1024836245184,58.720445372523635,69.26399999065325
300,34,PointerNet:batch_greedy_mean,239.27128209644633,92.67765560757526,209.20049998676404
300,34,PointerNet:greedy_rollout,220.06725779972373,77.21325742613391,198.51730001391843
300,34,POMO,160.69742069679964,29.40459051647911,3101.656799961347
300,35,LKH,129.06021492260845,0.0,32782.051099988166
300,35,Attention:batch_greedy_mean,212.78472702721345,64.87244125140407,57.470600004307926
300,35,Attention:greedy_rollout,200.50374450414097,55.35674152129217,63.23659996269271
300,35,PointerNet:batch_greedy_mean,230.48812497394567,78.58960262243397,187.4824000406079
300,35,PointerNet:greedy_rollout,223.54117342070006,73.206881419458,192.2220000415109
300,35,POMO,167.49344950701854,29.77930465051275,3079.251400020439
300,36,LKH,130.69865052830633,0.0,32413.609899987932
300,36,Attention:batch_greedy_mean,208.61927524304522,59.61853806429552,88.76100002089515
300,36,Attention:greedy_rollout,211.88369776674574,62.116209241851806,69.53450001310557
300,36,PointerNet:batch_greedy_mean,250.10523974163317,91.36023113526035,253.1811999506317
300,36,PointerNet:greedy_rollout,235.78749495704741,80.40545484131165,196.27230003243312
300,36,POMO,167.9208314282061,28.479391906068912,3307.3112999554724
300,37,LKH,130.1108501119927,0.0,35990.97119999351
300,37,Attention:batch_greedy_mean,229.8385245194517,76.64823826884427,72.89239997044206
300,37,Attention:greedy_rollout,200.25939466805147,53.9144464091031,61.16710003698245
300,37,PointerNet:batch_greedy_mean,253.56656192826932,94.8850243542428,215.71010001935065
300,37,PointerNet:greedy_rollout,217.9768147937943,67.53161985043606,232.02650004532188
300,37,POMO,163.79922794677785,25.89205881430175,3100.9189000469632
300,38,LKH,129.87080423645872,0.0,34159.68099999009
300,38,Attention:batch_greedy_mean,211.8404315441656,63.11628528800277,68.23439995059744
300,38,Attention:greedy_rollout,202.17041017868183,55.67040750019964,64.85210004029796
300,38,PointerNet:batch_greedy_mean,237.76421260393107,83.07749305304091,222.25729998899624
300,38,PointerNet:greedy_rollout,219.17116141573126,68.7609179786716,262.53960002213717
300,38,POMO,164.94030542003017,27.00337569306155,3523.687799985055
300,39,LKH,132.25316160381703,0.0,32518.222599988803
300,39,Attention:batch_greedy_mean,221.42513431667004,67.42521058209573,64.24859998514876
300,39,Attention:greedy_rollout,202.4783033803388,53.09902683982032,60.29420002596453
300,39,PointerNet:batch_greedy_mean,251.8171833611939,90.40541663234316,175.97440001554787
300,39,PointerNet:greedy_rollout,230.31570587908823,74.14759926044819,204.14839999284595
300,39,POMO,164.18924983221348,24.14769359092185,3097.7872000075877
300,40,LKH,131.99574194649296,0.0,32944.6613000473
300,40,Attention:batch_greedy_mean,215.70977167907068,63.42176535248603,54.00599999120459
300,40,Attention:greedy_rollout,206.78712953486468,56.66196991315816,48.21330000413582
300,40,PointerNet:batch_greedy_mean,247.1686721768153,87.2550345427127,175.28969998238608
300,40,PointerNet:greedy_rollout,230.39005168024738,74.54354836206798,208.59990001190454
300,40,POMO,161.52194518729084,22.369057369113396,2920.435499981977
300,41,LKH,128.60736705780943,0.0,31989.57449995214
300,41,Attention:batch_greedy_mean,211.7650689389809,64.6601386713654,57.65219999011606
300,41,Attention:greedy_rollout,201.05993701262696,56.33625165675763,46.23750003520399
300,41,PointerNet:batch_greedy_mean,255.5266046907883,98.68737735368478,176.28830001922324
300,41,PointerNet:greedy_rollout,223.92350184236292,74.11405502276443,213.9049000106752
300,41,POMO,162.50637089355655,26.358524096453518,3030.6827999884263
300,42,LKH,128.05321868200528,0.0,34269.25269997446
300,42,Attention:batch_greedy_mean,222.30877171022166,73.60654733894766,54.904600023292005
300,42,Attention:greedy_rollout,197.16418980477368,53.97050682059915,68.0521999602206
300,42,PointerNet:batch_greedy_mean,239.4782188972337,87.01460327360473,159.53490004176274
300,42,PointerNet:greedy_rollout,227.55046590656684,77.69991902479484,158.28759997384623
300,42,POMO,163.819637546393,27.93090188010543,2927.6764999958687
300,43,LKH,129.49529166511712,0.0,32249.909200007096
300,43,Attention:batch_greedy_mean,206.44063172732638,59.419411372264165,49.211999983526766
300,43,Attention:greedy_rollout,209.53675741381068,61.81032894669697,57.97720002010465
300,43,PointerNet:batch_greedy_mean,252.75433401625483,95.18418837180062,178.45700000179932
300,43,PointerNet:greedy_rollout,220.94162720567715,70.61749841611689,199.68530000187457
300,43,POMO,163.57410374359188,26.31664181783897,2900.9929000167176
300,44,LKH,130.88142005518148,0.0,30463.573699991684
300,44,Attention:batch_greedy_mean,210.4905445459807,60.82538259229986,59.58369997097179
300,44,Attention:greedy_rollout,206.4221915416727,57.71695589384815,52.40709998179227
300,44,PointerNet:batch_greedy_mean,249.30816442764723,90.48400019081039,189.60590002825484
300,44,PointerNet:greedy_rollout,226.86483782567413,73.33616775400561,203.6171000218019
300,44,POMO,162.3707124700229,24.059406141502052,2986.33390001487
300,45,LKH,129.05240600633056,0.0,29150.994099967647
300,45,Attention:batch_greedy_mean,206.71093762610457,60.17596573593873,64.48339996859431
300,45,Attention:greedy_rollout,203.26360896419058,57.50470313139273,51.75139999482781
300,45,PointerNet:batch_greedy_mean,237.2660433022346,83.85247562962577,212.18089998001233
300,45,PointerNet:greedy_rollout,221.5324199151159,71.66082118937697,204.6453999937512
300,45,POMO,162.9542803513109,26.269850670833144,2922.2165000392124
300,46,LKH,129.34367141029685,0.0,34536.60089999903
300,46,Attention:batch_greedy_mean,219.55833801811292,69.748032991612,55.242400034330785
300,46,Attention:greedy_rollout,209.01002301058048,61.59277120530346,49.43239997373894
300,46,PointerNet:batch_greedy_mean,226.90722573936048,75.4297085162968,176.51339998701587
300,46,PointerNet:greedy_rollout,221.7768151990825,71.46321329906768,169.62570004398003
300,46,POMO,159.6811559827911,23.454943130738386,2880.658099951688
300,47,LKH,128.24372328065954,0.0,34286.853199999314
300,47,Attention:batch_greedy_mean,202.75240891800124,58.09928449619364,48.823099990841
300,47,Attention:greedy_rollout,199.09940584832304,55.25079961426016,45.108199992682785
300,47,PointerNet:batch_greedy_mean,241.04138420596854,87.95569719888196,164.25440000602975
300,47,PointerNet:greedy_rollout,230.88312161559304,80.03463694695503,151.86979999998584
300,47,POMO,159.3609299072633,24.26411666051228,2883.0327999894507
300,48,LKH,132.31657638513383,0.0,31070.947300002445
300,48,Attention:batch_greedy_mean,250.66887978539307,89.44631627693511,54.65519998688251
300,48,Attention:greedy_rollout,213.95361931893606,61.69827331095789,53.73600003076717
300,48,PointerNet:batch_greedy_mean,239.89799244792812,81.30607592933563,180.7540999725461
300,48,PointerNet:greedy_rollout,239.36636391865903,80.90429064755682,195.174099993892
300,48,POMO,165.02476182224194,24.71964309438026,2839.627699984703
300,49,LKH,128.68959855717642,0.0,33738.3581000031
300,49,Attention:batch_greedy_mean,215.62594239444564,67.55506646377768,59.68900001607835
300,49,Attention:greedy_rollout,199.38379838577328,54.933887914171734,46.471100009512156
300,49,PointerNet:batch_greedy_mean,241.25415369623,87.4698160543577,156.36349999113008
300,49,PointerNet:greedy_rollout,231.95662903607666,80.24504826862055,172.06190002616495
300,49,POMO,162.90693330525545,26.589044593900386,2911.9581000413746
300,50,LKH,128.4867228312976,0.0,33711.04739996372
300,50,Attention:batch_greedy_mean,213.70385564437007,66.3236877206076,52.45459999423474
300,50,Attention:greedy_rollout,205.2225045320895,59.722732442592964,47.46279999380931
300,50,PointerNet:batch_greedy_mean,246.66432397359827,91.97650818557122,161.32369998376817
300,50,PointerNet:greedy_rollout,233.21566230392335,81.50954212610301,205.78820002265275
300,50,POMO,160.24061869811092,24.713756540048117,2961.6680000326596
300,51,LKH,130.0784552714881,0.0,33023.62990000984
300,51,Attention:batch_greedy_mean,210.1768425906677,61.57698225429061,57.22059996332973
300,51,Attention:greedy_rollout,208.7573113539756,60.4856937440378,47.34500002814457
300,51,PointerNet:batch_greedy_mean,235.36861643825927,80.94358204594216,162.96729998430237
300,51,PointerNet:greedy_rollout,227.4238583448012,74.83591565578057,182.95519996900111
300,51,POMO,167.15818417940818,28.505665162251947,2879.5992000377737
300,52,LKH,128.55795051522216,0.0,31447.86750001367
300,52,Attention:batch_greedy_mean,205.86540794571107,60.13432628683293,63.974899996537715
300,52,Attention:greedy_rollout,200.47871724062128,55.944238716595905,47.99520003143698
300,52,PointerNet:batch_greedy_mean,238.21585645413688,85.29842417325287,189.87729999935254
300,52,PointerNet:greedy_rollout,220.79154658723724,71.74476234442923,173.37259999476373
300,52,POMO,159.24805482668646,23.872583677996932,2892.669799970463
300,53,LKH,128.32214170451215,0.0,34739.17789995903
300,53,Attention:batch_greedy_mean,212.24484806489076,65.4000200165204,67.65139999333769
300,53,Attention:greedy_rollout,204.6610902722121,59.490082969068524,59.64920000405982
300,53,PointerNet:batch_greedy_mean,251.7563697855647,96.19090395583092,171.91830003866926
300,53,PointerNet:greedy_rollout,225.38799823900865,75.64232894274036,179.85139996744692
300,53,POMO,163.5131255667241,27.423937439609112,2890.3312000329606
300,54,LKH,130.50240517023013,0.0,32530.789000040386
300,54,Attention:batch_greedy_mean,211.61869498046644,62.156930904397115,58.58120002085343
300,54,Attention:greedy_rollout,198.76184965432225,52.30512372170691,67.7999000181444
300,54,PointerNet:batch_greedy_mean,236.87834145334,81.5126251078291,192.27619998855516
300,54,PointerNet:greedy_rollout,238.0552505189678,82.41445451403247,188.57699999352917
300,54,POMO,166.27618871114348,27.41235572957391,3005.6280000135303
300,55,LKH,127.72951286770669,0.0,31681.674899999052
300,55,Attention:batch_greedy_mean,210.3351724872486,64.67233591119938,62.6615000073798
300,55,Attention:greedy_rollout,201.30408729149013,57.60185940737663,56.700400018598884
300,55,PointerNet:batch_greedy_mean,244.27101671910532,91.24085830665007,166.87720001209527
300,55,PointerNet:greedy_rollout,217.8268888111062,70.53763372347319,147.3956999834627
300,55,POMO,164.94030084785075,29.13249032640123,2886.636500013992
300,56,LKH,132.22279698019426,0.0,33142.66429998679
300,56,Attention:batch_greedy_mean,233.88374927932102,76.88610029506079,53.996399976313114
300,56,Attention:greedy_rollout,200.9143187430734,51.951345253397186,45.57570000179112
300,56,PointerNet:batch_greedy_mean,249.8612017357733,88.96983534027055,187.92589998338372
300,56,PointerNet:greedy_rollout,240.98123376982977,82.25392237461632,153.64179998869076
300,56,POMO,164.07954270931356,24.093232374967187,2898.3134999871254
300,57,LKH,131.2155696116652,0.0,33780.93909996096
300,57,Attention:batch_greedy_mean,212.7473144803308,62.135724525649096,59.72170003224164
300,57,Attention:greedy_rollout,218.11476917033718,66.2262868772751,46.89830000279471
300,57,PointerNet:batch_greedy_mean,260.2607876865874,98.34596493147407,149.8135000001639
300,57,PointerNet:greedy_rollout,220.90156522513274,68.350117199426,171.85599997173995
300,57,POMO,164.77878240014655,25.57868162125294,2771.675900032278
300,58,LKH,131.5086784336994,0.0,34786.46109998226
300,58,Attention:batch_greedy_mean,229.94517920862492,74.85171469086936,56.39519996475428
300,58,Attention:greedy_rollout,204.40654483472417,55.43198157662006,68.52599995909259
300,58,PointerNet:batch_greedy_mean,254.65899461679828,93.6442504402366,176.8329000333324
300,58,PointerNet:greedy_rollout,223.14213175545203,69.6786359753056,172.6370999822393
300,58,POMO,164.56190305680678,25.133873305381353,2904.332500009332
300,59,LKH,129.80445177095635,0.0,33669.259699992836
300,59,Attention:batch_greedy_mean,214.94444899778276,65.59096861874842,55.10409997077659
300,59,Attention:greedy_rollout,199.27281254200255,53.517702839364176,59.11580001702532
300,59,PointerNet:batch_greedy_mean,249.70118029761892,92.36719302834372,169.548699981533
300,59,PointerNet:greedy_rollout,223.92957571080052,72.51301681542527,159.9611000274308
300,59,POMO,165.3814719725783,27.408166450561055,2895.633900014218
300,60,LKH,130.47258670850363,0.0,32493.520299962256
300,60,Attention:batch_greedy_mean,216.72476661096323,66.10751122391756,50.66970002371818
300,60,Attention:greedy_rollout,201.9172749288678,54.75839026628858,46.48409999208525
300,60,PointerNet:batch_greedy_mean,251.37914120673872,92.66816696779335,181.26699997810647
300,60,PointerNet:greedy_rollout,238.0454941726108,82.44866617417654,177.7087000082247
300,60,POMO,162.7038088563519,24.703443812191697,2805.3561000269838
300,61,LKH,130.17955657326797,0.0,33015.047700027935
300,61,Attention:batch_greedy_mean,224.5007954708499,72.45472436718266,61.617900035344064
300,61,Attention:greedy_rollout,212.1393641478499,62.959046513922566,53.02019999362528
300,61,PointerNet:batch_greedy_mean,238.1159060973606,82.91344076237012,192.6575999823399
300,61,PointerNet:greedy_rollout,224.84487557764174,72.71903630359503,172.26550000486895
300,61,POMO,162.21137892518067,24.60587760097682,2888.110800005961
300,62,LKH,132.0476365049903,0.0,34013.24669999303
300,62,Attention:batch_greedy_mean,219.1583816844994,65.96918164166993,49.127900041639805
300,62,Attention:greedy_rollout,208.7715947295323,58.10324232622103,66.07229996006936
300,62,PointerNet:batch_greedy_mean,254.94827190813749,93.07295356134797,193.2579999556765
300,62,PointerNet:greedy_rollout,233.636611838147,76.9335809575944,175.61990005197003
300,62,POMO,170.97177090589747,29.477342746256706,2903.6888000555336
300,63,LKH,126.75326055838727,0.0,32007.168999989517
300,63,Attention:batch_greedy_mean,209.34321477402193,65.15805104484129,54.0472999564372
300,63,Attention:greedy_rollout,195.2888333387417,54.07006689881907,65.56270003784448
300,63,PointerNet:batch_greedy_mean,232.13639377008758,83.14037267953113,169.93139998521656
300,63,PointerNet:greedy_rollout,221.146015774059,74.4696860655438,181.87540001235902
300,63,POMO,162.89710298510397,28.515118480969964,2844.4615000043996
300,64,LKH,129.358455901306,0.0,32846.13140003057
300,64,Attention:batch_greedy_mean,210.43148799587203,62.67316004175303,51.681999990250915
300,64,Attention:greedy_rollout,203.12219712141268,57.02274405345771,59.509400045499206
300,64,PointerNet:batch_greedy_mean,249.62193873362762,92.96917004333804,173.84499998297542
300,64,PointerNet:greedy_rollout,227.6222876102202,75.96243401659383,194.4443000247702
300,64,POMO,164.32433788637366,27.030225230691425,2792.9774999502115
300,65,LKH,126.61925828093972,0.0,33917.77529998217
300,65,Attention:batch_greedy_mean,207.20570362650508,63.64469863404359,57.11110000265762
300,65,Attention:greedy_rollout,204.57357439195164,61.56592383288867,49.02590002166107
300,65,PointerNet:batch_greedy_mean,238.8800890246399,88.66015507263404,185.33909996040165
300,65,PointerNet:greedy_rollout,217.53053898120356,71.79893638181967,185.43610000051558
300,65,POMO,164.8615725930761,30.20260490492312,2887.1728000231087
300,66,LKH,129.66358361337697,0.0,32345.066400012
300,66,Attention:batch_greedy_mean,222.03325384016568,71.23794333975142,54.86350000137463
300,66,Attention:greedy_rollout,200.99081743275724,55.00945742179971,54.57029998069629
300,66,PointerNet:batch_greedy_mean,245.95472064373794,89.6868139763211,163.22200000286102
300,66,PointerNet:greedy_rollout,242.1723769064991,86.7697700139108,175.19179999362677
300,66,POMO,166.73213373333294,28.588250522586765,2879.0115999872796
300,67,LKH,132.2601244790578,0.0,34445.833200006746
300,67,Attention:batch_greedy_mean,223.174352640868,68.73895553924542,57.559399981983006
300,67,Attention:greedy_rollout,209.1151186682879,58.1089685889411,49.961899989284575
300,67,PointerNet:batch_greedy_mean,239.12472954656204,80.79880877809494,194.6812000242062
300,67,PointerNet:greedy_rollout,238.7132153530614,80.48766874619076,194.3452999694273
300,67,POMO,165.71257000577302,25.29291852587975,2867.194099992048
300,68,LKH,129.24166561581956,0.0,35920.760500011966
300,68,Attention:batch_greedy_mean,206.9780669263945,60.148096157822785,51.77289998391643
300,68,Attention:greedy_rollout,202.67965028464243,56.82222085184413,46.7332000262104
300,68,PointerNet:batch_greedy_mean,265.48336773491735,105.41623823085533,157.40859997458756
300,68,PointerNet:greedy_rollout,227.61002817250855,76.1119582357413,176.858099992387
300,68,POMO,163.89198844226794,26.81048921904879,2977.4618000374176
300,69,LKH,128.29432165435867,0.0,34645.4205000191
300,69,Attention:batch_greedy_mean,214.61538000744713,67.28361570486997,60.0921000004746
300,69,Attention:greedy_rollout,202.0569861929614,57.49487864110525,64.05200000153854
300,69,PointerNet:batch_greedy_mean,244.71713301855866,90.74665960498076,188.94870002986863
300,69,PointerNet:greedy_rollout,212.54583131755624,65.67048999267631,162.32029994716868
300,69,POMO,164.56089343422687,28.26825950845665,2841.3779999827966
300,70,LKH,132.13208435259918,0.0,35479.00660004234
300,70,Attention:batch_greedy_mean,215.1905405168709,62.8601725093712,54.87739999080077
300,70,Attention:greedy_rollout,202.8767271646223,53.540851306968364,61.00370001513511
300,70,PointerNet:batch_greedy_mean,236.96555703802568,79.33990688111348,155.65710002556443
300,70,PointerNet:greedy_rollout,215.02196492400032,62.7325913895421,182.65489995246753
300,70,POMO,165.18265201832412,25.013279573739506,2832.835699955467
300,71,LKH,131.69320920565895,0.0,34695.09550003568
300,71,Attention:batch_greedy_mean,226.16997679646073,71.74004503395612,51.447899953927845
300,71,Attention:greedy_rollout,204.99544664179695,55.66136468104853,57.53079999703914
300,71,PointerNet:batch_greedy_mean,255.7834415810218,94.22675104042541,175.2445999882184
300,71,PointerNet:greedy_rollout,217.8571677339765,65.42779164395594,184.97100000968203
300,71,POMO,168.76563438517158,28.150597440159892,2850.931200024206
300,72,LKH,125.74666028425901,0.0,35737.9682000028
300,72,Attention:batch_greedy_mean,221.25960657585233,75.9566465428821,55.37160002859309
300,72,Attention:greedy_rollout,200.0989531872948,59.12864225177616,48.91949996817857
300,72,PointerNet:batch_greedy_mean,244.4115908264074,94.36825620171393,178.44410001998767
300,72,PointerNet:greedy_rollout,227.34972342795743,80.79981043951202,176.762199960649
300,72,POMO,157.77688412264686,25.472027460595232,2939.8275000276044
300,73,LKH,132.58772713601957,0.0,36296.01260001073
300,73,Attention:batch_greedy_mean,212.25891322950088,60.089412356958164,56.108899996615946
300,73,Attention:greedy_rollout,209.2661775356377,57.83223836468285,68.96970001980662
300,73,PointerNet:batch_greedy_mean,245.1264739342659,84.8787057664807,191.93929998436943
300,73,PointerNet:greedy_rollout,233.7393880054218,76.29036491864169,149.1941999993287
300,73,POMO,166.02951299896205,25.222384141659738,2864.4502999959514
300,74,LKH,130.47900116881596,0.0,35937.3414000147
300,74,Attention:batch_greedy_mean,221.25362753747922,69.57029526246718,55.26659998577088
300,74,Attention:greedy_rollout,203.33145798933572,55.83462179194797,47.45030001504347
300,74,PointerNet:batch_greedy_mean,259.72304169469965,99.05351770639749,196.50310004362836
300,74,PointerNet:greedy_rollout,225.1165341034024,72.53085330730174,177.58219997631386
300,74,POMO,163.92212324429892,25.631037773054132,2915.04160000477
300,75,LKH,127.66218146282041,0.0,34849.32419995312
300,75,Attention:batch_greedy_mean,202.88772155621234,58.92546972910703,50.5981000023894
300,75,Attention:greedy_rollout,205.054327648055,60.622609842973596,65.71509997593239
300,75,PointerNet:batch_greedy_mean,234.41705057767115,83.62293977088383,203.9121999987401
300,75,PointerNet:greedy_rollout,231.97581936996204,81.71068104262446,161.97610000381246
300,75,POMO,163.69282477610057,28.22342756517403,2956.173399987165
300,76,LKH,128.73380330499452,0.0,37219.08200002508
300,76,Attention:batch_greedy_mean,215.9939163990474,67.78337224086926,50.35980005050078
300,76,Attention:greedy_rollout,201.91357707585132,56.845810418169805,52.90479998802766
300,76,PointerNet:batch_greedy_mean,237.86479907270103,84.77260281757908,192.64449999900535
300,76,PointerNet:greedy_rollout,221.68733600885594,72.2060020891615,208.05560000007972
300,76,POMO,165.77592914040832,28.774202955578076,2951.327799994033
300,77,LKH,127.82833595404834,0.0,36675.09940004675
300,77,Attention:batch_greedy_mean,213.78279503877926,67.24210124712081,56.06890004128218
300,77,Attention:greedy_rollout,199.2235656747796,55.85242832731263,54.249799984972924
300,77,PointerNet:batch_greedy_mean,229.98323073419482,79.91568850342311,193.86340002529323
300,77,PointerNet:greedy_rollout,222.6127806239396,74.14979156418366,183.30219999188557
300,77,POMO,161.9414569282785,26.686665925537152,3017.256500024814
300,78,LKH,126.80820677480261,0.0,33621.12939998042
300,78,Attention:batch_greedy_mean,205.90657846408942,62.376382176712575,62.02780001331121
300,78,Attention:greedy_rollout,200.66489083304475,58.242826656640176,51.50949995731935
300,78,PointerNet:batch_greedy_mean,222.45965123688015,75.43001111272234,169.13080000085756
300,78,PointerNet:greedy_rollout,220.17133650303248,73.62546329042605,162.3875999939628
300,78,POMO,162.35043525352637,28.028334587084597,2900.3713999991305
300,79,LKH,126.29762761263821,0.0,36204.53240000643
300,79,Attention:batch_greedy_mean,223.4452750652912,76.91961384311207,64.0512999962084
300,79,Attention:greedy_rollout,195.8150114605733,55.04250963537394,47.69119998672977
300,79,PointerNet:batch_greedy_mean,244.35890223380227,93.47861622806131,185.10570004582405
300,79,PointerNet:greedy_rollout,226.34706769662915,79.21719669259988,204.51400004094467
300,79,POMO,162.28775645180218,28.49628256640551,3038.7322999886237
300,80,LKH,127.39166068296265,0.0,35294.83719996642
300,80,Attention:batch_greedy_mean,212.69958187443018,66.96507505602884,51.07950000092387
300,80,Attention:greedy_rollout,204.11272616962495,60.224558715500734,62.296400021295995
300,80,PointerNet:batch_greedy_mean,246.1180851547388,93.19795647161588,174.4880999904126
300,80,PointerNet:greedy_rollout,223.79961625778873,75.67838825396494,195.62209997093305
300,80,POMO,162.83840200705876,27.825009214937374,3007.3834999930114
300,81,LKH,130.3725486005539,0.0,37475.2712000045
300,81,Attention:batch_greedy_mean,213.7431142796651,63.947945003782024,64.77180001093075
300,81,Attention:greedy_rollout,205.28922766866262,57.463538047142556,69.61150001734495
300,81,PointerNet:batch_greedy_mean,236.08688886702785,81.08634938967882,197.13470002170652
300,81,PointerNet:greedy_rollout,215.67944491345224,65.43317379969966,186.27369997557253
300,81,POMO,164.17571388285612,25.92813107141989,2906.9619000074454
300,82,LKH,127.58926893021044,0.0,37333.492500009015
300,82,Attention:batch_greedy_mean,210.33674864669035,64.85457625887146,71.14100002218038
300,82,Attention:greedy_rollout,195.23230770645316,53.01624450347977,58.07470000581816
300,82,PointerNet:batch_greedy_mean,248.0601162475679,94.42083047223457,259.2966000083834
300,82,PointerNet:greedy_rollout,218.8310146275394,71.51208441145386,177.37519997172058
300,82,POMO,165.6163040114646,29.804258148116215,3716.4415000006557
300,83,LKH,128.36007008866903,0.0,43186.89680000534
300,83,Attention:batch_greedy_mean,216.32312055375814,68.52835964044401,61.903499998152256
300,83,Attention:greedy_rollout,208.69460040840255,62.58529639648821,57.31969996122643
300,83,PointerNet:batch_greedy_mean,250.6626907313115,95.2808926936218,183.23260004399344
300,83,PointerNet:greedy_rollout,219.80395883831025,71.24013619381266,186.56629999168217
300,83,POMO,161.97453062695962,26.18763024597156,3061.5707999677397
300,84,LKH,127.8184181570559,0.0,37544.0629000077
300,84,Attention:batch_greedy_mean,210.99505059492975,65.07405868195865,70.27680001920089
300,84,Attention:greedy_rollout,191.28748434078835,49.65564986553449,58.6582999676466
300,84,PointerNet:batch_greedy_mean,239.10855896870646,87.0689392157112,203.33150000078604
300,84,PointerNet:greedy_rollout,222.76299946472238,74.28082953663537,217.66660001594573
300,84,POMO,163.16808467332552,27.656160220066244,3098.065999976825
300,85,LKH,128.5503710007617,0.0,36821.90190005349
300,85,Attention:batch_greedy_mean,208.13503663835135,61.909323962291886,61.74979999195784
300,85,Attention:greedy_rollout,196.736037548284,53.04198347830385,58.7637999560684
300,85,PointerNet:batch_greedy_mean,235.9271157088129,83.52892634391151,188.52359999436885
300,85,PointerNet:greedy_rollout,224.54288664749606,74.67307554185557,179.11250004544854
300,85,POMO,160.95236222682271,25.205676945007838,3078.1666000257246
300,86,LKH,130.40119878181588,0.0,38462.985799997114
300,86,Attention:batch_greedy_mean,223.48976110436163,71.3862780343755,68.88590002199635
300,86,Attention:greedy_rollout,206.75304798620365,58.55149332801598,68.71899997349828
300,86,PointerNet:batch_greedy_mean,247.55164227879027,89.83847126512056,228.89299999224022
300,86,PointerNet:greedy_rollout,232.50945382015345,78.30315671344604,200.45379997463897
300,86,POMO,165.38030536569676,26.82422164109631,3361.375800042879
300,87,LKH,127.73939685034962,0.0,41284.09289999399
300,87,Attention:batch_greedy_mean,212.7905422751445,66.58176531429434,61.34969997219741
300,87,Attention:greedy_rollout,197.41863960001916,54.5479659899293,61.87219999264926
300,87,PointerNet:batch_greedy_mean,244.07297203690277,91.07102276585921,284.6419000416063
300,87,PointerNet:greedy_rollout,224.54127084937682,75.78075079877931,381.10100000631064
300,87,POMO,160.52682363809427,25.667435103170295,4188.675299985334
300,88,LKH,129.8546140559571,0.0,44945.932400005404
300,88,Attention:batch_greedy_mean,214.64633346116014,65.29742514090759,63.62179998541251
300,88,Attention:greedy_rollout,198.36029196730755,52.755674805540544,47.85979998996481
300,88,PointerNet:batch_greedy_mean,255.8058261076846,96.9940213271532,238.75970003427938
300,88,PointerNet:greedy_rollout,226.77612378176104,74.63847968008164,206.14219998242334
300,88,POMO,161.0747038257336,24.042341503801406,3261.5697999717668
300,89,LKH,132.10764460929244,0.0,39765.586800000165
300,89,Attention:batch_greedy_mean,221.87319194927738,67.94879100711093,63.76430002273992
300,89,Attention:greedy_rollout,203.19461522224654,53.80988422221393,62.87010002415627
300,89,PointerNet:batch_greedy_mean,239.23580444971333,81.09156752983658,163.744899968151
300,89,PointerNet:greedy_rollout,229.01633148325158,73.3558509506138,187.99950001994148
300,89,POMO,166.42869620526702,25.979610564913852,3087.829199968837
300,90,LKH,130.0853142148786,0.0,37813.615199993365
300,90,Attention:batch_greedy_mean,216.58439737845111,66.49411863716675,53.96160000236705
300,90,Attention:greedy_rollout,200.13733447482596,53.850829113756426,62.23799998406321
300,90,PointerNet:batch_greedy_mean,256.7537486173463,97.37335468416765,202.47700001345947
300,90,PointerNet:greedy_rollout,234.29436529321583,80.10823643489978,207.8285999596119
300,90,POMO,163.39582252536792,25.606663220620035,3067.8487999830395
300,91,LKH,133.2528195954285,0.0,37726.774299982935
300,91,Attention:batch_greedy_mean,221.31370467610378,66.08556978234208,55.682400008663535
300,91,Attention:greedy_rollout,208.8073296383442,56.70012107234073,54.654299980029464
300,91,PointerNet:batch_greedy_mean,237.54044125904713,78.26297558299204,196.79449999239296
300,91,PointerNet:greedy_rollout,227.44741725138897,70.68863378797278,195.68569998955354
300,91,POMO,164.8783994672221,23.73351645977372,2903.472599980887
300,92,LKH,130.67356562182167,0.0,38688.57300002128
300,92,Attention:batch_greedy_mean,214.5284647450609,64.17127957304012,57.05930001568049
300,92,Attention:greedy_rollout,212.89348435724528,62.92008513288276,60.643000004347414
300,92,PointerNet:batch_greedy_mean,242.35356190347977,85.4648725243082,192.11189995985478
300,92,PointerNet:greedy_rollout,229.6494827590279,75.74287627816737,201.60840003518388
300,92,POMO,166.86130779650097,27.69323849278677,3151.4095999882556
300,93,LKH,130.70610514209744,0.0,40060.00309996307
300,93,Attention:batch_greedy_mean,212.71625632463713,62.7439331111444,72.53700000001118
300,93,Attention:greedy_rollout,206.85888013723124,58.26259983215331,54.730999981984496
300,93,PointerNet:batch_greedy_mean,253.90285322503348,94.25477711924964,201.62540004821494
300,93,PointerNet:greedy_rollout,235.01371665970282,79.80316711618568,194.87059995299205
300,93,POMO,166.07971313487838,27.063470336235966,3151.6256000031717
300,94,LKH,127.23465443642274,0.0,36779.18519999366
300,94,Attention:batch_greedy_mean,207.04993065574524,62.73076825874118,76.84509997488931
300,94,Attention:greedy_rollout,195.93768947864544,53.997109000325516,71.42049999674782
300,94,PointerNet:batch_greedy_mean,225.27749529102198,77.05671170238433,232.86889999872074
300,94,PointerNet:greedy_rollout,213.74730888429684,67.99456864254164,224.7579999966547
300,94,POMO,162.47213933234724,27.69488002463365,3127.5206999853253
300,95,LKH,129.97176380039775,0.0,38573.21659999434
300,95,Attention:batch_greedy_mean,217.98570666979634,67.7177413738608,56.40929995570332
300,95,Attention:greedy_rollout,210.00788063074265,61.57961890342521,56.962700036820024
300,95,PointerNet:batch_greedy_mean,243.31605989548197,87.2068615373652,189.39489999320358
300,95,PointerNet:greedy_rollout,236.22008967825573,81.74723706991259,187.12169997161254
300,95,POMO,165.37001922793337,27.235342810226054,3101.594700012356
300,96,LKH,132.25841717727428,0.0,37456.556599994656
300,96,Attention:batch_greedy_mean,211.4641020768151,59.88706548134207,68.25670000398532
300,96,Attention:greedy_rollout,211.22681164065114,59.707651239716974,49.59409998264164
300,96,PointerNet:batch_greedy_mean,249.866132748349,88.92266978625466,189.5098999957554
300,96,PointerNet:greedy_rollout,229.870188638324,73.80382552908866,219.90700002061203
300,96,POMO,169.47296380841374,28.137752912359794,3246.8448999570683
300,97,LKH,131.68972174734716,0.0,41946.57540001208
300,97,Attention:batch_greedy_mean,213.66741460524224,62.250638675638704,56.71430000802502
300,97,Attention:greedy_rollout,209.0693560619361,58.759053696723086,58.6716000107117
300,97,PointerNet:batch_greedy_mean,240.58689981193692,82.6922379512002,195.0146000017412
300,97,PointerNet:greedy_rollout,222.82290054532916,69.20295493738321,183.18309995811433
300,97,POMO,164.6961453226171,25.063781088849357,3060.3469999623485
300,98,LKH,129.079489215553,0.0,39094.94310000446
300,98,Attention:batch_greedy_mean,209.97998033274558,62.674938992123586,56.869400024879724
300,98,Attention:greedy_rollout,198.1774549377912,53.53132875111538,62.926099984906614
300,98,PointerNet:batch_greedy_mean,239.09515355974523,85.23094181173462,195.0135999941267
300,98,PointerNet:greedy_rollout,227.10239333877226,75.93995352703048,186.8178999866359
300,98,POMO,165.35186601977193,28.10080596433629,3065.005000040401
300,99,LKH,130.53423447065683,0.0,36940.55559998378
300,99,Attention:batch_greedy_mean,221.9813989217294,70.05607748948745,67.35719996504486
300,99,Attention:greedy_rollout,203.01221404048215,55.5241158487951,66.83060002978891
300,99,PointerNet:batch_greedy_mean,239.2918770918194,83.31733285309956,243.5418000095524
300,99,PointerNet:greedy_rollout,234.50626383980466,79.65115802055745,216.60220000194386
300,99,POMO,165.2721185717252,26.612087045163012,3142.9464000393637
300,100,LKH,130.52609082973714,0.0,39400.05860000383
300,100,Attention:batch_greedy_mean,231.00414454478664,76.9792867282884,83.0697999917902
300,100,Attention:greedy_rollout,201.4645818311648,54.3481311287889,67.33839999651536
300,100,PointerNet:batch_greedy_mean,227.72175290353283,74.46454686257414,294.6449000155553
300,100,PointerNet:greedy_rollout,228.33483079782283,74.9342444459406,260.529899969697
300,100,POMO,165.24432112062254,26.598690016828197,3813.0687000229955
300,101,LKH,128.8262605507246,0.0,39881.651400006376
300,101,Attention:batch_greedy_mean,212.03118146474554,64.58692549044336,70.15480002155527
300,101,Attention:greedy_rollout,199.2958412335612,54.70125452806229,61.10829999670386
300,101,PointerNet:batch_greedy_mean,252.3530525026504,95.88634446413029,266.78820000961423
300,101,PointerNet:greedy_rollout,238.3121879145919,84.9872742527971,277.30309998150915
300,101,POMO,160.31210080752425,24.440545058282012,3439.3833999638446
300,102,LKH,130.62195884471296,0.0,39791.81050002808
300,102,Attention:batch_greedy_mean,236.39445925829762,80.97604824570878,65.03679999150336
300,102,Attention:greedy_rollout,201.42242572430516,54.202576278741745,51.27669998910278
300,102,PointerNet:batch_greedy_mean,241.4074624996171,84.81384342628719,204.04599996982142
300,102,PointerNet:greedy_rollout,220.5655000226132,68.85790258652271,221.0400000330992
300,102,POMO,167.07939406455054,27.910648058171596,3061.973300005775
300,103,LKH,132.18069051699203,0.0,39255.653400032315
300,103,Attention:batch_greedy_mean,217.86056172334136,64.82026298337053,60.950900020543486
300,103,Attention:greedy_rollout,197.08052936768493,49.099334098538336,57.313699973747134
300,103,PointerNet:batch_greedy_mean,230.55236602291504,74.42212256659167,194.48390003526583
300,103,PointerNet:greedy_rollout,224.92541929136937,70.1651114180364,197.72379996720701
300,103,POMO,169.50322282461659,28.235994351101297,3117.324999999255
300,104,LKH,129.16258919161393,0.0,37302.14540002635
300,104,Attention:batch_greedy_mean,240.049902244365,85.85095246755134,56.273499969393015
300,104,Attention:greedy_rollout,200.42478682229063,55.172475309362646,47.616700001526624
300,104,PointerNet:batch_greedy_mean,244.6286637249489,89.39591197110484,219.10049999132752
300,104,PointerNet:greedy_rollout,232.44225994654332,79.96097895011458,225.41029995772988
300,104,POMO,162.86588454963547,26.09369753963539,3129.507100034971
300,105,LKH,129.45071227785206,0.0,41163.71450002771
300,105,Attention:batch_greedy_mean,212.74215986036157,64.34220879660619,67.11340002948418
300,105,Attention:greedy_rollout,200.3475007081885,54.76739925398332,57.98550002509728
300,105,PointerNet:batch_greedy_mean,252.59740849718114,95.13018047749935,187.89390003075823
300,105,PointerNet:greedy_rollout,222.70507031812195,72.03850515716701,194.99240000732243
300,105,POMO,161.05373228534688,24.413168109621775,3455.2370999590494
300,106,LKH,126.91441448400184,0.0,38425.43060000753
300,106,Attention:batch_greedy_mean,207.55587337783356,63.54003146269643,75.52620000205934
300,106,Attention:greedy_rollout,197.9850103217608,55.99883679620784,63.523199991323054
300,106,PointerNet:batch_greedy_mean,228.23426753379655,79.8332115872989,220.8618000149727
300,106,PointerNet:greedy_rollout,210.704193928757,66.02069574635848,213.0263999570161
300,106,POMO,161.6275830179312,27.35163588396423,3146.018300030846
300,107,LKH,124.96999146819374,0.0,39060.088800033554
300,107,Attention:batch_greedy_mean,209.77580026986766,67.86093829834176,60.6876999954693
300,107,Attention:greedy_rollout,200.6024001921555,60.52045601940451,65.00509998295456
300,107,PointerNet:batch_greedy_mean,229.53780020166332,83.67433453821053,198.50569998379797
300,107,PointerNet:greedy_rollout,220.55422530877854,76.48574887269002,209.27120000123978
300,107,POMO,162.08653930675518,29.700368386444215,3157.9215999809094
300,108,LKH,131.5498356376487,0.0,40152.139300014824
300,108,Attention:batch_greedy_mean,217.0473422883581,64.99248458676186,61.79149996023625
300,108,Attention:greedy_rollout,209.41723598995435,59.19232051858263,52.524900005664676
300,108,PointerNet:batch_greedy_mean,250.36446988156632,90.3191050509482,167.70270001143217
300,108,PointerNet:greedy_rollout,221.7636889658142,68.57770128779005,183.47079999512061
300,108,POMO,170.134691560055,29.330979955526114,2980.4710999596864
300,109,LKH,130.44148728081876,0.0,38584.09279998159
300,109,Attention:batch_greedy_mean,216.94692630410654,66.31742770385316,63.57529998058453
300,109,Attention:greedy_rollout,203.763625393263,56.21074984724292,68.42389999656007
300,109,PointerNet:batch_greedy_mean,253.98501578712506,94.7118367642786,180.3213999955915
300,109,PointerNet:greedy_rollout,232.32993915636507,78.11046469916236,189.51940000988543
300,109,POMO,165.26827752093666,26.699166780536345,3119.8050000239164
300,110,LKH,125.79380262748721,0.0,42466.65459999349
300,110,Attention:batch_greedy_mean,205.7457272027119,63.55792010834275,59.98089996865019
300,110,Attention:greedy_rollout,199.7729647173677,58.80986228626441,55.07840000791475
300,110,PointerNet:batch_greedy_mean,252.68489049424352,100.87228879034565,174.86319999443367
300,110,PointerNet:greedy_rollout,218.58783131775584,73.76677288710263,196.17680000374094
300,110,POMO,163.0524863792506,29.61885480328266,3205.1264999900013
300,111,LKH,129.00227882979226,0.0,38566.817299986724
300,111,Attention:batch_greedy_mean,217.82767776643362,68.85568204096538,60.69200002821162
300,111,Attention:greedy_rollout,201.06856618867786,55.86435217471705,62.836900004185736
300,111,PointerNet:batch_greedy_mean,232.02176625724385,79.85865704231256,245.70899998070672
300,111,PointerNet:greedy_rollout,217.8722602253237,68.89024147611221,230.0010999897495
300,111,POMO,163.52477465032376,26.76115192203779,3294.2052999860607
300,112,LKH,130.60814317252417,0.0,43921.57369997585
300,112,Attention:batch_greedy_mean,217.5395022232829,66.55891197835079,66.66309997672215
300,112,Attention:greedy_rollout,207.4918229619157,58.86591595428594,58.854600007180125
300,112,PointerNet:batch_greedy_mean,236.18195991067626,80.8324918904149,198.90190003206953
300,112,PointerNet:greedy_rollout,215.33006018673944,64.86725479459852,188.77999996766448
300,112,POMO,161.7239409425622,23.823780825776115,3182.1272000088356
300,113,LKH,129.5213430037916,0.0,40868.83680004394
300,113,Attention:batch_greedy_mean,222.51219896674655,71.79577805970769,59.7942000022158
300,113,Attention:greedy_rollout,200.77500030241512,55.013062439089786,61.13830005051568
300,113,PointerNet:batch_greedy_mean,245.2003113719316,89.31266900525702,239.26160001428798
300,113,PointerNet:greedy_rollout,225.83365997125034,74.36019016930615,218.11509999679402
300,113,POMO,164.7050657549035,27.16442088627967,3171.4103000122122
300,114,LKH,129.0002667229354,0.0,41607.77150001377
300,114,Attention:batch_greedy_mean,211.6864850595824,64.09771114213201,50.886399985756725
300,114,Attention:greedy_rollout,202.788411250842,57.199993769305536,48.44969999976456
300,114,PointerNet:batch_greedy_mean,244.76092379143824,89.73675792247128,199.4820000254549
300,114,PointerNet:greedy_rollout,224.5643669910911,74.08054471190098,182.25979997077957
300,114,POMO,164.47137160107934,27.49692367251315,3061.5141000016592
300,115,LKH,131.29075239345852,0.0,39795.22309999447
300,115,Attention:batch_greedy_mean,213.4588392159389,62.584824387505265,56.882400007452816
300,115,Attention:greedy_rollout,203.33933103055034,54.87711611338256,66.86060002539307
300,115,PointerNet:batch_greedy_mean,250.7625862906114,90.99790481748012,190.9250000026077
300,115,PointerNet:greedy_rollout,224.1226688705558,70.7071250524135,198.35600000806153
300,115,POMO,163.09716474651802,24.225935013107776,3358.4141000173986
300,116,LKH,129.46632792405833,0.0,46248.76879999647
300,116,Attention:batch_greedy_mean,208.33880121187246,60.921225273399834,63.373499957378954
300,116,Attention:greedy_rollout,198.72463391599334,53.49522698485754,58.16060001961887
300,116,PointerNet:batch_greedy_mean,237.4132878353114,83.37840552222352,207.82050001434982
300,116,PointerNet:greedy_rollout,223.15480519456065,72.36513058859413,212.87720004329458
300,116,POMO,163.74271321040325,26.47513514591267,3126.6856999718584
300,117,LKH,131.0771302529867,0.0,42812.3889999697
300,117,Attention:batch_greedy_mean,218.35284349600948,66.5834788071538,58.66879998939112
300,117,Attention:greedy_rollout,208.19600358593397,58.83472821239161,49.1038000327535
300,117,PointerNet:batch_greedy_mean,242.37412227053605,84.9095428033399,207.85659999819472
300,117,PointerNet:greedy_rollout,229.1015042741248,74.78373521906163,214.9286000058055
300,117,POMO,167.32124911858844,27.650985946708182,3178.5997999832034
300,118,LKH,125.90435069709049,0.0,39755.11920003919
300,118,Attention:batch_greedy_mean,204.36119010430963,62.314637240754365,57.584700000006706
300,118,Attention:greedy_rollout,197.28643263534704,56.695484741422916,60.73060003109276
300,118,PointerNet:batch_greedy_mean,219.20147170646604,74.10158623814065,215.54969996213913
300,118,PointerNet:greedy_rollout,214.3225687087315,70.22649934025215,200.83320001140237
300,118,POMO,161.5957080472934,28.34799365755969,3160.5873000225984
300,119,LKH,127.18055560059237,0.0,40329.97289998457
300,119,Attention:batch_greedy_mean,217.83385541902058,71.27921354827448,67.33489996986464
300,119,Attention:greedy_rollout,207.39956036848602,63.07489725066118,55.67719996906817
300,119,PointerNet:batch_greedy_mean,244.64192565047898,92.35796265804291,226.177699980326
300,119,PointerNet:greedy_rollout,228.10256048799738,79.35332913967467,237.1659000054933
300,119,POMO,163.32812227708342,28.422243090375904,3266.7572000063956
300,120,LKH,131.08258151730627,0.0,42486.76110000815
300,120,Attention:batch_greedy_mean,218.78282352807844,66.90457343426174,63.297899963799864
300,120,Attention:greedy_rollout,208.15843992303024,58.79946634675331,60.17060001613572
300,120,PointerNet:batch_greedy_mean,235.91362888615396,79.97328566115193,198.224299994763
300,120,PointerNet:greedy_rollout,228.4321215701645,74.26580932875936,176.06420000083745
300,120,POMO,166.67162459193455,27.15009321809062,3030.3471999941394
300,121,LKH,133.2952689968769,0.0,42941.63109996589
300,121,Attention:batch_greedy_mean,226.43771683745356,69.8767844811949,154.3138999841176
300,121,Attention:greedy_rollout,213.538007074246,60.199239388795704,128.67490004282445
300,121,PointerNet:batch_greedy_mean,258.93029586498733,94.25317778611786,266.3602000102401
300,121,PointerNet:greedy_rollout,230.95475460445942,73.26553023413808,233.67819999111816
300,121,POMO,167.48006819324672,25.645920859479844,3472.5459999754094
300,122,LKH,128.2075117987307,0.0,42888.447500008624
300,122,Attention:batch_greedy_mean,209.49691598945807,63.40455644934539,48.76120004337281
300,122,Attention:greedy_rollout,203.83973270027877,58.99203552150745,48.96859999280423
300,122,PointerNet:batch_greedy_mean,250.67626951933,95.52385503967933,184.36579999979585
300,122,PointerNet:greedy_rollout,234.32991429430672,82.77393501105811,187.31949996436015
300,122,POMO,165.77016337836068,29.298323516798686,2875.9449999779463
300,123,LKH,130.24402790988617,0.0,41125.25139999343
300,123,Attention:batch_greedy_mean,216.63427706804202,66.32952815151566,56.04160000802949
300,123,Attention:greedy_rollout,199.4586975363697,53.1422981438904,46.45129997516051
300,123,PointerNet:batch_greedy_mean,232.98253161319957,78.88154670277595,175.45149999205023
300,123,PointerNet:greedy_rollout,225.2937744031296,72.97819947568487,155.0169000402093
300,123,POMO,168.37201745467803,29.274270887239474,2968.7889999477193
300,124,LKH,128.50984260261717,0.0,37194.202599988785
300,124,Attention:batch_greedy_mean,213.54491843549482,66.17008791756615,56.33639998268336
300,124,Attention:greedy_rollout,203.63470572611942,58.458450809722095,54.962499998509884
300,124,PointerNet:batch_greedy_mean,247.57296716787508,92.64903150915005,179.58409996936098
300,124,PointerNet:greedy_rollout,223.42591730441865,73.85899226046399,200.41789999231696
300,124,POMO,162.6453674328676,26.56257617232133,2871.0156000452116
300,125,LKH,127.66827860996597,0.0,41112.37419996178
300,125,Attention:batch_greedy_mean,215.1260251562634,68.5038973647369,59.18899999232963
300,125,Attention:greedy_rollout,204.28869232596952,60.01523209229083,63.86170000769198
300,125,PointerNet:batch_greedy_mean,253.9919584720187,98.94680279036183,179.77039999095723
300,125,PointerNet:greedy_rollout,228.80854695051772,79.2211420422932,199.01519996346906
300,125,POMO,162.92902863437982,27.619037718944657,2824.2032999987714
300,126,LKH,130.42580736558506,0.0,43490.076999994926
300,126,Attention:batch_greedy_mean,215.4246133606733,65.17023563966569,49.356200033798814
300,126,Attention:greedy_rollout,198.9931902835719,52.57194438964956,46.503799967467785
300,126,PointerNet:batch_greedy_mean,244.6373695072312,87.56822322863587,160.935599997174
300,126,PointerNet:greedy_rollout,227.96610158911915,74.78603828008326,164.7442000103183
300,126,POMO,165.1064544320369,26.59032576983909,2940.1477000210434
300,127,LKH,125.70398310784817,0.0,42254.43779997295
300,127,Attention:batch_greedy_mean,217.2511449621399,72.82757442598181,56.375899992417544
300,127,Attention:greedy_rollout,190.69038258584433,51.69796363750928,49.821100023109466
300,127,PointerNet:batch_greedy_mean,245.65982286814886,95.4272384967978,185.98799995379522
300,127,PointerNet:greedy_rollout,226.58164792250096,80.25017371812669,168.2380000129342
300,127,POMO,158.45271321245045,26.0522612688457,2914.931599982083
300,128,LKH,125.84014762441615,0.0,38758.78119998379
300,128,Attention:batch_greedy_mean,204.67766943139787,62.64894256345045,49.26340002566576
300,128,Attention:greedy_rollout,189.89813621026218,50.90425416301496,50.78529997263104
300,128,PointerNet:batch_greedy_mean,228.14504911971557,81.29750594431891,189.0756000066176
300,128,PointerNet:greedy_rollout,229.71532533019356,82.54533999419994,174.59409998264164
300,128,POMO,164.38702945472954,30.6316247699906,2800.2752999891527
300,129,LKH,129.0038849965609,0.0,41082.66479999293
300,129,Attention:batch_greedy_mean,221.91305609517534,72.02044426886157,48.60370000824332
300,129,Attention:greedy_rollout,200.92803077659113,55.75347268180926,51.47509998641908
300,129,PointerNet:batch_greedy_mean,243.3929523637282,88.67102519448679,135.00680000288412
300,129,PointerNet:greedy_rollout,223.89032621818828,73.55316564625703,180.91809999896213
300,129,POMO,161.7858331572266,25.41159761315685,2967.9645999567583
300,130,LKH,127.6155169655051,0.0,45927.78919998091
300,130,Attention:batch_greedy_mean,211.23247110496226,65.52256036549153,84.96819995343685
300,130,Attention:greedy_rollout,202.1407533012944,58.39825603334251,102.6687000412494
300,130,PointerNet:batch_greedy_mean,249.53006627398437,95.53270026044967,236.34510004194453
300,130,PointerNet:greedy_rollout,218.0761993558158,70.88533161273995,218.84320001117885
300,130,POMO,163.23457976329442,27.911231835088895,4328.2465999946
300,131,LKH,127.5547166582179,0.0,49617.299199977424
300,131,Attention:batch_greedy_mean,215.46134840296668,68.91680217541001,65.77200000174344
300,131,Attention:greedy_rollout,205.32596411918706,60.9708911583072,93.08459999738261
300,131,PointerNet:batch_greedy_mean,233.92918109697194,83.39516344486405,327.25450000725687
300,131,PointerNet:greedy_rollout,234.57067647622443,83.89808124834393,221.89879999496043
300,131,POMO,161.29041191624947,26.448018655732003,4004.9380999989808
300,132,LKH,129.27602271423163,0.0,44417.36550000496
300,132,Attention:batch_greedy_mean,206.01019266599576,59.35684618128083,68.214499973692
300,132,Attention:greedy_rollout,199.45718463885808,54.28784120297693,53.5024999990128
300,132,PointerNet:batch_greedy_mean,248.69693379571572,92.37669025869357,222.2145000123419
300,132,PointerNet:greedy_rollout,234.94817193804002,81.74149158146652,219.54780002124608
300,132,POMO,163.63400970818293,26.57723085270083,3303.491699974984
300,133,LKH,128.09760908886054,0.0,48782.193499966525
300,133,Attention:batch_greedy_mean,216.00649327040568,68.62648320045012,69.0020999754779
300,133,Attention:greedy_rollout,196.56435667259237,53.44888797747729,62.425300013273954
300,133,PointerNet:batch_greedy_mean,242.61034261178017,89.39490310352541,230.3657999727875
300,133,PointerNet:greedy_rollout,228.1620484102897,78.1157743951451,319.9507999815978
300,133,POMO,166.0565713069489,29.632842086659455,3541.8194999801926
300,134,LKH,132.3876972080701,0.0,51254.157400049735
300,134,Attention:batch_greedy_mean,216.28794592631127,63.37465677522697,68.05140001233667
300,134,Attention:greedy_rollout,203.86269306246177,53.989152588745746,66.9186000013724
300,134,PointerNet:batch_greedy_mean,237.37034524097422,79.29939884663585,285.36119998898357
300,134,PointerNet:greedy_rollout,232.39015084618364,75.53757316357157,267.0409000129439
300,134,POMO,166.06619735080608,25.43929749741352,3523.143800033722
300,135,LKH,129.55015298897123,0.0,47841.84459998505
300,135,Attention:batch_greedy_mean,214.5154675812533,65.5848817094915,75.39060001727194
300,135,Attention:greedy_rollout,205.74610576133108,58.815795284198934,68.41760000679642
300,135,PointerNet:batch_greedy_mean,235.7347040961659,81.96404917888,309.0440999949351
300,135,PointerNet:greedy_rollout,219.14821436077634,69.16090742048965,248.39419999625534
300,135,POMO,163.64120962908157,26.314948962671274,3177.021000010427
300,136,LKH,124.73935190714508,0.0,42745.97110005561
300,136,Attention:batch_greedy_mean,204.81988150221085,64.1982889687266,67.09670001873747
300,136,Attention:greedy_rollout,196.19102673948316,57.280780876211466,49.4126999983564
300,136,PointerNet:batch_greedy_mean,244.37608143393888,95.90937238142007,199.33779997518286
300,136,PointerNet:greedy_rollout,233.91691979620632,87.5245591866888,192.82260001637042
300,136,POMO,161.25549494682392,29.273956038236555,3743.4570000041276
300,137,LKH,127.20158582712352,0.0,45048.65690000588
300,137,Attention:batch_greedy_mean,214.08232754425865,68.30161837385624,63.26109997462481
300,137,Attention:greedy_rollout,198.77068409193635,56.2643129010047,58.965800039004534
300,137,PointerNet:batch_greedy_mean,227.12500943499884,78.5551712725333,172.79559996677563
300,137,PointerNet:greedy_rollout,225.1631797987833,77.01287160428716,179.49930002214387
300,137,POMO,163.44171580780923,28.490313029539394,3339.477200002875
300,138,LKH,131.91096495677698,0.0,46493.17949998658
300,138,Attention:batch_greedy_mean,210.41895476763844,59.5158937974459,55.73349999031052
300,138,Attention:greedy_rollout,205.22510291519438,55.57850174353596,64.16740000713617
300,138,PointerNet:batch_greedy_mean,267.50429303990177,102.79155195897052,207.33870001276955
300,138,PointerNet:greedy_rollout,241.33546690324354,82.95330261765692,220.79090005718172
300,138,POMO,166.43173537381176,26.169750504323986,3240.0283999741077
300,139,LKH,124.5644122472702,0.0,48867.87790001836
300,139,Attention:batch_greedy_mean,200.8405037777817,61.23425636135739,60.423599963542074
300,139,Attention:greedy_rollout,203.63902366746427,63.480901160778345,57.03009996796027
300,139,PointerNet:batch_greedy_mean,249.0578150558875,99.94299379945538,201.39150001341477
300,139,PointerNet:greedy_rollout,211.54435989941823,69.82728540434644,194.40870004473254
300,139,POMO,164.17056884139274,31.795723898653485,3381.430300010834
300,140,LKH,130.49516271362762,0.0,44215.49329999834
300,140,Attention:batch_greedy_mean,232.72579617872043,78.34055403987541,66.92340003792197
300,140,Attention:greedy_rollout,209.93145650122318,60.87297960761884,61.47269997745752
300,140,PointerNet:batch_greedy_mean,237.48677495347238,81.98894887363637,194.41390002612025
300,140,PointerNet:greedy_rollout,215.73810504741616,65.32268366211754,213.35509995697066
300,140,POMO,164.0499310448728,25.713419281970868,3198.9904000074603
300,141,LKH,133.25905311868138,0.0,44831.9940000074
300,141,Attention:batch_greedy_mean,214.31738509283,60.827636154638995,72.66780000645667
300,141,Attention:greedy_rollout,199.7327651042878,49.883073929997465,68.36590002058074
300,141,PointerNet:batch_greedy_mean,244.77145994130754,83.68092389438824,209.67509999172762
300,141,PointerNet:greedy_rollout,229.20335851180323,71.99833943565037,207.54909998504445
300,141,POMO,166.48414735255596,24.932710728691806,3135.1759000099264
300,142,LKH,130.24609887625382,0.0,46197.331800009124
300,142,Attention:batch_greedy_mean,219.98859368024998,68.90225164383622,68.53339995723218
300,142,Attention:greedy_rollout,201.50693146802857,54.71245066578102,61.549600039143115
300,142,PointerNet:batch_greedy_mean,230.81829650490437,77.21705179377672,208.26579997083172
300,142,PointerNet:greedy_rollout,228.25633441916932,75.2500354241201,194.83280001441017
300,142,POMO,166.62246952127782,27.928952159699623,3206.5226000268012
300,143,LKH,129.3540880572126,0.0,46732.541500008665
300,143,Attention:batch_greedy_mean,208.38444707967284,61.09614331439261,63.84550000075251
300,143,Attention:greedy_rollout,197.32477732703308,52.546224313960145,52.243800018914044
300,143,PointerNet:batch_greedy_mean,257.2294682680878,98.85685263717112,212.1055999887176
300,143,PointerNet:greedy_rollout,223.66538876770736,72.90940868353644,219.11889995681122
300,143,POMO,164.98780008499438,27.547418533862782,3128.292200039141
300,144,LKH,128.3715546957742,0.0,43360.39449996315
300,144,Attention:batch_greedy_mean,213.13679574219304,66.03117119466437,55.830499972216785
300,144,Attention:greedy_rollout,211.13475891471688,64.4716069810652,64.89159999182448
300,144,PointerNet:batch_greedy_mean,252.74089196253516,96.88231755197012,177.68340004840866
300,144,PointerNet:greedy_rollout,234.099675686769,82.36101934073967,216.3179999915883
300,144,POMO,170.84520289389792,33.086495134207404,3144.2543999874033
300,145,LKH,130.7279120824408,0.0,44291.23239999171
300,145,Attention:batch_greedy_mean,219.5301620212954,67.9290661988492,65.1066999998875
300,145,Attention:greedy_rollout,201.2600096120976,53.95335732523381,63.21709998883307
300,145,PointerNet:batch_greedy_mean,244.72281018244556,87.20012144622662,218.922299973201
300,145,PointerNet:greedy_rollout,232.78768270324446,78.07037456273439,201.72430004458874
300,145,POMO,165.51642617056643,26.611389667255587,3299.5835000183433
300,146,LKH,125.48849059102247,0.0,47857.222600025125
300,146,Attention:batch_greedy_mean,206.97058111523273,64.93192335045869,69.92560002254322
300,146,Attention:greedy_rollout,207.11980913744532,65.05084104682251,65.94599998788908
300,146,PointerNet:batch_greedy_mean,229.35857075689597,82.77259506164181,219.77830003015697
300,146,PointerNet:greedy_rollout,215.22454399586871,71.50938941269409,209.60609999019653
300,146,POMO,163.13932939245012,30.00341993445032,3262.5699999625795
300,147,LKH,129.29195249620292,0.0,44338.99060002295
300,147,Attention:batch_greedy_mean,212.22044199776593,64.14048817462051,54.15429995628074
300,147,Attention:greedy_rollout,199.86613622848114,54.58513261631721,55.271900026127696
300,147,PointerNet:batch_greedy_mean,234.56286840735854,81.42108915421262,194.44859999930486
300,147,PointerNet:greedy_rollout,220.9111316972203,70.86224427131927,191.65130000328645
300,147,POMO,166.79044128484816,29.00295653725741,3086.8941000080667
300,148,LKH,128.82997604473042,0.0,44952.146299998276
300,148,Attention:batch_greedy_mean,215.22652689336297,67.0624597637395,66.37059996137396
300,148,Attention:greedy_rollout,198.47628842918533,54.06064219112589,54.76490000728518
300,148,PointerNet:batch_greedy_mean,248.1417070688875,92.61177769895063,200.53199998801574
300,148,PointerNet:greedy_rollout,217.64812284311895,68.94214337783501,196.62100001005456
300,148,POMO,165.85314138398505,28.7380052965313,3095.754100009799
300,149,LKH,133.20996809132743,0.0,48477.400900039356
300,149,Attention:batch_greedy_mean,218.8883883612068,64.31832504541936,65.53750002058223
300,149,Attention:greedy_rollout,208.7963151032265,56.74226042909779,69.41150000784546
300,149,PointerNet:batch_greedy_mean,244.17749970703784,83.30272366676958,214.28050001850352
300,149,PointerNet:greedy_rollout,231.4927832674458,73.78037588653774,205.8680999907665
300,149,POMO,164.04684283759497,23.149074493528957,3300.6958999903873
300,150,LKH,128.30680729830593,0.0,48449.91939997999
300,150,Attention:batch_greedy_mean,211.72553622242384,65.01504532816733,60.300800018012524
300,150,Attention:greedy_rollout,205.77321630313236,60.37591507106984,64.25679998937994
300,150,PointerNet:batch_greedy_mean,240.51916623857642,87.45627866757158,193.43000004300848
300,150,PointerNet:greedy_rollout,232.99942571045827,81.59552919803237,228.32350002136081
300,150,POMO,161.53653830141025,25.898650042664624,3229.639099969063
300,151,LKH,129.1378913596645,0.0,45324.87990002846
300,151,Attention:batch_greedy_mean,211.86849796097044,64.06377379269055,73.47460003802553
300,151,Attention:greedy_rollout,212.13973982973278,64.27381428964034,76.13010000204667
300,151,PointerNet:batch_greedy_mean,241.8347814143782,87.26864661344,311.03410001378506
300,151,PointerNet:greedy_rollout,235.4699966096987,82.33997328784511,377.9283000039868
300,151,POMO,163.69413667818367,26.75918350120483,3330.1285000052303
300,152,LKH,131.26683517374192,0.0,48658.42710004654
300,152,Attention:batch_greedy_mean,221.2021064042828,68.51332334744302,57.48449999373406
300,152,Attention:greedy_rollout,207.85794329588856,58.3476458625458,65.50359999528155
300,152,PointerNet:batch_greedy_mean,238.97808647444984,82.05519022237692,189.29760000901297
300,152,PointerNet:greedy_rollout,222.8715792578826,69.78513953116537,192.3588000354357
300,152,POMO,164.51446078773833,25.328275470335342,3147.5284000043757
300,153,LKH,128.41854506777264,0.0,51182.87540000165
300,153,Attention:batch_greedy_mean,213.48274681607143,66.23981116076834,75.78439998906106
300,153,Attention:greedy_rollout,197.6616138180407,53.91983588797488,63.943899993319064
300,153,PointerNet:batch_greedy_mean,242.46450720095595,88.80801606418743,198.68020003195852
300,153,PointerNet:greedy_rollout,228.34506795488363,77.81315606275943,217.15360000962391
300,153,POMO,164.50285999143787,28.098990612782448,3237.0635999832302
300,154,LKH,130.86741717270846,0.0,45488.26039995765
300,154,Attention:batch_greedy_mean,207.41972430898164,58.49607854279382,63.91199998324737
300,154,Attention:greedy_rollout,208.515188991369,59.33315831868765,48.92969998763874
300,154,PointerNet:batch_greedy_mean,240.42629798743585,83.71746243768244,204.75910004461184
300,154,PointerNet:greedy_rollout,232.19064916648517,77.42433845092116,196.69180002529174
300,154,POMO,165.13394778382062,26.18415748657277,3246.712199994363
300,155,LKH,129.54395119358688,0.0,45015.64170001075
300,155,Attention:batch_greedy_mean,209.03516338085814,61.36234957700325,54.16110000805929
300,155,Attention:greedy_rollout,196.20084780711852,51.45504363528439,67.59429996600375
300,155,PointerNet:batch_greedy_mean,236.55881749901914,82.60892563444527,211.97629999369383
300,155,PointerNet:greedy_rollout,227.65004485745385,75.73189852551275,198.86599999153987
300,155,POMO,159.5432172938563,23.15759695752937,3324.8454999993555
300,156,LKH,130.1282598792304,0.0,48133.665700035635
300,156,Attention:batch_greedy_mean,213.99048306376199,64.44581927274102,59.9246000056155
300,156,Attention:greedy_rollout,189.25769175804254,45.439347251464866,68.9859000267461
300,156,PointerNet:batch_greedy_mean,237.31215385879264,82.36788387014289,206.55369997257367
300,156,PointerNet:greedy_rollout,223.0830565806407,71.43321273002489,203.80100002512336
300,156,POMO,171.6442198766541,31.90387701791592,3189.632599998731
300,157,LKH,129.66260479970887,0.0,49719.908399973065
300,157,Attention:batch_greedy_mean,203.47605339143496,56.92732203378643,64.8520000395365
300,157,Attention:greedy_rollout,201.89766400192042,55.71001701978282,67.48989998595789
300,157,PointerNet:batch_greedy_mean,241.87191355597838,86.5394528589028,206.87350002117455
300,157,PointerNet:greedy_rollout,225.65882807678,74.03539626969354,221.41719999490306
300,157,POMO,161.7252499842965,24.72775032872055,3302.195099997334
300,158,LKH,135.45984227540637,0.0,48254.34959999984
300,158,Attention:batch_greedy_mean,220.38892085091953,62.69686805248303,67.29870004346594
300,158,Attention:greedy_rollout,205.3537470800189,51.597509365550344,63.31429997226223
300,158,PointerNet:batch_greedy_mean,248.10827437241517,83.16002012462172,207.11210003355518
300,158,PointerNet:greedy_rollout,226.702270348332,67.35754784611268,225.60790000716224
300,158,POMO,170.2862619870595,25.709774296685488,3540.313499979675
300,159,LKH,131.4223134403942,0.0,47012.76070001768
300,159,Attention:batch_greedy_mean,225.2578623773254,71.400013042298,57.18349997187033
300,159,Attention:greedy_rollout,201.5668476044808,53.37338259221883,54.106099996715784
300,159,PointerNet:batch_greedy_mean,248.71758871758794,89.25065478351387,206.0034000314772
300,159,PointerNet:greedy_rollout,219.7555968154002,67.21330728595723,209.78549995925277
300,159,POMO,164.39494501631916,25.089066470344477,3164.0137000358663
300,160,LKH,130.9755380695663,0.0,44834.89290002035
300,160,Attention:batch_greedy_mean,216.2204250949535,65.08458623785934,59.27119997795671
300,160,Attention:greedy_rollout,210.65125493635182,60.83251730904634,67.83419998828322
300,160,PointerNet:batch_greedy_mean,250.9328654632494,91.58758128557487,201.4822000055574
300,160,PointerNet:greedy_rollout,231.21582977378526,76.5335979387062,196.66130002588034
300,160,POMO,164.1757483266261,25.348405317812727,3212.565599998925
300,161,LKH,130.8397792534185,0.0,45017.93969998835
300,161,Attention:batch_greedy_mean,212.46236358566526,62.38361513447309,82.48169999569654
300,161,Attention:greedy_rollout,202.26009940597928,54.586090377170024,61.80359999416396
300,161,PointerNet:batch_greedy_mean,245.61586840473814,87.72262518802808,260.8059999765828
300,161,PointerNet:greedy_rollout,228.67568153251744,74.77534954381449,226.32770001655445
300,161,POMO,165.9831663507398,26.859864253709443,3322.20180000877
300,162,LKH,129.80423682201135,0.0,51052.28360003093
300,162,Attention:batch_greedy_mean,211.7770031225793,63.15107141916306,57.050000003073364
300,162,Attention:greedy_rollout,201.61651094506715,55.323520927537515,59.192399960011244
300,162,PointerNet:batch_greedy_mean,233.2238394305464,79.67351847717026,200.13040001504123
300,162,PointerNet:greedy_rollout,226.69887069870254,74.64674208558687,206.0279999859631
300,162,POMO,159.96397402836158,23.234786432823075,3204.4151999871247
300,163,LKH,128.93577256045285,0.0,46362.77400003746
300,163,Attention:batch_greedy_mean,211.3224800966167,63.897478488784785,69.68960002996027
300,163,Attention:greedy_rollout,197.51946171122438,53.19213418340932,63.51480004377663
300,163,PointerNet:batch_greedy_mean,253.28310260794308,96.44129598648716,189.85790002625436
300,163,PointerNet:greedy_rollout,228.17092361973693,76.96479346936606,196.11130002886057
300,163,POMO,166.12564317639254,28.843717982534944,3151.476300030481
300,164,LKH,132.49507872968366,0.0,45022.69380004145
300,164,Attention:batch_greedy_mean,231.37225658511096,74.62705694688965,59.531900042202324
300,164,Attention:greedy_rollout,200.348728346138,51.21220370372343,65.6209000153467
300,164,PointerNet:batch_greedy_mean,252.04024457096992,90.22611782070956,222.61900000739843
300,164,PointerNet:greedy_rollout,221.574210782029,67.2320307338241,225.482199981343
300,164,POMO,170.57962234775357,28.744119391611495,3143.5686000040732
300,165,LKH,130.863378816619,0.0,47685.963099997025
300,165,Attention:batch_greedy_mean,217.68867148122104,66.34804438778228,67.21339997602627
300,165,Attention:greedy_rollout,208.07576296309148,59.00228531824131,65.02649997128174
300,165,PointerNet:batch_greedy_mean,251.7811572507194,92.40001253791901,204.310400004033
300,165,PointerNet:greedy_rollout,232.22904513465113,77.45915414584971,238.19980002008379
300,165,POMO,159.93279522813987,22.213560947601948,3286.5306999883614
300,166,LKH,128.4209708735412,0.0,47582.017800014
300,166,Attention:batch_greedy_mean,206.54305712630844,60.83281081070139,68.05659999372438
300,166,Attention:greedy_rollout,191.37824014660487,49.024134333214946,58.312300010584295
300,166,PointerNet:batch_greedy_mean,232.98616291145368,81.4237669491535,201.5118999988772
300,166,PointerNet:greedy_rollout,223.74377092013856,74.22681778388338,214.851800003089
300,166,POMO,166.30247036768088,29.49790772991616,3280.4416000144556
300,167,LKH,128.16791136925485,0.0,50219.089399965014
300,167,Attention:batch_greedy_mean,214.06417042300802,67.0185369614739,60.712300008162856
300,167,Attention:greedy_rollout,203.3342028651693,58.64673200404938,69.31699998676777
300,167,PointerNet:batch_greedy_mean,230.67593806447394,79.9794781705469,203.8444000063464
300,167,PointerNet:greedy_rollout,229.67803226481175,79.20088562815366,207.77040004031733
300,167,POMO,166.72086070255128,30.08003245229178,3332.3726000380702
300,168,LKH,131.55064421958934,0.0,46699.41689999541
300,168,Attention:batch_greedy_mean,215.39143744682588,63.732712009594024,57.88820004090667
300,168,Attention:greedy_rollout,209.84362650684875,59.515468549564666,58.61080001341179
300,168,PointerNet:batch_greedy_mean,252.68799563352582,92.08419474687588,187.40980001166463
300,168,PointerNet:greedy_rollout,235.35948031346624,78.9116896460007,155.72410001186654
300,168,POMO,169.2037422581459,28.622511324007327,2944.3834999692626
300,169,LKH,130.12596261961625,0.0,46194.0969999996
300,169,Attention:batch_greedy_mean,210.3053305052499,61.61673371824631,56.02700001327321
300,169,Attention:greedy_rollout,202.38791570725516,55.532310103922,48.85339998872951
300,169,PointerNet:batch_greedy_mean,239.15672348304267,83.78862962354773,167.76979999849573
300,169,PointerNet:greedy_rollout,234.58081115866986,80.27210437965839,169.828400015831
300,169,POMO,163.1178764943421,25.353828867470295,2873.387500003446
300,170,LKH,132.38113932265594,0.0,41989.018800028134
300,170,Attention:batch_greedy_mean,215.1124061500658,62.494753596104665,54.34119998244569
300,170,Attention:greedy_rollout,202.98405170459029,53.33305993828324,52.9493999783881
300,170,PointerNet:batch_greedy_mean,236.89288584316608,78.9476107059186,174.6424000011757
300,170,PointerNet:greedy_rollout,234.19404862678064,76.90892360124919,161.09180002240464
300,170,POMO,165.80131684905672,25.245422193372217,2921.107000031043
300,171,LKH,128.5545080592425,0.0,46012.96020002337
300,171,Attention:batch_greedy_mean,212.0322309212512,64.93566357357084,68.81229998543859
300,171,Attention:greedy_rollout,202.8129377707264,57.7641584356287,60.830899979919195
300,171,PointerNet:batch_greedy_mean,251.27897107222054,95.46492368546285,168.11289999168366
300,171,PointerNet:greedy_rollout,228.21466986820133,77.52366160744194,187.03889998141676
300,171,POMO,163.79758829701643,27.41489253844966,2870.2432999853045
300,172,LKH,133.06988705841923,0.0,47552.81490000198
300,172,Attention:batch_greedy_mean,225.51149118530168,69.4684621519965,49.09430001862347
300,172,Attention:greedy_rollout,210.76889428744624,58.389624389563245,63.321700028609484
300,172,PointerNet:batch_greedy_mean,256.95594943009996,93.09849516689927,209.1493000043556
300,172,PointerNet:greedy_rollout,223.99596784750008,68.3295693706896,175.35969999153167
300,172,POMO,167.25512897631256,25.689690337593525,2875.7721000001766
300,173,LKH,128.5029893690732,0.0,44046.73639999237
300,173,Attention:batch_greedy_mean,213.03546554826514,65.78249781910239,68.91159998485819
300,173,Attention:greedy_rollout,203.01690329403635,57.9861326890629,51.98680004104972
300,173,PointerNet:batch_greedy_mean,243.03848678653878,89.13060931875165,200.14289999380708
300,173,PointerNet:greedy_rollout,218.10709591160014,69.72920006177846,165.16700002830476
300,173,POMO,163.00048192741363,26.845673184504882,2811.3996000029147
300,174,LKH,130.1171592338671,0.0,50893.74939998379
300,174,Attention:batch_greedy_mean,216.90436713689286,66.69927964461479,60.6510000070557
300,174,Attention:greedy_rollout,200.02513569418136,53.72694644728955,59.783700038678944
300,174,PointerNet:batch_greedy_mean,249.86019212509268,92.02708819980036,188.4985999786295
300,174,PointerNet:greedy_rollout,243.7862609752783,87.359040429946,179.80380001245067
300,174,POMO,156.7747243013291,20.48735556818358,2953.932599979453
300,175,LKH,131.82291730500876,0.0,45791.214300028514
300,175,Attention:batch_greedy_mean,208.1749786187587,57.92017266397491,73.39460001094267
300,175,Attention:greedy_rollout,197.1738799414794,49.574811400405544,64.62039996404201
300,175,PointerNet:batch_greedy_mean,246.7551100769179,87.18680721196735,206.75130002200603
300,175,PointerNet:greedy_rollout,233.32201879441033,76.99655231764848,172.5064999773167
300,175,POMO,161.9154146436154,22.827971003690763,4042.049699986819
300,176,LKH,128.69691111783544,0.0,42340.06610000506
300,176,Attention:batch_greedy_mean,213.0845458561757,65.5708315027659,51.50329996831715
300,176,Attention:greedy_rollout,203.1786888314183,57.87378816371671,47.47660004068166
300,176,PointerNet:batch_greedy_mean,248.48171104521563,93.07511647867346,190.0700000114739
300,176,PointerNet:greedy_rollout,224.06616304176097,74.10376138445548,174.40369998803362
300,176,POMO,161.69348604096757,25.638979705519372,3001.5888000489213
300,177,LKH,134.63070951364432,0.0,46506.56349997735
300,177,Attention:batch_greedy_mean,218.7769382294054,62.50151174255913,57.44060000870377
300,177,Attention:greedy_rollout,218.9236894852371,62.61051455206809,46.79829999804497
300,177,PointerNet:batch_greedy_mean,246.2929879547608,82.93967910033182,185.57730002794415
300,177,PointerNet:greedy_rollout,224.78447470789345,66.9637451365525,154.55989999463782
300,177,POMO,167.0786622018417,24.101449665842324,2896.1791999754496
300,178,LKH,130.46000833716454,0.0,46038.22799999034
300,178,Attention:batch_greedy_mean,221.9851638506824,70.15571797065783,50.45199999585748
300,178,Attention:greedy_rollout,198.0582508647152,51.815298334833656,52.36570001579821
300,178,PointerNet:batch_greedy_mean,221.03103541572813,69.42436094629801,189.74110000999644
300,178,PointerNet:greedy_rollout,224.35541779608752,71.97256128963063,183.20139998104423
300,178,POMO,164.1535938154785,25.82675404345775,2914.270300010685
300,179,LKH,129.66959691179898,0.0,53487.782199983485
300,179,Attention:batch_greedy_mean,218.4610184427677,68.47512728165917,71.97699998505414
300,179,Attention:greedy_rollout,201.71368544495488,55.55973817221022,56.18640000466257
300,179,PointerNet:batch_greedy_mean,251.05469245572064,93.61106877388352,198.61479999963194
300,179,PointerNet:greedy_rollout,234.1102652948639,80.54368245943209,200.86459995945916
300,179,POMO,165.80865540482952,27.870109380853762,3180.464800039772
300,180,LKH,130.3321770072052,0.0,51113.77330002142
300,180,Attention:batch_greedy_mean,215.00911372894274,64.97009308534479,55.43439998291433
300,180,Attention:greedy_rollout,200.92959038080608,54.16729390601527,59.07910002861172
300,180,PointerNet:batch_greedy_mean,262.3078697548155,101.26102070735324,170.70369998691604
300,180,PointerNet:greedy_rollout,232.18459337326064,78.14832737768565,203.6404999671504
300,180,POMO,162.85247887528544,24.95185963653659,3394.0064000198618
300,181,LKH,128.30415278608666,0.0,52152.9277000227
300,181,Attention:batch_greedy_mean,219.36722954273654,70.97437984604719,63.75659996410832
300,181,Attention:greedy_rollout,208.851671446725,62.778574903128884,69.30060003651306
300,181,PointerNet:batch_greedy_mean,260.6330001280265,103.1368388851476,203.31409998470917
300,181,PointerNet:greedy_rollout,237.38219208505527,85.0152056113316,210.39979998022318
300,181,POMO,160.92686299752967,25.4260750747739,3364.813900028821
300,182,LKH,131.86828629934496,0.0,46054.80590002844
300,182,Attention:batch_greedy_mean,211.91510610349007,60.70210059637572,67.67920003039762
300,182,Attention:greedy_rollout,200.28580826359592,51.883226728935526,52.19720001332462
300,182,PointerNet:batch_greedy_mean,254.09213111924907,92.68630710984772,213.82529998663813
300,182,PointerNet:greedy_rollout,215.77269464706572,63.62743514938477,206.95029996568337
300,182,POMO,168.46848460509676,27.755117877749814,3090.950599987991
300,183,LKH,128.6521619691891,0.0,50110.60539999744
300,183,Attention:batch_greedy_mean,213.61470096404622,66.04050619468391,61.52200000360608
300,183,Attention:greedy_rollout,197.68731738548948,53.66031503833849,63.331999990623444
300,183,PointerNet:batch_greedy_mean,256.75988114702056,99.57681022765243,195.6101000541821
300,183,PointerNet:greedy_rollout,223.25578129229478,73.53441860212368,214.89929995732382
300,183,POMO,164.2524284353982,27.671720335904652,3145.029000006616
300,184,LKH,126.24095616977363,0.0,50945.407999970485
300,184,Attention:batch_greedy_mean,202.32093450925953,60.26568607193585,53.988699975889176
300,184,Attention:greedy_rollout,202.79900829035768,60.644385501663876,57.50220001209527
300,184,PointerNet:batch_greedy_mean,231.9707760675148,83.75239154205369,195.93510002596304
300,184,PointerNet:greedy_rollout,209.80136213060172,66.19120172731652,246.208900003694
300,184,POMO,157.95662837798181,25.123124198739237,3068.003199994564
300,185,LKH,131.26737187984355,0.0,50205.05260000937
300,185,Attention:batch_greedy_mean,218.2872482191118,66.2920839299826,66.7307999683544
300,185,Attention:greedy_rollout,207.18165328183116,57.83179804306301,62.650400039274246
300,185,PointerNet:batch_greedy_mean,246.18006119596942,87.54093852150247,210.55359998717904
300,185,PointerNet:greedy_rollout,230.6363110584074,75.69964855358104,196.5652999933809
300,185,POMO,166.1546797667907,26.57728831417565,3123.1045000022277
300,186,LKH,128.08616897277182,0.0,52568.56330001028
300,186,Attention:batch_greedy_mean,204.95253161239833,60.011446400560665,55.01229997025803
300,186,Attention:greedy_rollout,198.56335260782868,55.023258327008506,60.28180004796013
300,186,PointerNet:batch_greedy_mean,252.90294322307017,97.44750370106826,202.54369999747723
300,186,PointerNet:greedy_rollout,228.30423607437208,78.24269232605772,194.9653000338003
300,186,POMO,163.85397704919728,27.92480122036352,3307.664600026328
300,187,LKH,128.8222030910119,0.0,47842.17460005311
300,187,Attention:batch_greedy_mean,220.00458307100433,70.78157164846249,62.5988999963738
300,187,Attention:greedy_rollout,203.4641681664125,57.94184797683256,54.44290000014007
300,187,PointerNet:batch_greedy_mean,250.088809550031,94.13486460353825,192.4686999991536
300,187,PointerNet:greedy_rollout,224.45280290224264,74.23456323260399,258.31190001918003
300,187,POMO,168.45484965245643,30.76538485640118,3100.8061000029556
300,188,LKH,134.73614495001942,0.0,52432.81919998117
300,188,Attention:batch_greedy_mean,221.14973419683963,64.13541761854287,72.08589999936521
300,188,Attention:greedy_rollout,214.46590092499795,59.17473444453558,47.296600008849055
300,188,PointerNet:batch_greedy_mean,264.3933775749332,96.2304752544392,198.53469997178763
300,188,PointerNet:greedy_rollout,230.78577242943956,71.28720174905546,199.23139997990802
300,188,POMO,171.05312914574876,26.95415117391192,3119.307100016158
300,189,LKH,127.32508580804708,0.0,53482.24729998037
300,189,Attention:batch_greedy_mean,225.83993425321017,77.37269354263954,59.232299972791225
300,189,Attention:greedy_rollout,203.6855737665528,59.97285411111003,60.67719997372478
300,189,PointerNet:batch_greedy_mean,233.13888141478355,83.10522230180106,184.08109998563305
300,189,PointerNet:greedy_rollout,225.80837512500267,77.34790728154478,197.82060000579804
300,189,POMO,161.13074657799558,26.550667965708886,3137.1041999664158
300,190,LKH,130.52413798843125,0.0,48158.88380003162
300,190,Attention:batch_greedy_mean,221.14773835133113,69.43052967791454,53.8075000513345
300,190,Attention:greedy_rollout,205.28407353046032,57.27671271704187,45.90010002721101
300,190,PointerNet:batch_greedy_mean,248.5537269837584,90.42740355487999,182.37900000531226
300,190,PointerNet:greedy_rollout,229.5806897844409,75.89136639599131,202.52250001067296
300,190,POMO,166.36652888057952,27.460354417605952,3092.7865999983624
300,191,LKH,132.66231493741276,0.0,51476.280500006396
300,191,Attention:batch_greedy_mean,227.96969256009672,71.84208843909286,59.926999965682626
300,191,Attention:greedy_rollout,201.20709066935873,51.66861121357933,53.16930002300069
300,191,PointerNet:batch_greedy_mean,250.03128132384992,88.47197219633122,192.24309996934608
300,191,PointerNet:greedy_rollout,230.39288291904495,73.66867375089858,190.58650004444644
300,191,POMO,164.44604788363222,23.958373529976726,3088.681199995335
300,192,LKH,133.9963801540128,0.0,50474.20009999769
300,192,Attention:batch_greedy_mean,211.93872566253643,58.16750080781154,56.39879999216646
300,192,Attention:greedy_rollout,202.77966662573647,51.33219747627922,60.87409995961934
300,192,PointerNet:batch_greedy_mean,254.50575388392423,89.93479793364591,192.86439998541027
300,192,PointerNet:greedy_rollout,226.47057781987863,69.01245956015963,209.11930000875145
300,192,POMO,170.74237747455666,27.423126862314295,3122.084599977825
300,193,LKH,127.92816954165906,0.0,48367.802699969616
300,193,Attention:batch_greedy_mean,218.88679396916916,71.10132565282267,50.388599978759885
300,193,Attention:greedy_rollout,207.52316454151207,62.2185053417288,54.16270002024248
300,193,PointerNet:batch_greedy_mean,233.0666899744429,82.18558962382879,179.08959998749197
300,193,PointerNet:greedy_rollout,244.63784923202564,91.23063365051961,169.16609997861087
300,193,POMO,169.81087363052336,32.73923502456231,3075.32500004163
300,194,LKH,129.1216722895141,0.0,54813.60669998685
300,194,Attention:batch_greedy_mean,230.9564084506801,78.86726864320201,63.51659999927506
300,194,Attention:greedy_rollout,203.15969376881475,57.339732491455074,59.26359997829422
300,194,PointerNet:batch_greedy_mean,249.99713596111,93.61361383282838,183.21729998569936
300,194,PointerNet:greedy_rollout,225.79322665546232,74.86857368853863,198.7648000358604
300,194,POMO,164.05356785638818,27.05347208371843,3067.952499957755
300,195,LKH,127.49886377601591,0.0,46850.367499981076
300,195,Attention:batch_greedy_mean,203.42502067723396,59.55045766886331,63.80119995446876
300,195,Attention:greedy_rollout,196.39706328599863,54.03828510269698,63.07030003517866
300,195,PointerNet:batch_greedy_mean,240.8057083032561,88.86890531533865,195.96260000253096
300,195,PointerNet:greedy_rollout,230.6867539007074,80.93239976315961,204.2242999887094
300,195,POMO,162.79774060446755,27.68564031320551,3444.565700017847
300,196,LKH,130.79105492994398,0.0,56877.173400018364
300,196,Attention:batch_greedy_mean,207.26152646269674,58.4676617018747,61.31870002718642
300,196,Attention:greedy_rollout,199.62266505800312,52.62715417726971,60.43050001608208
300,196,PointerNet:batch_greedy_mean,241.06423106400658,84.31247549240165,237.03900002874434
300,196,PointerNet:greedy_rollout,220.11402713614476,68.29440457839041,307.96369997551665
300,196,POMO,169.42399809338158,29.537909289079966,3517.9423000081442
300,197,LKH,132.50225070838852,0.0,47315.27919997461
300,197,Attention:batch_greedy_mean,225.09018700593077,69.87650081605796,103.68639999069273
300,197,Attention:greedy_rollout,205.31042549323973,54.94863249160027,69.83990001026541
300,197,PointerNet:batch_greedy_mean,246.71152250071714,86.19421268826659,184.7655000165105
300,197,PointerNet:greedy_rollout,226.87609079499498,71.22432983746427,209.53370002098382
300,197,POMO,168.4770960685517,27.150365497818424,3173.166000051424
300,198,LKH,131.70826492098195,0.0,53931.64289998822
300,198,Attention:batch_greedy_mean,230.24903654413527,74.81745483646954,67.76429997989908
300,198,Attention:greedy_rollout,204.3035215800672,55.1182241316736,58.09350003255531
300,198,PointerNet:batch_greedy_mean,234.97096437417724,78.40259646207282,221.77090001059696
300,198,PointerNet:greedy_rollout,221.8619288573512,68.44951149455709,213.06929999263957
300,198,POMO,166.44733598353608,26.37577154584471,3536.1914999666624
300,199,LKH,129.6928891654146,0.0,49783.94900000421
300,199,Attention:batch_greedy_mean,219.69062198616157,69.39295854991776,60.878199990838766
300,199,Attention:greedy_rollout,199.2481195291618,53.63072008908225,64.76699997438118
300,199,PointerNet:batch_greedy_mean,258.220770781316,99.10171825378387,188.80439997883514
300,199,PointerNet:greedy_rollout,224.55749805682237,73.14557451982914,213.63029995700344
300,199,POMO,163.3091876515147,25.919924139576178,3244.9101000092924
300,200,LKH,128.54038942734584,0.0,55560.46890001744
300,200,Attention:batch_greedy_mean,220.45349897296154,71.50523656812727,61.68470002012327
300,200,Attention:greedy_rollout,200.84603980334396,56.251308011531286,59.8881000187248
300,200,PointerNet:batch_greedy_mean,240.45596190851336,87.06646446284878,225.6255999673158
300,200,PointerNet:greedy_rollout,224.64855469286326,74.76884556961771,199.69940005103126
300,200,POMO,163.38169031611727,27.10533322949405,3084.590400045272
300,201,LKH,129.5852074746927,0.0,48430.24830002105
300,201,Attention:batch_greedy_mean,218.1403849682826,68.3374122859542,55.738900031428784
300,201,Attention:greedy_rollout,210.27822726909363,62.27024007362865,61.06549996184185
300,201,PointerNet:batch_greedy_mean,242.04120634500563,86.78150929555363,187.1091999928467
300,201,PointerNet:greedy_rollout,226.27199220496277,74.61251682538878,200.41089999722317
300,201,POMO,159.79502399035027,23.312704516491497,2984.0964999748394
300,202,LKH,131.30966198961514,0.0,49399.60309996968
300,202,Attention:batch_greedy_mean,214.73408531552985,63.5325855400591,61.73299998044968
300,202,Attention:greedy_rollout,212.36472447835996,61.72817846043592,46.15490004653111
300,202,PointerNet:batch_greedy_mean,233.78004578598959,78.03720019055301,179.6868999954313
300,202,PointerNet:greedy_rollout,225.9107956426104,72.04430520922136,165.48639995744452
300,202,POMO,162.69228104659226,23.899702871414803,2992.658199975267
300,203,LKH,126.90108181084015,0.0,46904.844300006516
300,203,Attention:batch_greedy_mean,211.89305814731856,66.9749817130544,65.86329999845475
300,203,Attention:greedy_rollout,198.0711415901079,56.083099342962626,55.544100003317
300,203,PointerNet:batch_greedy_mean,244.14183620101852,92.387513736832,181.87139998190105
300,203,PointerNet:greedy_rollout,232.7038065802118,83.3741708578041,190.2255000313744
300,203,POMO,156.60663960188282,23.4084354263599,3001.7446000128984
300,204,LKH,128.4120115144345,0.0,50924.28929999005
300,204,Attention:batch_greedy_mean,215.6942760966142,67.9704830979682,70.69330004742369
300,204,Attention:greedy_rollout,199.49458051453362,55.35507789480339,66.17970002116635
300,204,PointerNet:batch_greedy_mean,227.35610718575134,77.05205650500595,208.0458999844268
300,204,PointerNet:greedy_rollout,219.36905780283345,70.83219491361574,201.60809997469187
300,204,POMO,163.80111316602333,27.55902756621082,3126.7502999980934
300,205,LKH,131.0318591897244,0.0,52368.82139998488
300,205,Attention:batch_greedy_mean,215.65965000428798,64.5856598066191,60.321400000248104
300,205,Attention:greedy_rollout,207.69860688303692,58.510005251703525,53.172399988397956
300,205,PointerNet:batch_greedy_mean,252.93472657154277,93.03299833768828,176.10350000904873
300,205,PointerNet:greedy_rollout,233.2478170493165,78.00847709227034,181.91739998292178
300,205,POMO,163.4575504441486,24.74641774522501,2989.0365000464953
300,206,LKH,128.06277016546974,0.0,50310.98020001082
300,206,Attention:batch_greedy_mean,220.2255263184776,71.96686127742237,74.26349999150261
300,206,Attention:greedy_rollout,201.3762014887967,57.24804424314637,71.68569997884333
300,206,PointerNet:batch_greedy_mean,244.53549840648316,90.94971793169798,203.12260003993288
300,206,PointerNet:greedy_rollout,224.86715379269862,75.59135531907366,204.60929995169863
300,206,POMO,162.43891154424546,26.84319676542866,3119.6848999825306
300,207,LKH,127.5212519326792,0.0,54417.63199999696
300,207,Attention:batch_greedy_mean,214.69858602467113,68.36298481292704,88.68980000261217
300,207,Attention:greedy_rollout,202.66094443502863,58.92327072041061,48.887900018598884
300,207,PointerNet:batch_greedy_mean,238.7804208713812,87.24755070428398,210.88219998637214
300,207,PointerNet:greedy_rollout,227.11782481601358,78.1019409501353,204.4964000233449
300,207,POMO,165.72421704945867,29.95811642199648,3025.5538999917917
300,208,LKH,130.28085013209446,0.0,54586.8340000161
300,208,Attention:batch_greedy_mean,215.5198243521103,65.42709395401572,66.60220003686845
300,208,Attention:greedy_rollout,210.00981481986747,61.19776207089082,64.62710001505911
300,208,PointerNet:batch_greedy_mean,240.36328852075533,84.496254266875,183.52139997296035
300,208,PointerNet:greedy_rollout,226.2002130684902,73.625066799258,219.1461999900639
300,208,POMO,166.7252936044538,27.97375319197532,3095.4638000112027
300,209,LKH,132.8371232893368,0.0,52046.15519999061
300,209,Attention:batch_greedy_mean,229.09908611206015,72.46616039181463,62.09939997643232
300,209,Attention:greedy_rollout,208.984066672396,57.32354141485065,46.259500028099865
300,209,PointerNet:batch_greedy_mean,243.07287261724258,82.98564934125963,188.175700022839
300,209,PointerNet:greedy_rollout,235.6853298219524,77.42429524659204,203.69519997620955
300,209,POMO,166.3203810249122,25.20625026081334,3049.811100005172
300,210,LKH,132.43574794765863,0.0,48625.25219999952
300,210,Attention:batch_greedy_mean,218.6901452764495,65.12924090773467,60.90139999287203
300,210,Attention:greedy_rollout,207.72265681799786,56.847875318448146,62.6672999933362
300,210,PointerNet:batch_greedy_mean,243.64451112703287,83.97186175391728,183.28250001650304
300,210,PointerNet:greedy_rollout,229.04800392231775,72.95028530577885,197.06409994978458
300,210,POMO,166.5838144851792,25.784629200732574,3126.338800007943
300,211,LKH,130.76528481981148,0.0,53644.61850002408
300,211,Attention:batch_greedy_mean,214.8236694526987,64.2818808896534,66.36550003895536
300,211,Attention:greedy_rollout,203.32307381010006,55.487042367758264,55.4954000399448
300,211,PointerNet:batch_greedy_mean,236.68281578475649,80.99820308646478,202.59249996161088
300,211,PointerNet:greedy_rollout,224.2930167091029,71.52336494977875,212.41929999087006
300,211,POMO,168.8908029700948,29.15568776745182,3091.440199990757
300,212,LKH,131.67645188547206,0.0,50831.21759997448
300,212,Attention:batch_greedy_mean,224.35373851370622,70.38258192804426,64.31079999310896
300,212,Attention:greedy_rollout,200.250112268106,52.0773907564559,55.57630001567304
300,212,PointerNet:batch_greedy_mean,234.03836853173732,77.73745053162304,207.10479997796938
300,212,PointerNet:greedy_rollout,222.35676074823056,68.86600266358126,223.64020004170015
300,212,POMO,163.01366073697287,23.798643115594352,3109.146900009364
300,213,LKH,130.80758131504305,0.0,49139.03359998949
300,213,Attention:batch_greedy_mean,211.83705720052012,61.94555015150224,64.25639998633415
300,213,Attention:greedy_rollout,203.02643091599015,55.20998773535294,55.153599998448044
300,213,PointerNet:batch_greedy_mean,246.05182060823438,88.10211008766514,193.7008000095375
300,213,PointerNet:greedy_rollout,222.19357884502756,69.86292125521855,200.5856999894604
300,213,POMO,167.6148630959258,28.138492747017768,3075.6149000371806
300,214,LKH,127.14731875547608,0.0,51337.275800004136
300,214,Attention:batch_greedy_mean,207.15127838802158,62.9222546064109,56.21470004552975
300,214,Attention:greedy_rollout,198.18951907172777,55.87392719847818,62.72220000391826
300,214,PointerNet:batch_greedy_mean,239.39563175737487,88.28209206500817,182.31449997983873
300,214,PointerNet:greedy_rollout,225.86287204235705,77.63872195899484,189.17960004182532
300,214,POMO,161.2619218892038,26.830768802396342,3123.0181000428274
300,215,LKH,128.60796712017438,0.0,52399.47530004429
300,215,Attention:batch_greedy_mean,210.0003872606801,63.287230148386286,65.48099999781698
300,215,Attention:greedy_rollout,196.28080805847722,52.61947797920459,57.011400000192225
300,215,PointerNet:batch_greedy_mean,232.22846192183067,80.57082086122301,183.7509999750182
300,215,PointerNet:greedy_rollout,223.99880088898675,74.17179192302828,210.84099996369332
300,215,POMO,162.59436031990447,26.426351306814748,3121.041600010358
300,216,LKH,126.26667504262889,0.0,48153.9709000499
300,216,Attention:batch_greedy_mean,210.3864925115438,66.6207591516251,70.22350002080202
300,216,Attention:greedy_rollout,200.716421234163,58.96230827841086,57.458799972664565
300,216,PointerNet:batch_greedy_mean,252.973141952134,100.34830398973264,187.74359999224544
300,216,PointerNet:greedy_rollout,233.5739709055047,84.98465317681628,198.08120001107454
300,216,POMO,163.2079467158316,29.256549014798228,3122.2457000403665
300,217,LKH,132.35641565854763,0.0,51544.10040000221
300,217,Attention:batch_greedy_mean,217.211415547199,64.11098356392473,66.48000003769994
300,217,Attention:greedy_rollout,208.11181439477755,57.23590984184952,67.00989999808371
300,217,PointerNet:batch_greedy_mean,255.37979123122665,92.94855482491612,189.61810000473633
300,217,PointerNet:greedy_rollout,224.95709719828193,69.9631227387005,194.6050999686122
300,217,POMO,160.77074450446554,21.468040445595808,3073.8052999950014
300,218,LKH,126.49612247022067,0.0,50764.684300054796
300,218,Attention:batch_greedy_mean,210.88246216232596,66.71061376760483,69.20279999030754
300,218,Attention:greedy_rollout,190.2900495545066,50.43152773264185,60.903800011146814
300,218,PointerNet:batch_greedy_mean,247.32082242377632,95.51652461283928,183.54250001721084
300,218,PointerNet:greedy_rollout,231.46858444868553,82.98472706400717,187.24269996164367
300,218,POMO,157.41577413909943,24.443161628260793,3077.8671000152826
300,219,LKH,130.21664858842365,0.0,52002.2398000001
300,219,Attention:batch_greedy_mean,216.44726406027092,66.22088373998687,52.17129999073222
300,219,Attention:greedy_rollout,198.42963199363578,52.384225937816296,52.58850002428517
300,219,PointerNet:batch_greedy_mean,238.55749051445073,83.20045332180254,217.0295999967493
300,219,PointerNet:greedy_rollout,213.4177859279007,63.894393106714986,197.79549998929724
300,219,POMO,161.54799931391005,24.060940797605337,3045.1952000148594
300,220,LKH,130.79393393555657,0.0,52221.74300003098
300,220,Attention:batch_greedy_mean,210.58436070171373,61.004684518068466,71.03530003223568
300,220,Attention:greedy_rollout,205.59284666195862,57.18836529777918,58.537299977615476
300,220,PointerNet:batch_greedy_mean,231.46244178403413,76.9672604985472,212.0969999814406
300,220,PointerNet:greedy_rollout,241.7213659602233,84.81083845931398,239.89309999160469
300,220,POMO,165.07603959407754,26.210776468740594,3238.7728999601677
300,221,LKH,130.77965726313957,0.0,61226.34290001588
300,221,Attention:batch_greedy_mean,228.73709550796127,74.90265710646662,63.37560003157705
300,221,Attention:greedy_rollout,198.17384492903741,51.53262294478653,76.1388000100851
300,221,PointerNet:batch_greedy_mean,249.3710096374898,90.68027463608851,209.1822000220418
300,221,PointerNet:greedy_rollout,217.21606443043163,66.09315926969805,251.469399954658
300,221,POMO,166.58939935002508,27.381737218375886,3273.628299997654
300,222,LKH,130.2419039592483,0.0,53726.360699976794
300,222,Attention:batch_greedy_mean,217.11128576969045,66.69848886547521,58.50099999224767
300,222,Attention:greedy_rollout,203.70729569732634,56.40687789781145,62.45460000354797
300,222,PointerNet:batch_greedy_mean,237.8148836320708,82.594753610544,198.88430001446977
300,222,PointerNet:greedy_rollout,222.4333569731059,70.78478601073246,213.8412999920547
300,222,POMO,165.26119325491754,26.88788188064765,3315.5854000360705
300,223,LKH,132.823570930685,0.0,55618.383799970616
300,223,Attention:batch_greedy_mean,215.63325189107826,62.34562162434867,55.22270000074059
300,223,Attention:greedy_rollout,205.28582232384343,54.55526521792837,58.66139999125153
300,223,PointerNet:batch_greedy_mean,253.5793955305115,90.91445422954624,178.1730000511743
300,223,PointerNet:greedy_rollout,235.10907475420612,77.00854833732755,181.83320004027337
300,223,POMO,168.82076156135886,27.101507946552093,3075.6333000026643
300,224,LKH,128.46804060394203,0.0,53735.653800016735
300,224,Attention:batch_greedy_mean,211.607473052272,64.71604303878428,57.03450000146404
300,224,Attention:greedy_rollout,207.23518838797554,61.312640415266486,53.396400006022304
300,224,PointerNet:batch_greedy_mean,243.6577661091448,89.66411020490662,185.22550002671778
300,224,PointerNet:greedy_rollout,214.89462375694055,67.27477335740303,181.0886999592185
300,224,POMO,163.55324662660226,27.310454691860258,2960.9743999899365
300,225,LKH,127.18052952136625,0.0,55538.63830002956
300,225,Attention:batch_greedy_mean,208.66550128579453,64.07031962446645,71.66229997528717
300,225,Attention:greedy_rollout,196.2412901722107,54.30136272489909,49.51420001452789
300,225,PointerNet:batch_greedy_mean,244.15245254694625,91.97313729215821,186.54230004176497
300,225,PointerNet:greedy_rollout,221.57299203810362,74.21927151268818,195.1441999990493
300,225,POMO,161.23318180314305,26.775051503505477,3037.2450000140816
300,226,LKH,130.1908368874697,0.0,52701.0820999858
300,226,Attention:batch_greedy_mean,214.07910845263274,64.4348508472004,56.652700004633516
300,226,Attention:greedy_rollout,190.49691430450252,46.321291773520386,49.357399984728545
300,226,PointerNet:batch_greedy_mean,240.15573465163854,84.46439119153747,189.99889999395236
300,226,PointerNet:greedy_rollout,212.7806212628687,63.437478665864475,185.68940000841394
300,226,POMO,162.50000861275964,24.816778582671187,2907.831000047736
300,227,LKH,130.299906910576,0.0,54897.39609998651
300,227,Attention:batch_greedy_mean,218.426081258698,67.63333638342691,63.342300010845065
300,227,Attention:greedy_rollout,200.15056331292442,53.60760269022025,53.52989997481927
300,227,PointerNet:batch_greedy_mean,231.35424635102044,77.55518928328735,194.26089996704832
300,227,PointerNet:greedy_rollout,231.58199945436118,77.72998073843172,208.3236000034958
300,227,POMO,165.45379867214967,26.979214793836782,3056.051799969282
300,228,LKH,125.07751100823236,0.0,48303.297099948395
300,228,Attention:batch_greedy_mean,204.61763212493037,63.59266384143415,152.71519997622818
300,228,Attention:greedy_rollout,200.94707337483175,60.65803656870482,102.30600001523271
300,228,PointerNet:batch_greedy_mean,247.3019147040877,97.71892861524142,341.4559999946505
300,228,PointerNet:greedy_rollout,216.09723917534063,72.7706583169196,395.13780002016574
300,228,POMO,159.18934335550745,27.27255449225393,4672.130600025412
300,229,LKH,130.9544001114064,0.0,57916.11799999373
300,229,Attention:batch_greedy_mean,214.38433850737798,63.70915244160985,62.440100009553134
300,229,Attention:greedy_rollout,204.3768198830279,56.06716514233895,57.60579998604953
300,229,PointerNet:batch_greedy_mean,247.7529945454588,89.19027870364702,199.03210003394634
300,229,PointerNet:greedy_rollout,241.88694174124734,84.71081654031303,158.69569999631494
300,229,POMO,165.64871191876205,26.49342960438159,2946.6212000115775
300,230,LKH,126.98477651346931,0.0,51395.3306999756
300,230,Attention:batch_greedy_mean,206.20769914576158,62.38773245696036,58.110699988901615
300,230,Attention:greedy_rollout,199.40986099328208,57.03446229409288,48.930799996014684
300,230,PointerNet:batch_greedy_mean,231.28241763443629,82.13397226391471,177.94320004759356
300,230,PointerNet:greedy_rollout,225.5589787903866,77.62678722867341,182.34590004431084
300,230,POMO,162.05607363800289,27.618505215712645,2897.744399961084
300,231,LKH,127.82553825389051,0.0,52413.097400043625
300,231,Attention:batch_greedy_mean,213.57959318171478,67.08679353064586,68.445100041572
300,231,Attention:greedy_rollout,202.75140745162628,58.61572751519809,64.459299959708
300,231,PointerNet:batch_greedy_mean,256.3605793786147,100.55505564891459,199.85649996669963
300,231,PointerNet:greedy_rollout,223.9713907715153,75.21646599809915,224.6710000326857
300,231,POMO,164.0869666951042,28.367905925958443,3018.86429998558
300,232,LKH,132.06959108318173,0.0,53050.84959999658
300,232,Attention:batch_greedy_mean,214.98641172099144,62.78267385986377,51.142600015737116
300,232,Attention:greedy_rollout,208.97552590514607,58.23137195414384,47.4339000065811
300,232,PointerNet:batch_greedy_mean,252.20446148763978,90.96330913055768,192.66050000442192
300,232,PointerNet:greedy_rollout,225.3816495045942,70.65370435094441,172.24300000816584
300,232,POMO,166.12554598688598,25.786371127820555,3158.438800019212
300,233,LKH,127.82553653061234,0.0,55588.3077000035
300,233,Attention:batch_greedy_mean,204.13146007867934,59.69536731010932,50.19700003322214
300,233,Attention:greedy_rollout,200.92439201176782,57.18642570582865,44.620799948461354
300,233,PointerNet:batch_greedy_mean,239.65277806712555,87.48427315204911,178.57470002491027
300,233,PointerNet:greedy_rollout,220.56021396024147,72.54784915956174,191.6944999829866
300,233,POMO,165.53064281281422,29.49731900649763,2912.188399990555
300,234,LKH,132.8011392795024,0.0,53297.39650001284
300,234,Attention:batch_greedy_mean,214.77055807730733,61.72343041823344,51.3494000188075
300,234,Attention:greedy_rollout,202.26555120589927,52.30709036328168,62.67740001203492
300,234,PointerNet:batch_greedy_mean,244.55314047076934,84.14988139225675,179.00100001133978
300,234,PointerNet:greedy_rollout,228.6273328855239,72.15765928358425,178.6267000134103
300,234,POMO,164.75766462304153,24.063442163911898,2879.7453999868594
300,235,LKH,134.2068355451001,0.0,56651.64029999869
300,235,Attention:batch_greedy_mean,214.95433213161544,60.16645594730547,57.397899974603206
300,235,Attention:greedy_rollout,216.425545852195,61.26268455190972,61.0982000362128
300,235,PointerNet:batch_greedy_mean,238.79720082402224,77.9322192152982,184.20029996195808
300,235,PointerNet:greedy_rollout,236.9468563473972,76.55349325912047,197.69840000662953
300,235,POMO,170.0656181870719,26.71904340514868,3049.4923000223935
300,236,LKH,127.86641377965337,0.0,52917.99729998456
300,236,Attention:batch_greedy_mean,206.57652171536714,61.55651481033282,66.77420000778511
300,236,Attention:greedy_rollout,201.91157335709676,57.90821638670667,46.48409999208525
300,236,PointerNet:batch_greedy_mean,246.0241816050173,92.40719617661294,193.73910001013428
300,236,PointerNet:greedy_rollout,223.11017714788056,74.48692784358262,188.29550000373274
300,236,POMO,160.93700414778138,25.863390855019304,3510.8548999996856
300,237,LKH,129.91422939939844,0.0,51727.20459999982
300,237,Attention:batch_greedy_mean,215.37981297109678,65.78616058210949,62.620899989269674
300,237,Attention:greedy_rollout,205.3118060239416,58.036426781816644,57.72640003124252
300,237,PointerNet:batch_greedy_mean,242.17506915192553,86.41150416818537,187.95120000140741
300,237,PointerNet:greedy_rollout,225.5315223771787,73.60032339784868,200.22790000075474
300,237,POMO,166.563602599949,28.210438048228358,3110.70409999229
300,238,LKH,127.80993412104309,0.0,54891.439399973024
300,238,Attention:batch_greedy_mean,215.55778095903284,68.6549503694194,66.95389997912571
300,238,Attention:greedy_rollout,197.5597010881002,54.57304038745552,56.839299970306456
300,238,PointerNet:batch_greedy_mean,228.69291970953245,78.93203785939487,182.28430004091933
300,238,PointerNet:greedy_rollout,225.08628026420533,76.11016061633845,186.66979996487498
300,238,POMO,159.0184482984781,24.417909603082038,3122.116399987135
300,239,LKH,126.96715300063548,0.0,56160.855400026776
300,239,Attention:batch_greedy_mean,206.7399237065481,62.82945535174231,62.60790000669658
300,239,Attention:greedy_rollout,194.4090905578916,53.117626065789295,56.3259000191465
300,239,PointerNet:batch_greedy_mean,243.74211487684255,91.97257646284517,221.91830002702773
300,239,PointerNet:greedy_rollout,221.52631949083758,74.47529873315253,222.60779998032376
300,239,POMO,162.52452029634412,28.00517019983167,3472.0440999954008
300,240,LKH,125.85889822693875,0.0,54069.33339999523
300,240,Attention:batch_greedy_mean,212.13870080974073,68.55280301852723,55.18709996249527
300,240,Attention:greedy_rollout,197.7042955021395,57.0840824823167,60.39470003452152
300,240,PointerNet:batch_greedy_mean,244.96597271757832,94.6354021595479,172.05579997971654
300,240,PointerNet:greedy_rollout,224.9627843893174,78.74205762049688,189.57180000143126
300,240,POMO,162.90414568534396,29.433951814521826,3086.4593000151217
300,241,LKH,126.24515096637742,0.0,55053.47859999165
300,241,Attention:batch_greedy_mean,211.46850982556418,67.50624337396064,53.399299969896674
300,241,Attention:greedy_rollout,197.16318244972945,56.17485577900688,59.908099996391684
300,241,PointerNet:batch_greedy_mean,236.76769549447152,87.54597200927687,254.94130002334714
300,241,PointerNet:greedy_rollout,228.41570072222714,80.93027650864829,215.0697000324726
300,241,POMO,163.4331945950475,29.45700753177782,3241.868200013414
300,242,LKH,130.37008531185467,0.0,58903.346900013275
300,242,Attention:batch_greedy_mean,225.039217744735,72.61568649466243,49.96120004216209
300,242,Attention:greedy_rollout,209.5946592987287,60.768982238036514,58.887199964374304
300,242,PointerNet:batch_greedy_mean,256.0068383240032,96.36931103605274,171.6630000155419
300,242,PointerNet:greedy_rollout,232.03740155000264,77.98362330971281,195.65819995477796
300,242,POMO,168.25170459193237,29.056987413532887,3115.2202000375837
300,243,LKH,127.7602792765477,0.0,59074.42680001259
300,243,Attention:batch_greedy_mean,222.12995815142762,73.86464667207632,60.42440002784133
300,243,Attention:greedy_rollout,202.01321743371102,58.11895416762254,54.520899953786284
300,243,PointerNet:batch_greedy_mean,234.46660070155508,83.52073275766149,194.60719998460263
300,243,PointerNet:greedy_rollout,223.51489314443035,74.94865729012211,184.25300001399592
300,243,POMO,163.78272776971767,28.195342634776484,3118.071199976839
300,244,LKH,129.80149125320568,0.0,57822.532399964985
300,244,Attention:batch_greedy_mean,219.60450710370696,69.18488761837197,55.67630002042279
300,244,Attention:greedy_rollout,202.33228738383934,55.87824564291544,63.004700001329184
300,244,PointerNet:batch_greedy_mean,241.86072273776824,86.33123579910725,197.48820003587753
300,244,PointerNet:greedy_rollout,227.81534418745707,75.51057540860938,239.08480000682175
300,244,POMO,167.85229366923,29.31461114094448,3124.5417000027373
300,245,LKH,129.9371068313184,0.0,54600.87820002809
300,245,Attention:batch_greedy_mean,220.90920674985625,70.0124099550992,64.9190999683924
300,245,Attention:greedy_rollout,202.2269774513776,55.634508404057634,67.53489997936413
300,245,PointerNet:batch_greedy_mean,257.98405656874274,98.54532924428753,203.38109997101128
300,245,PointerNet:greedy_rollout,240.96823995143106,85.44990405569898,188.2575000054203
300,245,POMO,164.492064973529,26.59360284746768,3159.742299991194
300,246,LKH,128.8560094093136,0.0,54279.88079999341
300,246,Attention:batch_greedy_mean,232.82328213453707,80.68484597793916,69.48650005506352
300,246,Attention:greedy_rollout,203.9431301430788,58.27211402709944,61.779200041200966
300,246,PointerNet:batch_greedy_mean,229.09963493291247,77.79507217639579,191.8372999643907
300,246,PointerNet:greedy_rollout,223.54006143047494,73.48050933379103,223.0009000049904
300,246,POMO,162.40447150020486,26.035620879988553,3072.80449999962
300,247,LKH,126.48076213872578,0.0,52013.985699974
300,247,Attention:batch_greedy_mean,207.53187271247748,64.08176959342937,60.57359999977052
300,247,Attention:greedy_rollout,198.0987979172627,56.6236592565637,61.79899995913729
300,247,PointerNet:batch_greedy_mean,238.68912290337664,88.71575318432951,208.68330000666901
300,247,PointerNet:greedy_rollout,223.74070047927754,76.89702109311752,236.7045000428334
300,247,POMO,156.91052323931765,24.058805929091502,3107.792900002096
300,248,LKH,127.01490205607001,0.0,52743.95570001798
300,248,Attention:batch_greedy_mean,218.7610437245632,72.23258073134785,62.15469999006018
300,248,Attention:greedy_rollout,205.21627089093954,61.56865656625706,51.51580000529066
300,248,PointerNet:batch_greedy_mean,227.6065799522966,79.19675271789839,209.3818000284955
300,248,PointerNet:greedy_rollout,236.37600993249714,86.10100555614355,189.79390000458807
300,248,POMO,162.51322787320834,27.9481582416745,3188.6317000025883
300,249,LKH,130.81351610278222,0.0,58218.459099996835
300,249,Attention:batch_greedy_mean,219.75923143061323,67.99428528313922,55.82409998169169
300,249,Attention:greedy_rollout,205.24797580305642,56.90119944623297,65.23399997968227
300,249,PointerNet:batch_greedy_mean,241.96172249234507,84.96691297727368,212.22969994414598
300,249,PointerNet:greedy_rollout,233.55672825113194,78.5417403409773,192.54540000110865
300,249,POMO,169.9573575607526,29.92339218771129,3149.2590999696404
300,250,LKH,127.90799640382986,0.0,59085.358200012706
300,250,Attention:batch_greedy_mean,212.9446612312534,66.48268069100749,59.968599991407245
300,250,Attention:greedy_rollout,202.88208739410294,58.61564022437318,53.56919998303056
300,250,PointerNet:batch_greedy_mean,225.07818906261593,75.96881773677488,194.35090001206845
300,250,PointerNet:greedy_rollout,216.52109703978797,69.27878094203722,187.680899980478
300,250,POMO,162.29944811391948,26.88764790084685,3083.2112000207417
300,251,LKH,132.63659037037638,0.0,54867.465499963146
300,251,Attention:batch_greedy_mean,213.1377277063336,60.693008702323134,150.00329999020323
300,251,Attention:greedy_rollout,203.32049063358272,53.29140327403439,79.28120001452044
300,251,PointerNet:batch_greedy_mean,247.71337995525084,86.7609678924438,201.00609998917207
300,251,PointerNet:greedy_rollout,225.6373275094698,70.11695406176891,187.71889997879043
300,251,POMO,163.23575504971643,23.06992707961995,3342.6432000123896
300,252,LKH,128.95094263728453,0.0,61868.3955000015
300,252,Attention:batch_greedy_mean,215.82656866297523,67.37106704993695,60.36010000389069
300,252,Attention:greedy_rollout,201.66233719790063,56.386865480417605,61.0055000288412
300,252,PointerNet:batch_greedy_mean,225.71979985978444,75.04315613627817,209.0559999924153
300,252,PointerNet:greedy_rollout,220.06101126685604,70.65482947716599,201.6365000163205
300,252,POMO,162.25066831354155,25.82356126695644,4070.1982000027783
300,253,LKH,127.81801692651493,0.0,54741.15190003067
300,253,Attention:batch_greedy_mean,211.86710771854027,65.75684149469069,56.235200027003884
300,253,Attention:greedy_rollout,201.50000539620453,57.64601129123355,47.06469998927787
300,253,PointerNet:batch_greedy_mean,238.91710858312055,86.91974287199172,179.3582999962382
300,253,PointerNet:greedy_rollout,223.6541602018932,74.9785871975125,206.1707000248134
300,253,POMO,158.9774899360467,24.377997530227656,2926.9961999962106
300,254,LKH,127.22346319389835,0.0,57597.534900007304
300,254,Attention:batch_greedy_mean,225.5613087731636,77.295369195689,50.14929996104911
300,254,Attention:greedy_rollout,204.50761584657977,60.746776351225726,54.76060003275052
300,254,PointerNet:batch_greedy_mean,250.9492871367774,97.25079072427965,189.81179996626452
300,254,PointerNet:greedy_rollout,228.9455027200628,79.95540835980248,194.50430001597852
300,254,POMO,157.8605158617496,24.081291216823757,2913.051000039559
300,255,LKH,128.67556518511608,0.0,54298.17699996056
300,255,Attention:batch_greedy_mean,211.48309031659204,64.35372948418518,47.56719997385517
300,255,Attention:greedy_rollout,195.40221787031413,51.85650639202814,56.069200043566525
300,255,PointerNet:batch_greedy_mean,244.26886753218955,89.83314134332954,160.98109999438748
300,255,PointerNet:greedy_rollout,233.48800079329482,81.45480881113114,193.0545000359416
300,255,POMO,164.90823032184528,28.158155034799282,2950.1305999583565
300,256,LKH,128.15131917901908,0.0,55986.132799996994
300,256,Attention:batch_greedy_mean,210.92814563372704,64.59303500346657,66.7752000153996
300,256,Attention:greedy_rollout,203.6334891984681,58.9008138995474,59.42369997501373
300,256,PointerNet:batch_greedy_mean,239.09560365510333,86.57287742867655,176.8273999914527
300,256,PointerNet:greedy_rollout,235.30050716152618,83.611459225657,190.1736999861896
300,256,POMO,164.06581391845629,28.025068309493545,3116.834899992682
300,257,LKH,129.12444346478082,0.0,56901.06270002434
300,257,Attention:batch_greedy_mean,210.4511386657225,62.98319126782827,62.38449999364093
300,257,Attention:greedy_rollout,203.5445576032435,57.63441230920855,57.814500003587455
300,257,PointerNet:batch_greedy_mean,241.18890134833362,86.78795034970958,190.67209999775514
300,257,PointerNet:greedy_rollout,230.04894165397968,78.16064525128148,194.20859997626394
300,257,POMO,163.7433714091851,26.810514737162617,3082.1301999967545
300,258,LKH,129.42190263294327,0.0,61697.99700001022
300,258,Attention:batch_greedy_mean,196.45402601080775,51.793492456973055,62.660600000526756
300,258,Attention:greedy_rollout,201.26663322085454,55.51203399603229,45.448699966073036
300,258,PointerNet:batch_greedy_mean,258.3205432201082,99.59569281927313,188.23520001024008
300,258,PointerNet:greedy_rollout,224.44688225076655,73.42264151943897,165.7370000029914
300,258,POMO,162.8939051796889,25.862703194587088,2929.4264999916777
300,259,LKH,129.19627522625524,0.0,58821.074500039686
300,259,Attention:batch_greedy_mean,211.73489295543837,63.886220856318964,54.07730001024902
300,259,Attention:greedy_rollout,202.1550462982836,56.47126509201536,63.65240004379302
300,259,PointerNet:batch_greedy_mean,249.9580758348273,93.47158066057843,196.3071000063792
300,259,PointerNet:greedy_rollout,232.40651633703422,79.88639063319111,196.4795999811031
300,259,POMO,167.5663315237283,29.699042197832277,2871.1273999651894
300,260,LKH,130.37616799038375,0.0,55739.3277999945
300,260,Attention:batch_greedy_mean,205.26532473714798,57.440832861637624,64.42479998804629
300,260,Attention:greedy_rollout,205.276918028693,57.449725047781556,59.626400005072355
300,260,PointerNet:batch_greedy_mean,232.13509304408205,78.05024999753314,184.74159995093942
300,260,PointerNet:greedy_rollout,232.87587220332478,78.61843601700363,186.99929997092113
300,260,POMO,164.19388716696426,25.93857427921553,3188.4070999803953
300,261,LKH,131.5777709980954,0.0,65628.49570001708
300,261,Attention:batch_greedy_mean,224.49080148868558,70.6145344960549,58.922800002619624
300,261,Attention:greedy_rollout,210.5861977732678,60.04694119367326,52.380000008270144
300,261,PointerNet:batch_greedy_mean,241.36815963765895,83.44144136713852,199.98760003363714
300,261,PointerNet:greedy_rollout,234.7668168589828,78.42437600070082,189.38750005327165
300,261,POMO,163.27302356443707,24.088607312553176,2949.8429000377655
300,262,LKH,128.91883345174352,0.0,60202.24239997333
300,262,Attention:batch_greedy_mean,211.07847526873843,63.729743449585776,61.63579999702051
300,262,Attention:greedy_rollout,209.2531184618113,62.31384729379998,50.22929998813197
300,262,PointerNet:batch_greedy_mean,248.08440421036477,92.434571092537,214.9760000174865
300,262,PointerNet:greedy_rollout,225.11078575438128,74.61435209049112,209.5553000108339
300,262,POMO,164.8857826376343,27.89890989771778,2996.7127999989316
300,263,LKH,133.67596496787223,0.0,58993.411399947945
300,263,Attention:batch_greedy_mean,218.45953794418057,63.42469493052493,50.138199992943555
300,263,Attention:greedy_rollout,208.97354720849864,56.328437396149326,60.426500043831766
300,263,PointerNet:batch_greedy_mean,255.31413612027842,90.99479564755025,194.84859996009618
300,263,PointerNet:greedy_rollout,245.2196006043617,83.4432993719536,217.74650004226714
300,263,POMO,166.24351901980617,24.36305887880536,2985.726600047201
300,264,LKH,128.9033287330401,0.0,63660.05910001695
300,264,Attention:batch_greedy_mean,210.46613666554748,63.274400074977635,67.0005000429228
300,264,Attention:greedy_rollout,200.64679662379,55.656800018974884,63.605799979995936
300,264,PointerNet:batch_greedy_mean,239.69747650681722,85.9513473102256,200.977900007274
300,264,PointerNet:greedy_rollout,227.97767167714755,76.85941388627076,204.41280002705753
300,264,POMO,165.92314240437548,28.719051738379648,3116.4378999965265
300,265,LKH,129.2331696569668,0.0,61790.55849998258
300,265,Attention:batch_greedy_mean,219.2868717848481,69.68311801599971,60.4015999706462
300,265,Attention:greedy_rollout,207.2628584899077,60.37899483550617,67.85160000436008
300,265,PointerNet:batch_greedy_mean,226.07021632754697,74.93203712918437,180.61280000256374
300,265,PointerNet:greedy_rollout,221.75045437572953,71.58942627836046,177.7750999899581
300,265,POMO,163.2966417115635,26.35814949444783,2937.7704999642447
300,266,LKH,128.05175954302442,0.0,57468.196199974045
300,266,Attention:batch_greedy_mean,219.47231266710818,71.39343766171925,61.55869999201968
300,266,Attention:greedy_rollout,202.86801218714712,58.4265713420244,61.35430000722408
300,266,PointerNet:batch_greedy_mean,257.73576333027523,101.27467537349845,186.8677000165917
300,266,PointerNet:greedy_rollout,233.18826369265372,82.10469307475954,192.0842999825254
300,266,POMO,159.42050931988786,24.496929904601412,3027.4115999927744
300,267,LKH,126.86832114158034,0.0,58419.377099955454
300,267,Attention:batch_greedy_mean,214.40663164939627,68.99934492719142,52.598999987822026
300,267,Attention:greedy_rollout,199.4481452393553,57.2087842297358,47.653500048909336
300,267,PointerNet:batch_greedy_mean,246.37878399059397,94.20039752527694,173.33540000254288
300,267,PointerNet:greedy_rollout,229.20086500391835,80.66043827295444,167.31979994801804
300,267,POMO,160.510937313385,26.517743648755904,2970.670100010466
300,268,LKH,132.27027811372201,0.0,55890.196199994534
300,268,Attention:batch_greedy_mean,229.64588698056315,73.61866192125225,93.30680000130087
300,268,Attention:greedy_rollout,211.93971778849044,60.23230676680896,61.96049996651709
300,268,PointerNet:batch_greedy_mean,253.15878309494948,91.39506373252739,168.6302000307478
300,268,PointerNet:greedy_rollout,225.2287012988719,70.27914699417734,210.2498000022024
300,268,POMO,167.1233512359816,26.34989025447876,2953.305899980478
300,269,LKH,129.66644328249964,0.0,56436.96560000535
300,269,Attention:batch_greedy_mean,205.02581823921193,58.11787001246692,53.08250000234693
300,269,Attention:greedy_rollout,204.04898701317308,57.3645284374916,50.94650003593415
300,269,PointerNet:batch_greedy_mean,249.07118160778086,92.08607508816941,172.0969000016339
300,269,PointerNet:greedy_rollout,233.1548871083934,79.81127669278874,169.65360002359375
300,269,POMO,165.7132901135504,27.799672697520357,2810.214500001166
300,270,LKH,128.57015268617073,0.0,56494.370400032494
300,270,Attention:batch_greedy_mean,216.19477456220423,68.15316000278702,71.14870002260432
300,270,Attention:greedy_rollout,202.94253269028076,57.84575848303374,59.31939999572933
300,270,PointerNet:batch_greedy_mean,230.4877910172616,79.27006089808691,170.28410005150363
300,270,PointerNet:greedy_rollout,220.67354503761783,71.63668271924976,195.19030000083148
300,270,POMO,163.32827874334293,27.034366321407393,2955.652199976612
300,271,LKH,133.96584091570156,0.0,58522.19160000095
300,271,Attention:batch_greedy_mean,216.4276223709046,61.55433421799844,65.24570001056418
300,271,Attention:greedy_rollout,211.24974881824494,57.68926419920323,46.84829997131601
300,271,PointerNet:batch_greedy_mean,254.52562248392098,89.99292711048786,177.7072999975644
300,271,PointerNet:greedy_rollout,221.03738226784185,64.99533071787333,169.78820000076666
300,271,POMO,166.07719810274833,23.96980974221103,2962.780900008511
300,272,LKH,134.87586221465483,0.0,54296.35239997879
300,272,Attention:batch_greedy_mean,216.26850274453844,60.346335655187346,64.30079997517169
300,272,Attention:greedy_rollout,202.40836891273187,50.07012047166683,68.41790000908077
300,272,PointerNet:batch_greedy_mean,256.5141070094625,90.1853324957586,148.50160002242774
300,272,PointerNet:greedy_rollout,234.79047447084923,74.0789423812397,184.46769996080548
300,272,POMO,168.04191200350238,24.590055807067838,2930.2331999642774
300,273,LKH,126.56028367511547,0.0,62699.477799993474
300,273,Attention:batch_greedy_mean,215.8833337482061,70.57747302651906,58.14869998721406
300,273,Attention:greedy_rollout,202.25075850899094,59.805866924394294,62.39029997959733
300,273,PointerNet:batch_greedy_mean,249.06886331752872,96.79859754178247,189.9118999717757
300,273,PointerNet:greedy_rollout,220.37821186829854,74.12904385866965,170.1388999936171
300,273,POMO,162.89265701890173,28.70756313809527,2956.2025999766774
300,274,LKH,130.13153758379548,0.0,57048.900499998126
300,274,Attention:batch_greedy_mean,217.38042931614876,67.04669241010942,49.454999971203506
300,274,Attention:greedy_rollout,211.0873192998085,62.21073170973889,54.589200008194894
300,274,PointerNet:batch_greedy_mean,252.73055208377494,94.21160832825355,175.71899999165908
300,274,PointerNet:greedy_rollout,227.61831375973458,74.91402774916459,180.52549997810274
300,274,POMO,165.5545958843142,27.220963463763574,2857.2577000013553
300,275,LKH,126.95986313243378,0.0,54862.88799997419
300,275,Attention:batch_greedy_mean,222.03903806566854,74.88915991824614,49.82690000906587
300,275,Attention:greedy_rollout,206.40760127410883,62.577050873788274,58.79440001444891
300,275,PointerNet:batch_greedy_mean,262.28684717352235,106.59036698860247,167.08700003800914
300,275,PointerNet:greedy_rollout,219.58464997901837,72.95595990834225,185.6312999734655
300,275,POMO,163.3858322505757,28.690932881792282,2979.1031000204384
300,276,LKH,128.0587346050941,0.0,54909.60809995886
300,276,Attention:batch_greedy_mean,210.09216284468675,64.05922133508997,64.6468999912031
300,276,Attention:greedy_rollout,207.4093927643551,61.964268508478995,54.037900001276284
300,276,PointerNet:batch_greedy_mean,238.67617224076346,86.38023636325163,157.04660001210868
300,276,PointerNet:greedy_rollout,234.5850475904058,83.18551117486535,192.70219997270033
300,276,POMO,165.94478380762715,29.58490049067374,2869.905900035519
300,277,LKH,126.8277884525873,0.0,57861.76679999335
300,277,Attention:batch_greedy_mean,211.34294405976152,66.63772714034903,48.39180002454668
300,277,Attention:greedy_rollout,195.9202231611082,54.47736300657019,62.517099955584854
300,277,PointerNet:batch_greedy_mean,243.1164175862708,91.69018127061035,176.79159995168447
300,277,PointerNet:greedy_rollout,211.10725885804297,66.45189625534022,204.0813000057824
300,277,POMO,163.11592811413908,28.612136271001496,2871.512099984102
300,278,LKH,129.71851619879547,0.0,58637.30369997211
300,278,Attention:batch_greedy_mean,217.38454345985227,67.58173761925195,57.95039999065921
300,278,Attention:greedy_rollout,196.16394035896798,51.22277536565709,47.866699984297156
300,278,PointerNet:batch_greedy_mean,233.47273423891124,79.98412337766104,158.17180002341047
300,278,PointerNet:greedy_rollout,230.30356429390085,77.54101036814002,171.85350001091138
300,278,POMO,165.20284379038765,27.354867008509366,2842.597599956207
300,279,LKH,127.52595240379891,0.0,57717.316499969456
300,279,Attention:batch_greedy_mean,216.61175049244434,69.85699491705316,53.94359998172149
300,279,Attention:greedy_rollout,205.11101002402955,60.838641984468275,64.25850000232458
300,279,PointerNet:batch_greedy_mean,263.3861065496106,106.53529856857944,167.07029996905476
300,279,PointerNet:greedy_rollout,229.5083142085025,79.96988838929511,205.47380001517013
300,279,POMO,164.92107165243473,29.32353653805909,2942.2479000058956
300,280,LKH,131.99945538690952,0.0,60072.03070004471
300,280,Attention:batch_greedy_mean,219.24873651428783,66.09821295977171,48.95050002960488
300,280,Attention:greedy_rollout,203.5291033837928,54.18935084786488,59.06080000568181
300,280,PointerNet:batch_greedy_mean,242.48646035173118,83.70262183352823,179.95319998590276
300,280,PointerNet:greedy_rollout,227.9008202152943,72.65284886765933,192.72059999639168
300,280,POMO,165.10601208421707,25.080828250591974,2984.1826999909244
300,281,LKH,128.567019965751,0.0,58085.12250002241
300,281,Attention:batch_greedy_mean,232.42912673402037,80.78440862667364,54.58499997621402
300,281,Attention:greedy_rollout,206.9231455182383,60.9457429855344,66.60439999541268
300,281,PointerNet:batch_greedy_mean,256.442327240803,99.4619827924119,167.5738000194542
300,281,PointerNet:greedy_rollout,228.22253901312874,77.5125059863136,174.76309998892248
300,281,POMO,161.91864332033072,25.941040994388963,2856.9702999666333
300,282,LKH,127.72699908766108,0.0,56242.955899972
300,282,Attention:batch_greedy_mean,222.9534923324113,74.5547095954198,50.68549996940419
300,282,Attention:greedy_rollout,197.53132779426983,54.65119293901277,47.45469999033958
300,282,PointerNet:batch_greedy_mean,239.59728920899352,87.58546816288548,163.9504000195302
300,282,PointerNet:greedy_rollout,224.93659593727392,76.10732072621258,192.56310001946986
300,282,POMO,161.14236697728728,26.16155403971614,2940.745399973821
300,283,LKH,127.37269442286313,0.0,57880.23189996602
300,283,Attention:batch_greedy_mean,201.67060679996354,58.33111461899332,59.32329996721819
300,283,Attention:greedy_rollout,197.11252913725542,54.75257866718578,62.574899988248944
300,283,PointerNet:batch_greedy_mean,247.96781498863677,94.6789428552177,198.23249999899417
300,283,PointerNet:greedy_rollout,206.6437683734648,62.23553196372728,207.37720001488924
300,283,POMO,162.66226926258352,27.70576142682743,3072.607700014487
300,284,LKH,126.86039987751144,0.0,54720.52430000622
300,284,Attention:batch_greedy_mean,217.44915099520188,71.40821817143674,51.341500016860664
300,284,Attention:greedy_rollout,197.69319117629215,55.835226254349244,49.38520002178848
300,284,PointerNet:batch_greedy_mean,242.0084469683824,90.76752651107107,139.93369997479022
300,284,PointerNet:greedy_rollout,218.99769276450914,72.62888417186117,165.4714000178501
300,284,POMO,160.7765402189708,26.735009801487852,2876.271600020118
300,285,LKH,129.11472205982687,0.0,64597.57990000071
300,285,Attention:batch_greedy_mean,202.8114551196377,57.078489489109195,49.39870000816882
300,285,Attention:greedy_rollout,203.15113327366248,57.34157192355644,65.57580002117902
300,285,PointerNet:batch_greedy_mean,243.18642406443345,88.34910549685424,182.71520000416785
300,285,PointerNet:greedy_rollout,225.076679950266,74.32301782439184,192.54770001862198
300,285,POMO,163.59917082702398,26.708378577632935,2879.8334999592043
300,286,LKH,129.5255260035689,0.0,59506.29470002605
300,286,Attention:batch_greedy_mean,222.13021498881233,71.49531975858707,60.67890004487708
300,286,Attention:greedy_rollout,205.93068988726492,58.98849921025665,57.62020003749058
300,286,PointerNet:batch_greedy_mean,231.02598421084093,78.36328586264558,170.8080999669619
300,286,PointerNet:greedy_rollout,222.66614611819898,71.90908463252542,178.90769999939948
300,286,POMO,164.6423061089218,27.11186064157369,2944.4325999938883
300,287,LKH,124.63177745350305,0.0,60991.01589998463
300,287,Attention:batch_greedy_mean,212.46127944384227,70.47119425309182,53.33620001329109
300,287,Attention:greedy_rollout,193.2381873068225,55.047285094617834,68.90509999357164
300,287,PointerNet:batch_greedy_mean,230.23693836701824,84.73373570629994,158.13180000986904
300,287,PointerNet:greedy_rollout,226.49933130617478,81.73481589851829,166.40250000637025
300,287,POMO,166.80278629340714,33.83648191620875,2957.1534999995492
300,288,LKH,131.08291507219872,0.0,61706.766699964646
300,288,Attention:batch_greedy_mean,212.15139804919858,61.845193885372794,60.8747000223957
300,288,Attention:greedy_rollout,198.97315425060904,51.79182896643494,54.723699984606355
300,288,PointerNet:batch_greedy_mean,240.83910216624508,83.73035268066332,150.4834999796003
300,288,PointerNet:greedy_rollout,223.54972806585764,70.54070543268696,183.55670000892133
300,288,POMO,167.51788542857082,27.795361688671793,2980.4641000228003
300,289,LKH,128.95136510034132,0.0,55871.489399985876
300,289,Attention:batch_greedy_mean,208.3017066347486,61.53509229829568,69.927699980326
300,289,Attention:greedy_rollout,193.74692642669316,50.248061566414805,55.029800045304
300,289,PointerNet:batch_greedy_mean,248.35137055326425,92.59305270635471,175.14680000022054
300,289,PointerNet:greedy_rollout,211.33221233383722,63.88520755045334,185.92429999262094
300,289,POMO,163.71888979682456,26.961734503104694,2984.3095000251196
300,290,LKH,127.06076351041882,0.0,61167.72079997463
300,290,Attention:batch_greedy_mean,212.48084744892483,67.2277433084224,56.971299985889345
300,290,Attention:greedy_rollout,205.46005445469376,61.70220355857242,58.99760004831478
300,290,PointerNet:batch_greedy_mean,226.84394483017002,78.5318603186019,193.28019995009527
300,290,PointerNet:greedy_rollout,226.5465198844995,78.29777944465364,199.88830003421754
300,290,POMO,156.28173822586558,22.997638222952023,2886.9507999625057
300,291,LKH,131.42498693097463,0.0,56801.98500002734
300,291,Attention:batch_greedy_mean,219.80094135182526,67.2444079962255,51.13040003925562
300,291,Attention:greedy_rollout,201.2112239237495,53.09967200485788,46.862499963026494
300,291,PointerNet:batch_greedy_mean,244.49136243280915,86.03111032548006,189.16380003793165
300,291,PointerNet:greedy_rollout,233.38960264569238,77.58388879906857,161.86589997960255
300,291,POMO,164.7069429891048,25.323918103648047,2908.4700000239536
300,292,LKH,126.69429652665804,0.0,62892.71220000228
300,292,Attention:batch_greedy_mean,206.55200216818162,63.03180792729729,51.64259998127818
300,292,Attention:greedy_rollout,194.6891419244169,53.66843438248375,62.17879999894649
300,292,PointerNet:batch_greedy_mean,244.66395961016502,93.11363361860944,182.20619997009635
300,292,PointerNet:greedy_rollout,226.68851324798635,78.92558659914758,169.22229999909177
300,292,POMO,158.3442761047231,24.981376783133655,2878.0647999956273
300,293,LKH,128.75783140350302,0.0,61401.44789998885
300,293,Attention:batch_greedy_mean,230.40379595924003,78.94352013214446,50.94380001537502
300,293,Attention:greedy_rollout,206.7256106384288,60.55381516219337,46.12269997596741
300,293,PointerNet:batch_greedy_mean,263.2471492695916,104.45136921002045,162.13720000814646
300,293,PointerNet:greedy_rollout,227.8872168979917,76.989014504163,197.1810000250116
300,293,POMO,165.61753730950335,28.627156503194655,2888.365899969358
300,294,LKH,126.53206704409521,0.0,63273.90579995699
300,294,Attention:batch_greedy_mean,224.28940990366175,77.25894719280846,49.81160000897944
300,294,Attention:greedy_rollout,198.23208977399887,56.665495478641695,55.37959997309372
300,294,PointerNet:batch_greedy_mean,225.4185073896695,78.15128817196457,174.08399999840185
300,294,PointerNet:greedy_rollout,228.85676634562913,80.8685906204905,164.26980000687763
300,294,POMO,159.16725486236012,25.792029309765297,2854.3353999848478
300,295,LKH,127.62901157621263,0.0,56460.17749997554
300,295,Attention:batch_greedy_mean,208.8480017061417,63.63677750605301,64.96719998540357
300,295,Attention:greedy_rollout,203.89839663907827,59.758658412332835,47.35509998863563
300,295,PointerNet:batch_greedy_mean,246.7612983077695,93.34263837060118,160.11610004352406
300,295,PointerNet:greedy_rollout,225.21255891370214,76.45875035177114,177.23299999488518
300,295,POMO,157.5149655393119,23.41627001103359,2891.1884999834
300,296,LKH,127.07644675434359,0.0,55005.48759999219
300,296,Attention:batch_greedy_mean,216.94948277646918,70.72359852480187,55.227699980605394
300,296,Attention:greedy_rollout,204.7836688706986,61.149980268628255,63.59239999437705
300,296,PointerNet:batch_greedy_mean,248.24884572494466,95.35394014033469,175.9887000080198
300,296,PointerNet:greedy_rollout,225.05030038372726,77.09835782454692,179.45640004472807
300,296,POMO,159.32079565932025,25.373977419520916,2918.6960999504663
300,297,LKH,129.3701317800798,0.0,64622.21150001278
300,297,Attention:batch_greedy_mean,211.0401551494394,63.12896357576027,51.21599999256432
300,297,Attention:greedy_rollout,203.73863581778002,57.485064762955886,55.561100016348064
300,297,PointerNet:batch_greedy_mean,259.5707861725574,100.64197400201283,191.83510000584647
300,297,PointerNet:greedy_rollout,229.0514407756038,77.05125412175917,170.14200001722202
300,297,POMO,167.23696952941364,29.270154732241316,2859.1709999600425
300,298,LKH,131.60602520253096,0.0,61107.6272999635
300,298,Attention:batch_greedy_mean,232.94704471591592,77.00332819673673,57.417300005909055
300,298,Attention:greedy_rollout,211.49426575057754,60.70257074104707,44.238600006792694
300,298,PointerNet:batch_greedy_mean,252.66597085686863,91.98662862740234,171.0480999900028
300,298,PointerNet:greedy_rollout,236.82322267958583,79.9486173335409,193.26169998385012
300,298,POMO,167.8528618361999,27.54192794584292,2975.721499999054
300,299,LKH,131.09680475711264,0.0,59442.67389999004
300,299,Attention:batch_greedy_mean,224.17986054745074,71.00329864087546,66.10249995719641
300,299,Attention:greedy_rollout,207.0365479900037,57.92646386278225,51.0461000376381
300,299,PointerNet:batch_greedy_mean,257.76025024927804,96.61825528611391,186.15359999239445
300,299,PointerNet:greedy_rollout,228.14142735436351,74.02516238061534,177.67110001295805
300,299,POMO,166.49932818571494,27.004871319475505,2930.985899991356
